0.47117290413007135 0.29184086658060548 0.25450590737164025 0.005491537470463664
0.1963444909546524 0.29184086658060548 0.25450590737164025 0.005491537470463664
0.47117290413007135 0.23309634923934938 0.25450590737164025 0.005491537470463664
0.47117290413007135 0.29184086658060548 0.35963938422501085 0.005491537470463664
0.47117290413007135 0.29184086658060548 0.25450590737164025 0.0037253308481536808
0.1963444909546524 0.23309634923934938 0.35963938422501085 0.0037253308481536808
0.16771259834058583 0.43727258145809178 0.44850459769368178 0.00028171873036772016
0.52194914780557156 0.43727258145809178 0.44850459769368178 0.00028171873036772016
0.16771259834058583 0.40295781232416628 0.44850459769368178 0.00028171873036772016
0.16771259834058583 0.43727258145809178 0.28172222077846532 0.00028171873036772016
0.16771259834058583 0.43727258145809178 0.44850459769368178 0.0050810662752017385
0.52194914780557156 0.40295781232416628 0.28172222077846532 0.0050810662752017385
0.23111893911845982 0.16131491661071778 0.11180987805128098 0.0089620891063474113
0.68936409628950057 0.16131491661071778 0.11180987805128098 0.0089620891063474113
0.23111893911845982 0.3536571647971869 0.11180987805128098 0.0089620891063474113
0.23111893911845982 0.16131491661071778 0.4386323060840368 0.0089620891063474113
0.23111893911845982 0.16131491661071778 0.11180987805128098 0.0090529646435752505
0.68936409628950057 0.3536571647971869 0.4386323060840368 0.0090529646435752505
0.57028915053233498 0.31582255996763708 0.39124868027865889 0.0042356519125401979
0.36369898943230505 0.31582255996763708 0.39124868027865889 0.0042356519125401979
0.57028915053233498 0.18533427044749262 0.39124868027865889 0.0042356519125401979
0.57028915053233498 0.31582255996763708 0.11698940172791482 0.0042356519125401979
0.57028915053233498 0.31582255996763708 0.39124868027865889 0.0023794520053081213
0.36369898943230505 0.18533427044749262 0.11698940172791482 0.0023794520053081213
0.64465056182816616 0.14152705781161787 0.46735442206263544 0.0031133397852070631
0.27960055544972418 0.14152705781161787 0.46735442206263544 0.0031133397852070631
0.64465056182816616 0.25512927360832693 0.46735442206263544 0.0031133397852070631
0.64465056182816616 0.14152705781161787 0.47076734453439717 0.0031133397852070631
0.64465056182816616 0.14152705781161787 0.46735442206263544 0.0081138265830464663
0.27960055544972418 0.25512927360832693 0.47076734453439717 0.0081138265830464663
0.29771361486054954 0.38680580332875258 0.23586177863180638 0.0076101424185559159
0.60397514202632008 0.38680580332875258 0.23586177863180638 0.0076101424185559159
0.29771361486054954 0.48673390001058581 0.23586177863180638 0.0076101424185559159
0.29771361486054954 0.38680580332875258 0.19870936609804632 0.0076101424185559159
0.29771361486054954 0.38680580332875258 0.23586177863180638 0.00080738297998905197
0.60397514202632008 0.48673390001058581 0.19870936609804632 0.00080738297998905197
0.071649512508884072 0.2115793265402317 0.32260457240045071 0.0014789586666040125
0.43595610996708267 0.2115793265402317 0.32260457240045071 0.0014789586666040125
0.071649512508884072 0.33155403807759287 0.32260457240045071 0.0014789586666040125
0.071649512508884072 0.2115793265402317 0.33100778684020044 0.0014789586666040125
0.071649512508884072 0.2115793265402317 0.32260457240045071 0.0046254860583692797
0.43595610996708267 0.33155403807759287 0.33100778684020044 0.0046254860583692797
0.38319269688799973 0.46633683256804948 0.18065970540046694 0.0067685563493520033
0.11160046025179327 0.46633683256804948 0.18065970540046694 0.0067685563493520033
0.38319269688799973 0.10153680853545666 0.18065970540046694 0.0067685563493520033
0.38319269688799973 0.46633683256804948 0.20272444896399977 0.0067685563493520033
0.38319269688799973 0.46633683256804948 0.18065970540046694 0.0066147944637574259
0.11160046025179327 0.10153680853545666 0.20272444896399977 0.0066147944637574259
0.41901038135401897 0.17984002679586411 0.34153688512742519 0.0082644231091253458
0.48002614164724938 0.17984002679586411 0.34153688512742519 0.0082644231091253458
0.41901038135401897 0.16798786260187626 0.34153688512742519 0.0082644231091253458
0.41901038135401897 0.17984002679586411 0.48346639573574068 0.0082644231091253458
0.41901038135401897 0.17984002679586411 0.34153688512742519 0.0084071302132681016
0.48002614164724938 0.16798786260187626 0.48346639573574068 0.0084071302132681016
0.11833273358643054 0.3469083119183779 0.16170439720153809 0.0036878405373543502
0.15439971121959387 0.3469083119183779 0.16170439720153809 0.0036878405373543502
0.11833273358643054 0.39888447523117065 0.16170439720153809 0.0036878405373543502
0.11833273358643054 0.3469083119183779 0.16101792044937613 0.0036878405373543502
0.11833273358643054 0.3469083119183779 0.16170439720153809 0.00055391546441242105
0.15439971121959387 0.39888447523117065 0.16101792044937613 0.00055391546441242105
0.34422330595552914 0.27325511761009691 0.49996162578463554 0.0074230391812510794
0.32217294182628387 0.27325511761009691 0.49996162578463554 0.0074230391812510794
0.34422330595552914 0.44527932927012448 0.49996162578463554 0.0074230391812510794
0.34422330595552914 0.27325511761009691 0.31871316805481908 0.0074230391812510794
0.34422330595552914 0.27325511761009691 0.49996162578463554 0.0043133662088774153
0.32217294182628387 0.44527932927012448 0.31871316805481908 0.0043133662088774153
0.68060218091122804 0.40624747425317764 0.20323160327970982 0.0020536999156698585
0.64781581019051371 0.40624747425317764 0.20323160327970982 0.0020536999156698585
0.68060218091122804 0.21279627345502378 0.20323160327970982 0.0020536999156698585
0.68060218091122804 0.40624747425317764 0.24003888033330442 0.0020536999156698585
0.68060218091122804 0.40624747425317764 0.20323160327970982 0.006964399525336922
0.64781581019051371 0.21279627345502378 0.24003888033330442 0.006964399525336922
0.61500738500617447 0.23015144690871239 0.13034671396017075 0.00093620624607428917
0.56435339371673765 0.23015144690871239 0.13034671396017075 0.00093620624607428917
0.61500738500617447 0.14671481698751451 0.13034671396017075 0.00093620624607428917
0.61500738500617447 0.23015144690871239 0.39694192148745067 0.00093620624607428917
0.61500738500617447 0.23015144690871239 0.13034671396017075 0.0027406551700085401
0.56435339371673765 0.14671481698751451 0.39694192148745067 0.0027406551700085401
0.26639981847256422 0.49737270139157774 0.37268524877727038 0.0060662834033370023
0.23995656864717602 0.49737270139157774 0.37268524877727038 0.0060662834033370023
0.26639981847256422 0.31435459442436697 0.37268524877727038 0.0060662834033370023
0.26639981847256422 0.49737270139157774 0.26941512972116471 0.0060662834033370023
0.26639981847256422 0.49737270139157774 0.37268524877727038 0.0060258279473520823
0.23995656864717602 0.31435459442436697 0.26941512972116471 0.0060258279473520823
0.20284962486475705 0.12299119196832181 0.28437996394932274 0.0048899279193021367
0.072851279797032473 0.12299119196832181 0.28437996394932274 0.0048899279193021367
0.20284962486475705 0.46657982878386972 0.28437996394932274 0.0048899279193021367
0.20284962486475705 0.12299119196832181 0.40092858485877514 0.0048899279193021367
0.20284962486475705 0.12299119196832181 0.28437996394932274 0.0099402919192798436
0.072851279797032473 0.46657982878386972 0.40092858485877514 0.0099402919192798436
0.51607458679936824 0.35573368594050414 0.41860392168164251 0.0095365851746872076
0.39718515593558545 0.35573368594050414 0.41860392168164251 0.0095365851746872076
0.51607458679936824 0.29740243628621099 0.41860392168164251 0.0095365851746872076
0.51607458679936824 0.35573368594050414 0.12967636212706568 0.0095365851746872076
0.51607458679936824 0.35573368594050414 0.41860392168164251 0.0014547126881778241
0.39718515593558545 0.29740243628621099 0.12967636212706568 0.0014547126881778241
0.5190212985035032 0.11089664213359357 0.17331084683537484 0.0017849940288811924
0.3348368071019649 0.11089664213359357 0.17331084683537484 0.0017849940288811924
0.5190212985035032 0.30493767485022549 0.17331084683537484 0.0017849940288811924
0.5190212985035032 0.11089664213359357 0.29339846633374689 0.0017849940288811924
0.5190212985035032 0.11089664213359357 0.17331084683537484 0.0096744516375474633
0.3348368071019649 0.30493767485022549 0.29339846633374689 0.0096744516375474633
0.17953368369489908 0.36858382299542425 0.32971188910305504 0.0064534053388051694
0.66046321936883023 0.36858382299542425 0.32971188910305504 0.0064534053388051694
0.17953368369489908 0.1373224075883627 0.32971188910305504 0.0064534053388051694
0.17953368369489908 0.36858382299542425 0.36504156365990637 0.0064534053388051694
0.17953368369489908 0.36858382299542425 0.32971188910305504 0.0017592260250821712
0.66046321936883023 0.1373224075883627 0.36504156365990637 0.0017592260250821712
0.27864717934280631 0.24220994487404823 0.21801716201007368 0.0028000158099457623
0.50260822465643284 0.24220994487404823 0.21801716201007368 0.0028000158099457623
0.27864717934280631 0.28174619711935522 0.21801716201007368 0.0028000158099457623
0.27864717934280631 0.24220994487404823 0.1083294589072466 0.0028000158099457623
0.27864717934280631 0.24220994487404823 0.21801716201007368 0.0031032328939065339
0.50260822465643284 0.28174619711935522 0.1083294589072466 0.0031032328939065339
0.58242488852702079 0.48455899171531203 0.48505362719297407 0.0079131705735810097
0.17696533813141285 0.48455899171531203 0.48505362719297407 0.0079131705735810097
0.58242488852702079 0.45094809830188753 0.48505362719297407 0.0079131705735810097
0.58242488852702079 0.48455899171531203 0.43624719679355628 0.0079131705735810097
0.58242488852702079 0.48455899171531203 0.48505362719297407 0.0057019232786260556
0.17696533813141285 0.45094809830188753 0.43624719679355628 0.0057019232786260556
0.67821056949906044 0.26043511368334293 0.36104949750006199 0.0092681052170693872
0.10047177136875689 0.26043511368334293 0.36104949750006199 0.0092681052170693872
0.67821056949906044 0.38328928463160994 0.36104949750006199 0.0092681052170693872
0.67821056949906044 0.26043511368334293 0.17602355703711511 0.0092681052170693872
0.67821056949906044 0.26043511368334293 0.36104949750006199 0.0040088729717768735
0.10047177136875689 0.38328928463160994 0.17602355703711511 0.0040088729717768735
0.36698474735021586 0.41826305687427523 0.14215452000498774 0.0039205201535485691
0.42486861459910863 0.41826305687427523 0.14215452000498774 0.0039205201535485691
0.36698474735021586 0.15236835256218911 0.14215452000498774 0.0039205201535485691
0.36698474735021586 0.41826305687427523 0.45430747084319589 0.0039205201535485691
0.36698474735021586 0.41826305687427523 0.14215452000498774 0.0072302220676094299
0.42486861459910863 0.15236835256218911 0.45430747084319589 0.0072302220676094299
0.10552901327610015 0.19272049069404604 0.40389730334281926 0.0051782327467575677
0.58205567724071439 0.19272049069404604 0.40389730334281926 0.0051782327467575677
0.10552901327610015 0.2034648135304451 0.40389730334281926 0.0051782327467575677
0.10552901327610015 0.19272049069404604 0.22220092564821245 0.0051782327467575677
0.10552901327610015 0.19272049069404604 0.40389730334281926 0.0087310549080371856
0.58205567724071439 0.2034648135304451 0.22220092564821245 0.0087310549080371856
0.45214859801344565 0.33483188189566138 0.29935479126870634 0.00058472763383761049
0.25772181926295157 0.33483188189566138 0.29935479126870634 0.00058472763383761049
0.45214859801344565 0.43592355139553551 0.29935479126870634 0.00058472763383761049
0.45214859801344565 0.33483188189566138 0.34425909854471681 0.00058472763383761049
0.45214859801344565 0.33483188189566138 0.29935479126870634 0.0001913200748153031
0.25772181926295157 0.43592355139553551 0.34425909854471681 0.0001913200748153031
0.40559926191344853 0.22367263063788415 0.4353296160697937 0.0045820704268291603
0.62081884513609109 0.22367263063788415 0.4353296160697937 0.0045820704268291603
0.40559926191344853 0.49612649045884616 0.4353296160697937 0.0045820704268291603
0.40559926191344853 0.22367263063788415 0.16331836953759193 0.0045820704268291603
0.40559926191344853 0.22367263063788415 0.4353296160697937 0.0049299981413409117
0.62081884513609109 0.49612649045884616 0.16331836953759193 0.0049299981413409117
0.069537790352478618 0.45348544977605343 0.26789948306977751 0.0098547479287721222
0.29521420644596214 0.45348544977605343 0.26789948306977751 0.0098547479287721222
0.069537790352478618 0.26454637274146081 0.26789948306977751 0.0098547479287721222
0.069537790352478618 0.45348544977605343 0.49199284575879576 0.0098547479287721222
0.069537790352478618 0.45348544977605343 0.26789948306977751 0.0063489530756138269
0.29521420644596214 0.26454637274146081 0.49199284575879576 0.0063489530756138269
0.33112738155759869 0.12947018705308438 0.38115670122206213 0.0012465183302760125
0.13819353175349533 0.12947018705308438 0.38115670122206213 0.0012465183302760125
0.33112738155759869 0.11716871559619904 0.38115670122206213 0.0012465183302760125
0.33112738155759869 0.12947018705308438 0.23450168669223787 0.0012465183302760125
0.33112738155759869 0.12947018705308438 0.38115670122206213 0.0077899206603877259
0.13819353175349533 0.11716871559619904 0.23450168669223787 0.0077899206603877259
0.63148762593045826 0.3996211402118206 0.12202434465289116 0.0057650775260291998
0.46385865677148097 0.3996211402118206 0.12202434465289116 0.0057650775260291998
0.63148762593045826 0.34721045531332495 0.12202434465289116 0.0057650775260291998
0.63148762593045826 0.3996211402118206 0.30695073194801809 0.0057650775260291998
0.63148762593045826 0.3996211402118206 0.12202434465289116 0.0011699595974758268
0.46385865677148097 0.34721045531332495 0.30695073194801809 0.0011699595974758268
0.54732748521491881 0.17413616627454759 0.24905399791896343 0.0071152007928118122
0.3829229825176298 0.17413616627454759 0.24905399791896343 0.0071152007928118122
0.54732748521491881 0.41857752576470375 0.24905399791896343 0.0071152007928118122
0.54732748521491881 0.17413616627454759 0.25610199980437753 0.0071152007928118122
0.54732748521491881 0.17413616627454759 0.24905399791896343 0.0093187859319150447
0.3829229825176298 0.41857752576470375 0.25610199980437753 0.0093187859319150447
0.23378516105003655 0.30380822308361533 0.45399019569158561 0.0023718435657210648
0.058548377780243757 0.30380822308361533 0.45399019569158561 0.0023718435657210648
0.23378516105003655 0.24869174472987654 0.45399019569158561 0.0023718435657210648
0.23378516105003655 0.30380822308361533 0.3773547910153866 0.0023718435657210648
0.23378516105003655 0.30380822308361533 0.45399019569158561 0.0020749576617963613
0.058548377780243757 0.24869174472987654 0.3773547910153866 0.0020749576617963613
0.13485519108362495 0.2789587754756212 0.19068490341305733 0.0085747160892933605
0.21617314573377366 0.2789587754756212 0.19068490341305733 0.0085747160892933605
0.13485519108362495 0.19469025023281575 0.19068490341305733 0.0085747160892933605
0.13485519108362495 0.2789587754756212 0.1460271153599024 0.0085747160892933605
0.13485519108362495 0.2789587754756212 0.19068490341305733 0.0033627342046238483
0.21617314573377366 0.19469025023281575 0.1460271153599024 0.0033627342046238483
0.48378011984750624 0.44934738427400589 0.31231121309101584 0.0033866537640802564
0.54052877728827298 0.44934738427400589 0.31231121309101584 0.0033866537640802564
0.48378011984750624 0.36298882514238362 0.31231121309101584 0.0033866537640802564
0.48378011984750624 0.44934738427400589 0.42355409413576128 0.0033866537640802564
0.48378011984750624 0.44934738427400589 0.31231121309101584 0.0054049898635596047
0.54052877728827298 0.36298882514238362 0.42355409413576128 0.0054049898635596047
0.49676008881069711 0.15032346211373807 0.49298910908401017 0.00040987821426242591
0.12553556268103422 0.15032346211373807 0.49298910908401017 0.00040987821426242591
0.49676008881069711 0.34191084802150729 0.49298910908401017 0.00040987821426242591
0.49676008881069711 0.15032346211373807 0.1024468943476677 0.00040987821426242591
0.49676008881069711 0.15032346211373807 0.49298910908401017 0.0064665014120750134
0.12553556268103422 0.34191084802150729 0.1024468943476677 0.0064665014120750134
0.14212660985067485 0.32056557461619378 0.21003162413835527 0.0053538280350156134
0.45114149805158371 0.32056557461619378 0.21003162413835527 0.0053538280350156134
0.14212660985067485 0.12202582992613316 0.21003162413835527 0.0053538280350156134
0.14212660985067485 0.32056557461619378 0.43119452632963662 0.0053538280350156134
0.14212660985067485 0.32056557461619378 0.21003162413835527 0.0048112690428271897
0.45114149805158371 0.12202582992613316 0.43119452632963662 0.0048112690428271897
0.2461604689247906 0.29657053574919701 0.34833690300583842 0.0040542806874960665
0.61830720785073934 0.29657053574919701 0.34833690300583842 0.0040542806874960665
0.2461604689247906 0.27135690413415436 0.34833690300583842 0.0040542806874960665
0.2461604689247906 0.29657053574919701 0.29845093414187429 0.0040542806874960665
0.2461604689247906 0.29657053574919701 0.34833690300583842 0.0012838446801528337
0.61830720785073934 0.27135690413415436 0.29845093414187429 0.0012838446801528337
0.555243935296312 0.42629140876233584 0.15473188348114492 0.0091335988144390281
0.29264337951317426 0.42629140876233584 0.15473188348114492 0.0091335988144390281
0.555243935296312 0.48965471610426903 0.15473188348114492 0.0091335988144390281
0.555243935296312 0.42629140876233584 0.37092428319156168 0.0091335988144390281
0.555243935296312 0.42629140876233584 0.15473188348114492 0.0076771962768398235
0.29264337951317426 0.48965471610426903 0.37092428319156168 0.0076771962768398235
0.6191427216399461 0.2005859572440386 0.27887085974216463 0.0080860467271879309
0.37104866970330469 0.2005859572440386 0.27887085974216463 0.0080860467271879309
0.6191427216399461 0.36985046155750756 0.27887085974216463 0.0080860467271879309
0.6191427216399461 0.2005859572440386 0.21709715612232686 0.0080860467271879309
0.6191427216399461 0.2005859572440386 0.27887085974216463 0.0021943098911084234
0.37104866970330469 0.36985046155750756 0.21709715612232686 0.0021943098911084234
0.32322025885805483 0.47107869535684588 0.42433439753949642 0.0026272812769748272
0.69542445731349289 0.47107869535684588 0.42433439753949642 0.0026272812769748272
0.32322025885805483 0.18827110677957537 0.42433439753949642 0.0026272812769748272
0.32322025885805483 0.47107869535684588 0.33842310309410095 0.0026272812769748272
0.32322025885805483 0.47107869535684588 0.42433439753949642 0.0092006899956613777
0.69542445731349289 0.18827110677957537 0.33842310309410095 0.0092006899956613777
0.056528638210147621 0.1462578758597374 0.13607718683779241 0.006316784049570561
0.52763233827427025 0.1462578758597374 0.13607718683779241 0.006316784049570561
0.056528638210147621 0.24344476833939555 0.13607718683779241 0.006316784049570561
0.056528638210147621 0.1462578758597374 0.18185977898538114 0.006316784049570561
0.056528638210147621 0.1462578758597374 0.13607718683779241 0.0055182618468999868
0.52763233827427025 0.24344476833939555 0.18185977898538114 0.0055182618468999868
0.39831725661642842 0.37582654245197777 0.36717614755034444 0.0019214736974798145
0.20327788959257304 0.37582654245197777 0.36717614755034444 0.0019214736974798145
0.39831725661642842 0.42348574511706827 0.36717614755034444 0.0019214736974798145
0.39831725661642842 0.37582654245197777 0.45941106155514722 0.0019214736974798145
0.39831725661642842 0.37582654245197777 0.36717614755034444 0.0032482259911485018
0.20327788959257304 0.42348574511706827 0.45941106155514722 0.0032482259911485018
0.44420583900064226 0.26549812927842142 0.10617708303034307 0.0032117851667106154
0.40865997252985831 0.26549812927842142 0.10617708303034307 0.0032117851667106154
0.44420583900064226 0.45702543891966341 0.10617708303034307 0.0032117851667106154
0.44420583900064226 0.26549812927842142 0.22939809001982214 0.0032117851667106154
0.44420583900064226 0.26549812927842142 0.10617708303034307 0.0019492298392578961
0.40865997252985831 0.45702543891966341 0.22939809001982214 0.0019492298392578961
0.093138559302315113 0.40775601677596574 0.39705077633261687 0.0087503305553458637
0.083037222689017642 0.40775601677596574 0.39705077633261687 0.0087503305553458637
0.093138559302315113 0.27610526978969574 0.39705077633261687 0.0087503305553458637
0.093138559302315113 0.40775601677596574 0.30111451596021654 0.0087503305553458637
0.093138559302315113 0.40775601677596574 0.39705077633261687 0.0094831915303133438
0.083037222689017642 0.27610526978969574 0.30111451596021654 0.0094831915303133438
0.35964665426872666 0.18135885111987593 0.26030800044536595 0.0025056232774630189
0.2510348867624998 0.18135885111987593 0.26030800044536595 0.0025056232774630189
0.35964665426872666 0.1297286354005337 0.26030800044536595 0.0025056232774630189
0.35964665426872666 0.18135885111987593 0.16915435902774334 0.0025056232774630189
0.35964665426872666 0.18135885111987593 0.26030800044536595 0.0058980073387734601
0.2510348867624998 0.1297286354005337 0.16915435902774334 0.0058980073387734601
0.66517507936805487 0.33913797810673718 0.44287180565297601 0.0069806752123869964
0.57668143571354447 0.33913797810673718 0.44287180565297601 0.0069806752123869964
0.66517507936805487 0.3121866103261709 0.44287180565297601 0.0069806752123869964
0.66517507936805487 0.33913797810673718 0.49709662124514586 0.0069806752123869964
0.66517507936805487 0.33913797810673718 0.44287180565297601 0.002908385063894093
0.57668143571354447 0.3121866103261709 0.49709662124514586 0.002908385063894093
0.58973257802426815 0.11523305177688599 0.3157069183886051 0.0059379728574305776
0.65572026385925708 0.11523305177688599 0.3157069183886051 0.0059379728574305776
0.58973257802426815 0.42828322798013685 0.3157069183886051 0.0059379728574305776
0.58973257802426815 0.11523305177688599 0.1401443898677826 0.0059379728574305776
0.58973257802426815 0.11523305177688599 0.3157069183886051 0.0074220675401389605
0.65572026385925708 0.42828322798013685 0.1401443898677826 0.0074220675401389605
0.29167334209196266 0.35724031366407871 0.18733927793800831 0.0010737646195106208
0.33132719686254852 0.35724031366407871 0.18733927793800831 0.0010737646195106208
0.29167334209196266 0.21066872365772726 0.18733927793800831 0.0010737646195106208
0.29167334209196266 0.35724031366407871 0.41850163228809834 0.0010737646195106208
0.29167334209196266 0.35724031366407871 0.18733927793800831 0.0038182082612998785
0.33132719686254852 0.21066872365772726 0.41850163228809834 0.0038182082612998785
0.18750562588684261 0.23167218305170537 0.47403399161994464 0.0097181074617430571
0.16397018977440891 0.23167218305170537 0.47403399161994464 0.0097181074617430571
0.18750562588684261 0.15840066783130169 0.47403399161994464 0.0097181074617430571
0.18750562588684261 0.23167218305170537 0.26115466430783274 0.0097181074617430571
0.18750562588684261 0.23167218305170537 0.47403399161994464 0.00038682880112901331
0.16397018977440891 0.15840066783130169 0.26115466430783274 0.00038682880112901331
0.53142233900725833 0.48960351645946509 0.22896412760019302 0.0047185692732222388
0.48830782398581496 0.48960351645946509 0.22896412760019302 0.0047185692732222388
0.53142233900725833 0.37760180607438087 0.22896412760019302 0.0047185692732222388
0.53142233900725833 0.48960351645946509 0.38323736153542998 0.0047185692732222388
0.53142233900725833 0.48960351645946509 0.22896412760019302 0.008534385482594371
0.48830782398581496 0.37760180607438087 0.38323736153542998 0.008534385482594371
0.50365993902087203 0.24381421990692617 0.38678181916475296 0.0066349276996217673
0.2637817831709981 0.24381421990692617 0.38678181916475296 0.0066349276996217673
0.50365993902087203 0.22004892751574517 0.38678181916475296 0.0066349276996217673
0.50365993902087203 0.24381421990692617 0.44451791569590571 0.0066349276996217673
0.50365993902087203 0.24381421990692617 0.38678181916475296 0.00066239366298541434
0.2637817831709981 0.22004892751574517 0.44451791569590571 0.00066239366298541434
0.19489383730106052 0.47670321017503736 0.11622668318450452 0.0016136353090405466
0.58940451485104861 0.47670321017503736 0.11622668318450452 0.0016136353090405466
0.19489383730106052 0.43768794201314454 0.11622668318450452 0.0016136353090405466
0.19489383730106052 0.47670321017503736 0.12204513065516949 0.0016136353090405466
0.19489383730106052 0.47670321017503736 0.11622668318450452 0.0082974913155660027
0.58940451485104861 0.43768794201314454 0.12204513065516949 0.0082974913155660027
0.25337981465272602 0.10302979201078416 0.42953195758163931 0.0077848599539138384
0.43180115120485418 0.10302979201078416 0.42953195758163931 0.0077848599539138384
0.25337981465272602 0.39324574209749696 0.42953195758163931 0.0077848599539138384
0.25337981465272602 0.10302979201078416 0.35458388179540634 0.0077848599539138384
0.25337981465272602 0.10302979201078416 0.42953195758163931 0.007088550407625736
0.43180115120485418 0.39324574209749696 0.35458388179540634 0.007088550407625736
0.60769592896103852 0.37020223028957844 0.27352459803223611 0.0029375742571428418
0.10615458409301937 0.37020223028957844 0.27352459803223611 0.0029375742571428418
0.60769592896103852 0.17406911253929139 0.27352459803223611 0.0029375742571428418
0.60769592896103852 0.37020223028957844 0.27583643235266209 0.0029375742571428418
0.60769592896103852 0.37020223028957844 0.27352459803223611 0.0041903960886411377
0.10615458409301937 0.17406911253929139 0.27583643235266209 0.0041903960886411377
0.69365127105265856 0.19432668052613736 0.19757812283933163 0.004372443441580982
0.19214986418373881 0.19432668052613736 0.19757812283933163 0.004372443441580982
0.69365127105265856 0.29171257428824904 0.19757812283933163 0.004372443441580982
0.69365127105265856 0.19432668052613736 0.33610849939286713 0.004372443441580982
0.69365127105265856 0.19432668052613736 0.19757812283933163 0.0061349192452616998
0.19214986418373881 0.29171257428824904 0.33610849939286713 0.0061349192452616998
0.35154525167308742 0.32697725221514706 0.30563931763172147 0.0088257413219660526
0.51654294934123746 0.32697725221514706 0.30563931763172147 0.0088257413219660526
0.35154525167308742 0.47260842397809033 0.30563931763172147 0.0088257413219660526
0.35154525167308742 0.32697725221514706 0.20855739787220956 0.0088257413219660526
0.35154525167308742 0.32697725221514706 0.30563931763172147 0.002632800102233887
0.51654294934123746 0.47260842397809033 0.20855739787220956 0.002632800102233887
0.1307170358952135 0.25256711468100546 0.24238210543990135 0.00010867233695462347
0.67350564631633458 0.25256711468100546 0.24238210543990135 0.00010867233695462347
0.1307170358952135 0.32155459374189377 0.24238210543990135 0.00010867233695462347
0.1307170358952135 0.25256711468100546 0.46493419297039507 0.00010867233695462347
0.1307170358952135 0.25256711468100546 0.24238210543990135 0.0015770596776157619
0.67350564631633458 0.32155459374189377 0.46493419297039507 0.0015770596776157619
0.42695689965039485 0.41987955234944818 0.46088341213762762 0.0056641401192173372
0.34916803026571863 0.41987955234944818 0.46088341213762762 0.0056641401192173372
0.42695689965039485 0.13907230086624622 0.46088341213762762 0.0056641401192173372
0.42695689965039485 0.41987955234944818 0.19360880851745607 0.0056641401192173372
0.42695689965039485 0.41987955234944818 0.46088341213762762 0.0098166886367835101
0.34916803026571863 0.13907230086624622 0.19360880851745607 0.0098166886367835101
0.39049078417010602 0.13411440253257753 0.22498200163245202 0.0094029757027514274
0.54968389435671261 0.13411440253257753 0.22498200163245202 0.0094029757027514274
0.39049078417010602 0.1788662161678076 0.22498200163245202 0.0094029757027514274
0.39049078417010602 0.13411440253257753 0.32381371967494488 0.0094029757027514274
0.39049078417010602 0.13411440253257753 0.22498200163245202 0.005281368933804334
0.54968389435671261 0.1788662161678076 0.32381371967494488 0.005281368933804334
0.084644994419068087 0.38872541226446633 0.47825804091989998 0.0050245853839442139
0.22407797714695332 0.38872541226446633 0.47825804091989998 0.0050245853839442139
0.084644994419068087 0.36047007963061339 0.47825804091989998 0.0050245853839442139
0.084644994419068087 0.38872541226446633 0.24587203785777093 0.0050245853839442139
0.084644994419068087 0.38872541226446633 0.47825804091989998 0.0035237919594161213
0.22407797714695332 0.36047007963061339 0.24587203785777093 0.0035237919594161213
0.30561706302687519 0.21279103495180607 0.16651526354253293 0.0062409817609004681
0.066830457234755156 0.21279103495180607 0.16651526354253293 0.0062409817609004681
0.30561706302687519 0.40781711935997011 0.16651526354253293 0.0062409817609004681
0.30561706302687519 0.21279103495180607 0.47763344086706638 0.0062409817609004681
0.30561706302687519 0.21279103495180607 0.16651526354253293 0.0025664989723823963
0.066830457234755156 0.40781711935997011 0.47763344086706638 0.0025664989723823963
0.65700170737691221 0.4581185966730118 0.33667672574520113 0.00076045989580452453
0.39249430373311039 0.4581185966730118 0.33667672574520113 0.00076045989580452453
0.65700170737691221 0.22780065275728703 0.33667672574520113 0.00076045989580452453
0.65700170737691221 0.4581185966730118 0.15591721385717394 0.00076045989580452453
0.65700170737691221 0.4581185966730118 0.33667672574520113 0.0088671739695593711
0.39249430373311039 0.22780065275728703 0.15591721385717394 0.0088671739695593711
0.562356616044417 0.28360414281487467 0.40940197296440606 0.0021904722669161855
0.47404499677941198 0.28360414281487467 0.40940197296440606 0.0021904722669161855
0.562356616044417 0.10644264295697213 0.40940197296440606 0.0021904722669161855
0.562356616044417 0.28360414281487467 0.40681436732411391 0.0021904722669161855
0.562356616044417 0.28360414281487467 0.40940197296440606 0.0010082609724253416
0.47404499677941198 0.10644264295697213 0.40681436732411391 0.0010082609724253416
0.21875730389729142 0.43845357112586503 0.29363199248909955 0.0072867105746641765
0.14966919100843368 0.43845357112586503 0.29363199248909955 0.0072867105746641765
0.21875730389729142 0.32630334310233594 0.29363199248909955 0.0072867105746641765
0.21875730389729142 0.43845357112586503 0.13473187051713467 0.0072867105746641765
0.21875730389729142 0.43845357112586503 0.29363199248909955 0.0079141092897392802
0.14966919100843368 0.32630334310233594 0.13473187051713467 0.0079141092897392802
0.16044485652819274 0.16325265876948836 0.35532670170068748 0.00351481332173571
0.30754311047494409 0.16325265876948836 0.35532670170068748 0.00351481332173571
0.16044485652819274 0.48031084723770623 0.35532670170068748 0.00351481332173571
0.16044485652819274 0.16325265876948836 0.39188618659973151 0.00351481332173571
0.16044485652819274 0.16325265876948836 0.35532670170068748 0.006799999772477896
0.30754311047494409 0.48031084723770623 0.39188618659973151 0.006799999772477896
0.45818669148720792 0.30844022110104563 0.14765918664634228 0.0084370065800845623
0.63189754099585116 0.30844022110104563 0.14765918664634228 0.0084370065800845623
0.45818669148720792 0.26198871582746508 0.14765918664634228 0.0084370065800845623
0.45818669148720792 0.30844022110104563 0.26352952606976032 0.0084370065800845623
0.45818669148720792 0.30844022110104563 0.14765918664634228 0.004439099987596274
0.63189754099585116 0.26198871582746508 0.26352952606976032 0.004439099987596274
0.46434704400598997 0.14859634600579741 0.37084460556507115 0.0049332558769732719
0.45188733628019684 0.14859634600579741 0.37084460556507115 0.0049332558769732719
0.46434704400598997 0.14923224709928037 0.37084460556507115 0.0049332558769732719
0.46434704400598997 0.14859634600579741 0.22077459730207921 0.0049332558769732719
0.46434704400598997 0.14859634600579741 0.37084460556507115 0.0042163280718028554
0.45188733628019684 0.14923224709928037 0.22077459730207921 0.0042163280718028554
0.1529576718341559 0.3781711153686047 0.12617147229611875 0.0095025893899612131
0.12628179802559314 0.3781711153686047 0.12617147229611875 0.0095025893899612131
0.1529576718341559 0.31762800738215446 0.12617147229611875 0.0095025893899612131
0.1529576718341559 0.3781711153686047 0.3487166091799736 0.0095025893899612131
0.1529576718341559 0.3781711153686047 0.12617147229611875 0.0071772650499828169
0.12628179802559314 0.31762800738215446 0.3487166091799736 0.0071772650499828169
0.21636587227694687 0.2044976554811001 0.4128661964088679 0.0008240329382941128
0.28395707234740253 0.2044976554811001 0.4128661964088679 0.0008240329382941128
0.21636587227694687 0.46403520107269292 0.4128661964088679 0.0008240329382941128
0.21636587227694687 0.2044976554811001 0.18101426474750043 0.0008240329382941128
0.21636587227694687 0.2044976554811001 0.4128661964088679 0.0081554423601366572
0.28395707234740253 0.46403520107269292 0.18101426474750043 0.0081554423601366572
0.56345647163689139 0.47498429082334048 0.28410182818770413 0.0061861190144903962
0.60962114282883706 0.47498429082334048 0.28410182818770413 0.0061861190144903962
0.56345647163689139 0.29405281879007816 0.28410182818770413 0.0061861190144903962
0.56345647163689139 0.47498429082334048 0.45273094102740286 0.0061861190144903962
0.56345647163689139 0.47498429082334048 0.28410182818770413 0.0006121312361210586
0.60962114282883706 0.29405281879007816 0.45273094102740286 0.0006121312361210586
0.65147588681429625 0.29891949482262137 0.15731373839080334 0.0073114724449813377
0.69371561533771453 0.29891949482262137 0.15731373839080334 0.0073114724449813377
0.65147588681429625 0.16545922234654425 0.15731373839080334 0.0073114724449813377
0.65147588681429625 0.29891949482262137 0.10963366627693177 0.0073114724449813377
0.65147588681429625 0.29891949482262137 0.15731373839080334 0.0097278418151661751
0.69371561533771453 0.16545922234654425 0.10963366627693177 0.0097278418151661751
0.31246909587644034 0.42863426357507706 0.33949301987886427 0.0021741468190215529
0.36934006987139578 0.42863426357507706 0.33949301987886427 0.0021741468190215529
0.31246909587644034 0.39559814743697641 0.33949301987886427 0.0021741468190215529
0.31246909587644034 0.42863426357507706 0.43171649463474748 0.0021741468190215529
0.31246909587644034 0.42863426357507706 0.33949301987886427 0.0015509577496908608
0.36934006987139578 0.39559814743697641 0.43171649463474748 0.0015509577496908608
0.086401894083246583 0.15422428697347643 0.20275023356080057 0.0083071444952860472
0.21229055584408341 0.15422428697347643 0.20275023356080057 0.0083071444952860472
0.086401894083246583 0.44783572740852839 0.20275023356080057 0.0083071444952860472
0.086401894083246583 0.15422428697347643 0.28862733915448191 0.0083071444952860472
0.086401894083246583 0.15422428697347643 0.20275023356080057 0.0026829303498379885
0.21229055584408341 0.44783572740852839 0.28862733915448191 0.0026829303498379885
0.39002608042210335 0.32447250373661518 0.49400844760239127 0.0036532334604300561
0.53664540164172647 0.32447250373661518 0.49400844760239127 0.0036532334604300561
0.39002608042210335 0.21615900844335556 0.49400844760239127 0.0036532334604300561
0.39002608042210335 0.32447250373661518 0.36698445044457917 0.0036532334604300561
0.39002608042210335 0.32447250373661518 0.49400844760239127 0.0062767982559278615
0.53664540164172647 0.21615900844335556 0.36698445044457917 0.0062767982559278615
0.43472427506931122 0.2355823077261448 0.23301063552498819 0.0015138047652319075
0.087354244710877535 0.2355823077261448 0.23301063552498819 0.0015138047652319075
0.43472427506931122 0.25185294672846792 0.23301063552498819 0.0015138047652319075
0.43472427506931122 0.2355823077261448 0.14694687575101853 0.0015138047652319075
0.43472427506931122 0.2355823077261448 0.23301063552498819 0.0088012011119164534
0.087354244710877535 0.25185294672846792 0.14694687575101853 0.0088012011119164534
0.12166304355487227 0.49350753836333749 0.46372507400810725 0.0067260385797359061
0.41297737229615444 0.49350753836333749 0.46372507400810725 0.0067260385797359061
0.12166304355487227 0.48421354554593565 0.46372507400810725 0.0067260385797359061
0.12166304355487227 0.49350753836333749 0.41942009367048738 0.0067260385797359061
0.12166304355487227 0.49350753836333749 0.46372507400810725 0.0024377434555441142
0.41297737229615444 0.48421354554593565 0.41942009367048738 0.0024377434555441142
0.34754679715260856 0.11757309548556805 0.17546785287559033 0.0029926514998078347
0.57013809452764685 0.11757309548556805 0.17546785287559033 0.0029926514998078347
0.34754679715260856 0.33490083552896976 0.17546785287559033 0.0029926514998078347
0.34754679715260856 0.11757309548556805 0.25093431398272514 0.0029926514998078347
0.34754679715260856 0.11757309548556805 0.17546785287559033 0.0036282170325517655
0.57013809452764685 0.33490083552896976 0.25093431398272514 0.0036282170325517655
0.69631793429143718 0.35958646014332774 0.321315909922123 0.0077215078986249876
0.24449176834896202 0.35958646014332774 0.321315909922123 0.0077215078986249876
0.69631793429143718 0.10407860279083253 0.321315909922123 0.0077215078986249876
0.69631793429143718 0.35958646014332774 0.37968207709491253 0.0077215078986249876
0.69631793429143718 0.35958646014332774 0.321315909922123 0.0052940074783749888
0.24449176834896202 0.10407860279083253 0.37968207709491253 0.0052940074783749888
0.59929417655803263 0.18526115417480471 0.4450748477131129 0.0088420027455314992
0.32795272227376693 0.18526115417480471 0.4450748477131129 0.0088420027455314992
0.59929417655803263 0.23638589195907117 0.4450748477131129 0.0088420027455314992
0.59929417655803263 0.18526115417480471 0.23345990665256977 0.0088420027455314992
0.59929417655803263 0.18526115417480471 0.4450748477131129 0.0045676855596713728
0.32795272227376693 0.23638589195907117 0.23345990665256977 0.0045676855596713728
0.2630688038654625 0.343046385422349 0.25186655744910241 0.0043476145965047185
0.65234601204283527 0.343046385422349 0.25186655744910241 0.0043476145965047185
0.2630688038654625 0.40548965409398086 0.25186655744910241 0.0043476145965047185
0.2630688038654625 0.343046385422349 0.31101143956184385 0.0043476145965047185
0.2630688038654625 0.343046385422349 0.25186655744910241 0.0068658404508605605
0.65234601204283527 0.40548965409398086 0.31101143956184385 0.0068658404508605605
0.19952666880562897 0.26784561015665531 0.39017184674739835 0.0055257816445082432
0.49454402262344949 0.26784561015665531 0.39017184674739835 0.0055257816445082432
0.19952666880562897 0.35029773563146593 0.39017184674739835 0.0055257816445082432
0.19952666880562897 0.26784561015665531 0.16870592795312406 0.0055257816445082432
0.19952666880562897 0.26784561015665531 0.39017184674739835 0.0079013008004054433
0.49454402262344949 0.35029773563146593 0.16870592795312406 0.0079013008004054433
0.50035827890969808 0.41009739339351658 0.1068176355212927 0.00023860375685617327
0.1702067661564797 0.41009739339351658 0.1068176355212927 0.00023860375685617327
0.50035827890969808 0.18278116770088673 0.1068176355212927 0.00023860375685617327
0.50035827890969808 0.41009739339351658 0.49003162458539007 0.00023860375685617327
0.50035827890969808 0.41009739339351658 0.1068176355212927 0.00090370372002944357
0.1702067661564797 0.18278116770088673 0.49003162458539007 0.00090370372002944357
0.53345450782217085 0.2549102086573839 0.45213734172284603 0.0086083595373667773
0.59785781181417408 0.2549102086573839 0.45213734172284603 0.0086083595373667773
0.53345450782217085 0.4148699406534434 0.45213734172284603 0.0086083595373667773
0.53345450782217085 0.2549102086573839 0.32601631395518782 0.0086083595373667773
0.53345450782217085 0.2549102086573839 0.45213734172284603 0.0075387986075133098
0.59785781181417408 0.4148699406534434 0.32601631395518782 0.0075387986075133098
0.18668127069249746 0.42222874909639363 0.24486655294895174 0.0033429310942068697
0.27223470238968728 0.42222874909639363 0.24486655294895174 0.0033429310942068697
0.18668127069249746 0.24579049646854401 0.24486655294895174 0.0033429310942068697
0.18668127069249746 0.42222874909639363 0.20430021807551385 0.0033429310942068697
0.18668127069249746 0.42222874909639363 0.24486655294895174 0.0012275328577496113
0.27223470238968728 0.24579049646854401 0.20430021807551385 0.0012275328577496113
0.28579290667548773 0.19823375195264817 0.30656127557158475 0.0069933005630038684
0.1049970528576523 0.19823375195264817 0.30656127557158475 0.0069933005630038684
0.28579290667548773 0.1984251879155636 0.30656127557158475 0.0069933005630038684
0.28579290667548773 0.19823375195264817 0.47219443358480928 0.0069933005630038684
0.28579290667548773 0.19823375195264817 0.30656127557158475 0.0048336013724096126
0.1049970528576523 0.1984251879155636 0.47219443358480928 0.0048336013724096126
0.59686491661705077 0.33087822087109087 0.19039456583559514 0.0024819945566356182
0.4306433971971273 0.33087822087109087 0.19039456583559514 0.0024819945566356182
0.59686491661705077 0.36596607528626923 0.19039456583559514 0.0024819945566356182
0.59686491661705077 0.33087822087109087 0.19425262063741686 0.0024819945566356182
0.59686491661705077 0.33087822087109087 0.19039456583559514 0.0065612515829503544
0.4306433971971273 0.36596607528626923 0.19425262063741686 0.0065612515829503544
0.66377806481905277 0.10537422262132168 0.26352102309465408 0.0011252294664271178
0.50714834472164505 0.10537422262132168 0.26352102309465408 0.0011252294664271178
0.66377806481905277 0.49982095509767532 0.26352102309465408 0.0011252294664271178
0.66377806481905277 0.10537422262132168 0.44340419247746465 0.0011252294664271178
0.66377806481905277 0.10537422262132168 0.26352102309465408 0.0033043678687885406
0.50714834472164505 0.49982095509767532 0.44340419247746465 0.0033043678687885406
0.35983647508546707 0.37254055663943297 0.43329796604812143 0.0058758351622149353
0.18275503679178656 0.37254055663943297 0.43329796604812143 0.0058758351622149353
0.35983647508546707 0.26743584759533406 0.43329796604812143 0.0058758351622149353
0.35983647508546707 0.37254055663943297 0.1150472816079855 0.0058758351622149353
0.35983647508546707 0.37254055663943297 0.43329796604812143 0.0056565273369662472
0.18275503679178656 0.26743584759533406 0.1150472816079855 0.0056565273369662472
0.098383840452879665 0.24771957620978358 0.12155517525970937 0.0046151025089435282
0.35063394382596008 0.24771957620978358 0.12155517525970937 0.0046151025089435282
0.098383840452879665 0.11344669573009014 0.12155517525970937 0.0046151025089435282
0.098383840452879665 0.24771957620978358 0.35833441019058232 0.0046151025089435282
0.098383840452879665 0.24771957620978358 0.12155517525970937 0.0091057698800228546
0.35063394382596008 0.11344669573009014 0.35833441019058232 0.0091057698800228546
0.43770803478546433 0.48061467073857789 0.37521573677659037 0.0098104186136275529
0.6749711821321398 0.48061467073857789 0.37521573677659037 0.0098104186136275529
0.43770803478546433 0.34424441829323771 0.37521573677659037 0.0098104186136275529
0.43770803478546433 0.48061467073857789 0.28625216372311113 0.0098104186136275529
0.43770803478546433 0.48061467073857789 0.37521573677659037 0.0021718453822657468
0.6749711821321398 0.34424441829323771 0.28625216372311113 0.0021718453822657468
0.40259066913276903 0.1671613037586212 0.13931557722389698 0.0052227632443420597
0.23086440172046419 0.1671613037586212 0.13931557722389698 0.0052227632443420597
0.40259066913276903 0.38619333803653721 0.13931557722389698 0.0052227632443420597
0.40259066913276903 0.1671613037586212 0.40609703585505486 0.0052227632443420597
0.40259066913276903 0.1671613037586212 0.13931557722389698 0.0030067607414908707
0.23086440172046419 0.38619333803653721 0.40609703585505486 0.0030067607414908707
0.053502169763669373 0.31234276331961153 0.35743236318230631 0.00055193686001002798
0.55646992181427779 0.31234276331961153 0.35743236318230631 0.00055193686001002798
0.053502169763669373 0.15607873238623143 0.35743236318230631 0.00055193686001002798
0.053502169763669373 0.31234276331961153 0.12734983675181866 0.00055193686001002798
0.053502169763669373 0.31234276331961153 0.35743236318230631 0.0059142971694469458
0.55646992181427779 0.15607873238623143 0.12734983675181866 0.0059142971694469458
0.31509857974015171 0.28594566322863102 0.29417513757944108 0.0091571440380997949
0.38855906510725613 0.28594566322863102 0.29417513757944108 0.0091571440380997949
0.31509857974015171 0.20049046836793424 0.29417513757944108 0.0091571440380997949
0.31509857974015171 0.28594566322863102 0.39602140039205558 0.0091571440380997949
0.31509857974015171 0.28594566322863102 0.29417513757944108 0.0094232542011886845
0.38855906510725613 0.20049046836793424 0.39602140039205558 0.0094232542011886845
0.62847717348486176 0.44080119431018827 0.4026208560913801 0.0040415700694546109
0.062894976465031505 0.44080119431018827 0.4026208560913801 0.0040415700694546109
0.62847717348486176 0.43219150528311734 0.4026208560913801 0.0040415700694546109
0.62847717348486176 0.44080119431018827 0.27354836501181123 0.0040415700694546109
0.62847717348486176 0.44080119431018827 0.4026208560913801 0.0018168746688403191
0.062894976465031505 0.43219150528311734 0.27354836501181123 0.0018168746688403191
0.55033552348613735 0.21669491305947305 0.32626992687582967 0.0026896517611108722
0.14384453040547668 0.21669491305947305 0.32626992687582967 0.0026896517611108722
0.55033552348613735 0.30204492695629598 0.32626992687582967 0.0026896517611108722
0.55033552348613735 0.21669491305947305 0.31332485042512415 0.0026896517611108722
0.55033552348613735 0.21669491305947305 0.32626992687582967 0.008517963472660631
0.14384453040547668 0.30204492695629598 0.31332485042512415 0.008517963472660631
0.24982131677679714 0.46202857904136185 0.17065929509699346 0.0080348223403096195
0.46822009403258558 0.46202857904136185 0.17065929509699346 0.0080348223403096195
0.24982131677679714 0.13362465649843216 0.17065929509699346 0.0080348223403096195
0.24982131677679714 0.46202857904136185 0.24199933484196665 0.0080348223403096195
0.24982131677679714 0.46202857904136185 0.17065929509699346 0.00028828317876905204
0.46822009403258558 0.13362465649843216 0.24199933484196665 0.00028828317876905204
0.15088328826241193 0.1364603113383055 0.4839645829051733 0.0018289273963309827
0.63550518075935536 0.1364603113383055 0.4839645829051733 0.0018289273963309827
0.15088328826241193 0.28470905795693402 0.4839645829051733 0.0018289273963309827
0.15088328826241193 0.1364603113383055 0.48450894244015219 0.0018289273963309827
0.15088328826241193 0.1364603113383055 0.4839645829051733 0.0039504312524572018
0.63550518075935536 0.28470905795693402 0.48450894244015219 0.0039504312524572018
0.4867912575602531 0.39106521680951123 0.21301271617412568 0.0064200127141550191
0.3111503531225025 0.39106521680951123 0.21301271617412568 0.0064200127141550191
0.4867912575602531 0.45466693155467508 0.21301271617412568 0.0064200127141550191
0.4867912575602531 0.39106521680951123 0.15695797204971315 0.0064200127141550191
0.4867912575602531 0.39106521680951123 0.21301271617412568 0.0074818349245004368
0.3111503531225025 0.45466693155467508 0.15695797204971315 0.0074818349245004368
0.47946432246826581 0.20923952199518681 0.18158122822642328 0.0099834741718135781
0.52310721175745123 0.20923952199518681 0.18158122822642328 0.0099834741718135781
0.47946432246826581 0.4257697101682425 0.18158122822642328 0.0099834741718135781
0.47946432246826581 0.20923952199518681 0.46708991229534147 0.0099834741718135781
0.47946432246826581 0.20923952199518681 0.18158122822642328 0.0058015733759850269
0.52310721175745123 0.4257697101682425 0.46708991229534147 0.0058015733759850269
0.13783911969512702 0.46399092376232154 0.31542066372931005 0.0044425095781683924
0.19750295202247797 0.46399092376232154 0.31542066372931005 0.0044425095781683924
0.13783911969512702 0.20734867677092553 0.31542066372931005 0.0044425095781683924
0.13783911969512702 0.46399092376232154 0.18841585107147696 0.0044425095781683924
0.13783911969512702 0.46399092376232154 0.31542066372931005 0.0031206464142538607
0.19750295202247797 0.20734867677092553 0.18841585107147696 0.0031206464142538607
0.24186987932771442 0.13761707544326784 0.22711539231240752 0.0057390345052815983
0.35524638015776866 0.13761707544326784 0.22711539231240752 0.0057390345052815983
0.24186987932771442 0.1609842985868454 0.22711539231240752 0.0057390345052815983
0.24186987932771442 0.13761707544326784 0.33185328617691995 0.0057390345052815983
0.24186987932771442 0.13761707544326784 0.22711539231240752 0.0016981461604125799
0.35524638015776866 0.1609842985868454 0.33185328617691995 0.0016981461604125799
0.53795622750185423 0.38290192522108557 0.46983844637870786 0.0012615674959495665
0.68091172915883358 0.38290192522108557 0.46983844637870786 0.0012615674959495665
0.53795622750185423 0.38094293512403965 0.46983844637870786 0.0012615674959495665
0.53795622750185423 0.38290192522108557 0.20940458439290524 0.0012615674959495665
0.53795622750185423 0.38290192522108557 0.46983844637870786 0.0095408031277358536
0.68091172915883358 0.38094293512403965 0.20940458439290524 0.0095408031277358536
0.63643795768730338 0.15896729342639448 0.39657676108181483 0.0023072867761366068
0.60250991615466776 0.15896729342639448 0.39657676108181483 0.0023072867761366068
0.63643795768730338 0.45952747240662573 0.39657676108181483 0.0023072867761366068
0.63643795768730338 0.15896729342639448 0.3524526212364435 0.0023072867761366068
0.63643795768730338 0.15896729342639448 0.39657676108181483 0.0001737743752077222
0.60250991615466776 0.45952747240662573 0.3524526212364435 0.0001737743752077222
0.32750829868018622 0.31348103955388074 0.1002434678375721 0.0071690752189606435
0.2781355717219412 0.31348103955388074 0.1002434678375721 0.0071690752189606435
0.32750829868018622 0.27941210381686687 0.1002434678375721 0.0071690752189606435
0.32750829868018622 0.31348103955388074 0.2812002435326576 0.0071690752189606435
0.32750829868018622 0.31348103955388074 0.1002434678375721 0.0086312348659150304
0.2781355717219412 0.27941210381686687 0.2812002435326576 0.0086312348659150304
0.060818537697196008 0.28793832436203959 0.43850068300962453 0.0034765500259585679
0.12099559758789837 0.28793832436203959 0.43850068300962453 0.0034765500259585679
0.060818537697196008 0.12715631015598775 0.43850068300962453 0.0034765500259585679
0.060818537697196008 0.28793832436203959 0.4484558861702681 0.0034765500259585679
0.060818537697196008 0.28793832436203959 0.43850068300962453 0.0073637383981607863
0.12099559758789837 0.12715631015598775 0.4484558861702681 0.0073637383981607863
0.41560567389242348 0.43336393646895888 0.25827146880328655 0.0084736737301573158
0.44535164441913361 0.43336393646895888 0.25827146880328655 0.0084736737301573158
0.41560567389242348 0.30885811001062391 0.25827146880328655 0.0084736737301573158
0.41560567389242348 0.43336393646895888 0.12092924937605859 0.0084736737301573158
0.41560567389242348 0.43336393646895888 0.25827146880328655 0.0040697828916832811
0.44535164441913361 0.30885811001062391 0.12092924937605859 0.0040697828916832811
0.4500746642239391 0.11907973140478134 0.4191474184393883 0.0065930496846325704
0.15833426215685903 0.11907973140478134 0.4191474184393883 0.0065930496846325704
0.4500746642239391 0.37316732034087186 0.4191474184393883 0.0065930496846325704
0.4500746642239391 0.11907973140478134 0.39013942666351797 0.0065930496846325704
0.4500746642239391 0.11907973140478134 0.4191474184393883 0.0010326856178231537
0.15833426215685903 0.37316732034087186 0.39013942666351797 0.0010326856178231537
0.10631144852377473 0.35182832963764665 0.27759928219020369 0.00165635305326432
0.4839610703289508 0.35182832963764665 0.27759928219020369 0.00165635305326432
0.10631144852377473 0.19078144989907742 0.27759928219020369 0.00165635305326432
0.10631144852377473 0.35182832963764665 0.26849667727947235 0.00165635305326432
0.10631144852377473 0.35182832963764665 0.27759928219020369 0.0077348832577466969
0.4839610703289508 0.19078144989907742 0.26849667727947235 0.0077348832577466969
0.3728276020381599 0.22781312055885794 0.36434206254780299 0.0078980402710847556
0.64102885290049016 0.22781312055885794 0.36434206254780299 0.0078980402710847556
0.3728276020381599 0.24010035432875157 0.36434206254780299 0.0078980402710847556
0.3728276020381599 0.22781312055885794 0.41114895008504393 0.0078980402710847556
0.3728276020381599 0.22781312055885794 0.36434206254780299 0.0063699920658022175
0.64102885290049016 0.24010035432875157 0.41114895008504393 0.0063699920658022175
0.67104080514982334 0.49502827078104017 0.13245269134640694 0.0028259712029248475
0.31538620730862016 0.49502827078104017 0.13245269134640694 0.0028259712029248475
0.67104080514982334 0.42089883983135223 0.13245269134640694 0.0028259712029248475
0.67104080514982334 0.49502827078104017 0.13323163166642191 0.0028259712029248475
0.67104080514982334 0.49502827078104017 0.13245269134640694 0.0050236057766713206
0.31538620730862016 0.42089883983135223 0.13323163166642191 0.0050236057766713206
0.58386444291099904 0.26935414895415311 0.20893847309052946 0.0038668808766640726
0.23634839616715908 0.26935414895415311 0.20893847309052946 0.0038668808766640726
0.58386444291099904 0.33860690705478191 0.20893847309052946 0.0038668808766640726
0.58386444291099904 0.26935414895415311 0.47940457016229632 0.0038668808766640726
0.58386444291099904 0.26935414895415311 0.20893847309052946 0.005459857321437449
0.23634839616715908 0.33860690705478191 0.47940457016229632 0.005459857321437449
0.27849974338896571 0.40234040282666683 0.4879927515983582 0.0093329001063480969
0.56074544400908055 0.40234040282666683 0.4879927515983582 0.0093329001063480969
0.27849974338896571 0.11952669993042947 0.4879927515983582 0.0093329001063480969
0.27849974338896571 0.40234040282666683 0.15112100578844548 0.0093329001063480969
0.27849974338896571 0.40234040282666683 0.4879927515983582 0.0034998760050162672
0.56074544400908055 0.11952669993042947 0.15112100578844548 0.0034998760050162672
0.17432520841248333 0.17749083004891875 0.1512980453670025 0.00068553720405325298
0.40300912884995338 0.17749083004891875 0.1512980453670025 0.00068553720405325298
0.17432520841248333 0.27468819767236707 0.1512980453670025 0.00068553720405325298
0.17432520841248333 0.17749083004891875 0.31916161403059962 0.00068553720405325298
0.17432520841248333 0.17749083004891875 0.1512980453670025 0.001981180081702769
0.40300912884995338 0.27468819767236707 0.31916161403059962 0.001981180081702769
0.52555606355890627 0.34456521794199946 0.34568125642836095 0.0050880960248410705
0.078675630455836656 0.34456521794199946 0.34568125642836095 0.0050880960248410705
0.52555606355890627 0.49222984798252589 0.34568125642836095 0.0050880960248410705
0.52555606355890627 0.34456521794199946 0.24710386209189894 0.0050880960248410705
0.52555606355890627 0.34456521794199946 0.34568125642836095 0.0092976147624664017
0.078675630455836656 0.49222984798252589 0.24710386209189894 0.0092976147624664017
0.50827040551230307 0.19037911407649519 0.2878861431032419 0.0037898644676432015
0.66914897444657973 0.19037911407649519 0.2878861431032419 0.0037898644676432015
0.50827040551230307 0.1101098868995905 0.2878861431032419 0.0037898644676432015
0.50827040551230307 0.19037911407649519 0.18611575141549111 0.0037898644676432015
0.50827040551230307 0.19037911407649519 0.2878861431032419 0.0023147727452218531
0.66914897444657973 0.1101098868995905 0.18611575141549111 0.0023147727452218531
0.21186665636487301 0.33248440101742749 0.40912793204188347 0.0081706739914603529
0.3435221844352781 0.33248440101742749 0.40912793204188347 0.0081706739914603529
0.21186665636487301 0.32921441197395329 0.40912793204188347 0.0081706739914603529
0.21186665636487301 0.33248440101742749 0.45856464169919497 0.0081706739914603529
0.21186665636487301 0.33248440101742749 0.40912793204188347 0.0089253514041192829
0.3435221844352781 0.32921441197395329 0.45856464169919497 0.0089253514041192829
0.27035573315806682 0.25652670636773112 0.1458226501941681 0.0020012609105557206
0.17621879284270109 0.25652670636773112 0.1458226501941681 0.0020012609105557206
0.27035573315806682 0.47657371684908867 0.1458226501941681 0.0020012609105557206
0.27035573315806682 0.25652670636773112 0.21494067013263704 0.0020012609105557206
0.27035573315806682 0.25652670636773112 0.1458226501941681 0.0051843679905869073
0.17621879284270109 0.47657371684908867 0.21494067013263704 0.0051843679905869073
0.61229833690449598 0.41436075381934645 0.35114337168633936 0.0074841978500597185
0.50186145659536119 0.41436075381934645 0.35114337168633936 0.0074841978500597185
0.61229833690449598 0.25905638597905634 0.35114337168633936 0.0074841978500597185
0.61229833690449598 0.41436075381934645 0.34361530132591722 0.0074841978500597185
0.61229833690449598 0.41436075381934645 0.35114337168633936 0.0037366946410387755
0.50186145659536119 0.25905638597905634 0.34361530132591722 0.0037366946410387755
0.68904151404276481 0.23986379839479924 0.47777181342244146 0.0060523676084354525
0.41585524128749962 0.23986379839479924 0.47777181342244146 0.0060523676084354525
0.68904151404276481 0.1751863405108452 0.47777181342244146 0.0060523676084354525
0.68904151404276481 0.23986379839479924 0.29451219849288468 0.0060523676084354525
0.68904151404276481 0.23986379839479924 0.47777181342244146 0.0067422377584502105
0.41585524128749962 0.1751863405108452 0.29451219849288468 0.0067422377584502105
0.33457174249924715 0.48221894800663001 0.21903618462383748 0.0009585490957833828
0.091458175284788001 0.48221894800663001 0.21903618462383748 0.0009585490957833828
0.33457174249924715 0.357547702267766 0.21903618462383748 0.0009585490957833828
0.33457174249924715 0.48221894800663001 0.37203940376639366 0.0009585490957833828
0.33457174249924715 0.48221894800663001 0.21903618462383748 0.0046900331391952939
0.091458175284788001 0.357547702267766 0.37203940376639366 0.0046900331391952939
0.11374166705645621 0.10699262022972107 0.3322933923453093 0.0096774296447634696
0.25943010915070769 0.10699262022972107 0.3322933923453093 0.0096774296447634696
0.11374166705645621 0.41156746558845048 0.3322933923453093 0.0096774296447634696
0.11374166705645621 0.10699262022972107 0.10457891561090947 0.0096774296447634696
0.11374166705645621 0.10699262022972107 0.3322933923453093 0.00079584924234077348
0.25943010915070769 0.41156746558845048 0.10457891561090947 0.00079584924234077348
0.42235396141186349 0.36467369832098484 0.16446652859449387 0.0047576508707366889
0.58376358938403428 0.36467369832098484 0.16446652859449387 0.0047576508707366889
0.42235396141186349 0.23074446991086006 0.16446652859449387 0.0047576508707366889
0.42235396141186349 0.36467369832098484 0.42583148032426832 0.0047576508707366889
0.42235396141186349 0.36467369832098484 0.16446652859449387 0.0080103926884010426
0.58376358938403428 0.23074446991086006 0.42583148032426832 0.0080103926884010426
0.37699491861276324 0.27505184635519986 0.30044012777507306 0.00037525335177779199
0.30175825469195838 0.27505184635519986 0.30044012777507306 0.00037525335177779199
0.37699491861276324 0.2888047993183136 0.30044012777507306 0.00037525335177779199
0.37699491861276324 0.27505184635519986 0.25681932233273985 0.00037525335177779199
0.37699491861276324 0.27505184635519986 0.30044012777507306 0.0069914737858809538
0.30175825469195838 0.2888047993183136 0.25681932233273985 0.0069914737858809538
0.079099116474390024 0.44544655941426758 0.19629434198141099 0.0053892925529740758
0.62736249626614149 0.44544655941426758 0.19629434198141099 0.0053892925529740758
0.079099116474390024 0.46894448734819894 0.19629434198141099 0.0053892925529740758
0.079099116474390024 0.44544655941426758 0.38473683372139933 0.0053892925529740758
0.079099116474390024 0.44544655941426758 0.19629434198141099 0.0044033744487911473
0.62736249626614149 0.46894448734819894 0.38473683372139933 0.0044033744487911473
0.30006312653422351 0.17179331146180632 0.45803711488842969 0.0041747101003304131
0.45954218683764331 0.17179331146180632 0.45803711488842969 0.0041747101003304131
0.30006312653422351 0.32449012659490106 0.45803711488842969 0.0041747101003304131
0.30006312653422351 0.17179331146180632 0.14189191646873953 0.0041747101003304131
0.30006312653422351 0.17179331146180632 0.45803711488842969 0.0004105917572975159
0.45954218683764331 0.32449012659490106 0.14189191646873953 0.0004105917572975159
0.6435089412610977 0.30145926401019096 0.23874540813267231 0.0090147467383183532
0.13387681967578829 0.30145926401019096 0.23874540813267231 0.0090147467383183532
0.6435089412610977 0.14281264469027521 0.23874540813267231 0.0090147467383183532
0.6435089412610977 0.30145926401019096 0.41353524029254918 0.0090147467383183532
0.6435089412610977 0.30145926401019096 0.23874540813267231 0.0083557444286532709
0.13387681967578829 0.14281264469027521 0.41353524029254918 0.0083557444286532709
0.57585193193517625 0.12556459158658984 0.11514573097229004 0.00758773790486157
0.052312731230631473 0.12556459158658984 0.11514573097229004 0.00758773790486157
0.57585193193517625 0.22296847291290761 0.11514573097229004 0.00758773790486157
0.57585193193517625 0.12556459158658984 0.17380722984671593 0.00758773790486157
0.57585193193517625 0.12556459158658984 0.11514573097229004 0.0013645722690038384
0.052312731230631473 0.22296847291290761 0.17380722984671593 0.0013645722690038384
0.22430371213704348 0.3957094419747591 0.38179767690598965 0.003127186245005578
0.37668709382414811 0.3957094419747591 0.38179767690598965 0.003127186245005578
0.22430371213704348 0.44136499613523483 0.38179767690598965 0.003127186245005578
0.22430371213704348 0.3957094419747591 0.49586555771529672 0.003127186245005578
0.22430371213704348 0.3957094419747591 0.38179767690598965 0.0099130477139726288
0.37668709382414811 0.44136499613523483 0.49586555771529672 0.0099130477139726288
0.16599808353930712 0.22132805772125722 0.27010296024382119 0.0069008974222466357
0.54390395893715315 0.22132805772125722 0.27010296024382119 0.0069008974222466357
0.16599808353930712 0.39029899910092358 0.27010296024382119 0.0069008974222466357
0.16599808353930712 0.22132805772125722 0.22762620002031328 0.0069008974222466357
0.16599808353930712 0.22132805772125722 0.27010296024382119 0.0060770815527066598
0.54390395893715315 0.39029899910092358 0.22762620002031328 0.0060770815527066598
0.47168014771305017 0.45114697962999351 0.42688852474093442 0.0013381811712868514
0.2195479302667081 0.45114697962999351 0.42688852474093442 0.0013381811712868514
0.47168014771305017 0.17031585387885573 0.42688852474093442 0.0013381811712868514
0.47168014771305017 0.45114697962999351 0.30590995885431771 0.0013381811712868514
0.47168014771305017 0.45114697962999351 0.42688852474093442 0.0028838089323602618
0.2195479302667081 0.17031585387885573 0.30590995885431771 0.0028838089323602618
0.47600805955007663 0.18387364298105241 0.11934597678482534 0.007379207133408637
0.61186616881750522 0.18387364298105241 0.11934597678482534 0.007379207133408637
0.47600805955007663 0.48880948387086398 0.11934597678482534 0.007379207133408637
0.47600805955007663 0.18387364298105241 0.13813286609947684 0.007379207133408637
0.47600805955007663 0.18387364298105241 0.11934597678482534 0.0039206056145951159
0.61186616881750522 0.48880948387086398 0.13813286609947684 0.0039206056145951159
0.16287739933468398 0.33857621736824517 0.37740106955170638 0.0021065484404563903
0.28623971780762075 0.33857621736824517 0.37740106955170638 0.0021065484404563903
0.16287739933468398 0.26892436966300015 0.37740106955170638 0.0021065484404563903
0.16287739933468398 0.33857621736824517 0.41563566029071808 0.0021065484404563903
0.16287739933468398 0.33857621736824517 0.37740106955170638 0.0075142657919786875
0.28623971780762075 0.26892436966300015 0.41563566029071808 0.0075142657919786875
0.22644247026182707 0.26303235776722433 0.26414461880922319 0.0082394098252989347
0.12908239164389668 0.26303235776722433 0.26414461880922319 0.0082394098252989347
0.22644247026182707 0.12450701296329499 0.26414461880922319 0.0082394098252989347
0.22644247026182707 0.26303235776722433 0.26087277196347713 0.0082394098252989347
0.22644247026182707 0.26303235776722433 0.26414461880922319 0.008490517061483115
0.12908239164389668 0.12450701296329499 0.26087277196347713 0.008490517061483115
0.57496565328910942 0.408268378674984 0.43265203051269052 0.0037208318205550314
0.45472523942589754 0.408268378674984 0.43265203051269052 0.0037208318205550314
0.57496565328910942 0.34280473031103609 0.43265203051269052 0.0037208318205550314
0.57496565328910942 0.408268378674984 0.38214975371956827 0.0037208318205550314
0.57496565328910942 0.408268378674984 0.43265203051269052 0.0003134253041818738
0.45472523942589754 0.34280473031103609 0.38214975371956827 0.0003134253041818738
0.63933942904695862 0.23433317467570305 0.30874489173293118 0.0048463221694342801
0.53376778690144411 0.23433317467570305 0.30874489173293118 0.0048463221694342801
0.63933942904695862 0.42295177951455121 0.30874489173293118 0.0048463221694342801
0.63933942904695862 0.23433317467570305 0.22972652465105059 0.0048463221694342801
0.63933942904695862 0.23433317467570305 0.30874489173293118 0.0093928437881171702
0.53376778690144411 0.42295177951455121 0.22972652465105059 0.0093928437881171702
0.30302479122765358 0.48889574967324734 0.18818365074694157 0.0095896605875343092
0.20937098241411145 0.48889574967324734 0.18818365074694157 0.0095896605875343092
0.30302479122765358 0.24137233011424541 0.18818365074694157 0.0095896605875343092
0.30302479122765358 0.48889574967324734 0.30215100385248661 0.0095896605875343092
0.30302479122765358 0.48889574967324734 0.18818365074694157 0.0018498914916999639
0.20937098241411145 0.24137233011424541 0.30215100385248661 0.0018498914916999639
0.077119341539219025 0.11252304576337338 0.45148968957364566 0.0009109666642732919
0.36717640422284598 0.11252304576337338 0.45148968957364566 0.0009109666642732919
0.077119341539219025 0.1902945149689913 0.45148968957364566 0.0009109666642732919
0.077119341539219025 0.11252304576337338 0.17122005447745325 0.0009109666642732919
0.077119341539219025 0.11252304576337338 0.45148968957364566 0.0029787295551039279
0.36717640422284598 0.1902945149689913 0.17122005447745325 0.0029787295551039279
0.37772283395752304 0.35799748525023467 0.24548843204975129 0.0060990477984771141
0.69151030094362786 0.35799748525023467 0.24548843204975129 0.0060990477984771141
0.37772283395752304 0.37033539563417439 0.24548843204975129 0.0060990477984771141
0.37772283395752304 0.35799748525023467 0.49991910271346574 0.0060990477984771141
0.37772283395752304 0.35799748525023467 0.24548843204975129 0.0059400252502411609
0.69151030094362786 0.37033539563417439 0.49991910271346574 0.0059400252502411609
0.42449024482630188 0.2944462720304728 0.48139031790196896 0.0089290966798551384
0.24733184594660995 0.2944462720304728 0.48139031790196896 0.0089290966798551384
0.42449024482630188 0.31012677177786829 0.48139031790196896 0.0089290966798551384
0.42449024482630188 0.2944462720304728 0.21743018925189972 0.0089290966798551384
0.42449024482630188 0.2944462720304728 0.48139031790196896 0.0091387671562843022
0.24733184594660995 0.31012677177786829 0.21743018925189972 0.0091387671562843022
0.11285291370004415 0.42724369764328007 0.21561423242092134 0.004260666413418949
0.57293652337975798 0.42724369764328007 0.21561423242092134 0.004260666413418949
0.11285291370004415 0.12920650802552702 0.21561423242092134 0.004260666413418949
0.11285291370004415 0.42724369764328007 0.3394641000777483 0.004260666413418949
0.11285291370004415 0.42724369764328007 0.21561423242092134 0.0021413778046146035
0.57293652337975798 0.12920650802552702 0.3394641000777483 0.0021413778046146035
0.33890213873237368 0.15239832103252413 0.3273081801831722 0.0054386877286247918
0.41526218252256508 0.15239832103252413 0.3273081801831722 0.0054386877286247918
0.33890213873237368 0.27657839097082615 0.3273081801831722 0.0054386877286247918
0.33890213873237368 0.15239832103252413 0.1839177705347538 0.0054386877286247918
0.33890213873237368 0.15239832103252413 0.3273081801831722 0.0033301519339904188
0.41526218252256508 0.27657839097082615 0.1839177705347538 0.0033301519339904188
0.6859233142342418 0.31966230012476449 0.16964676715433596 0.00032555192150175575
0.089597096247598526 0.31966230012476449 0.16964676715433596 0.00032555192150175575
0.6859233142342418 0.45903626978397372 0.16964676715433596 0.00032555192150175575
0.6859233142342418 0.31966230012476449 0.46222594045102594 0.00032555192150175575
0.6859233142342418 0.31966230012476449 0.16964676715433596 0.0056285145170055333
0.089597096247598526 0.45903626978397372 0.46222594045102594 0.0056285145170055333
0.61032103667967019 0.14398760609328748 0.29677493721246717 0.0014461931281723084
0.16800362621434031 0.14398760609328748 0.29677493721246717 0.0014461931281723084
0.61032103667967019 0.3751818489283324 0.29677493721246717 0.0014461931281723084
0.61032103667967019 0.14398760609328748 0.10042780973017217 0.0014461931281723084
0.61032103667967019 0.14398760609328748 0.29677493721246717 0.0048659761079587046
0.16800362621434031 0.3751818489283324 0.10042780973017217 0.0048659761079587046
0.27108612321317194 0.37692503109574316 0.40004487447440629 0.0067937971482053411
0.49237819220870727 0.37692503109574316 0.40004487447440629 0.0067937971482053411
0.27108612321317194 0.15756724849343301 0.40004487447440629 0.0067937971482053411
0.27108612321317194 0.37692503109574316 0.42832090407609946 0.0067937971482053411
0.27108612321317194 0.37692503109574316 0.40004487447440629 0.0065314077261835347
0.49237819220870727 0.15756724849343301 0.42832090407609946 0.0065314077261835347
0.20769465975463386 0.20290562584996225 0.13830133266746999 0.0030602631553076206
0.64942860337905584 0.20290562584996225 0.13830133266746999 0.0030602631553076206
0.20769465975463386 0.21155076771974565 0.13830133266746999 0.0030602631553076206
0.20769465975463386 0.20290562584996225 0.29817359261214738 0.0030602631553076206
0.20769465975463386 0.20290562584996225 0.13830133266746999 0.0075639601320028312
0.64942860337905584 0.21155076771974565 0.29817359261214738 0.0075639601320028312
0.51122958580963307 0.46993118636310105 0.35846889987587927 0.0076537493117153649
0.32507293308153745 0.46993118636310105 0.35846889987587927 0.0076537493117153649
0.51122958580963307 0.43075181134045126 0.35846889987587927 0.0076537493117153649
0.51122958580963307 0.46993118636310105 0.36984132751822474 0.0076537493117153649
0.51122958580963307 0.46993118636310105 0.35846889987587927 0.0012001437586732209
0.32507293308153745 0.43075181134045126 0.36984132751822474 0.0012001437586732209
0.52369778188876803 0.21496355459094049 0.20063871517777443 0.0012121675258502365
0.42772893784567706 0.21496355459094049 0.20063871517777443 0.0012121675258502365
0.52369778188876803 0.1731504235416651 0.20063871517777443 0.0012121675258502365
0.52369778188876803 0.21496355459094049 0.40865800045430667 0.0012121675258502365
0.52369778188876803 0.21496355459094049 0.20063871517777443 0.0078684734689071778
0.42772893784567706 0.1731504235416651 0.40865800045430667 0.0078684734689071778
0.17485723420977589 0.45711767040193085 0.49609614796936519 0.0057887312886305163
0.10212424225173891 0.45711767040193085 0.49609614796936519 0.0057887312886305163
0.17485723420977589 0.39078934192657477 0.49609614796936519 0.0057887312886305163
0.17485723420977589 0.45711767040193085 0.13738121166825296 0.0057887312886305163
0.17485723420977589 0.45711767040193085 0.49609614796936519 0.0009343034769408406
0.10212424225173891 0.39078934192657477 0.13738121166825296 0.0009343034769408406
0.27381199970841402 0.13189248703420164 0.15783970169723036 0.0045281644310802231
0.2700341921299696 0.13189248703420164 0.15783970169723036 0.0045281644310802231
0.27381199970841402 0.44009566828608515 0.15783970169723036 0.0045281644310802231
0.27381199970841402 0.13189248703420164 0.39233597703278067 0.0045281644310802231
0.27381199970841402 0.13189248703420164 0.15783970169723036 0.004542071439232678
0.2700341921299696 0.44009566828608515 0.39233597703278067 0.004542071439232678
0.58726002457551651 0.3897753618657589 0.33894476443529131 0.0098975225056521596
0.59569926024414599 0.3897753618657589 0.33894476443529131 0.0098975225056521596
0.58726002457551651 0.22091894410550594 0.33894476443529131 0.0098975225056521596
0.58726002457551651 0.3897753618657589 0.26483375728130343 0.0098975225056521596
0.58726002457551651 0.3897753618657589 0.33894476443529131 0.0068939854500815276
0.59569926024414599 0.22091894410550594 0.26483375728130343 0.0068939854500815276
0.67274068719707425 0.16527936011552813 0.41495218016207225 0.0085405921729281541
0.6772487135138362 0.16527936011552813 0.41495218016207225 0.0085405921729281541
0.67274068719707425 0.13861141055822374 0.41495218016207225 0.0085405921729281541
0.67274068719707425 0.16527936011552813 0.32331128939986231 0.0085405921729281541
0.67274068719707425 0.16527936011552813 0.41495218016207225 0.0035959744762629271
0.6772487135138362 0.13861141055822374 0.32331128939986231 0.0035959744762629271
0.37245459575206036 0.3075856823474169 0.28198859319090841 0.0034105338246561588
0.35287416568025942 0.3075856823474169 0.28198859319090841 0.0034105338246561588
0.37245459575206036 0.31950716562569142 0.28198859319090841 0.0034105338246561588
0.37245459575206036 0.3075856823474169 0.24461281709372998 0.0034105338246561588
0.37245459575206036 0.3075856823474169 0.28198859319090841 0.0053240212799049924
0.35287416568025942 0.31950716562569142 0.24461281709372998 0.0053240212799049924
0.11084020901471375 0.28162684328854082 0.37029463350772862 0.0070610679090023047
0.18558813580311834 0.28162684328854082 0.37029463350772862 0.0070610679090023047
0.11084020901471375 0.47470490746200089 0.37029463350772862 0.0070610679090023047
0.11084020901471375 0.28162684328854082 0.47574174553155901 0.0070610679090023047
0.11084020901471375 0.28162684328854082 0.37029463350772862 0.0087761717666871852
0.18558813580311834 0.47470490746200089 0.47574174553155901 0.0087761717666871852
0.44683744586072854 0.4392590925097466 0.12669571898877621 0.002414391844626516
0.50994382426142693 0.4392590925097466 0.12669571898877621 0.002414391844626516
0.44683744586072854 0.2922225184738636 0.12669571898877621 0.002414391844626516
0.44683744586072854 0.4392590925097466 0.15331746079027653 0.002414391844626516
0.44683744586072854 0.4392590925097466 0.12669571898877621 0.002465302499383688
0.50994382426142693 0.2922225184738636 0.15331746079027653 0.002465302499383688
0.41092041460797185 0.10046636275947095 0.38769526183605196 0.002757240016013384
0.060734260128811002 0.10046636275947095 0.38769526183605196 0.002757240016013384
0.41092041460797185 0.22576501369476321 0.38769526183605196 0.002757240016013384
0.41092041460797185 0.10046636275947095 0.33561376705765722 0.002757240016013384
0.41092041460797185 0.10046636275947095 0.38769526183605196 0.0027128881669603289
0.060734260128811002 0.22576501369476321 0.33561376705765722 0.0027128881669603289
0.064216603757813573 0.37081224694848058 0.10932151935994626 0.0079670777126215394
0.38636072929948562 0.37081224694848058 0.10932151935994626 0.0079670777126215394
0.064216603757813573 0.40736878253519537 0.10932151935994626 0.0079670777126215394
0.064216603757813573 0.37081224694848058 0.20730578564107419 0.0079670777126215394
0.064216603757813573 0.37081224694848058 0.10932151935994626 0.0062445373332127938
0.38636072929948562 0.40736878253519537 0.20730578564107419 0.0062445373332127938
0.32564754229970272 0.24642666652798653 0.44601546861231334 0.0017613391229882838
0.55359493675641713 0.24642666652798653 0.44601546861231334 0.0017613391229882838
0.32564754229970272 0.36096740029752261 0.44601546861231334 0.0017613391229882838
0.32564754229970272 0.24642666652798653 0.4630378931760788 0.0017613391229882838
0.32564754229970272 0.24642666652798653 0.44601546861231334 0.0097554204056039453
0.55359493675641713 0.36096740029752261 0.4630378931760788 0.0097554204056039453
0.63696750877425068 0.4760437916964293 0.25095170959830282 0.0064877573602832861
0.22795210713520642 0.4760437916964293 0.25095170959830282 0.0064877573602832861
0.63696750877425068 0.18095083758234978 0.25095170959830282 0.0064877573602832861
0.63696750877425068 0.4760437916964293 0.19100455231964589 0.0064877573602832861
0.63696750877425068 0.4760437916964293 0.25095170959830282 0.0015259855690412224
0.22795210713520642 0.18095083758234978 0.19100455231964589 0.0015259855690412224
0.54248250359669326 0.25015007294714453 0.17797002010047436 0.0051356832507997762
0.3139436678960919 0.25015007294714453 0.17797002010047436 0.0051356832507997762
0.54248250359669326 0.25954417772591115 0.17797002010047436 0.0051356832507997762
0.54248250359669326 0.25015007294714453 0.44635699205100543 0.0051356832507997762
0.54248250359669326 0.25015007294714453 0.17797002010047436 0.0081860227179713554
0.3139436678960919 0.25954417772591115 0.44635699205100543 0.0081860227179713554
0.2386301765684038 0.42034375071525576 0.31883760839700703 0.00063886166093871002
0.63834045422263441 0.42034375071525576 0.31883760839700703 0.00063886166093871002
0.2386301765684038 0.47940478175878531 0.31883760839700703 0.00063886166093871002
0.2386301765684038 0.42034375071525576 0.12468982562422753 0.00063886166093871002
0.2386301765684038 0.42034375071525576 0.31883760839700703 0.00057924659252166753
0.63834045422263441 0.47940478175878531 0.12468982562422753 0.00057924659252166753
0.13954147645272313 0.19669469892978669 0.2320940710604191 0.0092442240132018932
0.47045814143493764 0.19669469892978669 0.2320940710604191 0.0092442240132018932
0.13954147645272313 0.32716080620884896 0.2320940710604191 0.0092442240132018932
0.13954147645272313 0.19669469892978669 0.35504122711718089 0.0092442240132018932
0.13954147645272313 0.19669469892978669 0.2320940710604191 0.0042445292029529812
0.47045814143493764 0.32716080620884896 0.35504122711718089 0.0042445292029529812
0.47909379089251153 0.32656244970858095 0.46466397829353812 0.0039546452869661155
0.14612422655336557 0.32656244970858095 0.46466397829353812 0.0039546452869661155
0.47909379089251153 0.10883858017623425 0.46466397829353812 0.0039546452869661155
0.47909379089251153 0.32656244970858095 0.27714831978082655 0.0039546452869661155
0.47909379089251153 0.32656244970858095 0.46466397829353812 0.0071516691484488559
0.14612422655336557 0.10883858017623425 0.27714831978082655 0.0071516691484488559
0.49144895602948957 0.27401161864399914 0.33281744830310345 0.00254891713000834
0.68306992719881232 0.27401161864399914 0.33281744830310345 0.00254891713000834
0.49144895602948957 0.18619781397283078 0.33281744830310345 0.00254891713000834
0.49144895602948957 0.27401161864399914 0.39978045076131818 0.00254891713000834
0.49144895602948957 0.27401161864399914 0.33281744830310345 0.006126412482745946
0.68306992719881232 0.18619781397283078 0.39978045076131818 0.006126412482745946
0.14743778621777892 0.40353756062686441 0.16391636580228808 0.0069272884923033424
0.35744723426178093 0.40353756062686441 0.16391636580228808 0.0069272884923033424
0.14743778621777892 0.35605918094515798 0.16391636580228808 0.0069272884923033424
0.14743778621777892 0.40353756062686441 0.27144794501364233 0.0069272884923033424
0.14743778621777892 0.40353756062686441 0.16391636580228808 0.0028322492475621403
0.35744723426178093 0.35605918094515798 0.27144794501364233 0.0028322492475621403
0.25163029795512554 0.17913178019225598 0.47565991356968884 0.0032349196536466478
0.20037541878409681 0.17913178019225598 0.47565991356968884 0.0032349196536466478
0.25163029795512554 0.40050714612007143 0.47565991356968884 0.0032349196536466478
0.25163029795512554 0.17913178019225598 0.40204358622431757 0.0032349196536466478
0.25163029795512554 0.17913178019225598 0.47565991356968884 0.0014114484413526953
0.20037541878409681 0.40050714612007143 0.40204358622431757 0.0014114484413526953
0.54977407236583531 0.34956958666443827 0.22112350352108479 0.0087154604752548038
0.52602202463895076 0.34956958666443827 0.22112350352108479 0.0087154604752548038
0.54977407236583531 0.23218415714800358 0.22112350352108479 0.0087154604752548038
0.54977407236583531 0.34956958666443827 0.12993691675364971 0.0087154604752548038
0.54977407236583531 0.34956958666443827 0.22112350352108479 0.009868701240234078
0.52602202463895076 0.23218415714800358 0.12993691675364971 0.009868701240234078
0.62397787705995134 0.12350421845912934 0.14527382254600527 0.009761023954302072
0.44255588883534069 0.12350421845912934 0.14527382254600527 0.009761023954302072
0.62397787705995134 0.10202804878354073 0.14527382254600527 0.009761023954302072
0.62397787705995134 0.12350421845912934 0.48240861780941491 0.009761023954302072
0.62397787705995134 0.12350421845912934 0.14527382254600527 0.00046054640822112562
0.44255588883534069 0.10202804878354073 0.48240861780941491 0.00046054640822112562
0.31838505985215304 0.35326781608164315 0.3516687627881766 0.0046648046030662964
0.11816276493482292 0.35326781608164315 0.3516687627881766 0.0046648046030662964
0.31838505985215304 0.33363258056342604 0.3516687627881766 0.0046648046030662964
0.31838505985215304 0.35326781608164315 0.1607169270515442 0.0046648046030662964
0.31838505985215304 0.35326781608164315 0.3516687627881766 0.0083035622031427912
0.11816276493482292 0.33363258056342604 0.1607169270515442 0.0083035622031427912
0.051852169353514915 0.22959016002714636 0.28997479714453223 0.0059614847043529158
0.27589508350938557 0.22959016002714636 0.28997479714453223 0.0059614847043529158
0.051852169353514915 0.48470438905060298 0.28997479714453223 0.0059614847043529158
0.051852169353514915 0.22959016002714636 0.31591202579438687 0.0059614847043529158
0.051852169353514915 0.22959016002714636 0.28997479714453223 0.0070389736791141343
0.27589508350938557 0.48470438905060298 0.31591202579438687 0.0070389736791141343
0.40299375937320286 0.49988720417022703 0.40701736733317373 0.0010392724894918502
0.60023266081698234 0.49988720417022703 0.40701736733317373 0.0010392724894918502
0.40299375937320286 0.25468706339597702 0.40701736733317373 0.0010392724894918502
0.40299375937320286 0.49988720417022703 0.23794578984379769 0.0010392724894918502
0.40299375937320286 0.49988720417022703 0.40701736733317373 0.0043584054343402392
0.60023266081698234 0.25468706339597702 0.23794578984379769 0.0043584054343402392
0.43951949067413798 0.1601675059646368 0.27104243673384187 0.0040891519846394664
0.31829822584986683 0.1601675059646368 0.27104243673384187 0.0040891519846394664
0.43951949067413798 0.21488662883639337 0.27104243673384187 0.0040891519846394664
0.43951949067413798 0.1601675059646368 0.46970491446554663 0.0040891519846394664
0.43951949067413798 0.1601675059646368 0.27104243673384187 0.00074364761775359519
0.31829822584986683 0.21488662883639337 0.46970491446554663 0.00074364761775359519
0.097824864042922843 0.31814156398177151 0.42597253248095512 0.009110463184211404
0.64390410431660705 0.31814156398177151 0.42597253248095512 0.009110463184211404
0.097824864042922843 0.44578314684331422 0.42597253248095512 0.009110463184211404
0.097824864042922843 0.31814156398177151 0.19840382188558581 0.009110463184211404
0.097824864042922843 0.31814156398177151 0.42597253248095512 0.0080602900272235267
0.64390410431660705 0.44578314684331422 0.19840382188558581 0.0080602900272235267
0.36449168915860347 0.29293964430689812 0.11266647577285767 0.00046326607763767243
0.48615913977846498 0.29293964430689812 0.11266647577285767 0.00046326607763767243
0.36449168915860347 0.39842966534197333 0.11266647577285767 0.00046326607763767243
0.36449168915860347 0.29293964430689812 0.32821429483592512 0.00046326607763767243
0.36449168915860347 0.29293964430689812 0.11266647577285767 0.0066973248759284627
0.48615913977846498 0.39842966534197333 0.32821429483592512 0.0066973248759284627
0.6603300783783197 0.43500183783471591 0.3842988904565573 0.0053105329654179519
0.16049525453709065 0.43500183783471591 0.3842988904565573 0.0053105329654179519
0.6603300783783197 0.16594651341438293 0.3842988904565573 0.0053105329654179519
0.6603300783783197 0.43500183783471591 0.2006389193236828 0.0053105329654179519
0.6603300783783197 0.43500183783471591 0.3842988904565573 0.0047375512513332073
0.16049525453709065 0.16594651341438293 0.2006389193236828 0.0047375512513332073
0.59521244149655106 0.21067595966160299 0.45712245777249338 0.0063512773966416724
0.076395580777898431 0.21067595966160299 0.45712245777249338 0.0063512773966416724
0.59521244149655106 0.29981629066169263 0.45712245777249338 0.0063512773966416724
0.59521244149655106 0.21067595966160299 0.36248551607131962 0.0063512773966416724
0.59521244149655106 0.21067595966160299 0.45712245777249338 0.0051327523213811222
0.076395580777898431 0.29981629066169263 0.36248551607131962 0.0051327523213811222
0.28619352220557626 0.4684123620390892 0.23968621976673604 0.0018979607072658838
0.4007714252918958 0.4684123620390892 0.23968621976673604 0.0018979607072658838
0.28619352220557626 0.46745597198605537 0.23968621976673604 0.0018979607072658838
0.28619352220557626 0.4684123620390892 0.2837627399712801 0.0018979607072658838
0.28619352220557626 0.4684123620390892 0.23968621976673604 0.0037860072046518329
0.4007714252918958 0.46745597198605537 0.2837627399712801 0.0037860072046518329
0.1821844586636871 0.14247906357049944 0.30294267646968365 0.0081398125406354667
0.55790982670150691 0.14247906357049944 0.30294267646968365 0.0081398125406354667
0.1821844586636871 0.3134298250079155 0.30294267646968365 0.0081398125406354667
0.1821844586636871 0.14247906357049944 0.43974279835820196 0.0081398125406354667
0.1821844586636871 0.14247906357049944 0.30294267646968365 0.0022704458180814982
0.55790982670150691 0.3134298250079155 0.43974279835820196 0.0022704458180814982
0.5367434723302722 0.38468201942741875 0.19381642192602158 0.002584363567363471
0.23355543492361902 0.38468201942741875 0.19381642192602158 0.002584363567363471
0.5367434723302722 0.14425233788788319 0.19381642192602158 0.002584363567363471
0.5367434723302722 0.38468201942741875 0.11724535785615445 0.002584363567363471
0.5367434723302722 0.38468201942741875 0.19381642192602158 0.0089722847410477705
0.23355543492361902 0.14425233788788319 0.11724535785615445 0.0089722847410477705
0.49819005671888583 0.13027599155902864 0.43912237137556076 0.0062747944437898705
0.49902381980791682 0.13027599155902864 0.43912237137556076 0.0062747944437898705
0.49819005671888583 0.45183627046644692 0.43912237137556076 0.0062747944437898705
0.49819005671888583 0.13027599155902864 0.25342526361346246 0.0062747944437898705
0.49819005671888583 0.13027599155902864 0.43912237137556076 0.0020335516510531309
0.49902381980791682 0.45183627046644692 0.25342526361346246 0.0020335516510531309
0.20036368570290503 0.39764336086809637 0.25762362591922283 0.00073626801166683448
0.1734179231803864 0.39764336086809637 0.25762362591922283 0.00073626801166683448
0.20036368570290503 0.28422090709209447 0.25762362591922283 0.00073626801166683448
0.20036368570290503 0.39764336086809637 0.37553249709308145 0.00073626801166683448
0.20036368570290503 0.39764336086809637 0.25762362591922283 0.0092478496029041717
0.1734179231803864 0.28422090709209447 0.37553249709308145 0.0092478496029041717
0.25869101039133963 0.22281818427145483 0.39436718113720415 0.0094550028278492394
0.34123981501907102 0.22281818427145483 0.39436718113720415 0.0094550028278492394
0.25869101039133963 0.134896370023489 0.39436718113720415 0.0094550028278492394
0.25869101039133963 0.22281818427145483 0.14475032538175583 0.0094550028278492394
0.25869101039133963 0.22281818427145483 0.39436718113720415 0.0055049401487223815
0.34123981501907102 0.134896370023489 0.14475032538175583 0.0055049401487223815
0.60238477680832148 0.45551148056983948 0.10242841914296151 0.0049799319364130503
0.66690368209965523 0.45551148056983948 0.10242841914296151 0.0049799319364130503
0.60238477680832148 0.30409817658364774 0.10242841914296151 0.0049799319364130503
0.60238477680832148 0.45551148056983948 0.42308301366865642 0.0049799319364130503
0.60238477680832148 0.45551148056983948 0.10242841914296151 0.0034524900721386075
0.66690368209965523 0.30409817658364774 0.42308301366865642 0.0034524900721386075
0.69832775443792339 0.28000843599438668 0.22646888457238676 0.0035482480545528236
0.58596924762241542 0.28000843599438668 0.22646888457238676 0.0035482480545528236
0.69832775443792339 0.43639054447412495 0.22646888457238676 0.0035482480545528236
0.69832775443792339 0.28000843599438668 0.16455625258386136 0.0035482480545528236
0.69832775443792339 0.28000843599438668 0.22646888457238676 0.0064217399142682558
0.58596924762241542 0.43639054447412495 0.16455625258386136 0.0064217399142682558
0.34686880218796429 0.44712594263255601 0.4704614698886872 0.0084124373359605667
0.26159342126920815 0.44712594263255601 0.4704614698886872 0.0084124373359605667
0.34686880218796429 0.20546951778233052 0.4704614698886872 0.0084124373359605667
0.34686880218796429 0.44712594263255601 0.49252266958355906 0.0084124373359605667
0.34686880218796429 0.44712594263255601 0.4704614698886872 0.004974463157821447
0.26159342126920815 0.20546951778233052 0.49252266958355906 0.004974463157821447
0.12588185626082121 0.17313514165580274 0.18376751467585564 0.0022428773420862854
0.094378102244809275 0.17313514165580274 0.18376751467585564 0.0022428773420862854
0.12588185626082121 0.15031459443271161 0.18376751467585564 0.0022428773420862854
0.12588185626082121 0.17313514165580274 0.23712273128330708 0.0022428773420862854
0.12588185626082121 0.17313514165580274 0.18376751467585564 0.0010771447242237629
0.094378102244809275 0.15031459443271161 0.23712273128330708 0.0010771447242237629
0.43179203569889063 0.30598140731453893 0.31321241892874241 0.0072424344871193178
0.41873251218348734 0.30598140731453893 0.31321241892874241 0.0072424344871193178
0.43179203569889063 0.38277323618531234 0.31321241892874241 0.0072424344871193178
0.43179203569889063 0.30598140731453893 0.30881498456001283 0.0072424344871193178
0.43179203569889063 0.30598140731453893 0.31321241892874241 0.0076881198655813941
0.41873251218348734 0.38277323618531234 0.30881498456001283 0.0076881198655813941
0.38564580255188041 0.24179466851055623 0.15233515426516533 0.0078295145447365936
0.13163431198336184 0.24179466851055623 0.15233515426516533 0.0078295145447365936
0.38564580255188041 0.34922778308391572 0.15233515426516533 0.0078295145447365936
0.38564580255188041 0.24179466851055623 0.17725378386676313 0.0078295145447365936
0.38564580255188041 0.24179466851055623 0.15233515426516533 0.0073145396473817533
0.13163431198336184 0.34922778308391572 0.17725378386676313 0.0073145396473817533
0.089490009937435389 0.48692729920148847 0.34466758407652376 0.0028855459149926903
0.45725702308118338 0.48692729920148847 0.34466758407652376 0.0028855459149926903
0.089490009937435389 0.11764757074415684 0.34466758407652376 0.0028855459149926903
0.089490009937435389 0.48692729920148847 0.45482973977923391 0.0028855459149926903
0.089490009937435389 0.48692729920148847 0.34466758407652376 0.0041215125212445865
0.45725702308118338 0.11764757074415684 0.45482973977923391 0.0041215125212445865
0.3103033483959734 0.11136017590761185 0.20636153779923916 0.0066591208008117981
0.62456442094407971 0.11136017590761185 0.20636153779923916 0.0066591208008117981
0.3103033483959734 0.26401853524148466 0.20636153779923916 0.0066591208008117981
0.3103033483959734 0.11136017590761185 0.22482661642134191 0.0066591208008117981
0.3103033483959734 0.11136017590761185 0.20636153779923916 0.00012703038211911918
0.62456442094407971 0.26401853524148466 0.22482661642134191 0.00012703038211911918
0.65231537842191756 0.36616687960922722 0.49059159755706794 0.0015798214828595522
0.29891783325001592 0.36616687960922722 0.49059159755706794 0.0015798214828595522
0.65231537842191756 0.49406017884612086 0.49059159755706794 0.0015798214828595522
0.65231537842191756 0.36616687960922722 0.3461279079318047 0.0015798214828595522
0.65231537842191756 0.36616687960922722 0.49059159755706794 0.0086757512844167651
0.29891783325001592 0.49406017884612086 0.3461279079318047 0.0086757512844167651
0.56767776873894038 0.19206155203282835 0.36332972534000874 0.00015294956779107451
0.22242798581719397 0.19206155203282835 0.36332972534000874 0.00015294956779107451
0.56767776873894038 0.36547608859837055 0.36332972534000874 0.00015294956779107451
0.56767776873894038 0.19206155203282835 0.29072623327374458 0.00015294956779107451
0.56767776873894038 0.19206155203282835 0.36332972534000874 0.0016483614542521538
0.22242798581719397 0.36547608859837055 0.29072623327374458 0.0016483614542521538
0.21343611730262635 0.33744404539465905 0.13349113538861276 0.0056117338269948969
0.5468210915569216 0.33744404539465905 0.13349113538861276 0.0056117338269948969
0.21343611730262635 0.19559021145105362 0.13349113538861276 0.0056117338269948969
0.21343611730262635 0.33744404539465905 0.36322387419641022 0.0056117338269948969
0.21343611730262635 0.33744404539465905 0.13349113538861276 0.0095931175325065857
0.5468210915569216 0.19559021145105362 0.36322387419641022 0.0095931175325065857
0.1549650172702968 0.2610458008944988 0.42174759954214103 0.0043970139027573176
0.37885320028290148 0.2610458008944988 0.42174759954214103 0.0043970139027573176
0.1549650172702968 0.24784038439393044 0.42174759954214103 0.0043970139027573176
0.1549650172702968 0.2610458008944988 0.10704506039619446 0.0043970139027573176
0.1549650172702968 0.2610458008944988 0.42174759954214103 0.0057542434275150304
0.37885320028290148 0.24784038439393044 0.10704506039619446 0.0057542434275150304
0.46366657433100039 0.41569953523576264 0.27502368204295635 0.0087923054458573461
0.054515604814514521 0.41569953523576264 0.27502368204295635 0.0087923054458573461
0.46366657433100039 0.41613886468112471 0.27502368204295635 0.0087923054458573461
0.46366657433100039 0.41569953523576264 0.43576841838657854 0.0087923054458573461
0.46366657433100039 0.41569953523576264 0.27502368204295635 0.0031657476079650225
0.054515604814514521 0.41613886468112471 0.43576841838657854 0.0031657476079650225
0.45903579499572511 0.22568914368748666 0.40598574280738831 0.0030262502765282988
0.36138178519904607 0.22568914368748666 0.40598574280738831 0.0030262502765282988
0.45903579499572511 0.37887106239795687 0.40598574280738831 0.0030262502765282988
0.45903579499572511 0.22568914368748666 0.47973223961889744 0.0030262502765282988
0.45903579499572511 0.22568914368748666 0.40598574280738831 0.0033877258581109346
0.36138178519904607 0.37887106239795687 0.47973223961889744 0.0033877258581109346
0.15826888694427907 0.49598008506000046 0.29724401198327544 0.0076970956173725439
0.68700485588051374 0.49598008506000046 0.29724401198327544 0.0076970956173725439
0.15826888694427907 0.16045012511312962 0.29724401198327544 0.0076970956173725439
0.15826888694427907 0.49598008506000046 0.15215673297643661 0.0076970956173725439
0.15826888694427907 0.49598008506000046 0.29724401198327544 0.0053773929804563532
0.68700485588051374 0.16045012511312962 0.15215673297643661 0.0053773929804563532
0.22183581753633913 0.12115506939589978 0.36050045527517793 0.0015660481568425895
0.51923506734892722 0.12115506939589978 0.36050045527517793 0.0015660481568425895
0.22183581753633913 0.2078341778367758 0.36050045527517793 0.0015660481568425895
0.22183581753633913 0.12115506939589978 0.32122501842677598 0.0015660481568425895
0.22183581753633913 0.12115506939589978 0.36050045527517793 0.0093510663274675616
0.51923506734892722 0.2078341778367758 0.32122501842677598 0.0093510663274675616
0.55798656996339557 0.35092476978898046 0.14267969653010371 0.0066816031689755631
0.19358868426643311 0.35092476978898046 0.14267969653010371 0.0066816031689755631
0.55798656996339557 0.42779290899634359 0.14267969653010371 0.0066816031689755631
0.55798656996339557 0.35092476978898046 0.24992405697703363 0.0066816031689755631
0.55798656996339557 0.35092476978898046 0.14267969653010371 0.0020449815520085395
0.19358868426643311 0.42779290899634359 0.24992405697703363 0.0020449815520085395
0.65631100349128246 0.1752202719449997 0.21590466611087322 0.0055591541232541206
0.11455459245480597 0.1752202719449997 0.21590466611087322 0.0055591541232541206
0.65631100349128246 0.30642616637051107 0.21590466611087322 0.0055591541232541206
0.65631100349128246 0.1752202719449997 0.38812561035156257 0.0055591541232541206
0.65631100349128246 0.1752202719449997 0.21590466611087322 0.0078154970890842376
0.11455459245480597 0.30642616637051107 0.38812561035156257 0.0078154970890842376
0.30763401309959587 0.34566418267786503 0.48714035004377365 0.00021396458754315974
0.4389479391276836 0.34566418267786503 0.48714035004377365 0.00021396458754315974
0.30763401309959587 0.12631089240312576 0.48714035004377365 0.00021396458754315974
0.30763401309959587 0.34566418267786503 0.265628420189023 0.00021396458754315974
0.30763401309959587 0.34566418267786503 0.48714035004377365 0.0011417767589911819
0.4389479391276836 0.12631089240312576 0.265628420189023 0.0011417767589911819
0.081725463969632983 0.27167333997786047 0.17383430674672129 0.0088944724351167678
0.60605663373135032 0.27167333997786047 0.17383430674672129 0.0088944724351167678
0.081725463969632983 0.28030657544732096 0.17383430674672129 0.0088944724351167678
0.081725463969632983 0.27167333997786047 0.41086629107594497 0.0088944724351167678
0.081725463969632983 0.27167333997786047 0.17383430674672129 0.0049628633121028545
0.60605663373135032 0.28030657544732096 0.41086629107594497 0.0049628633121028545
0.39470246694982047 0.4011931777000427 0.32916113026440141 0.0043034060738049457
0.28171943416818973 0.4011931777000427 0.32916113026440141 0.0043034060738049457
0.39470246694982047 0.4620084714144469 0.32916113026440141 0.0043034060738049457
0.39470246694982047 0.4011931777000427 0.13214326463639736 0.0043034060738049457
0.39470246694982047 0.4011931777000427 0.32916113026440141 0.0063183910104446118
0.28171943416818973 0.4620084714144469 0.13214326463639736 0.0063183910104446118
0.43003788799978787 0.14013139270246031 0.19318800047039986 0.00086846713200211534
0.64506216826848684 0.14013139270246031 0.19318800047039986 0.00086846713200211534
0.43003788799978787 0.42006597556173808 0.19318800047039986 0.00086846713200211534
0.43003788799978787 0.14013139270246031 0.35043430179357526 0.00086846713200211534
0.43003788799978787 0.14013139270246031 0.19318800047039986 0.0087028916161507371
0.64506216826848684 0.42006597556173808 0.35043430179357526 0.0087028916161507371
0.12634946452453732 0.38234045132994654 0.30983384139835835 0.0061338767661713069
0.31945668691769236 0.38234045132994654 0.30983384139835835 0.0061338767661713069
0.12634946452453732 0.23768019974231722 0.30983384139835835 0.0061338767661713069
0.12634946452453732 0.38234045132994654 0.2783273819833994 0.0061338767661713069
0.12634946452453732 0.38234045132994654 0.30983384139835835 0.00021695366809144619
0.31945668691769236 0.23768019974231722 0.2783273819833994 0.00021695366809144619
0.35239187078550455 0.20677346512675288 0.2481398891657591 0.0049576670149341232
0.15204264526255429 0.20677346512675288 0.2481398891657591 0.0049576670149341232
0.35239187078550455 0.19325058683753016 0.2481398891657591 0.0049576670149341232
0.35239187078550455 0.20677346512675288 0.44818083569407463 0.0049576670149341232
0.35239187078550455 0.20677346512675288 0.2481398891657591 0.0039782549221999948
0.15204264526255429 0.19325058683753016 0.44818083569407463 0.0039782549221999948
0.69147281707264474 0.46450376473367216 0.45493155568838117 0.009468991830293089
0.47770677264779798 0.46450376473367216 0.45493155568838117 0.009468991830293089
0.69147281707264474 0.37404916845262048 0.45493155568838117 0.009468991830293089
0.69147281707264474 0.46450376473367216 0.11984858028590679 0.009468991830293089
0.69147281707264474 0.46450376473367216 0.45493155568838117 0.0072630688719451438
0.47770677264779798 0.37404916845262048 0.11984858028590679 0.0072630688719451438
0.60477392380125816 0.29059979207813741 0.37867761291563518 0.0083513518009334809
0.39930619942024342 0.29059979207813741 0.37867761291563518 0.0083513518009334809
0.60477392380125816 0.49170829802751548 0.37867761291563518 0.0083513518009334809
0.60477392380125816 0.29059979207813741 0.46742523796856406 0.0083513518009334809
0.60477392380125816 0.29059979207813741 0.37867761291563518 0.0030756921427324414
0.39930619942024342 0.49170829802751548 0.46742523796856406 0.0030756921427324414
0.25758902272209522 0.43265588134527211 0.12452572509646416 0.0036007649141363801
0.074930597050115469 0.43265588134527211 0.12452572509646416 0.0036007649141363801
0.25758902272209522 0.27262818701565267 0.12452572509646416 0.0036007649141363801
0.25758902272209522 0.43265588134527211 0.18945913314819338 0.0036007649141363801
0.25758902272209522 0.43265588134527211 0.12452572509646416 0.0057269331510178753
0.074930597050115469 0.27262818701565267 0.18945913314819338 0.0057269331510178753
0.19420561781153078 0.15625757128000262 0.4362692594528198 0.0073361104710027584
0.24295057225972411 0.15625757128000262 0.4362692594528198 0.0073361104710027584
0.19420561781153078 0.12153810970485211 0.4362692594528198 0.0073361104710027584
0.19420561781153078 0.15625757128000262 0.33391204439103606 0.0073361104710027584
0.19420561781153078 0.15625757128000262 0.4362692594528198 0.0096444561286829419
0.24295057225972411 0.12153810970485211 0.33391204439103606 0.0096444561286829419
0.50567937348969272 0.31423773355782036 0.26698365770280363 0.0021407755573280155
0.5673053611535579 0.31423773355782036 0.26698365770280363 0.0021407755573280155
0.50567937348969272 0.33907985463738444 0.26698365770280363 0.0021407755573280155
0.50567937348969272 0.31423773355782036 0.21222022250294686 0.0021407755573280155
0.50567937348969272 0.31423773355782036 0.26698365770280363 0.0017914491085335613
0.5673053611535579 0.33907985463738444 0.21222022250294686 0.0017914491085335613
0.52798458677716553 0.169229593873024 0.32479069195687771 0.009200521977897733
0.17996197142638265 0.169229593873024 0.32479069195687771 0.009200521977897733
0.52798458677716553 0.25700837895274165 0.32479069195687771 0.009200521977897733
0.52798458677716553 0.169229593873024 0.17330556027591229 0.009200521977897733
0.52798458677716553 0.169229593873024 0.32479069195687771 0.0099682852664031082
0.17996197142638265 0.25700837895274165 0.17330556027591229 0.0099682852664031082
0.19215123532339928 0.3020697567611933 0.17845129370689394 0.0039882692068815232
0.50556747093796728 0.3020697567611933 0.17845129370689394 0.0039882692068815232
0.19215123532339928 0.47611300013959412 0.17845129370689394 0.0039882692068815232
0.19215123532339928 0.3020697567611933 0.4946071021258831 0.0039882692068815232
0.19215123532339928 0.3020697567611933 0.17845129370689394 0.0014289469156414272
0.50556747093796728 0.47611300013959412 0.4946071021258831 0.0014289469156414272
0.29110414115712041 0.27766381539404394 0.4667077474296093 0.0052458160043694088
0.66258721216581762 0.27766381539404394 0.4667077474296093 0.0052458160043694088
0.29110414115712041 0.32972377873957159 0.4667077474296093 0.0052458160043694088
0.29110414115712041 0.27766381539404394 0.22573679126799107 0.0052458160043694088
0.29110414115712041 0.27766381539404394 0.4667077474296093 0.0027711032748222353
0.66258721216581762 0.32972377873957159 0.22573679126799107 0.0027711032748222353
0.59155364823527634 0.44478742480278022 0.23648463524878027 0.00051697856206446894
0.33692310294136402 0.44478742480278022 0.23648463524878027 0.00051697856206446894
0.59155364823527634 0.11220654249191285 0.23648463524878027 0.00051697856206446894
0.59155364823527634 0.44478742480278022 0.30331249684095385 0.00051697856206446894
0.59155364823527634 0.44478742480278022 0.23648463524878027 0.0059928489637561151
0.33692310294136402 0.11220654249191285 0.30331249684095385 0.0059928489637561151
0.66845443197526033 0.21891130283474924 0.10959974974393845 0.0018720784480683508
0.25535777471959586 0.21891130283474924 0.10959974974393845 0.0018720784480683508
0.66845443197526033 0.22828751616179943 0.10959974974393845 0.0018720784480683508
0.66845443197526033 0.21891130283474924 0.25866524055600171 0.0018720784480683508
0.66845443197526033 0.21891130283474924 0.10959974974393845 0.0043407747807912532
0.25535777471959586 0.22828751616179943 0.25866524055600171 0.0043407747807912532
0.355160064343363 0.45161070339381693 0.39343308322131632 0.0063664855536073456
0.57973335892893374 0.45161070339381693 0.39343308322131632 0.0063664855536073456
0.355160064343363 0.41064897254109389 0.39343308322131632 0.0063664855536073456
0.355160064343363 0.45161070339381693 0.38738846741616728 0.0063664855536073456
0.355160064343363 0.45161070339381693 0.39343308322131632 0.0069392197081819184
0.57973335892893374 0.41064897254109389 0.38738846741616728 0.0069392197081819184
0.093548777047544718 0.12793308906257153 0.2551270473748446 0.0027129314091987908
0.42210769383236757 0.12793308906257153 0.2551270473748446 0.0027129314091987908
0.093548777047544718 0.35841716378927235 0.2551270473748446 0.0027129314091987908
0.093548777047544718 0.12793308906257153 0.14234246611595155 0.0027129314091987908
0.093548777047544718 0.12793308906257153 0.2551270473748446 0.0084369935428723689
0.42210769383236757 0.35841716378927235 0.14234246611595155 0.0084369935428723689
0.44254313209094098 0.39529435411095626 0.44785620644688606 0.0080000903403386475
0.097752886777743686 0.39529435411095626 0.44785620644688606 0.0080000903403386475
0.44254313209094098 0.17759426422417166 0.44785620644688606 0.0080000903403386475
0.44254313209094098 0.39529435411095626 0.41484023816883564 0.0080000903403386475
0.44254313209094098 0.39529435411095626 0.44785620644688606 0.00052152243619784722
0.097752886777743686 0.17759426422417166 0.41484023816883564 0.00052152243619784722
0.39774557128548615 0.25869970209896564 0.28698074109852312 0.0070282577176578355
0.46594277815893287 0.25869970209896564 0.28698074109852312 0.0070282577176578355
0.39774557128548615 0.14190598987042904 0.28698074109852312 0.0070282577176578355
0.39774557128548615 0.25869970209896564 0.29635051414370539 0.0070282577176578355
0.39774557128548615 0.25869970209896564 0.28698074109852312 0.0046003622256219397
0.46594277815893287 0.14190598987042904 0.29635051414370539 0.0046003622256219397
0.058347224025055766 0.41335953921079638 0.41602891758084304 0.0024589430136606099
0.14031968931667504 0.41335953921079638 0.41602891758084304 0.0024589430136606099
0.058347224025055766 0.32204577252268796 0.41602891758084304 0.0024589430136606099
0.058347224025055766 0.41335953921079638 0.37468333356082439 0.0024589430136606099
0.058347224025055766 0.41335953921079638 0.41602891758084304 0.0066422214020974944
0.14031968931667504 0.32204577252268796 0.37468333356082439 0.0066422214020974944
0.31978498133830724 0.18815748244524003 0.12933497279882433 0.0086616591828875249
0.29817128796130415 0.18815748244524003 0.12933497279882433 0.0086616591828875249
0.31978498133830724 0.47133983373641974 0.12933497279882433 0.0086616591828875249
0.31978498133830724 0.18815748244524003 0.10503397434949875 0.0086616591828875249
0.31978498133830724 0.18815748244524003 0.12933497279882433 0.008081414008233697
0.29817128796130415 0.47133983373641974 0.10503397434949875 0.008081414008233697
0.62379080578684798 0.33353387303650384 0.3737242888659239 0.0032995542977005245
0.62381765288300806 0.33353387303650384 0.3737242888659239 0.0032995542977005245
0.62379080578684798 0.28966244794428353 0.3737242888659239 0.0032995542977005245
0.62379080578684798 0.33353387303650384 0.42714107669889934 0.0032995542977005245
0.62379080578684798 0.33353387303650384 0.3737242888659239 0.00083718914501369009
0.62381765288300806 0.28966244794428353 0.42714107669889934 0.00083718914501369009
0.5556566374376416 0.10901884697377683 0.4973849050700665 0.0046498333656229086
0.53780771824531248 0.10901884697377683 0.4973849050700665 0.0046498333656229086
0.5556566374376416 0.16986695006489755 0.4973849050700665 0.0046498333656229086
0.5556566374376416 0.10901884697377683 0.18561873398721218 0.0046498333656229086
0.5556566374376416 0.10901884697377683 0.4973849050700665 0.009027218270115555
0.53780771824531248 0.16986695006489755 0.18561873398721218 0.009027218270115555
0.24450024641118939 0.36381944641470909 0.20583066381514073 0.0097871401825919743
0.21341438973322507 0.36381944641470909 0.20583066381514073 0.0097871401825919743
0.24450024641118939 0.38826356939971451 0.20583066381514073 0.0097871401825919743
0.24450024641118939 0.36381944641470909 0.45731073692440993 0.0097871401825919743
0.24450024641118939 0.36381944641470909 0.20583066381514073 0.0024075026645325125
0.21341438973322507 0.38826356939971451 0.45731073692440993 0.0024075026645325125
0.14540348774753509 0.23788621351122857 0.34257420860230925 0.0011787554099224509
0.056223894702270627 0.23788621351122857 0.34257420860230925 0.0011787554099224509
0.14540348774753509 0.44344905205070972 0.34257420860230925 0.0011787554099224509
0.14540348774753509 0.23788621351122857 0.21304361112415793 0.0011787554099224509
0.14540348774753509 0.23788621351122857 0.34257420860230925 0.0036922957326285541
0.056223894702270627 0.44344905205070972 0.21304361112415793 0.0036922957326285541
0.49227102417498819 0.48302494846284394 0.16069093942642212 0.00583268525376916
0.38056111242622132 0.48302494846284394 0.16069093942642212 0.00583268525376916
0.49227102417498819 0.22346600145101547 0.16069093942642212 0.00583268525376916
0.49227102417498819 0.48302494846284394 0.34101027846336363 0.00583268525376916
0.49227102417498819 0.48302494846284394 0.16069093942642212 0.0051114961611106995
0.38056111242622132 0.22346600145101547 0.34101027846336363 0.0051114961611106995
0.48429943914525203 0.11642539650201798 0.24173504933714868 0.0078637711935676639
0.2905567398294806 0.11642539650201798 0.24173504933714868 0.0078637711935676639
0.48429943914525203 0.29613079428672795 0.24173504933714868 0.0078637711935676639
0.48429943914525203 0.11642539650201798 0.23240288794040681 0.0078637711935676639
0.48429943914525203 0.11642539650201798 0.24173504933714868 0.0067555028268136089
0.2905567398294806 0.29613079428672795 0.23240288794040681 0.0067555028268136089
0.1330040369182825 0.36190594024956224 0.46150588728487496 0.0028497131833806633
0.61618356858380141 0.36190594024956224 0.46150588728487496 0.0028497131833806633
0.1330040369182825 0.46452665068209176 0.46150588728487496 0.0028497131833806633
0.1330040369182825 0.36190594024956224 0.31071121282875536 0.0028497131833806633
0.1330040369182825 0.36190594024956224 0.46150588728487496 0.0044858256880193955
0.61618356858380141 0.46452665068209176 0.31071121282875536 0.0044858256880193955
0.23719344921410079 0.23668060787022116 0.19976233504712582 0.0065390596016310166
0.44818189823999993 0.23668060787022116 0.19976233504712582 0.0065390596016310166
0.23719344921410079 0.31718523167073731 0.19976233504712582 0.0065390596016310166
0.23719344921410079 0.23668060787022116 0.16590707078576089 0.0065390596016310166
0.23719344921410079 0.23668060787022116 0.19976233504712582 0.00095655081570148479
0.44818189823999993 0.31718523167073731 0.16590707078576089 0.00095655081570148479
0.54263261402957141 0.49123707860708243 0.30342899858951566 0.0016990417726337912
0.12253927323035894 0.49123707860708243 0.30342899858951566 0.0016990417726337912
0.54263261402957141 0.14720294401049616 0.30342899858951566 0.0016990417726337912
0.54263261402957141 0.49123707860708243 0.48794082663953309 0.0016990417726337912
0.54263261402957141 0.49123707860708243 0.30342899858951566 0.0079632897478528319
0.12253927323035894 0.14720294401049616 0.48794082663953309 0.0079632897478528319
0.63112670867703846 0.26694253012537961 0.43015576787292964 0.00065164548652246604
0.20599650782532986 0.26694253012537961 0.43015576787292964 0.00065164548652246604
0.63112670867703846 0.2185604352504015 0.43015576787292964 0.00065164548652246604
0.63112670867703846 0.26694253012537961 0.14978769160807134 0.00065164548652246604
0.63112670867703846 0.26694253012537961 0.43015576787292964 0.0025213783058337866
0.20599650782532986 0.2185604352504015 0.14978769160807134 0.0025213783058337866
0.33281951379030938 0.41217244826257227 0.27287887707352643 0.0051122159553691751
0.53039353508502241 0.41217244826257227 0.27287887707352643 0.0051122159553691751
0.33281951379030938 0.44869945496320729 0.27287887707352643 0.0051122159553691751
0.33281951379030938 0.41217244826257227 0.42145520001649861 0.0051122159553691751
0.33281951379030938 0.41217244826257227 0.27287887707352643 0.0089145222106948498
0.53039353508502241 0.44869945496320729 0.42145520001649861 0.0089145222106948498
0.066288482956588263 0.18621363900601864 0.38457283526659014 0.003812513433676213
0.69774649958126245 0.18621363900601864 0.38457283526659014 0.003812513433676213
0.066288482956588263 0.39468536451458935 0.38457283526659014 0.003812513433676213
0.066288482956588263 0.18621363900601864 0.25205007605254648 0.003812513433676213
0.066288482956588263 0.18621363900601864 0.38457283526659014 0.0052290350561961536
0.69774649958126245 0.39468536451458935 0.25205007605254648 0.0052290350561961536
0.41013577221892766 0.34092231616377833 0.11841223053634167 0.0093752108756452804
0.37341298060491673 0.34092231616377833 0.11841223053634167 0.0093752108756452804
0.41013577221892766 0.16300874166190626 0.11841223053634167 0.0093752108756452804
0.41013577221892766 0.34092231616377833 0.37994339689612389 0.0093752108756452804
0.41013577221892766 0.34092231616377833 0.11841223053634167 0.0035735949582420289
0.37341298060491673 0.16300874166190626 0.37994339689612389 0.0035735949582420289
0.45555441146716469 0.20525463260710242 0.3543122902512551 0.0056963469292037197
0.57368236160837116 0.20525463260710242 0.3543122902512551 0.0056963469292037197
0.45555441146716469 0.1049541924148798 0.3543122902512551 0.0056963469292037197
0.45555441146716469 0.20525463260710242 0.11247903890907765 0.0056963469292037197
0.45555441146716469 0.20525463260710242 0.3543122902512551 0.0016244273178279401
0.57368236160837116 0.1049541924148798 0.11247903890907765 0.0016244273178279401
0.10083166738040744 0.47227408885955813 0.1486955564469099 0.0013155563618987801
0.24807808129116893 0.47227408885955813 0.1486955564469099 0.0013155563618987801
0.10083166738040744 0.33731488585472108 0.1486955564469099 0.0013155563618987801
0.10083166738040744 0.47227408885955813 0.43375624716281891 0.0013155563618987801
0.10083166738040744 0.47227408885955813 0.1486955564469099 0.0097716252823360269
0.24807808129116893 0.33731488585472108 0.43375624716281891 0.0097716252823360269
0.36750655104406171 0.14788838326931 0.41200160570442679 0.0099597334084101027
0.080910789081826806 0.14788838326931 0.41200160570442679 0.0099597334084101027
0.36750655104406171 0.48175051137804992 0.41200160570442679 0.0099597334084101027
0.36750655104406171 0.14788838326931 0.28973554633557796 0.0099597334084101027
0.36750655104406171 0.14788838326931 0.41200160570442679 0.0061846661121584484
0.080910789081826806 0.48175051137804992 0.28973554633557796 0.0061846661121584484
0.67636189972981808 0.38083191253244875 0.29105584397912027 0.0044767775123938924
0.40657611750066275 0.38083191253244875 0.29105584397912027 0.0044767775123938924
0.67636189972981808 0.25092837475240232 0.29105584397912027 0.0044767775123938924
0.67636189972981808 0.38083191253244875 0.36723811402916906 0.0044767775123938924
0.67636189972981808 0.38083191253244875 0.29105584397912027 0.0025804480057209731
0.40657611750066275 0.25092837475240232 0.36723811402916906 0.0025804480057209731
0.57917805584147575 0.15473683886229994 0.16755296848714352 0.0034342403999529782
0.4906693502329289 0.15473683886229994 0.16755296848714352 0.0034342403999529782
0.57917805584147575 0.18328440636396409 0.16755296848714352 0.0034342403999529782
0.57917805584147575 0.15473683886229994 0.21970988065004349 0.0034342403999529782
0.57917805584147575 0.15473683886229994 0.16755296848714352 0.0071353320924565202
0.4906693502329289 0.18328440636396409 0.21970988065004349 0.0071353320924565202
0.28318616435863075 0.32200692072510717 0.33566364943981175 0.0085280399560928345
0.16629502638243138 0.32200692072510717 0.33566364943981175 0.0085280399560928345
0.28318616435863075 0.35238826461136341 0.33566364943981175 0.0085280399560928345
0.28318616435863075 0.32200692072510717 0.34840877391397951 0.0085280399560928345
0.28318616435863075 0.32200692072510717 0.33566364943981175 0.0041459175094030803
0.16629502638243138 0.35238826461136341 0.34840877391397951 0.0041459175094030803
0.17917028204537927 0.29835792258381844 0.22240718826651573 0.002283168062660843
0.33408559933304782 0.29835792258381844 0.22240718826651573 0.002283168062660843
0.17917028204537927 0.40344772748649127 0.22240718826651573 0.002283168062660843
0.17917028204537927 0.29835792258381844 0.17822001203894616 0.002283168062660843
0.17917028204537927 0.29835792258381844 0.22240718826651573 0.00071155457450076942
0.33408559933304782 0.40344772748649127 0.17822001203894616 0.00071155457450076942
0.52071094634011383 0.43114924542605881 0.48085900880396371 0.0072029657931998378
0.65844166674651206 0.43114924542605881 0.48085900880396371 0.0072029657931998378
0.52071094634011383 0.23593125417828562 0.48085900880396371 0.0072029657931998378
0.52071094634011383 0.43114924542605881 0.45064464621245859 0.0072029657931998378
0.52071094634011383 0.43114924542605881 0.48085900880396371 0.008245723994262516
0.65844166674651206 0.23593125417828562 0.45064464621245859 0.008245723994262516
0.51294677266851063 0.28553067371249197 0.13552776314318182 0.0041306617859750991
0.10891066682524979 0.28553067371249197 0.13552776314318182 0.0041306617859750991
0.51294677266851063 0.36797135695815086 0.13552776314318182 0.0041306617859750991
0.51294677266851063 0.28553067371249197 0.31456196680665016 0.0041306617859750991
0.51294677266851063 0.28553067371249197 0.13552776314318182 0.00033929121615365148
0.10891066682524979 0.36797135695815086 0.31456196680665016 0.00033929121615365148
0.207190245622769 0.44316902719438078 0.36770094260573394 0.0090673772263340658
0.43451496530324213 0.44316902719438078 0.36770094260573394 0.0090673772263340658
0.207190245622769 0.19889200888574124 0.36770094260573394 0.0090673772263340658
0.207190245622769 0.44316902719438078 0.2425283994525671 0.0090673772263340658
0.207190245622769 0.44316902719438078 0.36770094260573394 0.0085793166577816018
0.43451496530324213 0.19889200888574124 0.2425283994525671 0.0085793166577816018
0.26552066975273192 0.16762531660497187 0.28095739185810087 0.00035045397412031889
0.59176402161829167 0.16762531660497187 0.28095739185810087 0.00035045397412031889
0.26552066975273192 0.24527502693235875 0.28095739185810087 0.00035045397412031889
0.26552066975273192 0.16762531660497187 0.48712769448757176 0.00035045397412031889
0.26552066975273192 0.16762531660497187 0.28095739185810087 0.0073721507284790289
0.59176402161829167 0.24527502693235875 0.48712769448757176 0.0073721507284790289
0.61713343420997258 0.30992553457617761 0.4222217109054327 0.0054225042332895108
0.26609871136024593 0.30992553457617761 0.4222217109054327 0.0054225042332895108
0.61713343420997258 0.41281600892543791 0.4222217109054327 0.0054225042332895108
0.61713343420997258 0.30992553457617761 0.15881993956863882 0.0054225042332895108
0.61713343420997258 0.30992553457617761 0.4222217109054327 0.0038704281785525382
0.26609871136024593 0.41281600892543791 0.15881993956863882 0.0038704281785525382
0.68357159299775949 0.13580108433961868 0.34886303320527079 0.0068572270579636109
0.34704950507730242 0.13580108433961868 0.34886303320527079 0.0068572270579636109
0.68357159299775949 0.34671968333423142 0.34886303320527079 0.0068572270579636109
0.68357159299775949 0.13580108433961868 0.40341800861060617 0.0068572270579636109
0.68357159299775949 0.13580108433961868 0.34886303320527079 0.0058510934746824209
0.34704950507730242 0.34671968333423142 0.40341800861060617 0.0058510934746824209
0.34004170713014897 0.39367785640060904 0.15418379493057729 0.001391189019288868
0.67142381076700985 0.39367785640060904 0.15418379493057729 0.001391189019288868
0.34004170713014897 0.1143346704542637 0.15418379493057729 0.001391189019288868
0.34004170713014897 0.39367785640060904 0.12552525624632838 0.001391189019288868
0.34004170713014897 0.39367785640060904 0.15418379493057729 0.0029526936983689665
0.67142381076700985 0.1143346704542637 0.12552525624632838 0.0029526936983689665
0.11905290153808891 0.21730512268841268 0.49087775759398944 0.0075625605771318088
0.51355146402493113 0.21730512268841268 0.49087775759398944 0.0075625605771318088
0.11905290153808891 0.26659690290689469 0.49087775759398944 0.0075625605771318088
0.11905290153808891 0.21730512268841268 0.39474384523928163 0.0075625605771318088
0.11905290153808891 0.21730512268841268 0.49087775759398944 0.0018999367484822871
0.51355146402493113 0.26659690290689469 0.39474384523928163 0.0018999367484822871
0.41704269303008906 0.45946534126996996 0.21211949139833453 0.0031600205653347074
0.1891953784506768 0.45946534126996996 0.21211949139833453 0.0031600205653347074
0.41704269303008906 0.49739472158253195 0.21211949139833453 0.0031600205653347074
0.41704269303008906 0.45946534126996996 0.27307652384042741 0.0031600205653347074
0.41704269303008906 0.45946534126996996 0.21211949139833453 0.0095347889068536466
0.1891953784506768 0.49739472158253195 0.27307652384042741 0.0095347889068536466
0.38231603256426744 0.1990390818566084 0.47311721257865436 0.0019680504472926259
0.39481402626261108 0.1990390818566084 0.47311721257865436 0.0019680504472926259
0.38231603256426744 0.43309205733239653 0.47311721257865436 0.0019680504472926259
0.38231603256426744 0.1990390818566084 0.44073272608220582 0.0019680504472926259
0.38231603256426744 0.1990390818566084 0.47311721257865436 0.0055626266133040198
0.39481402626261108 0.43309205733239653 0.44073272608220582 0.0055626266133040198
0.073778046108782289 0.32890072837471962 0.22990281730890275 0.0075089960844255989
0.069187179347500211 0.32890072837471962 0.22990281730890275 0.0075089960844255989
0.073778046108782289 0.20297754630446435 0.22990281730890275 0.0075089960844255989
0.073778046108782289 0.32890072837471962 0.11323035135865211 0.0075089960844255989
0.073778046108782289 0.32890072837471962 0.22990281730890275 0.0032013303459621969
0.069187179347500211 0.20297754630446435 0.11323035135865211 0.0032013303459621969
0.29458332601934667 0.25405547693371777 0.31820887103676798 0.0037372351229190827
0.22679457589983937 0.25405547693371777 0.31820887103676798 0.0037372351229190827
0.29458332601934667 0.15364066064357759 0.31820887103676798 0.0037372351229190827
0.29458332601934667 0.25405547693371777 0.35705230422317979 0.0037372351229190827
0.29458332601934667 0.25405547693371777 0.31820887103676798 0.0022458878685720266
0.22679457589983937 0.15364066064357759 0.35705230422317979 0.0022458878685720266
0.64898870787583285 0.42425525896251204 0.18486076183617117 0.008214721088763326
0.55243718274869025 0.42425525896251204 0.18486076183617117 0.008214721088763326
0.64898870787583285 0.38534179367125032 0.18486076183617117 0.008214721088763326
0.64898870787583285 0.42425525896251204 0.2857756704092026 0.008214721088763326
0.64898870787583285 0.42425525896251204 0.18486076183617117 0.0091513395927846439
0.55243718274869025 0.38534179367125032 0.2857756704092026 0.0091513395927846439
0.57100683408789332 0.24876971282064916 0.26124802529811864 0.0096445965414866802
0.62894584960304201 0.24876971282064916 0.26124802529811864 0.0096445965414866802
0.57100683408789332 0.45514635220170019 0.26124802529811864 0.0096445965414866802
0.57100683408789332 0.24876971282064916 0.32724883183836939 0.0096445965414866802
0.57100683408789332 0.24876971282064916 0.26124802529811864 0.0013287954019382598
0.62894584960304201 0.45514635220170019 0.32724883183836939 0.0013287954019382598
0.22914876639842985 0.47839294075965888 0.44195636175572872 0.0047828270551748577
0.30454884050413961 0.47839294075965888 0.44195636175572872 0.0047828270551748577
0.22914876639842985 0.28672617785632615 0.44195636175572872 0.0047828270551748577
0.22914876639842985 0.47839294075965888 0.20482477359473705 0.0047828270551748577
0.22914876639842985 0.47839294075965888 0.44195636175572872 0.0076297158564440914
0.30454884050413961 0.28672617785632615 0.20482477359473705 0.0076297158564440914
0.17068448513746259 0.10437348186969758 0.10369990207254887 0.0059993609037250284
0.14759014011360705 0.10437348186969758 0.10369990207254887 0.0059993609037250284
0.17068448513746259 0.13155891187489033 0.10369990207254887 0.0059993609037250284
0.17068448513746259 0.10437348186969758 0.47482088953256607 0.0059993609037250284
0.17068448513746259 0.10437348186969758 0.10369990207254887 0.00651866534492001
0.14759014011360705 0.13155891187489033 0.47482088953256607 0.00651866534492001
0.46699378001503639 0.37471326328814036 0.39955406412482264 0.0010022182430140675
0.47192367725074286 0.37471326328814036 0.39955406412482264 0.0010022182430140675
0.46699378001503639 0.30151688009500505 0.39955406412482264 0.0010022182430140675
0.46699378001503639 0.37471326328814036 0.19612219072878362 0.0010022182430140675
0.46699378001503639 0.37471326328814036 0.39955406412482264 0.0047613338647410283
0.47192367725074286 0.30151688009500505 0.19612219072878362 0.0047613338647410283
0.46893198429606847 0.10332090891897679 0.46228194981813431 0.009348667213041336
0.69010204365476957 0.10332090891897679 0.46228194981813431 0.009348667213041336
0.46893198429606847 0.20230004675686361 0.46228194981813431 0.009348667213041336
0.46893198429606847 0.10332090891897679 0.41658613830804825 0.009348667213041336
0.46893198429606847 0.10332090891897679 0.46228194981813431 0.0016671520601026716
0.69010204365476957 0.20230004675686361 0.41658613830804825 0.0016671520601026716
0.16999475043267009 0.37381327748298643 0.24094561152160168 0.0038488100742921235
0.36572884335182604 0.37381327748298643 0.24094561152160168 0.0038488100742921235
0.16999475043267009 0.43390380889177327 0.24094561152160168 0.0038488100742921235
0.16999475043267009 0.37381327748298643 0.13903480507433416 0.0038488100742921235
0.16999475043267009 0.37381327748298643 0.24094561152160168 0.0096116814346984027
0.36572884335182604 0.43390380889177327 0.13903480507433416 0.0096116814346984027
0.22847824823111296 0.24977402985095978 0.30420282073318961 0.00510492056561634
0.20859756097197529 0.24977402985095978 0.30420282073318961 0.00510492056561634
0.22847824823111296 0.38438358083367352 0.30420282073318961 0.00510492056561634
0.22847824823111296 0.24977402985095978 0.38134566172957418 0.00510492056561634
0.22847824823111296 0.24977402985095978 0.30420282073318961 0.0057742095215246089
0.20859756097197529 0.38438358083367352 0.38134566172957418 0.0057742095215246089
0.57296549468301239 0.47934232689440248 0.19897666350007059 0.00066852383576333535
0.53295490690506986 0.47934232689440248 0.19897666350007059 0.00066852383576333535
0.57296549468301239 0.15436701290309429 0.19897666350007059 0.00066852383576333535
0.57296549468301239 0.47934232689440248 0.26001975946128369 0.00066852383576333535
0.57296549468301239 0.47934232689440248 0.19897666350007059 0.0031854869245551529
0.53295490690506986 0.15436701290309429 0.26001975946128369 0.0031854869245551529
0.64712931658141315 0.25383851937949659 0.27210159562528136 0.0017110941589809955
0.45581643111072473 0.25383851937949659 0.27210159562528136 0.0017110941589809955
0.64712931658141315 0.28612189590930937 0.27210159562528136 0.0017110941589809955
0.64712931658141315 0.25383851937949659 0.30310472436249258 0.0017110941589809955
0.64712931658141315 0.25383851937949659 0.27210159562528136 0.007293142484221608
0.45581643111072473 0.28612189590930937 0.30310472436249258 0.007293142484221608
0.2951942671090364 0.42408102527260783 0.43094408810138707 0.0065366091312840588
0.13021350679919125 0.42408102527260783 0.43094408810138707 0.0065366091312840588
0.2951942671090364 0.4559824947267771 0.43094408810138707 0.0065366091312840588
0.2951942671090364 0.42408102527260783 0.23063132464885713 0.0065366091312840588
0.2951942671090364 0.42408102527260783 0.43094408810138707 0.0041004928287118681
0.13021350679919125 0.4559824947267771 0.23063132464885713 0.0041004928287118681
0.074368530884385109 0.19930429533123972 0.11763881072402001 0.0028811654946766796
0.28796559036709363 0.19930429533123972 0.11763881072402001 0.0028811654946766796
0.074368530884385109 0.30063188634812832 0.11763881072402001 0.0028811654946766796
0.074368530884385109 0.19930429533123972 0.49911176823079584 0.0028811654946766796
0.074368530884385109 0.19930429533123972 0.11763881072402001 0.00010921618416905404
0.28796559036709363 0.30063188634812832 0.49911176823079584 0.00010921618416905404
0.38043742473237213 0.329025561735034 0.38535881973803043 0.0078420529037714001
0.61363211981952193 0.329025561735034 0.38535881973803043 0.0078420529037714001
0.38043742473237213 0.13230965360999108 0.38535881973803043 0.0078420529037714001
0.38043742473237213 0.329025561735034 0.17036418095231057 0.0078420529037714001
0.38043742473237213 0.329025561735034 0.38535881973803043 0.0086583146308548756
0.61363211981952193 0.13230965360999108 0.17036418095231057 0.0086583146308548756
0.41637301268056026 0.21874888688325883 0.14948191866278648 0.0071909225716255618
0.32648080778308208 0.21874888688325883 0.14948191866278648 0.0071909225716255618
0.41637301268056026 0.19974038153886797 0.14948191866278648 0.0071909225716255618
0.41637301268056026 0.21874888688325883 0.34041162468492986 0.0071909225716255618
0.41637301268056026 0.21874888688325883 0.14948191866278648 0.0064408714791759853
0.32648080778308208 0.19974038153886797 0.34041162468492986 0.0064408714791759853
0.12101069525815546 0.46075651831924913 0.35353925563395028 0.0022856282509863377
0.65087655652314425 0.46075651831924913 0.35353925563395028 0.0022856282509863377
0.12101069525815546 0.36737930662930018 0.35353925563395028 0.0022856282509863377
0.12101069525815546 0.46075651831924913 0.21832897812128069 0.0022856282509863377
0.12101069525815546 0.46075651831924913 0.35353925563395028 0.0049926129302941269
0.65087655652314425 0.36737930662930018 0.21832897812128069 0.0049926129302941269
0.34198028431273991 0.13440672047436239 0.29184454344213007 0.0084965785169042653
0.4931513763498514 0.13440672047436239 0.29184454344213007 0.0084965785169042653
0.34198028431273991 0.41355456821620462 0.29184454344213007 0.0084965785169042653
0.34198028431273991 0.13440672047436239 0.46142499856650832 0.0084965785169042653
0.34198028431273991 0.13440672047436239 0.29184454344213007 0.0010975272345356644
0.4931513763498514 0.41355456821620462 0.46142499856650832 0.0010975272345356644
0.68288145633414388 0.39233842343091963 0.41122470796108246 0.00345594893489033
0.1688167338259518 0.39233842343091963 0.41122470796108246 0.00345594893489033
0.68288145633414388 0.2443778492510319 0.41122470796108246 0.00345594893489033
0.68288145633414388 0.39233842343091963 0.18306771144270897 0.00345594893489033
0.68288145633414388 0.39233842343091963 0.41122470796108246 0.0077075206572189935
0.1688167338259518 0.2443778492510319 0.18306771144270897 0.0077075206572189935
0.61772445654496544 0.16823233291506767 0.33487835712730885 0.0045033309298567479
0.088505676947534084 0.16823233291506767 0.33487835712730885 0.0045033309298567479
0.61772445654496544 0.11515860594809056 0.33487835712730885 0.0045033309298567479
0.61772445654496544 0.16823233291506767 0.42927777469158179 0.0045033309298567479
0.61772445654496544 0.16823233291506767 0.33487835712730885 0.0020118911251425743
0.088505676947534084 0.11515860594809056 0.42927777469158179 0.0020118911251425743
0.26364151467569169 0.31048982702195649 0.16832717433571814 0.0099234458956867465
0.41413130466826253 0.31048982702195649 0.16832717433571814 0.0099234458956867465
0.26364151467569169 0.34605436623096464 0.16832717433571814 0.0099234458956867465
0.26364151467569169 0.31048982702195649 0.10133556313812733 0.0099234458956867465
0.26364151467569169 0.31048982702195649 0.16832717433571814 0.0092270201024599371
0.41413130466826253 0.34605436623096464 0.10133556313812733 0.0092270201024599371
0.20533154685981569 0.28487425707280634 0.48006994873285291 0.0013228420336730781
0.57121025854721663 0.28487425707280634 0.48006994873285291 0.0013228420336730781
0.20533154685981569 0.49810884222388274 0.48006994873285291 0.0013228420336730781
0.20533154685981569 0.28487425707280634 0.36903103962540629 0.0013228420336730781
0.20533154685981569 0.28487425707280634 0.48006994873285291 0.0054869381927885119
0.57121025854721663 0.49810884222388274 0.36903103962540629 0.0054869381927885119
0.5135570115409791 0.44265299066901209 0.22318363599479199 0.0056794594151899228
0.24556627753190696 0.44265299066901209 0.22318363599479199 0.0056794594151899228
0.5135570115409791 0.26562645994126799 0.22318363599479199 0.0056794594151899228
0.5135570115409791 0.44265299066901209 0.2973145689815283 0.0056794594151899228
0.5135570115409791 0.44265299066901209 0.22318363599479199 0.0034353190679103137
0.24556627753190696 0.26562645994126799 0.2973145689815283 0.0034353190679103137
0.52138147903606291 0.29706045202910902 0.36848923973739145 0.0031866480201482774
0.5110743788536638 0.29706045202910902 0.36848923973739145 0.0031866480201482774
0.52138147903606291 0.33671060614287851 0.36848923973739145 0.0031866480201482774
0.52138147903606291 0.29706045202910902 0.13662299141287804 0.0031866480201482774
0.52138147903606291 0.29706045202910902 0.36848923973739145 0.0051533454923890542
0.5110743788536638 0.33671060614287851 0.13662299141287804 0.0051533454923890542
0.17721163597889245 0.42971139326691632 0.13475055247545242 0.0075263500890694569
0.1866786482743919 0.42971139326691632 0.13475055247545242 0.0075263500890694569
0.17721163597889245 0.10579033568501472 0.13475055247545242 0.0075263500890694569
0.17721163597889245 0.42971139326691632 0.40794832520186908 0.0075263500890694569
0.17721163597889245 0.42971139326691632 0.13475055247545242 0.0038075824631378058
0.1866786482743919 0.10579033568501472 0.40794832520186908 0.0038075824631378058
0.2812479746062308 0.15608218386769296 0.42300776615738866 0.0013983982564881447
0.35463940114714199 0.15608218386769296 0.42300776615738866 0.0013983982564881447
0.2812479746062308 0.25004337877035143 0.42300776615738866 0.0013983982564881447
0.2812479746062308 0.15608218386769296 0.26544558554887776 0.0013983982564881447
0.2812479746062308 0.15608218386769296 0.42300776615738866 0.0022873804928734897
0.35463940114714199 0.25004337877035143 0.26544558554887776 0.0022873804928734897
0.57986780507490032 0.3233949910849333 0.28018394894897936 0.0068402649165131158
0.67897406183183184 0.3233949910849333 0.28018394894897936 0.0068402649165131158
0.57986780507490032 0.4825012523680926 0.28018394894897936 0.0068402649165131158
0.57986780507490032 0.3233949910849333 0.39299673177301886 0.0068402649165131158
0.57986780507490032 0.3233949910849333 0.28018394894897936 0.0089902014295570546
0.67897406183183184 0.4825012523680926 0.39299673177301886 0.0089902014295570546
0.67577141979709265 0.14733038581907751 0.15339433252811432 0.0054103845771402131
0.59425102015957232 0.14733038581907751 0.15339433252811432 0.0054103845771402131
0.67577141979709265 0.35171076580882077 0.15339433252811432 0.0054103845771402131
0.67577141979709265 0.14733038581907751 0.24385745786130431 0.0054103845771402131
0.67577141979709265 0.14733038581907751 0.15339433252811432 0.00072528157876804481
0.59425102015957232 0.35171076580882077 0.24385745786130431 0.00072528157876804481
0.36938516371883445 0.3802189826965332 0.34963916800916195 0.00035283953500911592
0.26862537427805361 0.3802189826965332 0.34963916800916195 0.00035283953500911592
0.36938516371883445 0.18409616015851499 0.34963916800916195 0.00035283953500911592
0.36938516371883445 0.3802189826965332 0.32260485664010052 0.00035283953500911592
0.36938516371883445 0.3802189826965332 0.34963916800916195 0.0080410932578146455
0.26862537427805361 0.18409616015851499 0.32260485664010052 0.0080410932578146455
0.1026910635177046 0.20576475560665131 0.21133389212191106 0.0090359898244962104
0.10131083801388741 0.20576475560665131 0.21133389212191106 0.0090359898244962104
0.1026910635177046 0.23497304059565069 0.21133389212191106 0.0090359898244962104
0.1026910635177046 0.20576475560665131 0.15392642803490164 0.0090359898244962104
0.1026910635177046 0.20576475560665131 0.21133389212191106 0.0066777078177779918
0.10131083801388741 0.23497304059565069 0.15392642803490164 0.0066777078177779918
0.45494347522035233 0.47293680049479014 0.49165155515074732 0.0041524473455734554
0.42695480086840681 0.47293680049479014 0.49165155515074732 0.0041524473455734554
0.45494347522035233 0.40417407751083378 0.49165155515074732 0.0041524473455734554
0.45494347522035233 0.47293680049479014 0.4763992577791214 0.0041524473455734554
0.45494347522035233 0.47293680049479014 0.49165155515074732 0.0047171035365201541
0.42695480086840681 0.40417407751083378 0.4763992577791214 0.0047171035365201541
0.40819718050770454 0.18711953684687616 0.23067700006067754 0.0010143476171419025
0.14499406423419714 0.18711953684687616 0.23067700006067754 0.0010143476171419025
0.40819718050770454 0.46535058692097664 0.23067700006067754 0.0010143476171419025
0.40819718050770454 0.18711953684687616 0.20654442124068739 0.0010143476171419025
0.40819718050770454 0.18711953684687616 0.23067700006067754 0.00048148083332926037
0.14499406423419714 0.46535058692097664 0.20654442124068739 0.00048148083332926037
0.066978605091571802 0.34196859560906889 0.47233199104666712 0.0059969845076091599
0.46936724637635047 0.34196859560906889 0.47233199104666712 0.0059969845076091599
0.066978605091571802 0.29546547941863538 0.47233199104666712 0.0059969845076091599
0.066978605091571802 0.34196859560906889 0.33490113243460656 0.0059969845076091599
0.066978605091571802 0.34196859560906889 0.47233199104666712 0.0083247230368666356
0.46936724637635047 0.29546547941863538 0.33490113243460656 0.0083247230368666356
0.333489179611206 0.26598685048520565 0.18563728034496307 0.0048142047021538029
0.63657544637098906 0.26598685048520565 0.18563728034496307 0.0048142047021538029
0.333489179611206 0.14791706390678883 0.18563728034496307 0.0048142047021538029
0.333489179611206 0.26598685048520565 0.19161933995783331 0.0048142047021538029
0.333489179611206 0.26598685048520565 0.18563728034496307 0.007056325065251441
0.63657544637098906 0.14791706390678883 0.19161933995783331 0.007056325065251441
0.62916890042833984 0.41117404326796536 0.31741978786885738 0.0096228018539957702
0.31221808227710424 0.41117404326796536 0.31741978786885738 0.0096228018539957702
0.62916890042833984 0.31621478646993639 0.31741978786885738 0.0096228018539957702
0.62916890042833984 0.41117404326796536 0.46370179206132889 0.0096228018539957702
0.62916890042833984 0.41117404326796536 0.31741978786885738 0.0043759833028540022
0.31221808227710424 0.31621478646993639 0.46370179206132889 0.0043759833028540022
0.54449130794964729 0.23684892803430557 0.44118330255150795 0.0081881027618423106
0.22940058452077206 0.23684892803430557 0.44118330255150795 0.0081881027618423106
0.54449130794964729 0.44954782985150821 0.44118330255150795 0.0081881027618423106
0.54449130794964729 0.23684892803430557 0.12393742576241494 0.0081881027618423106
0.54449130794964729 0.23684892803430557 0.44118330255150795 0.0061077833760529764
0.22940058452077206 0.44954782985150821 0.12393742576241494 0.0061077833760529764
0.23658320549875494 0.49146033115684984 0.26203445978462697 0.0037734553658403456
0.55500352699309585 0.49146033115684984 0.26203445978462697 0.0037734553658403456
0.23658320549875494 0.21796838566660881 0.26203445978462697 0.0037734553658403456
0.23658320549875494 0.49146033115684984 0.44565370343625543 0.0037734553658403456
0.23658320549875494 0.49146033115684984 0.26203445978462697 0.0028132423751987519
0.55500352699309585 0.21796838566660881 0.44565370343625543 0.0028132423751987519
0.13241300974041223 0.11630685813724995 0.39877723865211012 0.0075017776824533944
0.38717451612465076 0.11630685813724995 0.39877723865211012 0.0075017776824533944
0.13241300974041223 0.16374729871749877 0.39877723865211012 0.0075017776824533944
0.13241300974041223 0.11630685813724995 0.27775414288043976 0.0075017776824533944
0.13241300974041223 0.11630685813724995 0.39877723865211012 0.001391643920261413
0.38717451612465076 0.16374729871749877 0.27775414288043976 0.001391643920261413
0.48617858937941483 0.36163481324911118 0.10448857694864273 0.0019850028707645833
0.061508004833012817 0.36163481324911118 0.10448857694864273 0.0019850028707645833
0.48617858937941483 0.39378818608820443 0.10448857694864273 0.0019850028707645833
0.48617858937941483 0.36163481324911118 0.35569577999413016 0.0019850028707645833
0.48617858937941483 0.36163481324911118 0.10448857694864273 0.0098485188797116287
0.061508004833012817 0.39378818608820443 0.35569577999413016 0.0098485188797116287
0.49412104450166217 0.23879286907613279 0.29802963212132455 0.0042865288862958557
0.598506395984441 0.23879286907613279 0.29802963212132455 0.0042865288862958557
0.49412104450166217 0.32268665023148058 0.29802963212132455 0.0042865288862958557
0.49412104450166217 0.23879286907613279 0.27054934985935686 0.0042865288862958557
0.49412104450166217 0.23879286907613279 0.29802963212132455 0.0082054186045192185
0.598506395984441 0.32268665023148058 0.27054934985935686 0.0082054186045192185
0.14480440686456858 0.48407198414206509 0.40521197207272053 0.0089017666631378226
0.27412951509468253 0.48407198414206509 0.40521197207272053 0.0089017666631378226
0.14480440686456858 0.14110644310712817 0.40521197207272053 0.0089017666631378226
0.14480440686456858 0.48407198414206509 0.39883273243904116 0.0089017666631378226
0.14480440686456858 0.48407198414206509 0.40521197207272053 0.00059962456654757273
0.27412951509468253 0.14110644310712817 0.39883273243904116 0.00059962456654757273
0.24392038206569849 0.10806393548846245 0.14346917979419233 0.00017766910865902902
0.11707134563475846 0.10806393548846245 0.14346917979419233 0.00017766910865902902
0.24392038206569849 0.29060845449566841 0.14346917979419233 0.00017766910865902902
0.24392038206569849 0.10806393548846245 0.13078678809106351 0.00017766910865902902
0.24392038206569849 0.10806393548846245 0.14346917979419233 0.0042626835854724055
0.11707134563475846 0.29060845449566841 0.13078678809106351 0.0042626835854724055
0.5575271140784025 0.36282181106507783 0.35972434729337699 0.0055856966241262856
0.44142501098103815 0.36282181106507783 0.35972434729337699 0.0055856966241262856
0.5575271140784025 0.47065010480582714 0.35972434729337699 0.0055856966241262856
0.5575271140784025 0.36282181106507783 0.40284471586346626 0.0055856966241262856
0.5575271140784025 0.36282181106507783 0.35972434729337699 0.0071708055446855733
0.44142501098103815 0.47065010480582714 0.40284471586346626 0.0071708055446855733
0.62186090704053631 0.18832504637539388 0.48635431565344334 0.0067033226205036054
0.52679520878009489 0.18832504637539388 0.48635431565344334 0.0067033226205036054
0.62186090704053631 0.38888005614280707 0.48635431565344334 0.0067033226205036054
0.62186090704053631 0.18832504637539388 0.15980898588895798 0.0067033226205036054
0.62186090704053631 0.18832504637539388 0.48635431565344334 0.0026957217727787792
0.52679520878009489 0.38888005614280707 0.15980898588895798 0.0026957217727787792
0.32046396001242095 0.33375636786222462 0.2166781358420849 0.0015345946838147941
0.20118852639570828 0.33375636786222462 0.2166781358420849 0.0015345946838147941
0.32046396001242095 0.1689941857010126 0.2166781358420849 0.0015345946838147941
0.32046396001242095 0.33375636786222462 0.48145193494856364 0.0015345946838147941
0.32046396001242095 0.33375636786222462 0.2166781358420849 0.0062265402086079131
0.20118852639570828 0.1689941857010126 0.48145193494856364 0.0062265402086079131
0.059005746385082603 0.25858039408922195 0.32837285399436955 0.0076995472494512801
0.35885510896332556 0.25858039408922195 0.32837285399436955 0.0076995472494512801
0.059005746385082603 0.22438761852681638 0.32837285399436955 0.0076995472494512801
0.059005746385082603 0.25858039408922195 0.23880500718951225 0.0076995472494512801
0.059005746385082603 0.25858039408922195 0.32837285399436955 0.0097345860000699752
0.35885510896332556 0.22438761852681638 0.23880500718951225 0.0097345860000699752
0.39579645600169894 0.4130876440554857 0.17461154423654079 0.003014196728449315
0.68451788034290073 0.4130876440554857 0.17461154423654079 0.003014196728449315
0.39579645600169894 0.4426861040294171 0.17461154423654079 0.003014196728449315
0.39579645600169894 0.4130876440554857 0.31672211997210981 0.003014196728449315
0.39579645600169894 0.4130876440554857 0.17461154423654079 0.0015043205068446697
0.68451788034290073 0.4426861040294171 0.31672211997210981 0.0015043205068446697
0.44196380530484014 0.12663637474179268 0.31061068773269651 0.0021190658237785101
0.23528130748309195 0.12663637474179268 0.31061068773269651 0.0021190658237785101
0.44196380530484014 0.47525241822004316 0.31061068773269651 0.0021190658237785101
0.44196380530484014 0.12663637474179268 0.19750207066535952 0.0021190658237785101
0.44196380530484014 0.12663637474179268 0.31061068773269651 0.0036157092565670609
0.23528130748309195 0.47525241822004316 0.19750207066535952 0.0036157092565670609
0.095418706443160778 0.39385725967586038 0.19239935241639616 0.0073675731088034815
0.55967577770352361 0.39385725967586038 0.19239935241639616 0.0073675731088034815
0.095418706443160778 0.25763704963028433 0.19239935241639616 0.0073675731088034815
0.095418706443160778 0.39385725967586038 0.4687542486935854 0.0073675731088034815
0.095418706443160778 0.39385725967586038 0.19239935241639616 0.0053439824688248346
0.55967577770352361 0.25763704963028433 0.4687542486935854 0.0053439824688248346
0.35701077720150348 0.22025741748511793 0.4557046357542277 0.0035983035271987319
0.40186261697672304 0.22025741748511793 0.4557046357542277 0.0035983035271987319
0.35701077720150348 0.11143136434257031 0.4557046357542277 0.0035983035271987319
0.35701077720150348 0.22025741748511793 0.20149173811078072 0.0035983035271987319
0.35701077720150348 0.22025741748511793 0.4557046357542277 0.0087947405002079902
0.40186261697672304 0.11143136434257031 0.20149173811078072 0.0087947405002079902
0.66785464887507251 0.45299954190850256 0.24735348150134087 0.0083633962211199109
0.077526695933192974 0.45299954190850256 0.24735348150134087 0.0083633962211199109
0.66785464887507251 0.33063316419720651 0.24735348150134087 0.0083633962211199109
0.66785464887507251 0.45299954190850256 0.32901858054101468 0.0083633962211199109
0.66785464887507251 0.45299954190850256 0.24735348150134087 0.0024840977152809501
0.077526695933192974 0.33063316419720651 0.32901858054101468 0.0024840977152809501
0.59221300841309132 0.27710506021976472 0.12374922744929791 0.009485878145694732
0.15972183309495447 0.27710506021976472 0.12374922744929791 0.009485878145694732
0.59221300841309132 0.40986165739595892 0.12374922744929791 0.009485878145694732
0.59221300841309132 0.27710506021976472 0.28285774625837801 0.009485878145694732
0.59221300841309132 0.27710506021976472 0.12374922744929791 0.0078510416466742762
0.15972183309495447 0.40986165739595892 0.28285774625837801 0.0078510416466742762
0.28915415899828073 0.44417373873293398 0.37946672290563588 0.0049503825417719785
0.48534625978209073 0.44417373873293398 0.37946672290563588 0.0049503825417719785
0.28915415899828073 0.22894062399864198 0.37946672290563588 0.0049503825417719785
0.28915415899828073 0.44417373873293398 0.36153198927640917 0.0049503825417719785
0.28915415899828073 0.44417373873293398 0.37946672290563588 0.00091649388903751981
0.48534625978209073 0.22894062399864198 0.36153198927640917 0.00091649388903751981
0.19022170947864653 0.16973894871771336 0.26620949581265452 0.00617016308028251
0.64249584702774876 0.16973894871771336 0.26620949581265452 0.00617016308028251
0.19022170947864653 0.17689235135912895 0.26620949581265452 0.00617016308028251
0.19022170947864653 0.16973894871771336 0.11810141913592816 0.00617016308028251
0.19022170947864653 0.16973894871771336 0.26620949581265452 0.0045210472104139634
0.64249584702774876 0.17689235135912895 0.11810141913592816 0.0045210472104139634
0.52866316349245601 0.30273169875144956 0.43705450780689714 0.00084191491315141335
0.31685066497884684 0.30273169875144956 0.43705450780689714 0.00084191491315141335
0.52866316349245601 0.35935098789632325 0.43705450780689714 0.00084191491315141335
0.52866316349245601 0.30273169875144956 0.44054994508624079 0.00084191491315141335
0.52866316349245601 0.30273169875144956 0.43705450780689714 0.0068725833818316468
0.31685066497884684 0.35935098789632325 0.44054994508624079 0.0068725833818316468
0.50625924267806111 0.15770057924091818 0.17922469265758992 0.0080170536804012957
0.41954629900865248 0.15770057924091818 0.17922469265758992 0.0080170536804012957
0.50625924267806111 0.23829668872058393 0.17922469265758992 0.0080170536804012957
0.50625924267806111 0.15770057924091818 0.3762449439615011 0.0080170536804012957
0.50625924267806111 0.15770057924091818 0.17922469265758992 0.0048835493664257231
0.41954629900865248 0.23829668872058393 0.3762449439615011 0.0048835493664257231
0.19233514601364732 0.3155281528830528 0.32400468066334726 0.0027057209733873607
0.095151846949011076 0.3155281528830528 0.32400468066334726 0.0027057209733873607
0.19233514601364732 0.41919321194291115 0.32400468066334726 0.0027057209733873607
0.19233514601364732 0.3155281528830528 0.25418681576848035 0.0027057209733873607
0.19233514601364732 0.3155281528830528 0.32400468066334726 0.0065487542809918534
0.095151846949011076 0.41919321194291115 0.25418681576848035 0.0065487542809918534
0.25573900723829862 0.28920465856790545 0.23726189583539964 0.0064026972402818506
0.26304189865477379 0.28920465856790545 0.23726189583539964 0.0064026972402818506
0.25573900723829862 0.37497078329324729 0.23726189583539964 0.0064026972402818506
0.25573900723829862 0.28920465856790545 0.42241930849850184 0.0064026972402818506
0.25573900723829862 0.28920465856790545 0.23726189583539964 0.0075851258708164102
0.26304189865477379 0.37497078329324729 0.42241930849850184 0.0075851258708164102
0.60537300952710205 0.4313156802207232 0.46591940037906177 0.0018454497946426274
0.58737783785909414 0.4313156802207232 0.46591940037906177 0.0018454497946426274
0.60537300952710205 0.19248763807117941 0.46591940037906177 0.0018454497946426274
0.60537300952710205 0.4313156802207232 0.14413534402847292 0.0018454497946426274
0.60537300952710205 0.4313156802207232 0.46591940037906177 0.0012210827200673522
0.58737783785909414 0.19248763807117941 0.14413534402847292 0.0012210827200673522
0.69081430924125009 0.20738123916089535 0.39265924021601684 0.00049519420107826592
0.66513867424800988 0.20738123916089535 0.39265924021601684 0.00049519420107826592
0.69081430924125009 0.27326906546950341 0.39265924021601684 0.00049519420107826592
0.69081430924125009 0.20738123916089535 0.49322615191340446 0.00049519420107826592
0.69081430924125009 0.20738123916089535 0.39265924021601684 0.0091185897008515902
0.66513867424800988 0.27326906546950341 0.49322615191340446 0.0091185897008515902
0.35434100059792395 0.46506881341338158 0.11038539446890355 0.0052772022075951103
0.33951422940008336 0.46506881341338158 0.11038539446890355 0.0052772022075951103
0.35434100059792395 0.49090875349938867 0.11038539446890355 0.0052772022075951103
0.35434100059792395 0.46506881341338158 0.16530845873057842 0.0052772022075951103
0.35434100059792395 0.46506881341338158 0.11038539446890355 0.0021215778198093176
0.33951422940008336 0.49090875349938867 0.16530845873057842 0.0021215778198093176
0.12827937779948115 0.1394757442176342 0.44708012305200107 0.0039858848446048803
0.17228776086121794 0.1394757442176342 0.44708012305200107 0.0039858848446048803
0.12827937779948115 0.3400258604437113 0.44708012305200107 0.0039858848446048803
0.12827937779948115 0.1394757442176342 0.30816024392843244 0.0039858848446048803
0.12827937779948115 0.1394757442176342 0.44708012305200107 0.0033111404515802859
0.17228776086121794 0.3400258604437113 0.30816024392843244 0.0033111404515802859
0.4293589238543063 0.38182518444955349 0.2559164583683014 0.0092126404354348785
0.4979329247493296 0.38182518444955349 0.2559164583683014 0.0092126404354348785
0.4293589238543063 0.12084837853908539 0.2559164583683014 0.0092126404354348785
0.4293589238543063 0.38182518444955349 0.23651709593832493 0.0092126404354348785
0.4293589238543063 0.38182518444955349 0.2559164583683014 0.0056098805789835757
0.4979329247493296 0.12084837853908539 0.23651709593832493 0.0056098805789835757
0.39285174924880262 0.27062000930309293 0.41681795679032807 0.0058544787795282906
0.053702200576663021 0.27062000930309293 0.41681795679032807 0.0058544787795282906
0.39285174924880262 0.15966281071305277 0.41681795679032807 0.0058544787795282906
0.39285174924880262 0.27062000930309293 0.45553922131657598 0.0058544787795282906
0.39285174924880262 0.27062000930309293 0.41681795679032807 0.0094107556452974681
0.053702200576663021 0.15966281071305277 0.45553922131657598 0.0094107556452974681
0.082325242226943374 0.40029243566095829 0.28620426654815678 0.0011473789246752859
0.37807906330563124 0.40029243566095829 0.28620426654815678 0.0011473789246752859
0.082325242226943374 0.37952417246997361 0.28620426654815678 0.0011473789246752859
0.082325242226943374 0.40029243566095829 0.17801219783723354 0.0011473789246752859
0.082325242226943374 0.40029243566095829 0.28620426654815678 0.0018668215564452114
0.37807906330563124 0.37952417246997361 0.17801219783723354 0.0018668215564452114
0.30821333504281934 0.17622382082045079 0.37450956031680105 0.0097895154169760652
0.54537285147234793 0.17622382082045079 0.37450956031680105 0.0097895154169760652
0.30821333504281934 0.42709099538624284 0.37450956031680105 0.0097895154169760652
0.30821333504281934 0.17622382082045079 0.34546734094619752 0.0097895154169760652
0.30821333504281934 0.17622382082045079 0.37450956031680105 0.0030003093498758974
0.54537285147234793 0.42709099538624284 0.34546734094619752 0.0030003093498758974
0.654441069252789 0.3466127991676331 0.12856074012815955 0.0046377051532268529
0.22101916796527799 0.3466127991676331 0.12856074012815955 0.0046377051532268529
0.654441069252789 0.20876799970865251 0.12856074012815955 0.0046377051532268529
0.654441069252789 0.3466127991676331 0.22421460039913654 0.0046377051532268529
0.654441069252789 0.3466127991676331 0.12856074012815955 0.0059606233263388283
0.22101916796527799 0.20876799970865251 0.22421460039913654 0.0059606233263388283
0.5599160812795162 0.12093886807560922 0.20504194349050522 0.0032826007124967874
0.30068306871689854 0.12093886807560922 0.20504194349050522 0.0032826007124967874
0.5599160812795162 0.12545031271874907 0.20504194349050522 0.0032826007124967874
0.5599160812795162 0.12093886807560922 0.36393049471080308 0.0032826007124967874
0.5599160812795162 0.12093886807560922 0.20504194349050522 0.003900162436068058
0.30068306871689854 0.12545031271874907 0.36393049471080308 0.003900162436068058
0.22115722629241641 0.35075129382312298 0.49816177599132061 0.0086688787465915088
0.62628976926207536 0.35075129382312298 0.49816177599132061 0.0086688787465915088
0.22115722629241641 0.30705483779311182 0.49816177599132061 0.0086688787465915088
0.22115722629241641 0.35075129382312298 0.29148140475153927 0.0086688787465915088
0.22115722629241641 0.35075129382312298 0.49816177599132061 0.0074946536389179537
0.62628976926207536 0.30705483779311182 0.29148140475153927 0.0074946536389179537
0.15760951223783193 0.22595512680709362 0.15990455634891987 0.0024227216090075671
0.45838757767342025 0.22595512680709362 0.15990455634891987 0.0024227216090075671
0.15760951223783193 0.46123329102993016 0.15990455634891987 0.0024227216090075671
0.15760951223783193 0.22595512680709362 0.43511071242392063 0.0024227216090075671
0.15760951223783193 0.22595512680709362 0.15990455634891987 0.0084713154607452459
0.45838757767342025 0.46123329102993016 0.43511071242392063 0.0084713154607452459
0.4609857626259326 0.4961056865751744 0.34334721639752386 0.0070548772063106311
0.13272482445463538 0.4961056865751744 0.34334721639752386 0.0070548772063106311
0.4609857626259326 0.2812159601598978 0.34334721639752386 0.0070548772063106311
0.4609857626259326 0.4961056865751744 0.1064362868666649 0.0070548772063106311
0.4609857626259326 0.4961056865751744 0.34334721639752386 0.00029505465514957906
0.13272482445463538 0.2812159601598978 0.1064362868666649 0.00029505465514957906
0.46178803429938847 0.26248269937932489 0.16314294375479221 0.0010561470031738283
0.28344530672766266 0.26248269937932489 0.16314294375479221 0.0010561470031738283
0.46178803429938847 0.11848376765847207 0.16314294375479221 0.0010561470031738283
0.46178803429938847 0.26248269937932489 0.15311045050621033 0.0010561470031738283
0.46178803429938847 0.26248269937932489 0.16314294375479221 0.0013099391121417286
0.28344530672766266 0.11848376765847207 0.15311045050621033 0.0013099391121417286
0.15555541487410662 0.41699605211615565 0.33360343500971795 0.005954193150158972
0.60782258473336692 0.41699605211615565 0.33360343500971795 0.005954193150158972
0.15555541487410662 0.34862354509532456 0.33360343500971795 0.005954193150158972
0.15555541487410662 0.41699605211615565 0.48063704259693629 0.005954193150158972
0.15555541487410662 0.41699605211615565 0.33360343500971795 0.0076112371110357352
0.60782258473336692 0.34862354509532456 0.48063704259693629 0.0076112371110357352
0.21404697122052307 0.19067252799868584 0.22034621834754944 0.0047011027188971644
0.44003913081251078 0.19067252799868584 0.22034621834754944 0.0047011027188971644
0.21404697122052307 0.49481087811291224 0.22034621834754944 0.0047011027188971644
0.21404697122052307 0.19067252799868584 0.24911671951413156 0.0047011027188971644
0.21404697122052307 0.19067252799868584 0.22034621834754944 0.0064986336407251667
0.44003913081251078 0.49481087811291224 0.24911671951413156 0.0064986336407251667
0.56581844524480396 0.33609774671494963 0.47644823752343657 0.0097344788164831705
0.1156857076101005 0.33609774671494963 0.47644823752343657 0.0097344788164831705
0.56581844524480396 0.26313348561525346 0.47644823752343657 0.0097344788164831705
0.56581844524480396 0.33609774671494963 0.32036914788186555 0.0097344788164831705
0.56581844524480396 0.33609774671494963 0.47644823752343657 0.0047416796311736112
0.1156857076101005 0.26313348561525346 0.32036914788186555 0.0047416796311736112
0.65427379687316711 0.11197405941784383 0.35244258120656013 0.0086937389399856322
0.19281526282429695 0.11197405941784383 0.35244258120656013 0.0086937389399856322
0.65427379687316711 0.19640201888978481 0.35244258120656013 0.0086937389399856322
0.65427379687316711 0.11197405941784383 0.26657889522612099 0.0086937389399856322
0.65427379687316711 0.11197405941784383 0.35244258120656013 0.0055839392835274346
0.19281526282429695 0.19640201888978481 0.26657889522612099 0.0055839392835274346
0.30963305300101635 0.36672583073377607 0.14448815472424031 0.0032663752104155719
0.51842218735255297 0.36672583073377607 0.14448815472424031 0.0032663752104155719
0.30963305300101635 0.36479863151907921 0.14448815472424031 0.0032663752104155719
0.30963305300101635 0.36672583073377607 0.38902755230665209 0.0032663752104155719
0.30963305300101635 0.36672583073377607 0.14448815472424031 0.0032224162387661636
0.51842218735255297 0.36479863151907921 0.38902755230665209 0.0032224162387661636
0.088800498005002726 0.24113291054964067 0.40779342763125903 0.00692483890708536
0.68559659859165545 0.24113291054964067 0.40779342763125903 0.00692483890708536
0.088800498005002726 0.41686517298221593 0.40779342763125903 0.00692483890708536
0.088800498005002726 0.24113291054964067 0.1313391696661711 0.00692483890708536
0.088800498005002726 0.24113291054964067 0.40779342763125903 0.0022636174998246134
0.68559659859165545 0.41686517298221593 0.1313391696661711 0.0022636174998246134
0.3875837646890431 0.48641812987625599 0.28918536156415942 0.0025609686312265696
0.35993422432802613 0.48641812987625599 0.28918536156415942 0.0025609686312265696
0.3875837646890431 0.24688211716711522 0.28918536156415942 0.0025609686312265696
0.3875837646890431 0.48641812987625599 0.41001328155398375 0.0025609686312265696
0.3875837646890431 0.48641812987625599 0.28918536156415942 0.0091688425203785302
0.35993422432802613 0.24688211716711522 0.41001328155398375 0.0091688425203785302
0.43240236174315205 0.17208790853619577 0.42518347017467029 0.0026060759378597142
0.56557909632101655 0.17208790853619577 0.42518347017467029 0.0026060759378597142
0.43240236174315205 0.28355563394725325 0.42518347017467029 0.0026060759378597142
0.43240236174315205 0.17208790853619577 0.27928425557911396 0.0026060759378597142
0.43240236174315205 0.17208790853619577 0.42518347017467029 0.005832047066558153
0.56557909632101655 0.28355563394725325 0.27928425557911396 0.005832047066558153
0.12402308969758451 0.30507455579936504 0.27181888669729237 0.0081083472658880062
0.24118500384502112 0.30507455579936504 0.27181888669729237 0.0081083472658880062
0.12402308969758451 0.45266026034951212 0.27181888669729237 0.0081083472658880062
0.12402308969758451 0.30507455579936504 0.35134205222129822 0.0081083472658880062
0.12402308969758451 0.30507455579936504 0.27181888669729237 0.0029344782419502735
0.24118500384502112 0.45266026034951212 0.35134205222129822 0.0029344782419502735
0.34498957931064061 0.28100588731467724 0.38351359441876409 0.0019004194203764203
0.073839177750051027 0.28100588731467724 0.38351359441876409 0.0019004194203764203
0.34498957931064061 0.30312767773866656 0.38351359441876409 0.0019004194203764203
0.34498957931064061 0.28100588731467724 0.11903829537332059 0.0019004194203764203
0.34498957931064061 0.28100588731467724 0.38351359441876409 0.0018796393211930993
0.073839177750051027 0.30312767773866656 0.11903829537332059 0.0018796393211930993
0.69891886394470926 0.44808066859841345 0.11344068534672261 0.0063392356502823544
0.39817532156594093 0.44808066859841345 0.11344068534672261 0.0063392356502823544
0.69891886394470926 0.13561044819653034 0.11344068534672261 0.0063392356502823544
0.69891886394470926 0.44808066859841345 0.44732180908322339 0.0063392356502823544
0.69891886394470926 0.44808066859841345 0.11344068534672261 0.0095153225050307808
0.39817532156594093 0.13561044819653034 0.44732180908322339 0.0095153225050307808
0.60169441737234586 0.22259588539600372 0.24047491550445557 0.0052936486968770628
0.47847995678894217 0.22259588539600372 0.24047491550445557 0.0052936486968770628
0.60169441737234586 0.20487750992178919 0.24047491550445557 0.0052936486968770628
0.60169441737234586 0.22259588539600372 0.19040666073560716 0.0052936486968770628
0.60169441737234586 0.22259588539600372 0.24047491550445557 0.00036101794233545662
0.47847995678894217 0.20487750992178919 0.19040666073560716 0.00036101794233545662
0.26062982971780002 0.45534411408007147 0.45634556375443935 0.0004705485039390624
0.15285575287416575 0.45534411408007147 0.45634556375443935 0.0004705485039390624
0.26062982971780002 0.43723897300660608 0.45634556375443935 0.0004705485039390624
0.26062982971780002 0.45534411408007147 0.46832402385771277 0.0004705485039390624
0.26062982971780002 0.45534411408007147 0.45634556375443935 0.0086000616652891042
0.15285575287416575 0.43723897300660608 0.46832402385771277 0.0086000616652891042
0.20232172156684097 0.13054807223379614 0.19460278190672398 0.0090741747863590724
0.32086456161923704 0.13054807223379614 0.19460278190672398 0.0090741747863590724
0.20232172156684097 0.38187600411474709 0.19460278190672398 0.0090741747863590724
0.20232172156684097 0.13054807223379614 0.21141928359866144 0.0090741747863590724
0.20232172156684097 0.13054807223379614 0.19460278190672398 0.0073902189584448942
0.32086456161923704 0.38187600411474709 0.21141928359866144 0.0073902189584448942
0.49752015359699719 0.39776285290718083 0.30216964408755304 0.0041157062872312971
0.64651012141257524 0.39776285290718083 0.30216964408755304 0.0041157062872312971
0.49752015359699719 0.15105310976505282 0.30216964408755304 0.0041157062872312971
0.49752015359699719 0.39776285290718083 0.33306198231875894 0.0041157062872312971
0.49752015359699719 0.39776285290718083 0.30216964408755304 0.0038875146160833539
0.64651012141257524 0.15105310976505282 0.33306198231875894 0.0038875146160833539
0.53613260388374329 0.14337962158024312 0.25683802887797358 0.0072254738208837816
0.096939482539892194 0.14337962158024312 0.25683802887797358 0.0072254738208837816
0.53613260388374329 0.44659495204687116 0.25683802887797358 0.0072254738208837816
0.53613260388374329 0.14337962158024312 0.49385173991322517 0.0072254738208837816
0.53613260388374329 0.14337962158024312 0.25683802887797358 0.0071146540597081193
0.096939482539892194 0.44659495204687116 0.49385173991322517 0.0071146540597081193
0.18404376762919128 0.38573516458272938 0.43989616669714449 0.0022500851040706039
0.42133355685509732 0.38573516458272938 0.43989616669714449 0.0022500851040706039
0.18404376762919128 0.21420917101204395 0.43989616669714449 0.0022500851040706039
0.18404376762919128 0.38573516458272938 0.1725991304963827 0.0022500851040706039
0.18404376762919128 0.38573516458272938 0.43989616669714449 0.0041244088199920955
0.42133355685509732 0.21420917101204395 0.1725991304963827 0.0041244088199920955
0.28807204770855604 0.20972714573144913 0.10163896046578885 0.0083762230123393244
0.57828511884436007 0.20972714573144913 0.10163896046578885 0.0083762230123393244
0.28807204770855604 0.16667282395064831 0.10163896046578885 0.0083762230123393244
0.28807204770855604 0.20972714573144913 0.30392146110534668 0.0083762230123393244
0.28807204770855604 0.20972714573144913 0.10163896046578885 0.00069453511172905573
0.57828511884436007 0.16667282395064831 0.30392146110534668 0.00069453511172905573
0.59462202936410902 0.46740861721336846 0.39514331221580512 0.0035748793449252845
0.25394895686767993 0.46740861721336846 0.39514331221580512 0.0035748793449252845
0.59462202936410902 0.39747139886021621 0.39514331221580512 0.0035748793449252845
0.59462202936410902 0.46740861721336846 0.22639430649578574 0.0035748793449252845
0.59462202936410902 0.46740861721336846 0.39514331221580512 0.0082278738010674712
0.25394895686767993 0.39747139886021621 0.22639430649578574 0.0082278738010674712
0.66101958546787498 0.29311330579221251 0.47124752886593346 0.0050017183811403819
0.33868833840824658 0.29311330579221251 0.47124752886593346 0.0050017183811403819
0.66101958546787498 0.4682921681553126 0.47124752886593346 0.0050017183811403819
0.66101958546787498 0.29311330579221251 0.38663024418056013 0.0050017183811403819
0.66101958546787498 0.29311330579221251 0.47124752886593346 0.0016427274515852335
0.33868833840824658 0.4682921681553126 0.38663024418056013 0.0016427274515852335
0.36255372217856341 0.43521822318434722 0.22569543793797495 0.0094236145408824086
0.66431256048381326 0.43521822318434722 0.22569543793797495 0.0094236145408824086
0.36255372217856341 0.29921205043792726 0.22569543793797495 0.0094236145408824086
0.36255372217856341 0.43521822318434722 0.25795556828379629 0.0094236145408824086
0.36255372217856341 0.43521822318434722 0.22569543793797495 0.0097909074298106139
0.66431256048381326 0.29921205043792726 0.25795556828379629 0.0097909074298106139
0.095866440748795856 0.1600421003997326 0.31400071829557419 0.00073865032708272352
0.50669802553020415 0.1600421003997326 0.31400071829557419 0.00073865032708272352
0.095866440748795856 0.1450030378997326 0.31400071829557419 0.00073865032708272352
0.095866440748795856 0.1600421003997326 0.41545206345617769 0.00073865032708272352
0.095866440748795856 0.1600421003997326 0.31400071829557419 0.0062042171913199136
0.50669802553020415 0.1450030378997326 0.41545206345617769 0.0062042171913199136
0.44018978122621766 0.31787577830255032 0.18299030177295209 0.0062626780331134805
0.18105248389765621 0.31787577830255032 0.18299030177295209 0.0062626780331134805
0.44018978122621766 0.3125447776168585 0.18299030177295209 0.0062626780331134805
0.44018978122621766 0.31787577830255032 0.14300322383642197 0.0062626780331134805
0.44018978122621766 0.31787577830255032 0.18299030177295209 0.0026009811723604797
0.18105248389765621 0.3125447776168585 0.14300322383642197 0.0026009811723604797
0.40487299677915867 0.22829955518245698 0.34389076083898545 0.0087705092831514772
0.38137489925138646 0.22829955518245698 0.34389076083898545 0.0087705092831514772
0.40487299677915867 0.3554671723395586 0.34389076083898545 0.0087705092831514772
0.40487299677915867 0.22829955518245698 0.37393093667924404 0.0087705092831514772
0.40487299677915867 0.22829955518245698 0.34389076083898545 0.0025005104498006404
0.38137489925138646 0.3554671723395586 0.37393093667924404 0.0025005104498006404
0.051261074375361204 0.49844401217997081 0.15312382690608503 0.00442839302495122
0.056997639406472449 0.49844401217997081 0.15312382690608503 0.00442839302495122
0.051261074375361204 0.1870462402701378 0.15312382690608503 0.00442839302495122
0.051261074375361204 0.49844401217997081 0.29564722254872322 0.00442839302495122
0.051261074375361204 0.49844401217997081 0.15312382690608503 0.0088932765152305374
0.056997639406472449 0.1870462402701378 0.29564722254872322 0.0088932765152305374
0.31777474833652375 0.12484422363340855 0.48981854207813746 0.0056093612664379188
0.21486286711879071 0.12484422363340855 0.48981854207813746 0.0056093612664379188
0.31777474833652375 0.23128692582249644 0.48981854207813746 0.0056093612664379188
0.31777474833652375 0.12484422363340855 0.42774690277874472 0.0056093612664379188
0.31777474833652375 0.12484422363340855 0.48981854207813746 0.0052117501653730879
0.21486286711879071 0.23128692582249644 0.42774690277874472 0.0052117501653730879
0.62583665815182021 0.35466275215148924 0.20714796856045725 0.00016507510636001827
0.5392163084819912 0.35466275215148924 0.20714796856045725 0.00016507510636001827
0.62583665815182021 0.40124566368758685 0.20714796856045725 0.00016507510636001827
0.62583665815182021 0.35466275215148924 0.10568852424621583 0.00016507510636001827
0.62583665815182021 0.35466275215148924 0.20714796856045725 0.003555932301748544
0.5392163084819912 0.40124566368758685 0.10568852424621583 0.003555932301748544
0.54781604134477668 0.17856691554188731 0.13426765762269499 0.0015967730212025346
0.62205264503136271 0.17856691554188731 0.13426765762269499 0.0015967730212025346
0.54781604134477668 0.33296730518341067 0.13426765762269499 0.0015967730212025346
0.54781604134477668 0.17856691554188731 0.45654937550425534 0.0015967730212025346
0.54781604134477668 0.17856691554188731 0.13426765762269499 0.0067742173115722844
0.62205264503136271 0.33296730518341067 0.45654937550425534 0.0067742173115722844
0.25230020591989155 0.34896199814975259 0.36254063844680784 0.006651903283968569
0.29644570234231649 0.34896199814975259 0.36254063844680784 0.006651903283968569
0.25230020591989155 0.1028520379215479 0.36254063844680784 0.006651903283968569
0.25230020591989155 0.34896199814975259 0.18490609638392927 0.006651903283968569
0.25230020591989155 0.34896199814975259 0.36254063844680784 0.0045047666551545264
0.29644570234231649 0.1028520379215479 0.18490609638392927 0.0045047666551545264
0.14812815049663186 0.27452708296477796 0.27579786702990533 0.0029217694033868611
0.13918952699750661 0.27452708296477796 0.27579786702990533 0.0029217694033868611
0.14812815049663186 0.25371656678617005 0.27579786702990533 0.0029217694033868611
0.14812815049663186 0.27452708296477796 0.34162506908178331 0.0029217694033868611
0.14812815049663186 0.27452708296477796 0.27579786702990533 0.00097644078861922035
0.13918952699750661 0.25371656678617005 0.34162506908178331 0.00097644078861922035
0.48951014154590661 0.40419340506196022 0.42096237577497964 0.0078028929723426704
0.46485188310034564 0.40419340506196022 0.42096237577497964 0.0078028929723426704
0.48951014154590661 0.48541846796870236 0.42096237577497964 0.0078028929723426704
0.48951014154590661 0.40419340506196022 0.21370750702917576 0.0078028929723426704
0.48951014154590661 0.40419340506196022 0.42096237577497964 0.0079834061293862762
0.46485188310034564 0.48541846796870236 0.21370750702917576 0.0079834061293862762
0.47714443346485491 0.19540332593023779 0.37661279700696471 0.0061255941349081704
0.37482085530646142 0.19540332593023779 0.37661279700696471 0.0061255941349081704
0.47714443346485491 0.40649596527218823 0.37661279700696471 0.0061255941349081704
0.47714443346485491 0.19540332593023779 0.30980326868593694 0.0061255941349081704
0.47714443346485491 0.19540332593023779 0.37661279700696471 0.0090077564045786852
0.37482085530646142 0.40649596527218823 0.30980326868593694 0.0090077564045786852
0.14020022158510981 0.32511848807334898 0.12012321054935456 0.00087466734983026987
0.69919445272535086 0.32511848807334898 0.12012321054935456 0.00087466734983026987
0.14020022158510981 0.22638146094977857 0.12012321054935456 0.00087466734983026987
0.14020022158510981 0.32511848807334898 0.23144620805978777 0.00087466734983026987
0.14020022158510981 0.32511848807334898 0.12012321054935456 0.0023872101423330606
0.69919445272535086 0.22638146094977857 0.23144620805978777 0.0023872101423330606
0.23930937801487739 0.25148932039737704 0.43186599835753448 0.0095969533403404052
0.53116671922616654 0.25148932039737704 0.43186599835753448 0.0095969533403404052
0.23930937801487739 0.18018793053925039 0.43186599835753448 0.0095969533403404052
0.23930937801487739 0.25148932039737704 0.4888000410050154 0.0095969533403404052
0.23930937801487739 0.25148932039737704 0.43186599835753448 0.0036740754448808732
0.53116671922616654 0.18018793053925039 0.4888000410050154 0.0036740754448808732
0.54055236270651219 0.42173793055117137 0.2649180863052607 0.004829446457140148
0.20680961543694137 0.42173793055117137 0.2649180863052607 0.004829446457140148
0.54055236270651219 0.36188906878232963 0.2649180863052607 0.004829446457140148
0.54055236270651219 0.42173793055117137 0.16671716794371605 0.004829446457140148
0.54055236270651219 0.42173793055117137 0.2649180863052607 0.0050924451429396871
0.20680961543694137 0.36188906878232963 0.16671716794371605 0.0050924451429396871
0.63883805321529508 0.2458625715225935 0.18897313624620438 0.0037087815179489554
0.1214478539302945 0.2458625715225935 0.18897313624620438 0.0037087815179489554
0.63883805321529508 0.4786051835864783 0.18897313624620438 0.0037087815179489554
0.63883805321529508 0.2458625715225935 0.42055660188198096 0.0037087815179489554
0.63883805321529508 0.2458625715225935 0.18897313624620438 0.0046174438318237667
0.1214478539302945 0.4786051835864783 0.42055660188198096 0.0046174438318237667
0.32506759078241881 0.47543697133660323 0.30796878151595597 0.008241858211904764
0.44705102038569744 0.47543697133660323 0.30796878151595597 0.008241858211904764
0.32506759078241881 0.26018501445651054 0.30796878151595597 0.008241858211904764
0.32506759078241881 0.47543697133660323 0.14883997626602652 0.008241858211904764
0.32506759078241881 0.47543697133660323 0.30796878151595597 0.0066602850220166153
0.44705102038569744 0.26018501445651054 0.14883997626602652 0.0066602850220166153
0.063617435703054073 0.10098258331418038 0.24627405591309071 0.0020750940822996198
0.61445730375126006 0.10098258331418038 0.24627405591309071 0.0020750940822996198
0.063617435703054073 0.10814889073371887 0.24627405591309071 0.0020750940822996198
0.063617435703054073 0.10098258331418038 0.38079326525330548 0.0020750940822996198
0.063617435703054073 0.10098258331418038 0.24627405591309071 0.0081021635520271956
0.61445730375126006 0.10814889073371887 0.38079326525330548 0.0081021635520271956
0.41277050273492927 0.37146884910762312 0.45071591511368758 0.0074009274700656538
0.28879117141477761 0.37146884910762312 0.45071591511368758 0.0074009274700656538
0.41277050273492927 0.3281068656593561 0.45071591511368758 0.0074009274700656538
0.41277050273492927 0.37146884910762312 0.25285120867192745 0.0074009274700656538
0.41277050273492927 0.37146884910762312 0.45071591511368758 0.00085892077628523119
0.28879117141477761 0.3281068656593561 0.25285120867192745 0.00085892077628523119
0.44751579980365924 0.28252663165330888 0.21484007425606252 0.0076657898963429045
0.65703340945765376 0.28252663165330888 0.21484007425606252 0.0076657898963429045
0.44751579980365924 0.3914424102753401 0.21484007425606252 0.0076657898963429045
0.44751579980365924 0.28252663165330888 0.4328512564301491 0.0076657898963429045
0.44751579980365924 0.28252663165330888 0.21484007425606252 0.0043211254523135732
0.65703340945765376 0.3914424102753401 0.4328512564301491 0.0043211254523135732
0.10891092531383037 0.44031146951019762 0.482175562530756 0.0030578056039288642
0.33263803846202789 0.44031146951019762 0.482175562530756 0.0030578056039288642
0.10891092531383037 0.17236305549740794 0.482175562530756 0.0030578056039288642
0.10891092531383037 0.44031146951019762 0.11152550913393498 0.0030578056039288642
0.10891092531383037 0.44031146951019762 0.482175562530756 0.0069191925402730713
0.33263803846202789 0.17236305549740794 0.11152550913393498 0.0069191925402730713
0.37050485573709008 0.16432978995144368 0.16887027174234392 0.0068252612612210222
0.16552160494029522 0.16432978995144368 0.16887027174234392 0.0068252612612210222
0.37050485573709008 0.22185281962156297 0.16887027174234392 0.0068252612612210222
0.37050485573709008 0.16432978995144368 0.36809417828917501 0.0068252612612210222
0.37050485573709008 0.16432978995144368 0.16887027174234392 0.008418510187417268
0.16552160494029522 0.22185281962156297 0.36809417828917501 0.008418510187417268
0.67339982460252934 0.30658117979764943 0.32809728793799875 0.0014244819194078448
0.48985647023655465 0.30658117979764943 0.32809728793799875 0.0014244819194078448
0.67339982460252934 0.4393937963992357 0.32809728793799875 0.0014244819194078448
0.67339982460252934 0.30658117979764943 0.29054269008338451 0.0014244819194078448
0.67339982460252934 0.30658117979764943 0.32809728793799875 0.00050266131507232788
0.48985647023655465 0.4393937963992357 0.29054269008338451 0.00050266131507232788
0.58666032864712181 0.13206691667437553 0.40081795677542686 0.00029899645717814565
0.40766730918548993 0.13206691667437553 0.40081795677542686 0.00029899645717814565
0.58666032864712181 0.32013579532504083 0.40081795677542686 0.00029899645717814565
0.58666032864712181 0.13206691667437553 0.3475070256739855 0.00029899645717814565
0.58666032864712181 0.13206691667437553 0.40081795677542686 0.0099857835839502508
0.40766730918548993 0.32013579532504083 0.3475070256739855 0.0099857835839502508
0.27566264476627106 0.38999251686036585 0.29598852731287484 0.0054749772882089027
0.082041904237121349 0.38999251686036585 0.29598852731287484 0.0054749772882089027
0.27566264476627106 0.13775077722966672 0.29598852731287484 0.0054749772882089027
0.27566264476627106 0.38999251686036585 0.21875921189785005 0.0054749772882089027
0.27566264476627106 0.38999251686036585 0.29598852731287484 0.0014466717155650259
0.082041904237121349 0.13775077722966672 0.21875921189785005 0.0014466717155650259
0.17672709580510854 0.21483890675008299 0.35924574993550784 0.0042533828253857797
0.2498039538506418 0.21483890675008299 0.35924574993550784 0.0042533828253857797
0.17672709580510854 0.29313195683062077 0.35924574993550784 0.0042533828253857797
0.17672709580510854 0.21483890675008299 0.45149746797978885 0.0042533828253857797
0.17672709580510854 0.21483890675008299 0.35924574993550784 0.0027921940727159383
0.2498039538506418 0.29313195683062077 0.45149746797978885 0.0027921940727159383
0.5231185422744602 0.45685264095664024 0.13751268088817598 0.0089459821101278061
0.57544831261038776 0.45685264095664024 0.13751268088817598 0.0089459821101278061
0.5231185422744602 0.47392976880073545 0.13751268088817598 0.0089459821101278061
0.5231185422744602 0.45685264095664024 0.17902429476380349 0.0089459821101278061
0.5231185422744602 0.45685264095664024 0.13751268088817598 0.0060141661702655261
0.57544831261038776 0.47392976880073545 0.17902429476380349 0.0060141661702655261
0.51055037952028215 0.20185916237533094 0.49532006084918978 0.0023877617159858348
0.18806521613150834 0.20185916237533094 0.49532006084918978 0.0023877617159858348
0.51055037952028215 0.12840690761804582 0.49532006084918978 0.0023877617159858348
0.51055037952028215 0.20185916237533094 0.24323187880218031 0.0023877617159858348
0.51055037952028215 0.20185916237533094 0.49532006084918978 0.0030580343175679444
0.18806521613150834 0.12840690761804582 0.24323187880218031 0.0030580343175679444
0.20962479580193755 0.46902510300278666 0.20142812989652159 0.0070972810708917686
0.51246056896634395 0.46902510300278666 0.20142812989652159 0.0070972810708917686
0.20962479580193755 0.31076760776340961 0.20142812989652159 0.0070972810708917686
0.20962479580193755 0.46902510300278666 0.31531417593359945 0.0070972810708917686
0.20962479580193755 0.46902510300278666 0.20142812989652159 0.0057096528702415533
0.51246056896634395 0.31076760776340961 0.31531417593359945 0.0057096528702415533
0.27303547579795118 0.14498581364750862 0.33817091919481757 0.0034033272244036201
0.6696588029153645 0.14498581364750862 0.33817091919481757 0.0034033272244036201
0.27303547579795118 0.45834658257663252 0.33817091919481757 0.0034033272244036201
0.27303547579795118 0.14498581364750862 0.15816519595682621 0.0034033272244036201
0.27303547579795118 0.14498581364750862 0.33817091919481757 0.0096232058969326316
0.6696588029153645 0.45834658257663252 0.15816519595682621 0.0096232058969326316
0.60966228670440614 0.37788051478564744 0.15862534865736963 0.008557551677431911
0.3453239194583147 0.37788051478564744 0.15862534865736963 0.008557551677431911
0.60966228670440614 0.27752445116639135 0.15862534865736963 0.008557551677431911
0.60966228670440614 0.37788051478564744 0.48652206212282179 0.008557551677431911
0.60966228670440614 0.37788051478564744 0.15862534865736963 0.0017705763474106791
0.3453239194583147 0.27752445116639135 0.48652206212282179 0.0017705763474106791
0.68652246776036918 0.15217525400221349 0.28276585154235367 0.0099096400780603298
0.26754718874581157 0.15217525400221349 0.28276585154235367 0.0099096400780603298
0.68652246776036918 0.1566944304853678 0.28276585154235367 0.0099096400780603298
0.68652246776036918 0.15217525400221349 0.12623770013451577 0.0099096400780603298
0.68652246776036918 0.15217525400221349 0.28276585154235367 0.0087230034613981836
0.26754718874581157 0.1566944304853678 0.12623770013451577 0.0087230034613981836
0.33705203607678408 0.31949416399002073 0.41416383534669876 0.0045257809539325546
0.59317261185497039 0.31949416399002073 0.41416383534669876 0.0045257809539325546
0.33705203607678408 0.37579829394817355 0.41416383534669876 0.0045257809539325546
0.33705203607678408 0.31949416399002073 0.40417956374585629 0.0045257809539325546
0.33705203607678408 0.31949416399002073 0.41416383534669876 0.00023683873591944578
0.59317261185497039 0.37579829394817355 0.40417956374585629 0.00023683873591944578
0.11098235473036766 0.29471759498119354 0.12746911421418192 0.0058201207373291264
0.43532875212840727 0.29471759498119354 0.12746911421418192 0.0058201207373291264
0.11098235473036766 0.42998890504240994 0.12746911421418192 0.0058201207373291264
0.11098235473036766 0.29471759498119354 0.27241281569004061 0.0058201207373291264
0.11098235473036766 0.29471759498119354 0.12746911421418192 0.0039972007206641146
0.43532875212840727 0.42998890504240994 0.27241281569004061 0.0039972007206641146
0.4250701818149536 0.42736243344843394 0.36950862593948841 0.0011903799193911256
0.1096844115294516 0.42736243344843394 0.36950862593948841 0.0011903799193911256
0.4250701818149536 0.21247243843972685 0.36950862593948841 0.0011903799193911256
0.4250701818149536 0.42736243344843394 0.39412886686623094 0.0011903799193911256
0.4250701818149536 0.42736243344843394 0.36950862593948841 0.0072817879667505629
0.1096844115294516 0.21247243843972685 0.39412886686623094 0.0072817879667505629
0.37967257881537075 0.11396071240305901 0.1085351325571537 0.0039425185497850186
0.47305423184297973 0.11396071240305901 0.1085351325571537 0.0039425185497850186
0.37967257881537075 0.26955299861729143 0.1085351325571537 0.0039425185497850186
0.37967257881537075 0.11396071240305901 0.11393697485327721 0.0039425185497850186
0.37967257881537075 0.11396071240305901 0.1085351325571537 0.0077976515059359382
0.47305423184297973 0.26955299861729143 0.11393697485327721 0.0077976515059359382
0.076460208976641297 0.35929477177560332 0.38846827335655687 0.0092465977723710235
0.14868065258488058 0.35929477177560332 0.38846827335655687 0.0092465977723710235
0.076460208976641297 0.4879488483071327 0.38846827335655687 0.0092465977723710235
0.076460208976641297 0.35929477177560332 0.44148789457976823 0.0092465977723710235
0.076460208976641297 0.35929477177560332 0.38846827335655687 0.0011247621275484562
0.14868065258488058 0.4879488483071327 0.44148789457976823 0.0011247621275484562
0.30234644212760026 0.23294490836560727 0.25016298703849316 0.00060748134013265381
0.30631407597102223 0.23294490836560727 0.25016298703849316 0.00060748134013265381
0.30234644212760026 0.34371416941285138 0.25016298703849316 0.00060748134013265381
0.30234644212760026 0.23294490836560727 0.28511796742677686 0.00060748134013265381
0.30234644212760026 0.23294490836560727 0.25016298703849316 0.0049413497176021342
0.30631407597102223 0.34371416941285138 0.28511796742677686 0.0049413497176021342
0.64126871759071946 0.48755020722746856 0.44679234176874161 0.0051574806121177982
0.63067119792103765 0.48755020722746856 0.44679234176874161 0.0051574806121177982
0.64126871759071946 0.1237318765372038 0.44679234176874161 0.0051574806121177982
0.64126871759071946 0.48755020722746856 0.35644352771341803 0.0051574806121177982
0.64126871759071946 0.48755020722746856 0.44679234176874161 0.0062977084414102148
0.63067119792103765 0.1237318765372038 0.35644352771341803 0.0062977084414102148
0.57309580622240897 0.26364547163248064 0.31962287761271002 0.006514377734065057
0.55098894266411658 0.26364547163248064 0.31962287761271002 0.006514377734065057
0.57309580622240897 0.24202539622783661 0.31962287761271002 0.006514377734065057
0.57309580622240897 0.26364547163248064 0.20553425811231138 0.006514377734065057
0.57309580622240897 0.26364547163248064 0.31962287761271002 0.0034082541196607053
0.55098894266411658 0.24202539622783661 0.20553425811231138 0.0034082541196607053
0.22702172440476714 0.40882656164467335 0.17719578966498375 0.0017251168332062664
0.22538575804792343 0.40882656164467335 0.17719578966498375 0.0017251168332062664
0.22702172440476714 0.42216441072523592 0.17719578966498375 0.0017251168332062664
0.22702172440476714 0.40882656164467335 0.3280072428286076 0.0017251168332062664
0.22702172440476714 0.40882656164467335 0.17719578966498375 0.0053969395233318214
0.22538575804792343 0.42216441072523592 0.3280072428286076 0.0053969395233318214
0.16347710979171096 0.18321112878620627 0.46545301377773285 0.0079742940308526154
0.068373775109648705 0.18321112878620627 0.46545301377773285 0.0079742940308526154
0.16347710979171096 0.37126927338540561 0.46545301377773285 0.0079742940308526154
0.16347710979171096 0.18321112878620627 0.19546162672340872 0.0079742940308526154
0.16347710979171096 0.18321112878620627 0.46545301377773285 0.0093703530849888923
0.068373775109648705 0.37126927338540561 0.19546162672340872 0.0093703530849888923
0.47415742902085178 0.33806629031896596 0.23131760023534298 0.002740289676282555
0.39403988928534084 0.33806629031896596 0.23131760023534298 0.002740289676282555
0.47415742902085178 0.18959264382719995 0.23131760023534298 0.002740289676282555
0.47415742902085178 0.33806629031896596 0.4742088705301285 0.002740289676282555
0.47415742902085178 0.33806629031896596 0.23131760023534298 0.0020632865170948206
0.39403988928534084 0.18959264382719995 0.4742088705301285 0.0020632865170948206
0.47360835145227603 0.22077006548643113 0.31464758366346357 0.0084712972971610727
0.11332635097205639 0.22077006548643113 0.31464758366346357 0.0084712972971610727
0.47360835145227603 0.46953651383519179 0.31464758366346357 0.0084712972971610727
0.47360835145227603 0.22077006548643113 0.28252926617860796 0.0084712972971610727
0.47360835145227603 0.22077006548643113 0.31464758366346357 0.0010262254947796465
0.11332635097205639 0.46953651383519179 0.28252926617860796 0.0010262254947796465
0.16531833969056603 0.45053405649960043 0.18236763589084148 0.0034886793632060292
0.43772204280830912 0.45053405649960043 0.18236763589084148 0.0034886793632060292
0.16531833969056603 0.28795640282332902 0.18236763589084148 0.0034886793632060292
0.16531833969056603 0.45053405649960043 0.3604955468326807 0.0034886793632060292
0.16531833969056603 0.45053405649960043 0.18236763589084148 0.0079310917246155441
0.43772204280830912 0.28795640282332902 0.3604955468326807 0.0079310917246155441
0.223643184825778 0.12607470937073231 0.4690616000443697 0.0071472805683501072
0.60506635187193747 0.12607470937073231 0.4690616000443697 0.0071472805683501072
0.223643184825778 0.14370989389717581 0.4690616000443697 0.0071472805683501072
0.223643184825778 0.12607470937073231 0.11603577360510826 0.0071472805683501072
0.223643184825778 0.12607470937073231 0.4690616000443697 0.006821547260042281
0.60506635187193747 0.14370989389717581 0.11603577360510826 0.006821547260042281
0.57780059198848899 0.39637214690446854 0.22790404036641121 0.0023386644599959253
0.28073165244422849 0.39637214690446854 0.22790404036641121 0.0023386644599959253
0.57780059198848899 0.32375163882970814 0.22790404036641121 0.0023386644599959253
0.57780059198848899 0.39637214690446854 0.4377274136990309 0.0023386644599959253
0.57780059198848899 0.39637214690446854 0.22790404036641121 0.0044596654614433651
0.28073165244422849 0.32375163882970814 0.4377274136990309 0.0044596654614433651
0.64165939553640783 0.17049583420157433 0.10101762972772121 0.0012977877019904555
0.36292554982937869 0.17049583420157433 0.10101762972772121 0.0012977877019904555
0.64165939553640783 0.44203024171292782 0.10101762972772121 0.0012977877019904555
0.64165939553640783 0.17049583420157433 0.19951355047523978 0.0012977877019904555
0.64165939553640783 0.17049583420157433 0.10101762972772121 0.00526094891615212
0.36292554982937869 0.44203024171292782 0.19951355047523978 0.00526094891615212
0.30066423173993823 0.30002140663564203 0.39579151272773749 0.0057124161414802083
0.68855123445391653 0.30002140663564203 0.39579151272773749 0.0057124161414802083
0.30066423173993823 0.222144465893507 0.39579151272773749 0.0057124161414802083
0.30066423173993823 0.30002140663564203 0.47162026464939122 0.0057124161414802083
0.30066423173993823 0.30002140663564203 0.39579151272773749 0.0035042026721872391
0.68855123445391653 0.222144465893507 0.47162026464939122 0.0035042026721872391
0.079679765366017813 0.2763971980661154 0.2590479664504528 0.0044594620385207239
0.52054087235592306 0.2763971980661154 0.2590479664504528 0.0044594620385207239
0.079679765366017813 0.17128632068634034 0.2590479664504528 0.0044594620385207239
0.079679765366017813 0.2763971980661154 0.20177368186414243 0.0044594620385207239
0.079679765366017813 0.2763971980661154 0.2590479664504528 0.0025472544428892436
0.52054087235592306 0.17128632068634034 0.20177368186414243 0.0025472544428892436
0.37512615635059771 0.44683463498950005 0.43771157301962382 0.0099762558067217465
0.19489694824442266 0.44683463498950005 0.43771157301962382 0.0099762558067217465
0.37512615635059771 0.38958490230143072 0.43771157301962382 0.0099762558067217465
0.37512615635059771 0.44683463498950005 0.33010613694787028 0.0099762558067217465
0.37512615635059771 0.44683463498950005 0.43771157301962382 0.0088487600967288027
0.19489694824442266 0.38958490230143072 0.33010613694787028 0.0088487600967288027
0.42169412663206451 0.10716094709932805 0.27680979892611501 0.0050518855736590932
0.3954588729422539 0.10716094709932805 0.27680979892611501 0.0050518855736590932
0.42169412663206451 0.32840263657271862 0.27680979892611501 0.0050518855736590932
0.42169412663206451 0.10716094709932805 0.16182811595499516 0.0050518855736590932
0.42169412663206451 0.10716094709932805 0.27680979892611501 0.0061524693428538745
0.3954588729422539 0.32840263657271862 0.16182811595499516 0.0061524693428538745
0.11568962489254772 0.3648969560861588 0.41992352642118935 0.00071216469574719677
0.071085729543119675 0.3648969560861588 0.41992352642118935 0.00071216469574719677
0.11568962489254772 0.11078736260533334 0.41992352642118935 0.00071216469574719677
0.11568962489254772 0.3648969560861588 0.48432551175355909 0.00071216469574719677
0.11568962489254772 0.3648969560861588 0.41992352642118935 0.0026501237912103532
0.071085729543119675 0.11078736260533334 0.48432551175355909 0.0026501237912103532
0.33650048379786307 0.23974525332450869 0.13166707120835783 0.0093159379280172289
0.23886513118632136 0.23974525332450869 0.13166707120835783 0.0093159379280172289
0.33650048379786307 0.25833010524511335 0.13166707120835783 0.0093159379280172289
0.33650048379786307 0.23974525332450869 0.23908229880034926 0.0093159379280172289
0.33650048379786307 0.23974525332450869 0.13166707120835783 0.0015982683451846243
0.23886513118632136 0.25833010524511335 0.23908229880034926 0.0015982683451846243
0.68836122294887891 0.4819478157907725 0.36511583328247077 0.0038740900769829753
0.56322253402322531 0.4819478157907725 0.36511583328247077 0.0038740900769829753
0.68836122294887891 0.47753200121223927 0.36511583328247077 0.0038740900769829753
0.68836122294887891 0.4819478157907725 0.31780512556433682 0.0038740900769829753
0.68836122294887891 0.4819478157907725 0.36511583328247077 0.0098376708219759176
0.56322253402322531 0.47753200121223927 0.31780512556433682 0.0098376708219759176
0.61287935869768262 0.25743259899318216 0.48878102786839006 0.0028283568006940187
0.64858901249244805 0.25743259899318216 0.48878102786839006 0.0028283568006940187
0.61287935869768262 0.3567114882171154 0.48878102786839006 0.0028283568006940187
0.61287935869768262 0.25743259899318216 0.27021636068820953 0.0028283568006940187
0.61287935869768262 0.25743259899318216 0.48878102786839006 0.00064216354237869389
0.64858901249244805 0.3567114882171154 0.27021636068820953 0.00064216354237869389
0.26848656893707812 0.41540702655911443 0.20816123560070993 0.0078859206518158316
0.32298603127710518 0.41540702655911443 0.20816123560070993 0.0078859206518158316
0.26848656893707812 0.17579055093228818 0.20816123560070993 0.0078859206518158316
0.26848656893707812 0.41540702655911443 0.39779169149696825 0.0078859206518158316
0.26848656893707812 0.41540702655911443 0.20816123560070993 0.0082776389606297011
0.32298603127710518 0.17579055093228818 0.39779169149696825 0.0082776389606297011
0.21001794845797117 0.1894234396517277 0.34646729081869126 0.0016781385759823027
0.15580760408192873 0.1894234396517277 0.34646729081869126 0.0016781385759823027
0.21001794845797117 0.22999375201761724 0.34646729081869126 0.0016781385759823027
0.21001794845797117 0.1894234396517277 0.12872874513268473 0.0016781385759823027
0.21001794845797117 0.1894234396517277 0.34646729081869126 0.0070695712324231868
0.15580760408192873 0.22999375201761724 0.12872874513268473 0.0070695712324231868
0.50887064384296532 0.33148600272834305 0.15052457563579083 0.0065616622459143412
0.48147407663054759 0.33148600272834305 0.15052457563579083 0.0065616622459143412
0.50887064384296532 0.41245248317718508 0.15052457563579083 0.0065616622459143412
0.50887064384296532 0.33148600272834305 0.40002988837659359 0.0065616622459143412
0.50887064384296532 0.33148600272834305 0.15052457563579083 0.0041717947528697556
0.48147407663054759 0.41245248317718508 0.40002988837659359 0.0041717947528697556
0.52621659571304913 0.17727386578917503 0.40834266059100632 0.0047601110959425577
0.25690839686430988 0.17727386578917503 0.40834266059100632 0.0047601110959425577
0.52621659571304913 0.19144669324159624 0.40834266059100632 0.0047601110959425577
0.52621659571304913 0.17727386578917503 0.36443287953734405 0.0047601110959425577
0.52621659571304913 0.17727386578917503 0.40834266059100632 0.0074418346276506793
0.25690839686430988 0.19144669324159624 0.36443287953734405 0.0074418346276506793
0.17237655320204792 0.3443909790366888 0.28866037577390669 0.0096653864600695673
0.58128155842423435 0.3443909790366888 0.28866037577390669 0.0096653864600695673
0.17237655320204792 0.37234331257641318 0.28866037577390669 0.0096653864600695673
0.17237655320204792 0.3443909790366888 0.29274067096412182 0.0096653864600695673
0.17237655320204792 0.3443909790366888 0.28866037577390669 0.003838202052470297
0.58128155842423435 0.37234331257641318 0.29274067096412182 0.003838202052470297
0.27657154449261723 0.26961936913430695 0.35035433247685432 0.00098025759384036079
0.42342035635374481 0.26961936913430695 0.35035433247685432 0.00098025759384036079
0.27657154449261723 0.42186930887401108 0.35035433247685432 0.00098025759384036079
0.27657154449261723 0.26961936913430695 0.43700245767831802 0.00098025759384036079
0.27657154449261723 0.26961936913430695 0.35035433247685432 0.00040534486947581174
0.42342035635374481 0.42186930887401108 0.43700245767831802 0.00040534486947581174
0.5845441916026175 0.4024652414023876 0.14659912474453451 0.0060209061323665087
0.099062971677631145 0.4024652414023876 0.14659912474453451 0.0060209061323665087
0.5845441916026175 0.23938625827431681 0.14659912474453451 0.0060209061323665087
0.5845441916026175 0.4024652414023876 0.10903599001467229 0.0060209061323665087
0.5845441916026175 0.4024652414023876 0.14659912474453451 0.0085531283283606166
0.099062971677631145 0.23938625827431681 0.10903599001467229 0.0085531283283606166
0.67046017078682774 0.22676055282354357 0.21982256770133973 0.007447910374216736
0.17873059175908562 0.22676055282354357 0.21982256770133973 0.007447910374216736
0.67046017078682774 0.12011872567236424 0.21982256770133973 0.007447910374216736
0.67046017078682774 0.22676055282354357 0.45369554422795777 0.007447910374216736
0.67046017078682774 0.22676055282354357 0.21982256770133973 0.0019318409457802774
0.17873059175908562 0.12011872567236424 0.45369554422795777 0.0019318409457802774
0.37469637882895762 0.49412829168140893 0.47699880562722685 0.0020278143648989498
0.50433355481363829 0.49412829168140893 0.47699880562722685 0.0020278143648989498
0.37469637882895762 0.33775850832462312 0.47699880562722685 0.0020278143648989498
0.37469637882895762 0.49412829168140893 0.1753629006445408 0.0020278143648989498
0.37469637882895762 0.49412829168140893 0.47699880562722685 0.0094654251662082967
0.50433355481363829 0.33775850832462312 0.1753629006445408 0.0094654251662082967
0.10816100877709686 0.12008404321968556 0.16525524891912938 0.0081537864405661822
0.66159379212185732 0.12008404321968556 0.16525524891912938 0.0081537864405661822
0.10816100877709686 0.4931270979344845 0.16525524891912938 0.0081537864405661822
0.10816100877709686 0.12008404321968556 0.34501760192215447 0.0081537864405661822
0.10816100877709686 0.12008404321968556 0.16525524891912938 0.0058769599490799017
0.66159379212185732 0.4931270979344845 0.34501760192215447 0.0058769599490799017
0.44947357354685658 0.35277770906686789 0.33151652142405508 0.0037971501025371255
0.33592730141244825 0.35277770906686789 0.33151652142405508 0.0037971501025371255
0.44947357354685658 0.27394971214234831 0.33151652142405508 0.0037971501025371255
0.44947357354685658 0.35277770906686789 0.22291031777858736 0.0037971501025371255
0.44947357354685658 0.35277770906686789 0.33151652142405508 0.0028869601298123597
0.33592730141244825 0.27394971214234831 0.22291031777858736 0.0028869601298123597
0.41367692775093012 0.28854533545672895 0.19551708139479163 0.0013744777750223877
0.54134258227422827 0.28854533545672895 0.19551708139479163 0.0013744777750223877
0.41367692775093012 0.20651246197521689 0.19551708139479163 0.0013744777750223877
0.41367692775093012 0.28854533545672895 0.49138712100684645 0.0013744777750223877
0.41367692775093012 0.28854533545672895 0.19551708139479163 0.0022136628489010037
0.54134258227422827 0.20651246197521689 0.49138712100684645 0.0022136628489010037
0.061498823948204516 0.43392822220921523 0.30122847482562065 0.0068743537227623176
0.21694687227718529 0.43392822220921523 0.30122847482562065 0.0068743537227623176
0.061498823948204516 0.42637391835451133 0.30122847482562065 0.0068743537227623176
0.061498823948204516 0.43392822220921523 0.16266371831297877 0.0068743537227623176
0.061498823948204516 0.43392822220921523 0.30122847482562065 0.0092210247458890081
0.21694687227718529 0.42637391835451133 0.16266371831297877 0.0092210247458890081
0.32816812861710781 0.15831088200211527 0.23797200918197634 0.0031440646311268212
0.059996873326599601 0.15831088200211527 0.23797200918197634 0.0031440646311268212
0.32816812861710781 0.3801922179758549 0.23797200918197634 0.0031440646311268212
0.32816812861710781 0.15831088200211527 0.30770284868776798 0.0031440646311268212
0.32816812861710781 0.15831088200211527 0.23797200918197634 0.0055364393902942542
0.059996873326599601 0.3801922179758549 0.30770284868776798 0.0055364393902942542
0.63448999500833447 0.31296500973403452 0.45882312618196008 0.0075804425519891095
0.38433155459351831 0.31296500973403452 0.45882312618196008 0.0075804425519891095
0.63448999500833447 0.16186931841075422 0.45882312618196008 0.0075804425519891095
0.63448999500833447 0.31296500973403452 0.23520525842905046 0.0075804425519891095
0.63448999500833447 0.31296500973403452 0.45882312618196008 0.0032673852532170713
0.38433155459351831 0.16186931841075422 0.23520525842905046 0.0032673852532170713
0.53980492088012388 0.13906084634363652 0.38257376030087475 0.0090122962310910226
0.46209363075904542 0.13906084634363652 0.38257376030087475 0.0090122962310910226
0.53980492088012388 0.27860032618045805 0.38257376030087475 0.0090122962310910226
0.53980492088012388 0.13906084634363652 0.37673972025513647 0.0090122962310910226
0.53980492088012388 0.13906084634363652 0.38257376030087475 0.0064493027106858796
0.46209363075904542 0.27860032618045805 0.37673972025513647 0.0064493027106858796
0.24126962646841998 0.38419310748577118 0.11435631997883321 0.0041867624497972438
0.13646796429529784 0.38419310748577118 0.11435631997883321 0.0041867624497972438
0.24126962646841998 0.46020494736731055 0.11435631997883321 0.0041867624497972438
0.24126962646841998 0.38419310748577118 0.25543838404119013 0.0041867624497972438
0.24126962646841998 0.38419310748577118 0.11435631997883321 0.0047932393159717326
0.13646796429529784 0.46020494736731055 0.25543838404119013 0.0047932393159717326
0.13725808337330819 0.20784515142440796 0.42766236774623401 0.0053675743000581866
0.29408402596600353 0.20784515142440796 0.42766236774623401 0.0053675743000581866
0.13725808337330819 0.30813183151185514 0.42766236774623401 0.0053675743000581866
0.13725808337330819 0.20784515142440796 0.42431555688381195 0.0053675743000581866
0.13725808337330819 0.20784515142440796 0.42766236774623401 0.0012630629397928717
0.29408402596600353 0.30813183151185514 0.42431555688381195 0.0012630629397928717
0.48133347216062239 0.46265148557722569 0.26931731551885607 0.00040670569995418195
0.61972796823829412 0.46265148557722569 0.26931731551885607 0.00040670569995418195
0.48133347216062239 0.12811459526419641 0.26931731551885607 0.00040670569995418195
0.48133347216062239 0.46265148557722569 0.14673965163528921 0.00040670569995418195
0.48133347216062239 0.46265148557722569 0.26931731551885607 0.0076555835847742868
0.61972796823829412 0.12811459526419641 0.14673965163528921 0.0076555835847742868
0.48865112345665684 0.13706809058785441 0.12538277283310892 0.003621856938302517
0.20468578245490787 0.13706809058785441 0.12538277283310892 0.003621856938302517
0.48865112345665684 0.15545008555054665 0.12538277283310892 0.003621856938302517
0.48865112345665684 0.13706809058785441 0.43033560402691362 0.003621856938302517
0.48865112345665684 0.13706809058785441 0.12538277283310892 0.0093397727271541959
0.20468578245490787 0.15545008555054665 0.43033560402691362 0.0093397727271541959
0.1502743714954704 0.39163027219474322 0.37162150330841548 0.008328937984164805
0.52908027325756846 0.39163027219474322 0.37162150330841548 0.008328937984164805
0.1502743714954704 0.387053943797946 0.37162150330841548 0.008328937984164805
0.1502743714954704 0.39163027219474322 0.10163650512695313 0.008328937984164805
0.1502743714954704 0.39163027219474322 0.37162150330841548 0.0020961711606942118
0.52908027325756846 0.387053943797946 0.10163650512695313 0.0020961711606942118
0.24923161654733117 0.21603925935924054 0.28331546597182755 0.0021620186435058713
0.69619765961542723 0.21603925935924054 0.28331546597182755 0.0021620186435058713
0.24923161654733117 0.43128204829990868 0.28331546597182755 0.0021620186435058713
0.24923161654733117 0.21603925935924054 0.37183213792741299 0.0021620186435058713
0.24923161654733117 0.21603925935924054 0.28331546597182755 0.0033800529885105791
0.69619765961542723 0.43128204829990868 0.37183213792741299 0.0033800529885105791
0.55221584569662807 0.46151330545544622 0.41363923102617262 0.0073138477162458014
0.371861759154126 0.46151330545544622 0.41363923102617262 0.0073138477162458014
0.55221584569662807 0.20126557499170306 0.41363923102617262 0.0073138477162458014
0.55221584569662807 0.46151330545544622 0.29940770342946055 0.0073138477162458014
0.55221584569662807 0.46151330545544622 0.41363923102617262 0.0054225354248657832
0.371861759154126 0.20126557499170306 0.29940770342946055 0.0054225354248657832
0.62653727419674388 0.28738866448402406 0.34028207994997506 0.0061933385413140063
0.2915519420523196 0.28738866448402406 0.34028207994997506 0.0061933385413140063
0.62653727419674388 0.13297162018716335 0.34028207994997506 0.0061933385413140063
0.62653727419674388 0.28738866448402406 0.33757314532995225 0.0061933385413140063
0.62653727419674388 0.28738866448402406 0.34028207994997506 0.0049113919004797942
0.2915519420523196 0.13297162018716335 0.33757314532995225 0.0049113919004797942
0.31578754927031694 0.44209160842001438 0.15653729066252708 0.0008070793162100018
0.61717634815722699 0.44209160842001438 0.15653729066252708 0.0008070793162100018
0.31578754927031694 0.30283231362700463 0.15653729066252708 0.0008070793162100018
0.31578754927031694 0.44209160842001438 0.21629611290991307 0.0008070793162100018
0.31578754927031694 0.44209160842001438 0.15653729066252708 0.0063299693641252824
0.61717634815722699 0.30283231362700463 0.21629611290991307 0.0063299693641252824
0.054170682979747656 0.16576617695391177 0.49479373991489417 0.0095292089154943825
0.44941521505825216 0.16576617695391177 0.49479373991489417 0.0095292089154943825
0.054170682979747656 0.45373308360576636 0.49479373991489417 0.0095292089154943825
0.054170682979747656 0.16576617695391177 0.46030995175242428 0.0095292089154943825
0.054170682979747656 0.16576617695391177 0.49479373991489417 0.007770072915498168
0.44941521505825216 0.45373308360576636 0.46030995175242428 0.007770072915498168
0.40063155330717559 0.31100256741046906 0.20197602771222592 0.0048970345092006033
0.12377001242712139 0.31100256741046906 0.20197602771222592 0.0048970345092006033
0.40063155330717559 0.28541094698011876 0.20197602771222592 0.0048970345092006033
0.40063155330717559 0.31100256741046906 0.18280720226466657 0.0048970345092006033
0.40063155330717559 0.31100256741046906 0.20197602771222592 0.0011497343081980946
0.12377001242712139 0.28541094698011876 0.18280720226466657 0.0011497343081980946
0.43711870745755727 0.24750338159501553 0.46295125186443331 0.00023139335792511705
0.48689954853616646 0.24750338159501553 0.46295125186443331 0.00023139335792511705
0.43711870745755727 0.24659006707370282 0.46295125186443331 0.00023139335792511705
0.43711870745755727 0.24750338159501553 0.30025854110717776 0.00023139335792511705
0.43711870745755727 0.24750338159501553 0.46295125186443331 0.0040294432769529525
0.48689954853616646 0.24659006707370282 0.30025854110717776 0.0040294432769529525
0.10026376070454716 0.48044119998812673 0.23379630707204344 0.0055427450214512652
0.16252264706417918 0.48044119998812673 0.23379630707204344 0.0055427450214512652
0.10026376070454716 0.4142290867865086 0.23379630707204344 0.0055427450214512652
0.10026376070454716 0.48044119998812673 0.22859085686504843 0.0055427450214512652
0.10026376070454716 0.48044119998812673 0.23379630707204344 0.0072517741652205593
0.16252264706417918 0.4142290867865086 0.22859085686504843 0.0072517741652205593
0.36169717879965896 0.10564019903540611 0.32053984738886354 0.0043209859061986216
0.33055375725962216 0.10564019903540611 0.32053984738886354 0.0043209859061986216
0.36169717879965896 0.36665573269128804 0.32053984738886354 0.0043209859061986216
0.36169717879965896 0.10564019903540611 0.49800131991505625 0.0043209859061986216
0.36169717879965896 0.10564019903540611 0.32053984738886354 0.0087480328066274517
0.33055375725962216 0.36665573269128804 0.49800131991505625 0.0087480328066274517
0.66316828117705873 0.37266615293920047 0.17625729069113732 0.0088782143953256305
0.65490740202367304 0.37266615293920047 0.17625729069113732 0.0088782143953256305
0.66316828117705873 0.19747910983860495 0.17625729069113732 0.0088782143953256305
0.66316828117705873 0.37266615293920047 0.17010818086564541 0.0088782143953256305
0.66316828117705873 0.37266615293920047 0.17625729069113732 0.00020927969207987191
0.65490740202367304 0.19747910983860495 0.17010818086564541 0.00020927969207987191
0.59753412236459547 0.19718041606247427 0.25263997726142406 0.0077528941387310637
0.57777264555916186 0.19718041606247427 0.25263997726142406 0.0077528941387310637
0.59753412236459547 0.26830868348479275 0.25263997726142406 0.0077528941387310637
0.59753412236459547 0.19718041606247427 0.41764851845800877 0.0077528941387310637
0.59753412236459547 0.19718041606247427 0.25263997726142406 0.0096560332284308971
0.57777264555916186 0.26830868348479275 0.41764851845800877 0.0096560332284308971
0.28383308863267298 0.32997747212648393 0.44428886324167249 0.0029708671757020058
0.25216598375700411 0.32997747212648393 0.44428886324167249 0.0029708671757020058
0.28383308863267298 0.49920453988015656 0.44428886324167249 0.0029708671757020058
0.28383308863267298 0.32997747212648393 0.13934039920568467 0.0029708671757020058
0.28383308863267298 0.32997747212648393 0.44428886324167249 0.0017399765904992821
0.25216598375700411 0.49920453988015656 0.13934039920568467 0.0017399765904992821
0.18474190896376969 0.2559137627482414 0.10759491696953774 0.0067381570003926762
0.084763113409280777 0.2559137627482414 0.10759491696953774 0.0067381570003926762
0.18474190896376969 0.34500734247267251 0.10759491696953774 0.0067381570003926762
0.18474190896376969 0.2559137627482414 0.38413919918239114 0.0067381570003926762
0.18474190896376969 0.2559137627482414 0.10759491696953774 0.0030836484380066397
0.084763113409280777 0.34500734247267251 0.38413919918239114 0.0030836484380066397
0.53414293010719116 0.42317737229168417 0.38938352651894093 0.0015114203660748901
0.41042590537108475 0.42317737229168417 0.38938352651894093 0.0015114203660748901
0.53414293010719116 0.11252505481243134 0.38938352651894093 0.0015114203660748901
0.53414293010719116 0.42317737229168417 0.26210524365305898 0.0015114203660748901
0.53414293010719116 0.42317737229168417 0.38938352651894093 0.0056815078710205861
0.41042590537108475 0.11252505481243134 0.26210524365305898 0.0056815078710205861
0.50094799366779619 0.26801316738128667 0.24409003444015981 0.0098418812883086498
0.34803784978575997 0.26801316738128667 0.24409003444015981 0.0098418812883086498
0.50094799366779619 0.48356050699949271 0.24409003444015981 0.0098418812883086498
0.50094799366779619 0.26801316738128667 0.12269959412515163 0.0098418812883086498
0.50094799366779619 0.26801316738128667 0.24409003444015981 0.0027598193371668458
0.34803784978575997 0.48356050699949271 0.12269959412515163 0.0027598193371668458
0.19764636112377043 0.41031988300383093 0.45292642489075663 0.004593392812274397
0.67241476941853762 0.41031988300383093 0.45292642489075663 0.004593392812274397
0.19764636112377043 0.25264033265411856 0.45292642489075663 0.004593392812274397
0.19764636112377043 0.41031988300383093 0.44512382820248608 0.004593392812274397
0.19764636112377043 0.41031988300383093 0.45292642489075663 0.0060440100270323467
0.67241476941853762 0.25264033265411856 0.44512382820248608 0.0060440100270323467
0.26120895249769088 0.18514185287058355 0.18962038308382034 0.0058878795455209916
0.5147779233288019 0.18514185287058355 0.18962038308382034 0.0058878795455209916
0.26120895249769088 0.1031447570770979 0.18962038308382034 0.0058878795455209916
0.26120895249769088 0.18514185287058355 0.27513305433094504 0.0058878795455209916
0.26120895249769088 0.18514185287058355 0.18962038308382034 0.0099606220594607303
0.5147779233288019 0.1031447570770979 0.27513305433094504 0.0099606220594607303
0.59990310785360634 0.34277449548244476 0.30734649710357187 0.0011227680426090956
0.19042429672554134 0.34277449548244476 0.30734649710357187 0.0011227680426090956
0.59990310785360634 0.33560272529721258 0.30734649710357187 0.0011227680426090956
0.59990310785360634 0.34277449548244476 0.35383157134056098 0.0011227680426090956
0.59990310785360634 0.34277449548244476 0.30734649710357187 0.0014740608146414163
0.19042429672554134 0.33560272529721258 0.35383157134056098 0.0014740608146414163
0.69564942591823631 0.11847975626587869 0.43407479152083395 0.0024747101203538477
0.10760307963937521 0.11847975626587869 0.43407479152083395 0.0024747101203538477
0.69564942591823631 0.40486100651323798 0.43407479152083395 0.0024747101203538477
0.69564942591823631 0.11847975626587869 0.20922120735049249 0.0024747101203538477
0.69564942591823631 0.11847975626587869 0.43407479152083395 0.0083855129111558204
0.10760307963937521 0.40486100651323798 0.20922120735049249 0.0083855129111558204
0.34950591782107943 0.36063350252807147 0.26273234821856023 0.007010186915285886
0.4332097232807427 0.36063350252807147 0.26273234821856023 0.007010186915285886
0.34950591782107943 0.2372464954853058 0.26273234821856023 0.007010186915285886
0.34950591782107943 0.36063350252807147 0.33672337643802164 0.007010186915285886
0.34950591782107943 0.36063350252807147 0.26273234821856023 0.000533128892723471
0.4332097232807427 0.2372464954853058 0.33672337643802164 0.000533128892723471
0.12360294768586753 0.23462739102542401 0.37598879598081114 0.0033163788384757936
0.5902183198370039 0.23462739102542401 0.37598879598081114 0.0033163788384757936
0.12360294768586753 0.18187171146273615 0.37598879598081114 0.0033163788384757936
0.12360294768586753 0.23462739102542401 0.19289608448743822 0.0033163788384757936
0.12360294768586753 0.23462739102542401 0.37598879598081114 0.0042953413871116945
0.5902183198370039 0.18187171146273615 0.19289608448743822 0.0042953413871116945
0.43403531038202336 0.49250989630818365 0.12076874077320099 0.0086446458145976075
0.26455550971440966 0.49250989630818365 0.12076874077320099 0.0086446458145976075
0.43403531038202336 0.35107284449040888 0.12076874077320099 0.0086446458145976075
0.43403531038202336 0.49250989630818365 0.46417291797697546 0.0086446458145976075
0.43403531038202336 0.49250989630818365 0.12076874077320099 0.0069472053602337843
0.26455550971440966 0.35107284449040888 0.46417291797697546 0.0069472053602337843
0.38816536217927927 0.15366552658379079 0.35664630793035035 0.0064273069052957002
0.63302811374887824 0.15366552658379079 0.35664630793035035 0.0064273069052957002
0.38816536217927927 0.31850084252655508 0.35664630793035035 0.0064273069052957002
0.38816536217927927 0.15366552658379079 0.2465296395123005 0.0064273069052957002
0.38816536217927927 0.15366552658379079 0.35664630793035035 0.0081325739650987081
0.63302811374887824 0.31850084252655508 0.2465296395123005 0.0081325739650987081
0.087011663196608413 0.32385881096124647 0.14008902013301849 0.0018120501719415189
0.3086336047854274 0.32385881096124647 0.14008902013301849 0.0018120501719415189
0.087011663196608413 0.14861582964658737 0.14008902013301849 0.0018120501719415189
0.087011663196608413 0.32385881096124647 0.32442259751260283 0.0018120501719415189
0.087011663196608413 0.32385881096124647 0.14008902013301849 0.00082590395342558632
0.3086336047854274 0.14861582964658737 0.32442259751260283 0.00082590395342558632
0.31305840867571527 0.29942885488271714 0.40183255895972259 0.0080613648780621591
0.15143444463610647 0.29942885488271714 0.40183255895972259 0.0080613648780621591
0.31305840867571527 0.29481574371457098 0.40183255895972259 0.0080613648780621591
0.31305840867571527 0.29942885488271714 0.15521087050437929 0.0080613648780621591
0.31305840867571527 0.29942885488271714 0.40183255895972259 0.0046454750182107095
0.15143444463610647 0.29481574371457098 0.15521087050437929 0.0046454750182107095
0.64959595203399656 0.4292962122708559 0.29495234824717043 0.0026533563191071152
0.47577032693661742 0.4292962122708559 0.29495234824717043 0.0026533563191071152
0.64959595203399656 0.46311356239020829 0.29495234824717043 0.0026533563191071152
0.64959595203399656 0.4292962122708559 0.47687799222767357 0.0026533563191071152
0.64959595203399656 0.4292962122708559 0.29495234824717043 0.0066345569412224002
0.47577032693661742 0.46311356239020829 0.47687799222767357 0.0066345569412224002
0.56539582852274173 0.20320094786584378 0.17144489437341692 0.0040101165595464415
0.39104604548774652 0.20320094786584378 0.17144489437341692 0.0040101165595464415
0.56539582852274173 0.39639771580696104 0.17144489437341692 0.0040101165595464415
0.56539582852274173 0.20320094786584378 0.13539271466434002 0.0040101165595464415
0.56539582852274173 0.20320094786584378 0.17144489437341692 0.0037039010827429595
0.39104604548774652 0.39639771580696104 0.13539271466434002 0.0037039010827429595
0.21567744514904913 0.47354720160365105 0.32549612931907179 0.0091788634527474652
0.065421657543629413 0.47354720160365105 0.32549612931907179 0.0091788634527474652
0.21567744514904913 0.16481836773455144 0.32549612931907179 0.0091788634527474652
0.21567744514904913 0.47354720160365105 0.40742610618472097 0.0091788634527474652
0.21567744514904913 0.47354720160365105 0.32549612931907179 0.0050600142754614356
0.065421657543629413 0.16481836773455144 0.40742610618472097 0.0050600142754614356
0.15228846124373374 0.14994245395064354 0.21380217857658865 0.00053988334881141791
0.22326455474831164 0.14994245395064354 0.21380217857658865 0.00053988334881141791
0.15228846124373374 0.21684866808354855 0.21380217857658865 0.00053988334881141791
0.15228846124373374 0.14994245395064354 0.26281994022428989 0.00053988334881141791
0.15228846124373374 0.14994245395064354 0.21380217857658865 0.0090352028157562013
0.22326455474831164 0.21684866808354855 0.26281994022428989 0.0090352028157562013
0.46630685720592729 0.3795599486678839 0.48318844810128214 0.0052252149133011705
0.54890977554023257 0.3795599486678839 0.48318844810128214 0.0052252149133011705
0.46630685720592729 0.44688965007662773 0.48318844810128214 0.0052252149133011705
0.46630685720592729 0.3795599486678839 0.39112787693738937 0.0052252149133011705
0.46630685720592729 0.3795599486678839 0.48318844810128214 0.0023620680169202388
0.54890977554023257 0.44688965007662773 0.39112787693738937 0.0023620680169202388
0.45631815199740222 0.16342632547020913 0.21080811955034734 0.0019528528565540913
0.53523712619207797 0.16342632547020913 0.21080811955034734 0.0019528528565540913
0.45631815199740222 0.35964611358940601 0.21080811955034734 0.0019528528565540913
0.45631815199740222 0.16342632547020913 0.34952079057693486 0.0019528528565540913
0.45631815199740222 0.16342632547020913 0.21080811955034734 0.0013466931984759869
0.53523712619207797 0.35964611358940601 0.34952079057693486 0.0013466931984759869
0.16102526327595112 0.30865661315619947 0.49220000132918362 0.0062949879237450667
0.21084301313385367 0.30865661315619947 0.49220000132918362 0.0062949879237450667
0.16102526327595112 0.17953151315450669 0.49220000132918362 0.0062949879237450667
0.16102526327595112 0.30865661315619947 0.22162752039730549 0.0062949879237450667
0.16102526327595112 0.30865661315619947 0.49220000132918362 0.0098959993001073599
0.21084301313385367 0.17953151315450669 0.22162752039730549 0.0098959993001073599
0.21935816695913668 0.28347873203456403 0.15550604164600373 0.0026394067786633967
0.36856663026846942 0.28347873203456403 0.15550604164600373 0.0026394067786633967
0.21935816695913668 0.22708650305867195 0.15550604164600373 0.0026394067786633967
0.21935816695913668 0.28347873203456403 0.45178017094731338 0.0026394067786633967
0.21935816695913668 0.28347873203456403 0.15550604164600373 0.0060556194432079798
0.36856663026846942 0.22708650305867195 0.45178017094731338 0.0060556194432079798
0.56050729309208691 0.43818777874112136 0.34755165837705138 0.0080836741297505791
0.69290275350213049 0.43818777874112136 0.34755165837705138 0.0080836741297505791
0.56050729309208691 0.40878754667937756 0.34755165837705138 0.0080836741297505791
0.56050729309208691 0.43818777874112136 0.1801126178354025 0.0080836741297505791
0.56050729309208691 0.43818777874112136 0.34755165837705138 0.0028631775532849133
0.69290275350213049 0.40878754667937756 0.1801126178354025 0.0028631775532849133
0.65895028025843194 0.21369158625602724 0.42355754747986796 0.0091263813344761736
0.61071235267445445 0.21369158625602724 0.42355754747986796 0.0091263813344761736
0.65895028025843194 0.32545498609542844 0.42355754747986796 0.0091263813344761736
0.65895028025843194 0.21369158625602724 0.43252353705465796 0.0091263813344761736
0.65895028025843194 0.21369158625602724 0.42355754747986796 0.007011960298847408
0.61071235267445445 0.32545498609542844 0.43252353705465796 0.007011960298847408
0.30495660351589315 0.45917173661291599 0.27965951152145863 0.0040712322627194228
0.28508816934190689 0.45917173661291599 0.27965951152145863 0.0040712322627194228
0.30495660351589315 0.1070347223430872 0.27965951152145863 0.0040712322627194228
0.30495660351589315 0.45917173661291599 0.11048983186483384 0.0040712322627194228
0.30495660351589315 0.45917173661291599 0.27965951152145863 0.0044228789480403076
0.28508816934190689 0.1070347223430872 0.11048983186483384 0.0044228789480403076
0.08396531837061047 0.13316559530794622 0.36640306524932387 0.0053272064257413156
0.12800768874585627 0.13316559530794622 0.36640306524932387 0.0053272064257413156
0.08396531837061047 0.261250176653266 0.36640306524932387 0.0053272064257413156
0.08396531837061047 0.13316559530794622 0.36603081934154036 0.0053272064257413156
0.08396531837061047 0.13316559530794622 0.36640306524932387 0.00042990285586565734
0.12800768874585627 0.261250176653266 0.36603081934154036 0.00042990285586565734
0.39241890073753888 0.38772167265415192 0.1368635967373848 0.00044610166577622296
0.45365326912142329 0.38772167265415192 0.1368635967373848 0.00044610166577622296
0.39241890073753888 0.48120805546641354 0.1368635967373848 0.00044610166577622296
0.39241890073753888 0.38772167265415192 0.28772244974970818 0.00044610166577622296
0.39241890073753888 0.38772167265415192 0.1368635967373848 0.0083740734397433694
0.45365326912142329 0.48120805546641354 0.28772244974970818 0.0083740734397433694
0.4275573801249265 0.25200225673615934 0.39783680848777292 0.0047257769983261831
0.17161465901881456 0.25200225673615934 0.39783680848777292 0.0047257769983261831
0.4275573801249265 0.43829220384359358 0.39783680848777292 0.0047257769983261831
0.4275573801249265 0.25200225673615934 0.42022132761776454 0.0047257769983261831
0.4275573801249265 0.25200225673615934 0.39783680848777292 0.0067246216818690309
0.17161465901881456 0.43829220384359358 0.42022132761776454 0.0067246216818690309
0.12886810521595179 0.41927196905016906 0.10540361553430558 0.0097011467586271462
0.49599195760674769 0.41927196905016906 0.10540361553430558 0.0097011467586271462
0.12886810521595179 0.21921275444328786 0.10540361553430558 0.0097011467586271462
0.12886810521595179 0.41927196905016906 0.14779664278030397 0.0097011467586271462
0.12886810521595179 0.41927196905016906 0.10540361553430558 0.0046727949020452806
0.49599195760674769 0.21921275444328786 0.14779664278030397 0.0046727949020452806
0.34967586467973882 0.19484213814139367 0.44366007819771769 0.0011003959467634559
0.65311921434476972 0.19484213814139367 0.44366007819771769 0.0011003959467634559
0.34967586467973882 0.17495409063994885 0.44366007819771769 0.0011003959467634559
0.34967586467973882 0.19484213814139367 0.37873446308076386 0.0011003959467634559
0.34967586467973882 0.19484213814139367 0.44366007819771769 0.0007745746695436538
0.65311921434476972 0.17495409063994885 0.37873446308076386 0.0007745746695436538
0.6942325349897146 0.32763309143483643 0.25953076668083669 0.005901758570689709
0.32876581172458824 0.32763309143483643 0.25953076668083669 0.005901758570689709
0.6942325349897146 0.39249497130513189 0.25953076668083669 0.005901758570689709
0.6942325349897146 0.32763309143483643 0.25003561452031137 0.005901758570689709
0.6942325349897146 0.32763309143483643 0.25953076668083669 0.0079894958812743427
0.32876581172458824 0.39249497130513189 0.25003561452031137 0.0079894958812743427
0.60701557006686924 0.10173918195068837 0.1865536540746689 0.0069492868885397919
0.24340033088810742 0.10173918195068837 0.1865536540746689 0.0069492868885397919
0.60701557006686924 0.47328595258295536 0.1865536540746689 0.0069492868885397919
0.60701557006686924 0.10173918195068837 0.31182163804769514 0.0069492868885397919
0.60701557006686924 0.10173918195068837 0.1865536540746689 0.0023349180778488516
0.24340033088810742 0.47328595258295536 0.31182163804769514 0.0023349180778488516
0.25530864312313495 0.36875903159379964 0.31648069284856317 0.0025274096853099763
0.56900723483413451 0.36875903159379964 0.31648069284856317 0.0025274096853099763
0.25530864312313495 0.29090083837509156 0.31648069284856317 0.0025274096853099763
0.25530864312313495 0.36875903159379964 0.23431901969015601 0.0025274096853099763
0.25530864312313495 0.36875903159379964 0.31648069284856317 0.0089452702543698255
0.56900723483413451 0.29090083837509156 0.23431901969015601 0.0089452702543698255
0.19684188230894506 0.24515423029661179 0.22817464210093022 0.0087382141815498474
0.41125108930282289 0.24515423029661179 0.22817464210093022 0.0087382141815498474
0.19684188230894506 0.14003054425120354 0.22817464210093022 0.0087382141815498474
0.19684188230894506 0.24515423029661179 0.48907504603266716 0.0087382141815498474
0.19684188230894506 0.24515423029661179 0.22817464210093022 0.0052032623040489858
0.41125108930282289 0.14003054425120354 0.48907504603266716 0.0052032623040489858
0.50300003644078961 0.47809815295040614 0.47481010183691985 0.0032141675190068783
0.085588694456964737 0.47809815295040614 0.47481010183691985 0.0032141675190068783
0.50300003644078961 0.32082826159894468 0.47481010183691985 0.0032141675190068783
0.50300003644078961 0.47809815295040614 0.16779788248240948 0.0032141675190068783
0.50300003644078961 0.47809815295040614 0.47481010183691985 0.0037553625458851456
0.085588694456964737 0.32082826159894468 0.16779788248240948 0.0037553625458851456
0.53082147110253564 0.23228605985641482 0.1170154057443142 0.0056326748075895021
0.67610175488516688 0.23228605985641482 0.1170154057443142 0.0056326748075895021
0.53082147110253564 0.27525691501796246 0.1170154057443142 0.0056326748075895021
0.53082147110253564 0.23228605985641482 0.20368828848004342 0.0056326748075895021
0.53082147110253564 0.23228605985641482 0.1170154057443142 0.0054401565079577278
0.67610175488516688 0.27525691501796246 0.20368828848004342 0.0054401565079577278
0.18935494399629532 0.4901624623686075 0.38600494600832469 0.00013038467057049276
0.35172443813644344 0.4901624623686075 0.38600494600832469 0.00013038467057049276
0.18935494399629532 0.45761751905083659 0.38600494600832469 0.00013038467057049276
0.18935494399629532 0.4901624623686075 0.3253556605428457 0.00013038467057049276
0.18935494399629532 0.4901624623686075 0.38600494600832469 0.0034797976471483707
0.35172443813644344 0.45761751905083659 0.3253556605428457 0.0034797976471483707
0.29354187673889098 0.11457130052149296 0.27431098483502869 0.0088136996124871074
0.18452029041945933 0.11457130052149296 0.27431098483502869 0.0088136996124871074
0.29354187673889098 0.31144806891679766 0.27431098483502869 0.0088136996124871074
0.29354187673889098 0.11457130052149296 0.1950111210346222 0.0088136996124871074
0.29354187673889098 0.11457130052149296 0.27431098483502869 0.0019627302136272194
0.18452029041945933 0.31144806891679766 0.1950111210346222 0.0019627302136272194
0.58915216643363233 0.35673114955425267 0.4287589460611344 0.004374902191571892
0.50887367487885049 0.35673114955425267 0.4287589460611344 0.004374902191571892
0.58915216643363233 0.13062584288418294 0.4287589460611344 0.004374902191571892
0.58915216643363233 0.35673114955425267 0.47290382869541647 0.004374902191571892
0.58915216643363233 0.35673114955425267 0.4287589460611344 0.0092787874237634238
0.50887367487885049 0.13062584288418294 0.47290382869541647 0.0092787874237634238
0.66585474088788033 0.18279575482010843 0.30485028214752674 0.002944856646563858
0.42919513895176342 0.18279575482010843 0.30485028214752674 0.002944856646563858
0.66585474088788033 0.20984475836157801 0.30485028214752674 0.002944856646563858
0.66585474088788033 0.18279575482010843 0.11443859450519085 0.002944856646563858
0.66585474088788033 0.18279575482010843 0.30485028214752674 0.0010501595943234862
0.42919513895176342 0.20984475836157801 0.11443859450519085 0.0010501595943234862
0.35771852317266162 0.34043450169265271 0.19835459366440775 0.0077679756484925755
0.10358825316652656 0.34043450169265271 0.19835459366440775 0.0077679756484925755
0.35771852317266162 0.42894852720201015 0.19835459366440775 0.0077679756484925755
0.35771852317266162 0.34043450169265271 0.44274640008807187 0.0077679756484925755
0.35771852317266162 0.34043450169265271 0.19835459366440775 0.0077525840116664775
0.10358825316652656 0.42894852720201015 0.44274640008807187 0.0077525840116664775
0.091189971892163157 0.2641091000288725 0.46009814292192464 0.0016401896485127511
0.27142127999104559 0.2641091000288725 0.46009814292192464 0.0016401896485127511
0.091189971892163157 0.37688765563070781 0.46009814292192464 0.0016401896485127511
0.091189971892163157 0.2641091000288725 0.2870074216276407 0.0016401896485127511
0.091189971892163157 0.2641091000288725 0.46009814292192464 0.0063911246122792375
0.27142127999104559 0.37688765563070781 0.2870074216276407 0.0063911246122792375
0.44486628398299211 0.40640971139073379 0.24315633587539198 0.0065986393386498103
0.59708369299769404 0.40640971139073379 0.24315633587539198 0.0065986393386498103
0.44486628398299211 0.15937109291553497 0.24315633587539198 0.0065986393386498103
0.44486628398299211 0.40640971139073379 0.35904094427824018 0.0065986393386498103
0.44486628398299211 0.40640971139073379 0.24315633587539198 0.0050449650268070403
0.59708369299769404 0.15937109291553497 0.35904094427824018 0.0050449650268070403
0.40018664845265445 0.14603557176887991 0.47903188616037373 0.0084297150627709923
0.31002017264254389 0.14603557176887991 0.47903188616037373 0.0084297150627709923
0.40018664845265445 0.1227033592760563 0.47903188616037373 0.0084297150627709923
0.40018664845265445 0.14603557176887991 0.1267347689718008 0.0084297150627709923
0.40018664845265445 0.14603557176887991 0.47903188616037373 0.00015433685071766378
0.31002017264254389 0.1227033592760563 0.1267347689718008 0.00015433685071766378
0.055947379115968948 0.37565916925668719 0.22419635467231275 0.0035316878722980618
0.63441430386155839 0.37565916925668719 0.22419635467231275 0.0035316878722980618
0.055947379115968948 0.34109911434352402 0.22419635467231275 0.0035316878722980618
0.055947379115968948 0.37565916925668719 0.40543341711163527 0.0035316878722980618
0.055947379115968948 0.37565916925668719 0.22419635467231275 0.0086109663897193968
0.63441430386155839 0.34109911434352402 0.40543341711163527 0.0086109663897193968
0.32261978322640056 0.20085804313421252 0.33745281286537648 0.0072601653999648996
0.46645506802015002 0.20085804313421252 0.33745281286537648 0.0072601653999648996
0.32261978322640056 0.49061295874416833 0.33745281286537648 0.0072601653999648996
0.32261978322640056 0.20085804313421252 0.27430983074009418 0.0072601653999648996
0.32261978322640056 0.20085804313421252 0.33745281286537648 0.0073454763618297884
0.46645506802015002 0.49061295874416833 0.27430983074009418 0.0073454763618297884
0.62099165716208515 0.47119819410145281 0.16572584882378577 0.0022267703458666802
0.14211896294727921 0.47119819410145281 0.16572584882378577 0.0022267703458666802
0.62099165716208515 0.27063056975603106 0.16572584882378577 0.0022267703458666802
0.62099165716208515 0.47119819410145281 0.39673393368721011 0.0022267703458666802
0.62099165716208515 0.47119819410145281 0.16572584882378577 0.00405068982988596
0.14211896294727921 0.27063056975603106 0.39673393368721011 0.00405068982988596
0.55329590481705959 0.29552330933511262 0.29285859726369379 0.00079191548945382244
0.064343472011387348 0.29552330933511262 0.29285859726369379 0.00079191548945382244
0.55329590481705959 0.18887537084519865 0.29285859726369379 0.00079191548945382244
0.55329590481705959 0.29552330933511262 0.24139361307024956 0.00079191548945382244
0.55329590481705959 0.29552330933511262 0.29285859726369379 0.0058187064671888951
0.064343472011387348 0.18887537084519865 0.24139361307024956 0.0058187064671888951
0.2468203860335052 0.42538456246256828 0.41018798053264616 0.0062192602625116711
0.38996763718314464 0.42538456246256828 0.41018798053264616 0.0062192602625116711
0.2468203860335052 0.36901428923010826 0.41018798053264616 0.0062192602625116711
0.2468203860335052 0.42538456246256828 0.31267019622027875 0.0062192602625116711
0.2468203860335052 0.42538456246256828 0.41018798053264616 0.0031387612241320314
0.38996763718314464 0.36901428923010826 0.31267019622027875 0.0031387612241320314
0.14280698327347635 0.15132090672850609 0.1468819282948971 0.0050366368482820693
0.55728372680023308 0.15132090672850609 0.1468819282948971 0.0050366368482820693
0.14280698327347635 0.42437072098255157 0.1468819282948971 0.0050366368482820693
0.14280698327347635 0.15132090672850609 0.1577100917696953 0.0050366368482820693
0.14280698327347635 0.15132090672850609 0.1468819282948971 0.0017188622168265286
0.55728372680023308 0.42437072098255157 0.1577100917696953 0.0017188622168265286
0.49483127486892037 0.32152029536664484 0.35611504651606085 0.0094005260806530721
0.23163812826387581 0.32152029536664484 0.35611504651606085 0.0094005260806530721
0.49483127486892037 0.2426939968019724 0.35611504651606085 0.0094005260806530721
0.49483127486892037 0.32152029536664484 0.48521251119673259 0.0094005260806530721
0.49483127486892037 0.32152029536664484 0.35611504651606085 0.0095625009765848527
0.23163812826387581 0.2426939968019724 0.48521251119673259 0.0095625009765848527
0.48182091685011974 0.27873571366071703 0.44928989373147488 0.0067709301454015082
0.44362536142580206 0.27873571366071703 0.44928989373147488 0.0067709301454015082
0.48182091685011974 0.2653337169438601 0.44928989373147488 0.0067709301454015082
0.48182091685011974 0.27873571366071703 0.187565890327096 0.0067709301454015082
0.48182091685011974 0.27873571366071703 0.44928989373147488 0.0084970618342049414
0.44362536142580206 0.2653337169438601 0.187565890327096 0.0084970618342049414
0.13552377209998667 0.44917925484478471 0.25373169779777527 0.0014668319663032892
0.11923004733398557 0.44917925484478471 0.25373169779777527 0.0014668319663032892
0.13552377209998667 0.49547339826822279 0.25373169779777527 0.0014668319663032892
0.13552377209998667 0.44917925484478471 0.46628887206315994 0.0014668319663032892
0.13552377209998667 0.44917925484478471 0.25373169779777527 0.00026700399592518811
0.11923004733398557 0.49547339826822279 0.46628887206315994 0.00026700399592518811
0.23447419838048517 0.17440748400986195 0.39203774258494384 0.0076319397429935642
0.27704413426108654 0.17440748400986195 0.39203774258494384 0.0076319397429935642
0.23447419838048517 0.34791239872574808 0.39203774258494384 0.0076319397429935642
0.23447419838048517 0.17440748400986195 0.21030347160995008 0.0076319397429935642
0.23447419838048517 0.17440748400986195 0.39203774258494384 0.0039331975515931846
0.27704413426108654 0.34791239872574808 0.21030347160995008 0.0039331975515931846
0.54538749875500792 0.30392695218324661 0.11103342808783055 0.0030819594275206326
0.60137905646115541 0.30392695218324661 0.11103342808783055 0.0030819594275206326
0.54538749875500792 0.11623491160571575 0.11103342808783055 0.0030819594275206326
0.54538749875500792 0.30392695218324661 0.33280071243643761 0.0030819594275206326
0.54538749875500792 0.30392695218324661 0.11103342808783055 0.0074642237530089927
0.60137905646115541 0.11623491160571575 0.33280071243643761 0.0074642237530089927
0.63336817091330877 0.12842371687293053 0.23507541865110398 0.004199429659638554
0.68168493146076792 0.12842371687293053 0.23507541865110398 0.004199429659638554
0.63336817091330877 0.24955230653285981 0.23507541865110398 0.004199429659638554
0.63336817091330877 0.12842371687293053 0.28034131824970243 0.004199429659638554
0.63336817091330877 0.12842371687293053 0.23507541865110398 0.0030254331826232374
0.68168493146076792 0.24955230653285981 0.28034131824970243 0.0030254331826232374
0.33053743918426332 0.39871505163609988 0.46812745444476611 0.0089887095170095559
0.35605946960858997 0.39871505163609988 0.46812745444476611 0.0089887095170095559
0.33053743918426332 0.41794882453978066 0.46812745444476611 0.0089887095170095559
0.33053743918426332 0.39871505163609988 0.35164223499596126 0.0089887095170095559
0.33053743918426332 0.39871505163609988 0.46812745444476611 0.0059331963879987607
0.35605946960858997 0.41794882453978066 0.35164223499596126 0.0059331963879987607
0.068928631441667679 0.22467084489762784 0.17987100966274738 0.00026476835375651721
0.19891084488481281 0.22467084489762784 0.17987100966274738 0.00026476835375651721
0.068928631441667679 0.36376398764550688 0.17987100966274738 0.00026476835375651721
0.068928631441667679 0.22467084489762784 0.12183710113167763 0.00026476835375651721
0.068928631441667679 0.22467084489762784 0.17987100966274738 0.0094431682201102374
0.19891084488481281 0.36376398764550688 0.12183710113167763 0.0094431682201102374
0.40745935058221217 0.45444093868136404 0.32338146641850474 0.0054987537518143663
0.52455514674074943 0.45444093868136404 0.32338146641850474 0.0054987537518143663
0.40745935058221217 0.19378083571791649 0.32338146641850474 0.0054987537518143663
0.40745935058221217 0.45444093868136404 0.44941265843808653 0.0054987537518143663
0.40745935058221217 0.45444093868136404 0.32338146641850474 0.0018370153914205733
0.52455514674074943 0.19378083571791649 0.44941265843808653 0.0018370153914205733
0.45283695249818257 0.19333361126482487 0.16248168237507343 0.009572798299696296
0.080401521176099777 0.19333361126482487 0.16248168237507343 0.009572798299696296
0.45283695249818257 0.13670593649148943 0.16248168237507343 0.009572798299696296
0.45283695249818257 0.19333361126482487 0.26764356642961507 0.009572798299696296
0.45283695249818257 0.19333361126482487 0.16248168237507343 0.0032837318796664476
0.080401521176099777 0.13670593649148943 0.26764356642961507 0.0032837318796664476
0.10358973871916533 0.33539007008075716 0.34074856117367747 0.0048632977537810809
0.40477506169117983 0.33539007008075716 0.34074856117367747 0.0048632977537810809
0.10358973871916533 0.3058104682713747 0.34074856117367747 0.0048632977537810809
0.10358973871916533 0.33539007008075716 0.38933543302118778 0.0048632977537810809
0.10358973871916533 0.33539007008075716 0.34074856117367747 0.0056350603961385793
0.40477506169117983 0.3058104682713747 0.38933543302118778 0.0056350603961385793
0.36502501647919411 0.25977259278297427 0.20400502532720566 0.0060832429447211329
0.56183665385469794 0.25977259278297427 0.20400502532720566 0.0060832429447211329
0.36502501647919411 0.45002650134265421 0.20400502532720566 0.0060832429447211329
0.36502501647919411 0.25977259278297427 0.13413347229361536 0.0060832429447211329
0.36502501647919411 0.25977259278297427 0.20400502532720566 0.0090887263712473212
0.56183665385469794 0.45002650134265421 0.13413347229361536 0.0090887263712473212
0.67887970744632176 0.41775312460958958 0.49917563907802109 0.00092899968270212423
0.23747949316166339 0.41775312460958958 0.49917563907802109 0.00092899968270212423
0.67887970744632176 0.28250917568802836 0.49917563907802109 0.00092899968270212423
0.67887970744632176 0.41775312460958958 0.412099526450038 0.00092899968270212423
0.67887970744632176 0.41775312460958958 0.49917563907802109 0.0021539708480238914
0.23747949316166339 0.28250917568802836 0.412099526450038 0.0021539708480238914
0.58181534702889615 0.24364760629832746 0.37190918847918508 0.0020513164016418158
0.3146127677056938 0.24364760629832746 0.37190918847918508 0.0020513164016418158
0.58181534702889615 0.15172744430601598 0.37190918847918508 0.0020513164016418158
0.58181534702889615 0.24364760629832746 0.15026503391563895 0.0020513164016418158
0.58181534702889615 0.24364760629832746 0.37190918847918508 0.0075571325236931455
0.3146127677056938 0.15172744430601598 0.15026503391563895 0.0075571325236931455
0.28050766028463836 0.4858562715351582 0.13113614954054356 0.007435156716778875
0.64021599106490612 0.4858562715351582 0.13113614954054356 0.007435156716778875
0.28050766028463836 0.38408881127834327 0.13113614954054356 0.007435156716778875
0.28050766028463836 0.4858562715351582 0.47859733402729032 0.007435156716778875
0.28050766028463836 0.4858562715351582 0.13113614954054356 0.0012468484926037491
0.64021599106490612 0.38408881127834327 0.47859733402729032 0.0012468484926037491
0.18141338117420674 0.1095083810389042 0.41783010326325898 0.0036660529677756131
0.4825527948793023 0.1095083810389042 0.41783010326325898 0.0036660529677756131
0.18141338117420674 0.43497751578688626 0.41783010326325898 0.0036660529677756131
0.18141338117420674 0.1095083810389042 0.24800856374204161 0.0036660529677756131
0.18141338117420674 0.1095083810389042 0.41783010326325898 0.0048531012616120283
0.4825527948793023 0.43497751578688626 0.24800856374204161 0.0048531012616120283
0.51843221331946543 0.36723828725516794 0.28516563177108767 0.0082958125947043306
0.15688671944662927 0.36723828725516794 0.28516563177108767 0.0082958125947043306
0.51843221331946543 0.20415452681481838 0.28516563177108767 0.0082958125947043306
0.51843221331946543 0.36723828725516794 0.32011543288826944 0.0082958125947043306
0.51843221331946543 0.36723828725516794 0.28516563177108767 0.0065817332645878206
0.15688671944662927 0.20415452681481838 0.32011543288826944 0.0065817332645878206
0.51538553494028738 0.12242709025740624 0.33048494458198552 0.00058227004557847987
0.58457739436998957 0.12242709025740624 0.33048494458198552 0.00058227004557847987
0.51538553494028738 0.39974503926932814 0.33048494458198552 0.00058227004557847987
0.51538553494028738 0.12242709025740624 0.45922844819724562 0.00058227004557847987
0.51538553494028738 0.12242709025740624 0.33048494458198552 0.0045485879615880555
0.58457739436998957 0.39974503926932814 0.45922844819724562 0.0045485879615880555
0.20478959679603576 0.35512686036527163 0.17252441607415675 0.0051902732945047327
0.26020383569411931 0.35512686036527163 0.17252441607415675 0.0051902732945047327
0.20478959679603576 0.16735916212201118 0.17252441607415675 0.0051902732945047327
0.20478959679603576 0.35512686036527163 0.18673063144087793 0.0051902732945047327
0.20478959679603576 0.35512686036527163 0.17252441607415675 0.0068475735094398272
0.26020383569411931 0.16735916212201118 0.18673063144087793 0.0068475735094398272
0.26835900694131848 0.23066767416894438 0.48583045043051243 0.003898808981664479
0.092906670831143845 0.23066767416894438 0.48583045043051243 0.003898808981664479
0.26835900694131848 0.21357143372297288 0.48583045043051243 0.003898808981664479
0.26835900694131848 0.23066767416894438 0.34290257431566717 0.003898808981664479
0.26835900694131848 0.23066767416894438 0.48583045043051243 0.0078810371555387976
0.092906670831143845 0.21357143372297288 0.34290257431566717 0.0078810371555387976
0.61433878946118059 0.49802930876612661 0.21722848936915398 0.009299569366965443
0.41726381336338814 0.49802930876612661 0.21722848936915398 0.009299569366965443
0.61433878946118059 0.44436991401016712 0.21722848936915398 0.009299569366965443
0.61433878946118059 0.49802930876612661 0.21417939811944964 0.009299569366965443
0.61433878946118059 0.49802930876612661 0.21722848936915398 0.00088427080558612953
0.41726381336338814 0.44436991401016712 0.21417939811944964 0.00088427080558612953
0.68121133497916153 0.27196374982595445 0.14138033501803876 0.0079494600962847477
0.50009643058292563 0.27196374982595445 0.14138033501803876 0.0079494600962847477
0.68121133497916153 0.31514193937182428 0.14138033501803876 0.0079494600962847477
0.68121133497916153 0.27196374982595445 0.37269386425614359 0.0079494600962847477
0.68121133497916153 0.27196374982595445 0.14138033501803876 0.0088229037920944386
0.50009643058292563 0.31514193937182428 0.37269386425614359 0.0088229037920944386
0.34236321244388812 0.40480351932346825 0.36183472126722338 0.0027734603087417784
0.17449322538450357 0.40480351932346825 0.36183472126722338 0.0027734603087417784
0.34236321244388812 0.14606172703206541 0.36183472126722338 0.0027734603087417784
0.34236321244388812 0.40480351932346825 0.29511811397969723 0.0027734603087417784
0.34236321244388812 0.40480351932346825 0.36183472126722338 0.0024584641220048069
0.17449322538450357 0.14606172703206541 0.29511811397969723 0.0024584641220048069
0.1164521837607026 0.1811792690306902 0.29857826903462414 0.0064702908059582126
0.34239200395531949 0.1811792690306902 0.29857826903462414 0.0064702908059582126
0.1164521837607026 0.29810437895357611 0.29857826903462414 0.0064702908059582126
0.1164521837607026 0.1811792690306902 0.4251280993223191 0.0064702908059582126
0.1164521837607026 0.1811792690306902 0.29857826903462414 0.0036463273061439396
0.34239200395531949 0.29810437895357611 0.4251280993223191 0.0036463273061439396
0.41960031888447696 0.34830248504877093 0.40468639023602015 0.0017777104777283968
0.66805809754878276 0.34830248504877093 0.40468639023602015 0.0017777104777283968
0.41960031888447696 0.4656460225582123 0.40468639023602015 0.0017777104777283968
0.41960031888447696 0.34830248504877093 0.10382660813629628 0.0017777104777283968
0.41960031888447696 0.34830248504877093 0.40468639023602015 0.0053111356644891207
0.66805809754878276 0.4656460225582123 0.10382660813629628 0.0053111356644891207
0.38515244228765361 0.21175375096499921 0.26868894174695013 0.0033503544865176082
0.21873450786806642 0.21175375096499921 0.26868894174695013 0.0033503544865176082
0.38515244228765361 0.40231690481305127 0.26868894174695013 0.0033503544865176082
0.38515244228765361 0.21175375096499921 0.38539768084883697 0.0033503544865176082
0.38515244228765361 0.21175375096499921 0.26868894174695013 0.0097090095713734635
0.21873450786806642 0.40231690481305127 0.38539768084883697 0.0097090095713734635
0.070980389090254906 0.46655398085713384 0.43455348499119284 0.0086012624626047914
0.54312984012067311 0.46655398085713384 0.43455348499119284 0.0086012624626047914
0.070980389090254906 0.23389587812125684 0.43455348499119284 0.0086012624626047914
0.070980389090254906 0.46655398085713384 0.25743105821311474 0.0086012624626047914
0.070980389090254906 0.46655398085713384 0.43455348499119284 0.0015325033453293146
0.54312984012067311 0.23389587812125684 0.25743105821311474 0.0015325033453293146
0.2970252749044448 0.14140241518616678 0.12280994169414045 0.0023549678165465594
0.37523883557878429 0.14140241518616678 0.12280994169414045 0.0023549678165465594
0.2970252749044448 0.1843882340937853 0.12280994169414045 0.0023549678165465594
0.2970252749044448 0.14140241518616678 0.41282565742731092 0.0023549678165465594
0.2970252749044448 0.14140241518616678 0.12280994169414045 0.0026628566020168365
0.37523883557878429 0.1843882340937853 0.41282565742731092 0.0026628566020168365
0.64658985091373322 0.38654078058898456 0.38038290590047841 0.0071224935087375353
0.050903931539505724 0.38654078058898456 0.38038290590047841 0.0071224935087375353
0.64658985091373322 0.35434687584638602 0.38038290590047841 0.0071224935087375353
0.64658985091373322 0.38654078058898456 0.14113360382616522 0.0071224935087375353
0.64658985091373322 0.38654078058898456 0.38038290590047841 0.0062571022737771282
0.050903931539505724 0.35434687584638602 0.14113360382616522 0.0062571022737771282
0.5684094578959048 0.16221471168100834 0.45320189632475383 0.0057675259495154028
0.13564207330346106 0.16221471168100834 0.45320189632475383 0.0057675259495154028
0.5684094578959048 0.48611743114888673 0.45320189632475383 0.0057675259495154028
0.5684094578959048 0.16221471168100834 0.49652316235005856 0.0057675259495154028
0.5684094578959048 0.16221471168100834 0.45320189632475383 0.0042376919319853197
0.13564207330346106 0.48611743114888673 0.49652316235005856 0.0042376919319853197
0.23170802914537486 0.31687494218349455 0.24983121082186699 0.0012344680645503105
0.4612675169948488 0.31687494218349455 0.24983121082186699 0.0012344680645503105
0.23170802914537486 0.25600206777453427 0.24983121082186699 0.0012344680645503105
0.23170802914537486 0.31687494218349455 0.17441610470414162 0.0012344680645503105
0.23170802914537486 0.31687494218349455 0.24983121082186699 0.0071984024277888248
0.4612675169948488 0.25600206777453427 0.17441610470414162 0.0071984024277888248
0.16832214468158779 0.29089128971099854 0.31152515411376958 0.0098764682285487661
0.62849306901916857 0.29089128971099854 0.31152515411376958 0.0098764682285487661
0.16832214468158779 0.1006152093410492 0.31152515411376958 0.0098764682285487661
0.16832214468158779 0.29089128971099854 0.30520361848175526 0.0098764682285487661
0.16832214468158779 0.29089128971099854 0.31152515411376958 0.0081731382089667015
0.62849306901916857 0.1006152093410492 0.30520361848175526 0.0081731382089667015
0.46931242803111667 0.43626807369291787 0.19145835004746914 0.0045506160317920156
0.30284874900244174 0.43626807369291787 0.19145835004746914 0.0045506160317920156
0.46931242803111667 0.33231701590120793 0.19145835004746914 0.0045506160317920156
0.46931242803111667 0.43626807369291787 0.22687074840068819 0.0045506160317920156
0.46931242803111667 0.43626807369291787 0.19145835004746914 0.0006296006763353945
0.30284874900244174 0.33231701590120793 0.22687074840068819 0.0006296006763353945
0.46982597038149826 0.16165053807199004 0.34765743091702461 0.003260244170948863
0.24901633551344271 0.16165053807199004 0.34765743091702461 0.003260244170948863
0.46982597038149826 0.44402504377067087 0.34765743091702461 0.003260244170948863
0.46982597038149826 0.16165053807199004 0.26018190160393717 0.003260244170948863
0.46982597038149826 0.16165053807199004 0.34765743091702461 0.007761516853142531
0.24901633551344271 0.44402504377067087 0.26018190160393717 0.007761516853142531
0.16905828746967017 0.31626803204417231 0.15532800443470479 0.0086996953140012923
0.57338941111229358 0.31626803204417231 0.15532800443470479 0.0086996953140012923
0.16905828746967017 0.21391015127301216 0.15532800443470479 0.0086996953140012923
0.16905828746967017 0.31626803204417231 0.3826308395713568 0.0086996953140012923
0.16905828746967017 0.31626803204417231 0.15532800443470479 0.0011608917646110059
0.57338941111229358 0.21391015127301216 0.3826308395713568 0.0011608917646110059
0.23262827876023945 0.29149288758635522 0.49363328926265237 0.002574388246797025
0.40560007914900775 0.29149288758635522 0.49363328926265237 0.002574388246797025
0.23262827876023945 0.16770403832197189 0.49363328926265237 0.002574388246797025
0.23262827876023945 0.29149288758635522 0.13763977587223053 0.002574388246797025
0.23262827876023945 0.29149288758635522 0.49363328926265237 0.0049003858011215928
0.40560007914900775 0.16770403832197189 0.13763977587223053 0.0049003858011215928
0.5687785662710666 0.43683914206922059 0.20940022319555285 0.0069116694879718136
0.081242763483896849 0.43683914206922059 0.20940022319555285 0.0069116694879718136
0.5687785662710666 0.39940631575882435 0.20940022319555285 0.0069116694879718136
0.5687785662710666 0.43683914206922059 0.41631416864693171 0.0069116694879718136
0.5687785662710666 0.43683914206922059 0.20940022319555285 0.0063386767835356302
0.081242763483896849 0.39940631575882435 0.41631416864693171 0.0063386767835356302
0.64552143830806008 0.21113388128578664 0.13667811788618567 0.0059481375679373751
0.16600330597721039 0.21113388128578664 0.13667811788618567 0.0059481375679373751
0.64552143830806008 0.46608850881457331 0.13667811788618567 0.0059481375679373751
0.64552143830806008 0.21113388128578664 0.17171572260558604 0.0059481375679373751
0.64552143830806008 0.21113388128578664 0.13667811788618567 0.0033718031807802619
0.16600330597721039 0.46608850881457331 0.17171572260558604 0.0033718031807802619
0.29684398300014431 0.46600123792886738 0.36651360914111142 0.0010621789819560946
0.49160637436434618 0.46600123792886738 0.36651360914111142 0.0010621789819560946
0.29684398300014431 0.29766795299947263 0.36651360914111142 0.0010621789819560946
0.29684398300014431 0.46600123792886738 0.49924259409308436 0.0010621789819560946
0.29684398300014431 0.46600123792886738 0.36651360914111142 0.0054333948878571396
0.49160637436434618 0.29766795299947263 0.49924259409308436 0.0054333948878571396
0.070933612948283556 0.14196052402257919 0.27825638055801394 0.0097478229748085149
0.65877487123943856 0.14196052402257919 0.27825638055801394 0.0097478229748085149
0.070933612948283556 0.14561924673616888 0.27825638055801394 0.0097478229748085149
0.070933612948283556 0.14196052402257919 0.23041501380503179 0.0097478229748085149
0.070933612948283556 0.14196052402257919 0.27825638055801394 0.0093290634410455823
0.65877487123943856 0.14561924673616888 0.23041501380503179 0.0093290634410455823
0.38390984106808895 0.38715380914509301 0.42498339973390109 0.0046878576950170102
0.33310833089053626 0.38715380914509301 0.42498339973390109 0.0046878576950170102
0.38390984106808895 0.3155783593654633 0.42498339973390109 0.0046878576950170102
0.38390984106808895 0.38715380914509301 0.30166772156953814 0.0046878576950170102
0.38390984106808895 0.38715380914509301 0.42498339973390109 0.0021045711453072727
0.33310833089053626 0.3155783593654633 0.30166772156953814 0.0021045711453072727
0.42051491928286844 0.2729193367063999 0.260885089635849 0.0004788794392719865
0.61525531006045642 0.2729193367063999 0.260885089635849 0.0004788794392719865
0.42051491928286844 0.35391044691205031 0.260885089635849 0.0004788794392719865
0.42051491928286844 0.2729193367063999 0.18401032947003843 0.0004788794392719865
0.42051491928286844 0.2729193367063999 0.260885089635849 0.003094163954630494
0.61525531006045642 0.35391044691205031 0.18401032947003843 0.003094163954630494
0.11682696072384714 0.40580184273421771 0.44238073788583276 0.0052850581237114972
0.29085953105241058 0.40580184273421771 0.44238073788583276 0.0052850581237114972
0.11682696072384714 0.18483071736991408 0.44238073788583276 0.0052850581237114972
0.11682696072384714 0.40580184273421771 0.4619281746447087 0.0052850581237114972
0.11682696072384714 0.40580184273421771 0.44238073788583276 0.0056735182174481461
0.29085953105241058 0.18483071736991408 0.4619281746447087 0.0056735182174481461
0.34287126539275042 0.18018783442676067 0.10563794411718846 0.004104920723289252
0.12350531588308512 0.18018783442676067 0.10563794411718846 0.004104920723289252
0.34287126539275042 0.23433230109512806 0.10563794411718846 0.004104920723289252
0.34287126539275042 0.18018783442676067 0.21771597452461722 0.004104920723289252
0.34287126539275042 0.18018783442676067 0.10563794411718846 0.009664174239058047
0.12350531588308512 0.23433230109512806 0.21771597452461722 0.009664174239058047
0.68195298654027281 0.34734157994389536 0.39757980629801748 0.0090851444571278996
0.44784008311107748 0.34734157994389536 0.39757980629801748 0.0090851444571278996
0.68195298654027281 0.401874427497387 0.39757980629801748 0.0090851444571278996
0.68195298654027281 0.34734157994389536 0.33935915529727934 0.0090851444571278996
0.68195298654027281 0.34734157994389536 0.39757980629801748 0.0017296124309301379
0.44784008311107748 0.401874427497387 0.33935915529727934 0.0017296124309301379
0.61429628231562672 0.12343684434890748 0.47352331988513474 0.0081167536584660412
0.53069509621709576 0.12343684434890748 0.47352331988513474 0.0081167536584660412
0.61429628231562672 0.3326557364314795 0.47352331988513474 0.0081167536584660412
0.61429628231562672 0.12343684434890748 0.29788561090826993 0.0081167536584660412
0.61429628231562672 0.12343684434890748 0.47352331988513474 0.0087594588259235027
0.53069509621709576 0.3326557364314795 0.29788561090826993 0.0087594588259235027
0.26711215609684585 0.3560694877058268 0.22953373640775682 0.0025975609694607557
0.20506947939284143 0.3560694877058268 0.22953373640775682 0.0025975609694607557
0.26711215609684585 0.1002703420817852 0.22953373640775682 0.0025975609694607557
0.26711215609684585 0.3560694877058268 0.36994389109313486 0.0025975609694607557
0.26711215609684585 0.3560694877058268 0.22953373640775682 0.00020038779703900219
0.20506947939284143 0.1002703420817852 0.36994389109313486 0.00020038779703900219
0.20372561300173397 0.22971819974482061 0.31622845605015759 0.0063283746290951973
0.37306993538513772 0.22971819974482061 0.31622845605015759 0.0063283746290951973
0.20372561300173397 0.2556633412837982 0.31622845605015759 0.0063283746290951973
0.20372561300173397 0.22971819974482061 0.10033725053071976 0.0063283746290951973
0.20372561300173397 0.22971819974482061 0.31622845605015759 0.0040384853488765662
0.37306993538513772 0.2556633412837982 0.10033725053071976 0.0040384853488765662
0.5151998335961252 0.4970249146223068 0.18678054697811605 0.00191131348637864
0.69871377232484511 0.4970249146223068 0.18678054697811605 0.00191131348637864
0.5151998335961252 0.48646230436861515 0.18678054697811605 0.00191131348637864
0.5151998335961252 0.4970249146223068 0.42862124778330324 0.00191131348637864
0.5151998335961252 0.4970249146223068 0.18678054697811605 0.0072404983228072529
0.69871377232484511 0.48646230436861515 0.42862124778330324 0.0072404983228072529
0.51719455183483654 0.24264320321381094 0.42896235473454003 0.0094296842114068562
0.070114817982539532 0.24264320321381094 0.42896235473454003 0.0094296842114068562
0.51719455183483654 0.11589004285633564 0.42896235473454003 0.0094296842114068562
0.51719455183483654 0.24264320321381094 0.39282849729061131 0.0094296842114068562
0.51719455183483654 0.24264320321381094 0.42896235473454003 0.0042849719167687003
0.070114817982539532 0.11589004285633564 0.39282849729061131 0.0042849719167687003
0.18136166529729963 0.48490681201219565 0.2740352638065815 0.0049957006381824622
0.39451061515137548 0.48490681201219565 0.2740352638065815 0.0049957006381824622
0.18136166529729963 0.34825111776590345 0.2740352638065815 0.0049957006381824622
0.18136166529729963 0.48490681201219565 0.26415429301559923 0.0049957006381824622
0.18136166529729963 0.48490681201219565 0.2740352638065815 0.0069553410600870858
0.39451061515137548 0.34825111776590345 0.26415429301559923 0.0069553410600870858
0.28031151043251151 0.11045099943876267 0.38734055608510976 0.0062493197864852855
0.55147052020765841 0.11045099943876267 0.38734055608510976 0.0062493197864852855
0.28031151043251151 0.49581827297806746 0.38734055608510976 0.0062493197864852855
0.28031151043251151 0.11045099943876267 0.40934944525361061 0.0062493197864852855
0.28031151043251151 0.11045099943876267 0.38734055608510976 0.0083775273881852626
0.55147052020765841 0.49581827297806746 0.40934944525361061 0.0083775273881852626
0.58076179237104952 0.36824805624783041 0.11570513956248761 0.0007518811151385308
0.22713577114045619 0.36824805624783041 0.11570513956248761 0.0007518811151385308
0.58076179237104952 0.26499499194324017 0.11570513956248761 0.0007518811151385308
0.58076179237104952 0.36824805624783041 0.13690107725560666 0.0007518811151385308
0.58076179237104952 0.36824805624783041 0.11570513956248761 0.00054364853994920859
0.22713577114045619 0.26499499194324017 0.13690107725560666 0.00054364853994920859
0.67924383734352878 0.1923726972192526 0.24287317916750908 0.0022562303793616594
0.30424665948376056 0.1923726972192526 0.24287317916750908 0.0022562303793616594
0.67924383734352878 0.19422331750392915 0.24287317916750908 0.0022562303793616594
0.67924383734352878 0.1923726972192526 0.4750538323074579 0.0022562303793616594
0.67924383734352878 0.1923726972192526 0.24287317916750908 0.0099493515278212732
0.30424665948376056 0.19422331750392915 0.4750538323074579 0.0099493515278212732
0.36595024457201358 0.33439865037798883 0.46030631698668001 0.007219531535170973
0.6298722581472247 0.33439865037798883 0.46030631698668001 0.007219531535170973
0.36595024457201358 0.36332755722105503 0.46030631698668001 0.007219531535170973
0.36595024457201358 0.33439865037798883 0.15380169302225113 0.007219531535170973
0.36595024457201358 0.33439865037798883 0.46030631698668001 0.0014831081973388793
0.6298722581472247 0.36332755722105503 0.15380169302225113 0.0014831081973388793
0.10434077819809318 0.26077090725302698 0.19704909883439542 0.003561445493530482
0.47226610258221619 0.26077090725302698 0.19704909883439542 0.003561445493530482
0.10434077819809318 0.41750634871423242 0.19704909883439542 0.003561445493530482
0.10434077819809318 0.26077090725302698 0.32281505279242995 0.003561445493530482
0.10434077819809318 0.26077090725302698 0.19704909883439542 0.0027509233115240932
0.47226610258221619 0.41750634871423242 0.32281505279242995 0.0027509233115240932
0.45333559815771873 0.41870872639119627 0.30617845058441162 0.00838937834315002
0.14662224748171865 0.41870872639119627 0.30617845058441162 0.00838937834315002
0.45333559815771873 0.24998873099684715 0.30617845058441162 0.00838937834315002
0.45333559815771873 0.41870872639119627 0.24528836831450462 0.00838937834315002
0.45333559815771873 0.41870872639119627 0.30617845058441162 0.0060554319157265137
0.14662224748171865 0.24998873099684715 0.24528836831450462 0.0060554319157265137
0.40726870950311417 0.12903675436973572 0.1671778079122305 0.0066435015383176513
0.43357733096927398 0.12903675436973572 0.1671778079122305 0.0066435015383176513
0.40726870950311417 0.28207274824380879 0.1671778079122305 0.0066435015383176513
0.40726870950311417 0.12903675436973572 0.46275305934250355 0.0066435015383176513
0.40726870950311417 0.12903675436973572 0.1671778079122305 0.0090439049243926997
0.43357733096927398 0.28207274824380879 0.46275305934250355 0.0090439049243926997
0.067869587382301685 0.39927314557135107 0.33607578873634336 0.0016052927840501071
0.10920423720963299 0.39927314557135107 0.33607578873634336 0.0016052927840501071
0.067869587382301685 0.45046898610889918 0.33607578873634336 0.0016052927840501071
0.067869587382301685 0.39927314557135107 0.19111007153987886 0.0016052927840501071
0.067869587382301685 0.39927314557135107 0.33607578873634336 0.0023510566067881881
0.10920423720963299 0.45046898610889918 0.19111007153987886 0.0023510566067881881
0.32930544628761704 0.22411811091005804 0.22433300539851189 0.0078137493466027084
0.26707536960020661 0.22411811091005804 0.22433300539851189 0.0078137493466027084
0.32930544628761704 0.30624688975512981 0.22433300539851189 0.0078137493466027084
0.32930544628761704 0.22411811091005804 0.33552025221288206 0.0078137493466027084
0.32930544628761704 0.22411811091005804 0.22433300539851189 0.0037150626697577539
0.26707536960020661 0.30624688975512981 0.33552025221288206 0.0037150626697577539
0.6333108058199286 0.45382105410099027 0.47887251414358623 0.0029108705429360272
0.59143266710452735 0.45382105410099027 0.47887251414358623 0.0029108705429360272
0.6333108058199286 0.13626345768570902 0.47887251414358623 0.0029108705429360272
0.6333108058199286 0.45382105410099027 0.20760298147797585 0.0029108705429360272
0.6333108058199286 0.45382105410099027 0.47887251414358623 0.0050514623437076817
0.59143266710452735 0.13626345768570902 0.20760298147797585 0.0050514623437076817
0.54613412879407397 0.27930679097771649 0.35473058670759205 0.0044200668840669102
0.6717161510605365 0.27930679097771649 0.35473058670759205 0.0044200668840669102
0.54613412879407397 0.20449324287474158 0.35473058670759205 0.0044200668840669102
0.54613412879407397 0.27930679097771649 0.35513082891702652 0.0044200668840669102
0.54613412879407397 0.27930679097771649 0.35473058670759205 0.0046538803135976201
0.6717161510605365 0.20449324287474158 0.35513082891702652 0.0046538803135976201
0.23497727285139258 0.44978083781898026 0.1483386527746916 0.008779104503244161
0.34611310083419078 0.44978083781898026 0.1483386527746916 0.008779104503244161
0.23497727285139258 0.43463264405727386 0.1483386527746916 0.008779104503244161
0.23497727285139258 0.44978083781898026 0.27684740759432314 0.008779104503244161
0.23497727285139258 0.44978083781898026 0.1483386527746916 0.0066238529658876368
0.34611310083419078 0.43463264405727386 0.27684740759432314 0.0066238529658876368
0.13588365237228572 0.17380058281123639 0.41003337986767296 0.00017585587585344911
0.18886279384605587 0.17380058281123639 0.41003337986767296 0.00017585587585344911
0.13588365237228572 0.38375008925795562 0.41003337986767296 0.00017585587585344911
0.13588365237228572 0.17380058281123639 0.44664592370390899 0.00017585587585344911
0.13588365237228572 0.17380058281123639 0.41003337986767296 0.0081434292974881823
0.18886279384605587 0.38375008925795562 0.44664592370390899 0.0081434292974881823
0.48275041393935675 0.30336276367306714 0.29298780634999277 0.0055983869487419733
0.51452935235574837 0.30336276367306714 0.29298780634999277 0.0055983869487419733
0.48275041393935675 0.1520723219960928 0.29298780634999277 0.0055983869487419733
0.48275041393935675 0.30336276367306714 0.12458783797919751 0.0055983869487419733
0.48275041393935675 0.30336276367306714 0.29298780634999277 0.00081765001509338624
0.51452935235574837 0.1520723219960928 0.12458783797919751 0.00081765001509338624
0.49509190521202973 0.29613707400858402 0.11231296211481095 0.0082527570723555984
0.32038312451913947 0.29613707400858402 0.11231296211481095 0.0082527570723555984
0.49509190521202973 0.13096460811793806 0.11231296211481095 0.0082527570723555984
0.49509190521202973 0.29613707400858402 0.40195018760859968 0.0082527570723555984
0.49509190521202973 0.29613707400858402 0.11231296211481095 0.0025368855626322329
0.32038312451913947 0.13096460811793806 0.40195018760859968 0.0025368855626322329
0.14379603806883096 0.42594340741634373 0.39068360738456254 0.0036979251436889174
0.64475995819084342 0.42594340741634373 0.39068360738456254 0.0036979251436889174
0.14379603806883096 0.31110324636101727 0.39068360738456254 0.0036979251436889174
0.14379603806883096 0.42594340741634373 0.13023404404520988 0.0036979251436889174
0.14379603806883096 0.42594340741634373 0.39068360738456254 0.008856896386668086
0.64475995819084342 0.31110324636101727 0.13023404404520988 0.008856896386668086
0.24798362944275137 0.15076889991760256 0.25398889370262623 0.007392407707218082
0.47673875410109751 0.15076889991760256 0.25398889370262623 0.007392407707218082
0.24798362944275137 0.45727874785661704 0.25398889370262623 0.007392407707218082
0.24798362944275137 0.15076889991760256 0.39949535168707373 0.007392407707218082
0.24798362944275137 0.15076889991760256 0.25398889370262623 0.0052529639832675466
0.47673875410109751 0.45727874785661704 0.39949535168707373 0.0052529639832675466
0.55342201939783986 0.32090116180479528 0.44905575290322308 0.002083495827950537
0.15238519650883972 0.32090116180479528 0.44905575290322308 0.002083495827950537
0.55342201939783986 0.27560174353420736 0.44905575290322308 0.002083495827950537
0.55342201939783986 0.32090116180479528 0.27155377715826035 0.002083495827950537
0.55342201939783986 0.32090116180479528 0.44905575290322308 0.0035147229094989597
0.15238519650883972 0.27560174353420736 0.27155377715826035 0.0035147229094989597
0.62033485281281164 0.14660585038363935 0.32202294729650022 0.00088564166752621546
0.074627137510105968 0.14660585038363935 0.32202294729650022 0.00088564166752621546
0.62033485281281164 0.15893471464514733 0.32202294729650022 0.00088564166752621546
0.62033485281281164 0.14660585038363935 0.31620064452290536 0.00088564166752621546
0.62033485281281164 0.14660585038363935 0.32202294729650022 0.0068102761383168411
0.074627137510105968 0.15893471464514733 0.31620064452290536 0.0068102761383168411
0.32202688306570049 0.37625997737050054 0.18115836083889009 0.0061148133654147395
0.40023388648405667 0.37625997737050054 0.18115836083889009 0.0061148133654147395
0.32202688306570049 0.37733018957078457 0.18115836083889009 0.0061148133654147395
0.32202688306570049 0.37625997737050054 0.23784406743943692 0.0061148133654147395
0.32202688306570049 0.37625997737050054 0.18115836083889009 0.0044687122540548454
0.40023388648405667 0.37733018957078457 0.23784406743943692 0.0044687122540548454
0.055498912930488586 0.20025034323334695 0.46790113672614098 0.0048208512370474643
0.56764666293747723 0.20025034323334695 0.46790113672614098 0.0048208512370474643
0.055498912930488586 0.42938489951193337 0.46790113672614098 0.0048208512370474643
0.055498912930488586 0.20025034323334695 0.48249828815460205 0.0048208512370474643
0.055498912930488586 0.20025034323334695 0.46790113672614098 0.0010173288790509105
0.56764666293747723 0.42938489951193337 0.48249828815460205 0.0010173288790509105
0.39934573727659878 0.47063323073089125 0.23532822467386724 0.0096052794812247159
0.24198380317538976 0.47063323073089125 0.23532822467386724 0.0096052794812247159
0.39934573727659878 0.20940223038196565 0.23532822467386724 0.0096052794812247159
0.39934573727659878 0.47063323073089125 0.16041589863598349 0.0096052794812247159
0.39934573727659878 0.47063323073089125 0.23532822467386724 0.0079425130232237285
0.24198380317538976 0.20940223038196565 0.16041589863598349 0.0079425130232237285
0.44603380123153324 0.18179210275411606 0.49935310706496239 0.0054617465001530951
0.68606857755221418 0.18179210275411606 0.49935310706496239 0.0054617465001530951
0.44603380123153324 0.27107310071587565 0.49935310706496239 0.0054617465001530951
0.44603380123153324 0.18179210275411606 0.32890605255961419 0.0054617465001530951
0.44603380123153324 0.18179210275411606 0.49935310706496239 0.0070782739311456688
0.68606857755221418 0.27107310071587565 0.32890605255961419 0.0070782739311456688
0.091311832005158064 0.33948576934635644 0.20389867760241032 0.00031235470380634072
0.36167399957776064 0.33948576934635644 0.20389867760241032 0.00031235470380634072
0.091311832005158064 0.49017657749354837 0.20389867760241032 0.00031235470380634072
0.091311832005158064 0.33948576934635644 0.20015851967036724 0.00031235470380634072
0.091311832005158064 0.33948576934635644 0.20389867760241032 0.0041607839328236884
0.36167399957776064 0.49017657749354837 0.20015851967036724 0.0041607839328236884
0.3579835774842649 0.26505246944725513 0.34215588830411436 0.0089519998530857275
0.19456654353998598 0.26505246944725513 0.34215588830411436 0.0089519998530857275
0.3579835774842649 0.34065658934414389 0.34215588830411436 0.0089519998530857275
0.3579835774842649 0.26505246944725513 0.47019736617803576 0.0089519998530857275
0.3579835774842649 0.26505246944725513 0.34215588830411436 0.00065332571947947151
0.19456654353998598 0.34065658934414389 0.47019736617803576 0.00065332571947947151
0.66683939108625045 0.40742020756006248 0.16104781925678255 0.0042473131548613312
0.51890251180157065 0.40742020756006248 0.16104781925678255 0.0042473131548613312
0.66683939108625045 0.1231397345662117 0.16104781925678255 0.0042473131548613312
0.66683939108625045 0.40742020756006248 0.19772447384893896 0.0042473131548613312
0.66683939108625045 0.40742020756006248 0.16104781925678255 0.0082690876189619299
0.51890251180157065 0.1231397345662117 0.19772447384893896 0.0082690876189619299
0.58869805587455626 0.23132437095046043 0.28505490012466905 0.0030446502731181681
0.43924140296876424 0.23132437095046043 0.28505490012466905 0.0030446502731181681
0.58869805587455626 0.24234917722642424 0.28505490012466905 0.0030446502731181681
0.58869805587455626 0.23132437095046043 0.43924644552171233 0.0030446502731181681
0.58869805587455626 0.23132437095046043 0.28505490012466905 0.0016066730504855516
0.43924140296876424 0.24234917722642424 0.43924644552171233 0.0016066730504855516
0.29270662930794056 0.48917024396359921 0.41801538839936259 0.0076792237477377066
0.11361706466414034 0.48917024396359921 0.41801538839936259 0.0076792237477377066
0.29270662930794056 0.42470948919653895 0.41801538839936259 0.0076792237477377066
0.29270662930794056 0.48917024396359921 0.11792097762227059 0.0076792237477377066
0.29270662930794056 0.48917024396359921 0.41801538839936259 0.0098269662565551707
0.11361706466414034 0.42470948919653895 0.11792097762227059 0.0098269662565551707
0.1886926454026252 0.1155688401311636 0.12971010953187945 0.0014304242051206531
0.28138812808319924 0.1155688401311636 0.12971010953187945 0.0014304242051206531
0.1886926454026252 0.36935911476612093 0.12971010953187945 0.0014304242051206531
0.1886926454026252 0.1155688401311636 0.36179786808788783 0.0014304242051206531
0.1886926454026252 0.1155688401311636 0.12971010953187945 0.0061633240851573651
0.28138812808319924 0.36935911476612093 0.36179786808788783 0.0061633240851573651
0.53023408455774179 0.35768595263361935 0.37331212572753436 0.0068191159859299667
0.60703324354253707 0.35768595263361935 0.37331212572753436 0.0068191159859299667
0.53023408455774179 0.18853659667074682 0.37331212572753436 0.0068191159859299667
0.53023408455774179 0.35768595263361935 0.28424665927886961 0.0068191159859299667
0.53023408455774179 0.35768595263361935 0.37331212572753436 0.0026418692627921702
0.60703324354253707 0.18853659667074682 0.28424665927886961 0.0026418692627921702
0.50215414678677917 0.10269399397075177 0.21860570125281811 0.0045148112831637274
0.14125658753328024 0.10269399397075177 0.21860570125281811 0.0045148112831637274
0.50215414678677917 0.40912631340324879 0.21860570125281811 0.0045148112831637274
0.50215414678677917 0.10269399397075177 0.14503598846495153 0.0045148112831637274
0.50215414678677917 0.10269399397075177 0.21860570125281811 0.0058684032966382811
0.14125658753328024 0.40912631340324879 0.14503598846495153 0.0058684032966382811
0.19639839460141956 0.36975655630230908 0.48437868505716331 0.0099204256420023749
0.46565118366852398 0.36975655630230908 0.48437868505716331 0.0099204256420023749
0.19639839460141956 0.22674168199300768 0.48437868505716331 0.0099204256420023749
0.19639839460141956 0.36975655630230908 0.42297814339399342 0.0099204256420023749
0.19639839460141956 0.36975655630230908 0.48437868505716331 0.0028981169961392879
0.46565118366852398 0.22674168199300768 0.42297814339399342 0.0028981169961392879
0.25473063965328036 0.24416202083230021 0.17268397584557532 0.0011989704925566913
0.62284041349776087 0.24416202083230021 0.17268397584557532 0.0011989704925566913
0.25473063965328036 0.17919274047017097 0.17268397584557532 0.0011989704925566913
0.25473063965328036 0.24416202083230021 0.25351808182895186 0.0011989704925566913
0.25473063965328036 0.24416202083230021 0.17268397584557532 0.0019208342563360931
0.62284041349776087 0.17919274047017097 0.25351808182895186 0.0019208342563360931
0.6063438690267503 0.47713644914329056 0.33034848757088187 0.0058117898019962016
0.2985044633969664 0.47713644914329056 0.33034848757088187 0.0058117898019962016
0.6063438690267503 0.35999094061553483 0.33034848757088187 0.0058117898019962016
0.6063438690267503 0.47713644914329056 0.3752344243228436 0.0058117898019962016
0.6063438690267503 0.47713644914329056 0.33034848757088187 0.0094741319955326617
0.2985044633969664 0.35999094061553483 0.3752344243228436 0.0094741319955326617
0.69436358930543063 0.25301276184618471 0.40323023498058319 0.0070863870048895484
0.21312154578045006 0.25301276184618471 0.40323023498058319 0.0070863870048895484
0.69436358930543063 0.48077167272567756 0.40323023498058319 0.0070863870048895484
0.69436358930543063 0.25301276184618471 0.23703247904777527 0.0070863870048895484
0.69436358930543063 0.25301276184618471 0.40323023498058319 0.00039709565183147788
0.21312154578045006 0.48077167272567756 0.23703247904777527 0.00039709565183147788
0.35083416835404929 0.42021532356739044 0.29996330402791505 0.002398622737172991
0.53874586592428386 0.42021532356739044 0.29996330402791505 0.002398622737172991
0.35083416835404929 0.26169270612299445 0.29996330402791505 0.002398622737172991
0.35083416835404929 0.42021532356739044 0.30911506898701191 0.002398622737172991
0.35083416835404929 0.42021532356739044 0.29996330402791505 0.0085639883814379574
0.53874586592428386 0.26169270612299445 0.30911506898701191 0.0085639883814379574
0.12984230206348002 0.19389341473579408 0.36170608140528204 0.0085660666458308703
0.38089303839951749 0.19389341473579408 0.36170608140528204 0.0085660666458308703
0.12984230206348002 0.10747109912335873 0.36170608140528204 0.0085660666458308703
0.12984230206348002 0.19389341473579408 0.16426819637417794 0.0085660666458308703
0.12984230206348002 0.19389341473579408 0.36170608140528204 0.0074311259316280492
0.38089303839951749 0.10747109912335873 0.16426819637417794 0.0074311259316280492
0.42783286841586227 0.32662942446768284 0.14153551086783411 0.0033949208318255842
0.055247904779389505 0.32662942446768284 0.14153551086783411 0.0033949208318255842
0.42783286841586227 0.32501246258616445 0.14153551086783411 0.0033949208318255842
0.42783286841586227 0.32662942446768284 0.49262535534799101 0.0033949208318255842
0.42783286841586227 0.32662942446768284 0.14153551086783411 0.0038466026271693409
0.055247904779389505 0.32501246258616445 0.49262535534799101 0.0038466026271693409
0.39183649267069992 0.21312661394476892 0.3806580517441035 0.001738286252319813
0.50464041344821453 0.21312661394476892 0.3806580517441035 0.001738286252319813
0.39183649267069992 0.39293750375509262 0.3806580517441035 0.001738286252319813
0.39183649267069992 0.21312661394476892 0.22433321923017502 0.001738286252319813
0.39183649267069992 0.21312661394476892 0.3806580517441035 0.0012735778663307429
0.50464041344821453 0.39293750375509262 0.22433321923017502 0.0012735778663307429
0.083298041298985478 0.45856405161321168 0.12260596379637718 0.0065009581184946007
0.18026356161572038 0.45856405161321168 0.12260596379637718 0.0065009581184946007
0.083298041298985478 0.17451771087944506 0.12260596379637718 0.0065009581184946007
0.083298041298985478 0.45856405161321168 0.34680667556822298 0.0065009581184946007
0.083298041298985478 0.45856405161321168 0.12260596379637718 0.0076475933411158633
0.18026356161572038 0.17451771087944506 0.34680667556822298 0.0076475933411158633
0.30410645939409731 0.13376639448106289 0.43586317598819735 0.0027343333022668958
0.33789050159975881 0.13376639448106289 0.43586317598819735 0.0027343333022668958
0.30410645939409731 0.21877022795379164 0.43586317598819735 0.0027343333022668958
0.30410645939409731 0.13376639448106289 0.17656298801302911 0.0027343333022668958
0.30410645939409731 0.13376639448106289 0.43586317598819735 0.0064574431312270468
0.33789050159975881 0.21877022795379164 0.17656298801302911 0.0064574431312270468
0.6585110663902014 0.38829196617007256 0.26735276244580747 0.0079804250703193243
0.66224404103122647 0.38829196617007256 0.26735276244580747 0.0079804250703193243
0.6585110663902014 0.43872857764363293 0.26735276244580747 0.0079804250703193243
0.6585110663902014 0.38829196617007256 0.45531070344150071 0.0079804250703193243
0.6585110663902014 0.38829196617007256 0.26735276244580747 0.004782874566316605
0.66224404103122647 0.43872857764363293 0.45531070344150071 0.004782874566316605
0.56148700355552139 0.16280718296766283 0.19124998226761819 0.0092598427962511786
0.5800361985806376 0.16280718296766283 0.19124998226761819 0.0092598427962511786
0.56148700355552139 0.32048343755304814 0.19124998226761819 0.0092598427962511786
0.56148700355552139 0.16280718296766283 0.10773367173969746 0.0092598427962511786
0.56148700355552139 0.16280718296766283 0.19124998226761819 0.0055478659996762878
0.5800361985806376 0.32048343755304814 0.10773367173969746 0.0055478659996762878
0.21962816100567578 0.3081046212464571 0.31180812306702138 0.0039291743914596743
0.25442946776747699 0.3081046212464571 0.31180812306702138 0.0039291743914596743
0.21962816100567578 0.14036930799484254 0.31180812306702138 0.0039291743914596743
0.21962816100567578 0.3081046212464571 0.4352850615978241 0.0039291743914596743
0.21962816100567578 0.3081046212464571 0.31180812306702138 0.0032584939482621848
0.25442946776747699 0.14036930799484254 0.4352850615978241 0.0032584939482621848
0.16116198133677243 0.28403756804764269 0.24850284866988659 0.005151448633335531
0.097410965105518693 0.28403756804764269 0.24850284866988659 0.005151448633335531
0.16116198133677243 0.2912456683814526 0.24850284866988659 0.005151448633335531
0.16116198133677243 0.28403756804764269 0.29122164212167267 0.005151448633335531
0.16116198133677243 0.28403756804764269 0.24850284866988659 0.0022227055109106005
0.097410965105518693 0.2912456683814526 0.29122164212167267 0.0022227055109106005
0.45747081129811695 0.43880155831575396 0.45450720340013506 0.00061353692235425127
0.42307384302839629 0.43880155831575396 0.45450720340013506 0.00061353692235425127
0.45747081129811695 0.47294718287885196 0.45450720340013506 0.00061353692235425127
0.45747081129811695 0.43880155831575396 0.36254767253994946 0.00061353692235425127
0.45747081129811695 0.43880155831575396 0.45450720340013506 0.009209749493561686
0.42307384302839629 0.47294718287885196 0.36254767253994946 0.009209749493561686
0.46521807787939901 0.20416187383234502 0.22688676975667477 0.0065258589909411979
0.64297757954336698 0.20416187383234502 0.22688676975667477 0.0065258589909411979
0.46521807787939901 0.33516635149717333 0.22688676975667477 0.0065258589909411979
0.46521807787939901 0.20416187383234502 0.32170923277735708 0.0065258589909411979
0.46521807787939901 0.20416187383234502 0.22688676975667477 0.009451648456417024
0.64297757954336698 0.33516635149717333 0.32170923277735708 0.009451648456417024
0.15208788258023559 0.47453865706920628 0.47010426223278046 0.0017220944957807662
0.3186005230993032 0.47453865706920628 0.47010426223278046 0.0017220944957807662
0.15208788258023559 0.10358728356659413 0.47010426223278046 0.0017220944957807662
0.15208788258023559 0.47453865706920628 0.24923611395061018 0.0017220944957807662
0.15208788258023559 0.47453865706920628 0.47010426223278046 0.0018259331709705295
0.3186005230993032 0.10358728356659413 0.24923611395061018 0.0018259331709705295
0.21564981532283123 0.14894415140151979 0.18179897293448449 0.007850423983391374
0.16146334088407455 0.14894415140151979 0.18179897293448449 0.007850423983391374
0.21564981532283123 0.25307671241462232 0.18179897293448449 0.007850423983391374
0.21564981532283123 0.14894415140151979 0.48040777295827863 0.007850423983391374
0.21564981532283123 0.14894415140151979 0.18179897293448449 0.0030363634559325875
0.16146334088407455 0.25307671241462232 0.48040777295827863 0.0030363634559325875
0.56417377321049567 0.37860438264906404 0.31514398194849491 0.0028726197496056556
0.48581652073189607 0.37860438264906404 0.31514398194849491 0.0028726197496056556
0.56417377321049567 0.48311797454953198 0.31514398194849491 0.0028726197496056556
0.56417377321049567 0.37860438264906404 0.15166046656668186 0.0028726197496056556
0.56417377321049567 0.37860438264906404 0.31514398194849491 0.0059245642045512806
0.48581652073189607 0.48311797454953198 0.15166046656668186 0.0059245642045512806
0.65012880051508537 0.15466994158923628 0.43874679952859885 0.0038379844767041506
0.40107495263218873 0.15466994158923628 0.43874679952859885 0.0038379844767041506
0.65012880051508537 0.35141161419451239 0.43874679952859885 0.0038379844767041506
0.65012880051508537 0.15466994158923628 0.41018685661256316 0.0038379844767041506
0.65012880051508537 0.15466994158923628 0.43874679952859885 0.0039413715332746509
0.40107495263218873 0.35141161419451239 0.41018685661256316 0.0039413715332746509
0.31381493755616241 0.32480830624699597 0.25803546123206617 0.0093595919450744983
0.075467825913801787 0.32480830624699597 0.25803546123206617 0.0093595919450744983
0.31381493755616241 0.18152688145637513 0.25803546123206617 0.0093595919450744983
0.31381493755616241 0.32480830624699597 0.13263580277562143 0.0093595919450744983
0.31381493755616241 0.32480830624699597 0.25803546123206617 0.0074534395259805031
0.075467825913801787 0.18152688145637513 0.13263580277562143 0.0074534395259805031
0.087911386275663972 0.29848624840378762 0.39629268236458304 0.00067697037262842068
0.23321404596790668 0.29848624840378762 0.39629268236458304 0.00067697037262842068
0.087911386275663972 0.23690773174166679 0.39629268236458304 0.00067697037262842068
0.087911386275663972 0.29848624840378762 0.38764550574123857 0.00067697037262842068
0.087911386275663972 0.29848624840378762 0.39629268236458304 0.0085076952942647038
0.23321404596790668 0.23690773174166679 0.38764550574123857 0.0085076952942647038
0.38851534361019724 0.42828647904098038 0.10044152513146401 0.0050964504253119235
0.55887668295763426 0.42828647904098038 0.10044152513146401 0.0050964504253119235
0.38851534361019724 0.40520583055913451 0.10044152513146401 0.0050964504253119235
0.38851534361019724 0.42828647904098038 0.26631988286972047 0.0050964504253119235
0.38851534361019724 0.42828647904098038 0.10044152513146401 0.00025867924727499485
0.55887668295763426 0.40520583055913451 0.26631988286972047 0.00025867924727499485
0.43401332977227858 0.11790871471166611 0.36446820683777337 0.0099368301245383924
0.358383444789797 0.11790871471166611 0.36446820683777337 0.0099368301245383924
0.43401332977227858 0.46276873536407948 0.36446820683777337 0.0099368301245383924
0.43401332977227858 0.11790871471166611 0.44787989370524883 0.0099368301245383924
0.43401332977227858 0.11790871471166611 0.36446820683777337 0.0048426609809510412
0.358383444789797 0.46276873536407948 0.44787989370524883 0.0048426609809510412
0.1223752237856388 0.36003193147480494 0.13229202404618265 0.004490130807831884
0.68277778062038119 0.36003193147480494 0.13229202404618265 0.004490130807831884
0.1223752237856388 0.29515451639890672 0.13229202404618265 0.004490130807831884
0.1223752237856388 0.36003193147480494 0.11993816420435906 0.004490130807831884
0.1223752237856388 0.36003193147480494 0.13229202404618265 0.0065896470921114093
0.68277778062038119 0.29515451639890672 0.11993816420435906 0.0065896470921114093
0.34842262789607042 0.23523432798683644 0.41903481036424639 0.0056732882683165377
0.52504425253719089 0.23523432798683644 0.41903481036424639 0.0056732882683165377
0.34842262789607042 0.14896065071225167 0.41903481036424639 0.0056732882683165377
0.34842262789607042 0.23523432798683644 0.35033228434622288 0.0056732882683165377
0.34842262789607042 0.23523432798683644 0.41903481036424639 0.0075490667490288625
0.52504425253719089 0.14896065071225167 0.35033228434622288 0.0075490667490288625
0.69544333848170936 0.49307409673929214 0.27777349762618542 0.0013287535427138212
0.20070788715966043 0.49307409673929214 0.27777349762618542 0.0013287535427138212
0.69544333848170936 0.31816207580268385 0.27777349762618542 0.0013287535427138212
0.69544333848170936 0.49307409673929214 0.27861629575490954 0.0013287535427138212
0.69544333848170936 0.49307409673929214 0.27777349762618542 0.0012571368261240425
0.20070788715966043 0.31816207580268385 0.27861629575490954 0.0012571368261240425
0.60079856193624437 0.26740016564726832 0.15114209279417992 0.0022989370225928725
0.11786938826553522 0.26740016564726832 0.15114209279417992 0.0022989370225928725
0.60079856193624437 0.44733217358589172 0.15114209279417992 0.0022989370225928725
0.60079856193624437 0.26740016564726832 0.33401758149266247 0.0022989370225928725
0.60079856193624437 0.26740016564726832 0.15114209279417992 0.0090773755879141396
0.11786938826553522 0.44733217358589172 0.33401758149266247 0.0090773755879141396
0.26156318355351682 0.40976180098950865 0.34582442976534367 0.00717764684483409
0.44349332945421333 0.40976180098950865 0.34582442976534367 0.00717764684483409
0.26156318355351682 0.21641229130327702 0.34582442976534367 0.00717764684483409
0.26156318355351682 0.40976180098950865 0.211935418471694 0.00717764684483409
0.26156318355351682 0.40976180098950865 0.34582442976534367 0.0021627869170159101
0.44349332945421333 0.21641229130327702 0.211935418471694 0.0021627869170159101
0.19817478079348799 0.18569462262094022 0.20912970565259459 0.0034498532452620569
0.60056389910168939 0.18569462262094022 0.20912970565259459 0.0034498532452620569
0.19817478079348799 0.16437583826482297 0.20912970565259459 0.0034498532452620569
0.19817478079348799 0.18569462262094022 0.46772245168685911 0.0034498532452620569
0.19817478079348799 0.18569462262094022 0.20912970565259459 0.003274765043705702
0.60056389910168939 0.16437583826482297 0.46772245168685911 0.003274765043705702
0.50170893198810518 0.34339439198374749 0.48788487017154691 0.008502565630711615
0.27491854149848222 0.34339439198374749 0.48788487017154691 0.008502565630711615
0.50170893198810518 0.39683409854769713 0.48788487017154691 0.008502565630711615
0.50170893198810518 0.34339439198374749 0.18936564810574055 0.008502565630711615
0.50170893198810518 0.34339439198374749 0.48788487017154691 0.0056462604125030345
0.27491854149848222 0.39683409854769713 0.18936564810574055 0.0056462604125030345
0.5344879330601543 0.19780032150447369 0.14567948281764986 0.00036365104429423808
0.45632019266486162 0.19780032150447369 0.14567948281764986 0.00036365104429423808
0.5344879330601543 0.20082919970154764 0.14567948281764986 0.00036365104429423808
0.5344879330601543 0.19780032150447369 0.2250603124499321 0.00036365104429423808
0.5344879330601543 0.19780032150447369 0.14567948281764986 0.0036566209504380822
0.45632019266486162 0.20082919970154764 0.2250603124499321 0.0036566209504380822
0.18564661052078008 0.33053022697567941 0.35129931829869754 0.0053994456092827025
0.13192583867348728 0.33053022697567941 0.35129931829869754 0.0053994456092827025
0.18564661052078008 0.43172457329928882 0.35129931829869754 0.0053994456092827025
0.18564661052078008 0.33053022697567941 0.30380818285048006 0.0053994456092827025
0.18564661052078008 0.33053022697567941 0.35129931829869754 0.0053030752005986878
0.13192583867348728 0.43172457329928882 0.30380818285048006 0.0053030752005986878
0.28460451420396565 0.25535568967461586 0.28799403049051764 0.0041440148970112211
0.29989498546347021 0.25535568967461586 0.28799403049051764 0.0041440148970112211
0.28460451420396565 0.38749032504856584 0.28799403049051764 0.0041440148970112211
0.28460451420396565 0.25535568967461586 0.17282230779528618 0.0041440148970112211
0.28460451420396565 0.25535568967461586 0.28799403049051764 0.0088308134890161451
0.29989498546347021 0.38749032504856584 0.17282230779528618 0.0088308134890161451
0.59805207415483885 0.42256435565650463 0.40893669351935391 0.0090444742006249735
0.62423133268021047 0.42256435565650463 0.40893669351935391 0.0090444742006249735
0.59805207415483885 0.15500755459070206 0.40893669351935391 0.0090444742006249735
0.59805207415483885 0.42256435565650463 0.49529560916125781 0.0090444742006249735
0.59805207415483885 0.42256435565650463 0.40893669351935391 0.0024480197107419372
0.62423133268021047 0.15500755459070206 0.49529560916125781 0.0024480197107419372
0.66195116559974843 0.24806759096682074 0.33245406560599805 0.0075370859935879712
0.54711384833790355 0.24806759096682074 0.33245406560599805 0.0075370859935879712
0.66195116559974843 0.28574972115457059 0.33245406560599805 0.0075370859935879712
0.66195116559974843 0.24806759096682074 0.14282353408634663 0.0075370859935879712
0.66195116559974843 0.24806759096682074 0.33245406560599805 0.0078922318611294034
0.54711384833790355 0.28574972115457059 0.14282353408634663 0.0078922318611294034
0.3616646092385053 0.48104812204837799 0.16434037834405901 0.0031756335950456562
0.22148992531001566 0.48104812204837799 0.16434037834405901 0.0031756335950456562
0.3616646092385053 0.45338825806975369 0.16434037834405901 0.0031756335950456562
0.3616646092385053 0.48104812204837799 0.41414933800697329 0.0031756335950456562
0.3616646092385053 0.48104812204837799 0.16434037834405901 0.00087529865885153425
0.22148992531001566 0.45338825806975369 0.41414933800697329 0.00087529865885153425
0.10004832409322262 0.10503863692283631 0.47759760394692419 0.0068319080727174885
0.054183746641501787 0.10503863692283631 0.47759760394692419 0.0068319080727174885
0.10004832409322262 0.30249354541301732 0.47759760394692419 0.0068319080727174885
0.10004832409322262 0.10503863692283631 0.25934373103082181 0.0068319080727174885
0.10004832409322262 0.10503863692283631 0.47759760394692419 0.0045574081611819573
0.054183746641501787 0.30249354541301732 0.25934373103082181 0.0045574081611819573
0.43604478607885533 0.37209509648382666 0.2191487867385149 0.0014069580898620189
0.37982912240549915 0.37209509648382666 0.2191487867385149 0.0014069580898620189
0.43604478607885533 0.13331643976271154 0.2191487867385149 0.0014069580898620189
0.43604478607885533 0.37209509648382666 0.38689534738659859 0.0014069580898620189
0.43604478607885533 0.37209509648382666 0.2191487867385149 0.0068362268567085278
0.37982912240549915 0.13331643976271154 0.38689534738659859 0.0068362268567085278
0.40139747010543936 0.28637892231345174 0.45827312842011458 0.0037601419473066926
0.17434506784193216 0.28637892231345174 0.45827312842011458 0.0037601419473066926
0.40139747010543936 0.19713428132236005 0.45827312842011458 0.0037601419473066926
0.40139747010543936 0.28637892231345174 0.10513655580580235 0.0037601419473066926
0.40139747010543936 0.28637892231345174 0.45827312842011458 0.0081645113362930708
0.17434506784193216 0.19713428132236005 0.10513655580580235 0.0081645113362930708
0.054694124171510344 0.44114901684224606 0.23849928565323353 0.0082013736941851673
0.49872214244678609 0.44114901684224606 0.23849928565323353 0.0082013736941851673
0.054694124171510344 0.36699450388550758 0.23849928565323353 0.0082013736941851673
0.054694124171510344 0.44114901684224606 0.42685312479734427 0.0082013736941851673
0.054694124171510344 0.44114901684224606 0.23849928565323353 0.00064053626041859395
0.49872214244678609 0.36699450388550758 0.42685312479734427 0.00064053626041859395
0.3161268836352974 0.16671566329896451 0.30024207644164563 0.0019911032073199751
0.66593621564097694 0.16671566329896451 0.30024207644164563 0.0019911032073199751
0.3161268836352974 0.41457390934228899 0.30024207644164563 0.0019911032073199751
0.3161268836352974 0.16671566329896451 0.29665087573230264 0.0019911032073199751
0.3161268836352974 0.16671566329896451 0.30024207644164563 0.004226605580933393
0.66593621564097694 0.41457390934228899 0.29665087573230264 0.004226605580933393
0.62744762497022744 0.31200699731707571 0.19657841473817828 0.0074957953630946589
0.34158305395394556 0.31200699731707571 0.19657841473817828 0.0074957953630946589
0.62744762497022744 0.2462513018399477 0.19657841473817828 0.0074957953630946589
0.62744762497022744 0.31200699731707571 0.37459280416369445 0.0074957953630946589
0.62744762497022744 0.31200699731707571 0.19657841473817828 0.0072068785334937283
0.34158305395394556 0.2462513018399477 0.37459280416369445 0.0072068785334937283
0.55200481852516525 0.13611251562833787 0.26983715035021305 0.0059835954843088989
0.2612905138172209 0.13611251562833787 0.26983715035021305 0.0059835954843088989
0.55200481852516525 0.11296758279204369 0.26983715035021305 0.0059835954843088989
0.55200481852516525 0.13611251562833787 0.21274581551551819 0.0059835954843088989
0.55200481852516525 0.13611251562833787 0.26983715035021305 0.0026545265425927935
0.2612905138172209 0.11296758279204369 0.21274581551551819 0.0026545265425927935
0.24815326635725793 0.39063198454678061 0.4271171413362026 0.0010275430922396481
0.58689762237481768 0.39063198454678061 0.4271171413362026 0.0010275430922396481
0.24815326635725793 0.34457097016274929 0.4271171413362026 0.0010275430922396481
0.24815326635725793 0.39063198454678061 0.34110281951725485 0.0010275430922396481
0.24815326635725793 0.39063198454678061 0.4271171413362026 0.0062677304230630403
0.58689762237481768 0.34457097016274929 0.34110281951725485 0.0062677304230630403
0.14906150554306805 0.21703070588409901 0.11542241871356965 0.0096289777953177686
0.41907452102750531 0.21703070588409901 0.11542241871356965 0.0096289777953177686
0.14906150554306805 0.49876200594007969 0.11542241871356965 0.0096289777953177686
0.14906150554306805 0.21703070588409901 0.18551375940442086 0.0096289777953177686
0.14906150554306805 0.21703070588409901 0.11542241871356965 0.0096982294749468571
0.41907452102750531 0.49876200594007969 0.18551375940442086 0.0096982294749468571
0.4886142848990857 0.46247424632310874 0.38157992623746395 0.0048082978400401776
0.093411865876987576 0.46247424632310874 0.38157992623746395 0.0048082978400401776
0.4886142848990857 0.26874506175518037 0.38157992623746395 0.0048082978400401776
0.4886142848990857 0.46247424632310874 0.45759650431573395 0.0048082978400401776
0.4886142848990857 0.46247424632310874 0.38157992623746395 0.0015406814576126636
0.093411865876987576 0.26874506175518037 0.45759650431573395 0.0015406814576126636
0.48065629624761635 0.13805032931268216 0.41301446594297886 0.0015405770031735302
0.57199818198569119 0.13805032931268216 0.41301446594297886 0.0015405770031735302
0.48065629624761635 0.23982873708009722 0.41301446594297886 0.0015405770031735302
0.48065629624761635 0.13805032931268216 0.16620712541043758 0.0015405770031735302
0.48065629624761635 0.13805032931268216 0.41301446594297886 0.00044019591007381681
0.57199818198569119 0.23982873708009722 0.16620712541043758 0.00044019591007381681
0.13664590129628779 0.38324971720576284 0.28396328613162042 0.006697222283948214
0.24762488361448048 0.38324971720576284 0.28396328613162042 0.006697222283948214
0.13664590129628779 0.42143288739025597 0.28396328613162042 0.006697222283948214
0.13664590129628779 0.38324971720576284 0.48785055652260778 0.006697222283948214
0.13664590129628779 0.38324971720576284 0.28396328613162042 0.0083660123857669539
0.24762488361448048 0.42143288739025597 0.48785055652260778 0.0083660123857669539
0.24084031144157048 0.20879386290907861 0.37065799236297614 0.0030009257961064579
0.090573202399536965 0.20879386290907861 0.37065799236297614 0.0030009257961064579
0.24084031144157048 0.37190082781016831 0.37065799236297614 0.0030009257961064579
0.24084031144157048 0.20879386290907861 0.23250554390251638 0.0030009257961064579
0.24084031144157048 0.20879386290907861 0.37065799236297614 0.0070198694056831309
0.090573202399536965 0.37190082781016831 0.23250554390251638 0.0070198694056831309
0.53898455076850948 0.46365511678159244 0.12627168260514737 0.0077128606679849332
0.41493014032021158 0.46365511678159244 0.12627168260514737 0.0077128606679849332
0.53898455076850948 0.19188312068581581 0.12627168260514737 0.0077128606679849332
0.53898455076850948 0.46365511678159244 0.31042313873767857 0.0077128606679849332
0.53898455076850948 0.46365511678159244 0.12627168260514737 0.0044124339466914539
0.41493014032021158 0.19188312068581581 0.31042313873767857 0.0044124339466914539
0.63476992663927367 0.28759051151573656 0.20261945798993111 0.0089076735252514479
0.49266998041421167 0.28759051151573656 0.20261945798993111 0.0089076735252514479
0.63476992663927367 0.27360483445227146 0.20261945798993111 0.0089076735252514479
0.63476992663927367 0.28759051151573656 0.25194522365927696 0.0089076735252514479
0.63476992663927367 0.28759051151573656 0.20261945798993111 0.0060668147388845692
0.49266998041421167 0.27360483445227146 0.25194522365927696 0.0060668147388845692
0.32917757434770462 0.43293066173791883 0.49417679794132707 0.0042803529449738564
0.16706653428263962 0.43293066173791883 0.49417679794132707 0.0042803529449738564
0.32917757434770462 0.49346581995487215 0.49417679794132707 0.0042803529449738564
0.32917757434770462 0.43293066173791883 0.38022908978164194 0.0042803529449738564
0.32917757434770462 0.43293066173791883 0.49417679794132707 0.0028542059966363015
0.16706653428263962 0.49346581995487215 0.38022908978164194 0.0028542059966363015
0.062641545664519072 0.15930307954549791 0.15743401758372785 0.00557250114902854
0.32473964141681788 0.15930307954549791 0.15743401758372785 0.00557250114902854
0.062641545664519072 0.33810338005423546 0.15743401758372785 0.00557250114902854
0.062641545664519072 0.15930307954549791 0.14948963671922685 0.00557250114902854
0.062641545664519072 0.15930307954549791 0.15743401758372785 0.0013555139881558718
0.32473964141681788 0.33810338005423546 0.14948963671922685 0.0013555139881558718
0.41378391054458913 0.31392667777836325 0.33931418508291245 0.00019105813195928933
0.6504059589933604 0.31392667777836325 0.33931418508291245 0.00019105813195928933
0.41378391054458913 0.11978000961244106 0.33931418508291245 0.00019105813195928933
0.41378391054458913 0.31392667777836325 0.42154804803431034 0.00019105813195928933
0.41378391054458913 0.31392667777836325 0.33931418508291245 0.0098846532374620433
0.6504059589933604 0.11978000961244106 0.42154804803431034 0.0098846532374620433
0.44903998468071216 0.227379659563303 0.17521405331790449 0.0049418981656432154
0.2871679085306823 0.227379659563303 0.17521405331790449 0.0049418981656432154
0.44903998468071216 0.1622080434113741 0.17521405331790449 0.0049418981656432154
0.44903998468071216 0.227379659563303 0.28925217166543005 0.0049418981656432154
0.44903998468071216 0.227379659563303 0.17521405331790449 0.0051946348412893716
0.2871679085306823 0.1622080434113741 0.28925217166543005 0.0051946348412893716
0.10734489313326775 0.49468027167022233 0.32155654877424245 0.0094943105942569671
0.61156344539485874 0.49468027167022233 0.32155654877424245 0.0094943105942569671
0.10734489313326775 0.37984734326601033 0.32155654877424245 0.0094943105942569671
0.10734489313326775 0.49468027167022233 0.36792669557034974 0.0094943105942569671
0.10734489313326775 0.49468027167022233 0.32155654877424245 0.003766297539882362
0.61156344539485874 0.37984734326601033 0.36792669557034974 0.003766297539882362
0.3740147789474576 0.11952517144382001 0.23329933360219002 0.00085285388100892314
0.45375928394496434 0.11952517144382001 0.23329933360219002 0.00085285388100892314
0.3740147789474576 0.42603519931435585 0.23329933360219002 0.00085285388100892314
0.3740147789474576 0.11952517144382001 0.11180281937122345 0.00085285388100892314
0.3740147789474576 0.11952517144382001 0.23329933360219002 0.0023238311367109418
0.45375928394496434 0.42603519931435585 0.11180281937122345 0.0023238311367109418
0.66985239330679169 0.35216391757130627 0.46351934559643271 0.0061593515709973878
0.12942411960102618 0.35216391757130627 0.46351934559643271 0.0061593515709973878
0.66985239330679169 0.206857330724597 0.46351934559643271 0.0061593515709973878
0.66985239330679169 0.35216391757130627 0.43425162620842461 0.0061593515709973878
0.66985239330679169 0.35216391757130627 0.46351934559643271 0.0089537457699887454
0.12942411960102618 0.206857330724597 0.43425162620842461 0.0089537457699887454
0.5856925576925277 0.17783880233764648 0.3903958380222321 0.0073590132754296073
0.20906950845383104 0.17783880233764648 0.3903958380222321 0.0073590132754296073
0.5856925576925277 0.12767817080020905 0.3903958380222321 0.0073590132754296073
0.5856925576925277 0.17783880233764648 0.17889880947768688 0.0073590132754296073
0.5856925576925277 0.17783880233764648 0.3903958380222321 0.00076624520020559443
0.20906950845383104 0.12767817080020905 0.17889880947768688 0.00076624520020559443
0.27667286354117093 0.34499865211546421 0.10655950270593167 0.0021274226675741374
0.53469472816213959 0.34499865211546421 0.10655950270593167 0.0021274226675741374
0.27667286354117093 0.30857430733740332 0.10655950270593167 0.0021274226675741374
0.27667286354117093 0.34499865211546421 0.45015126690268514 0.0021274226675741374
0.27667286354117093 0.34499865211546421 0.10655950270593167 0.0080001246206462383
0.53469472816213959 0.30857430733740332 0.45015126690268514 0.0080001246206462383
0.17266197907738384 0.26901853419840338 0.44486477412283421 0.0083744106462225326
0.69185327836312349 0.26901853419840338 0.44486477412283421 0.0083744106462225326
0.17266197907738384 0.4606413777917624 0.44486477412283421 0.0083744106462225326
0.17266197907738384 0.26901853419840338 0.22019087411463262 0.0083744106462225326
0.17266197907738384 0.26901853419840338 0.44486477412283421 0.006713842175528408
0.69185327836312349 0.4606413777917624 0.22019087411463262 0.006713842175528408
0.52722052782773965 0.40189493596553805 0.25213861986994746 0.0035875676226802171
0.3662091992795467 0.40189493596553805 0.25213861986994746 0.0035875676226802171
0.52722052782773965 0.27815784439444546 0.25213861986994746 0.0035875676226802171
0.52722052782773965 0.40189493596553805 0.34771799594163899 0.0035875676226802171
0.52722052782773965 0.40189493596553805 0.25213861986994746 0.0046809736044146127
0.3662091992795467 0.27815784439444546 0.34771799594163899 0.0046809736044146127
0.50898256637156003 0.25686228461563587 0.30681941434741022 0.0052712906985543677
0.38543315846472975 0.25686228461563587 0.30681941434741022 0.0052712906985543677
0.50898256637156003 0.32419411614537241 0.30681941434741022 0.0052712906985543677
0.50898256637156003 0.25686228461563587 0.48702598996460444 0.0052712906985543677
0.50898256637156003 0.25686228461563587 0.30681941434741022 0.0063996054386720068
0.38543315846472975 0.32419411614537241 0.48702598996460444 0.0063996054386720068
0.21115573043934999 0.41480620652437217 0.19017056860029699 0.00050136534795165071
0.061037603439763194 0.41480620652437217 0.19017056860029699 0.00050136534795165071
0.21115573043934999 0.14327347092330456 0.19017056860029699 0.00050136534795165071
0.21115573043934999 0.41480620652437217 0.1591085880994797 0.00050136534795165071
0.21115573043934999 0.41480620652437217 0.19017056860029699 0.0050338833964429803
0.061037603439763194 0.14327347092330456 0.1591085880994797 0.0050338833964429803
0.26948115671984851 0.19003110378980637 0.4518652852624655 0.0092258405574597423
0.2289186825044453 0.19003110378980637 0.4518652852624655 0.0092258405574597423
0.26948115671984851 0.28751391954720018 0.4518652852624655 0.0092258405574597423
0.26948115671984851 0.19003110378980637 0.31426095627248285 0.0092258405574597423
0.26948115671984851 0.19003110378980637 0.4518652852624655 0.0010610904577188194
0.2289186825044453 0.28751391954720018 0.31426095627248285 0.0010610904577188194
0.61317414827644823 0.3320509541779757 0.24507662057876589 0.0039725006157532335
0.55325382868759332 0.3320509541779757 0.24507662057876589 0.0039725006157532335
0.61317414827644823 0.4699729427695275 0.24507662057876589 0.0039725006157532335
0.61317414827644823 0.3320509541779757 0.24261809960007669 0.0039725006157532335
0.61317414827644823 0.3320509541779757 0.24507662057876589 0.0077439524183049811
0.55325382868759332 0.4699729427695275 0.24261809960007669 0.0077439524183049811
0.68753587435930963 0.10654714666306973 0.12131454236805439 0.0026997338595800102
0.63864254807122045 0.10654714666306973 0.12131454236805439 0.0026997338595800102
0.68753587435930963 0.3892400290817023 0.12131454236805439 0.0026997338595800102
0.68753587435930963 0.10654714666306973 0.39504094272851942 0.0026997338595800102
0.68753587435930963 0.10654714666306973 0.12131454236805439 0.0019709036052227022
0.63864254807122045 0.3892400290817023 0.39504094272851942 0.0019709036052227022
0.33607614724896845 0.36433809921145444 0.3754695303738117 0.008023149370029568
0.31301734652370211 0.36433809921145444 0.3754695303738117 0.008023149370029568
0.33607614724896845 0.17162504717707633 0.3754695303738117 0.008023149370029568
0.33607614724896845 0.36433809921145444 0.2729831073433161 0.008023149370029568
0.33607614724896845 0.36433809921145444 0.3754695303738117 0.0092680026066489524
0.31301734652370211 0.17162504717707633 0.2729831073433161 0.0092680026066489524
0.11509233950637281 0.24029722437262535 0.26372675746679308 0.0018587255214340987
0.14578186902217566 0.24029722437262535 0.26372675746679308 0.0018587255214340987
0.11509233950637281 0.222489333152771 0.26372675746679308 0.0018587255214340987
0.11509233950637281 0.24029722437262535 0.40352381095290191 0.0018587255214340987
0.11509233950637281 0.24029722437262535 0.26372675746679308 0.0054507893779315066
0.14578186902217566 0.222489333152771 0.40352381095290191 0.0054507893779315066
0.42100205402821295 0.4825669374316931 0.4330092620104552 0.0063893884686753158
0.4714259662665426 0.4825669374316931 0.4330092620104552 0.0063893884686753158
0.42100205402821295 0.44169152118265631 0.4330092620104552 0.0063893884686753158
0.42100205402821295 0.4825669374316931 0.12524013929069044 0.0063893884686753158
0.42100205402821295 0.4825669374316931 0.4330092620104552 0.0034714723084121944
0.4714259662665426 0.44169152118265631 0.12524013929069044 0.0034714723084121944
0.37612514873035247 0.17145751118659974 0.29400679320096967 0.0086774244916625314
0.10306196375750004 0.17145751118659974 0.29400679320096967 0.0086774244916625314
0.37612514873035247 0.47787072472274306 0.29400679320096967 0.0086774244916625314
0.37612514873035247 0.17145751118659974 0.35772795379161837 0.0086774244916625314
0.37612514873035247 0.17145751118659974 0.29400679320096967 0.0017084225262515248
0.10306196375750004 0.47787072472274306 0.35772795379161837 0.0017084225262515248
0.079970130976289508 0.30101358927786348 0.40275162570178513 0.0032742296328768135
0.4274352802895009 0.30101358927786348 0.40275162570178513 0.0032742296328768135
0.079970130976289508 0.25798522904515264 0.40275162570178513 0.0032742296328768135
0.079970130976289508 0.30101358927786348 0.28527933545410633 0.0032742296328768135
0.079970130976289508 0.30101358927786348 0.40275162570178513 0.0095704153941944241
0.4274352802895009 0.25798522904515264 0.28527933545410633 0.0095704153941944241
0.30078040873631828 0.2753996465355158 0.13949441798031331 0.0070438768695108601
0.59472253420390186 0.2753996465355158 0.13949441798031331 0.0070438768695108601
0.30078040873631828 0.11044864505529405 0.13949441798031331 0.0070438768695108601
0.30078040873631828 0.2753996465355158 0.44121667519211771 0.0070438768695108601
0.30078040873631828 0.2753996465355158 0.13949441798031331 0.0058106412826105956
0.59472253420390186 0.11044864505529405 0.44121667519211771 0.0058106412826105956
0.64279290367849162 0.44587979614734652 0.35731207802891729 0.0024334717493504285
0.27036561444401741 0.44587979614734652 0.35731207802891729 0.0024334717493504285
0.64279290367849162 0.32874750681221487 0.35731207802891729 0.0024334717493504285
0.64279290367849162 0.44587979614734652 0.11254272125661374 0.0024334717493504285
0.64279290367849162 0.44587979614734652 0.35731207802891729 0.0031490501477383077
0.27036561444401741 0.32874750681221487 0.11254272125661374 0.0031490501477383077
0.57719779298640783 0.22177370563149454 0.48410313092172153 0.0011558490649797024
0.35258175758644933 0.22177370563149454 0.48410313092172153 0.0011558490649797024
0.57719779298640783 0.41201606318354611 0.48410313092172153 0.0011558490649797024
0.57719779298640783 0.22177370563149454 0.47434047199785712 0.0011558490649797024
0.57719779298640783 0.22177370563149454 0.48410313092172153 0.0073341249884106225
0.35258175758644933 0.41201606318354611 0.47434047199785712 0.0073341249884106225
0.22295660646632309 0.45148275308310992 0.21286444067955018 0.0058460322426632056
0.67818518555723128 0.45148275308310992 0.21286444067955018 0.0058460322426632056
0.22295660646632309 0.23043623231351376 0.21286444067955018 0.0058460322426632056
0.22295660646632309 0.45148275308310992 0.1968139186501503 0.0058460322426632056
0.22295660646632309 0.45148275308310992 0.21286444067955018 0.004059505308791996
0.67818518555723128 0.23043623231351376 0.1968139186501503 0.004059505308791996
0.16448732735589144 0.12513132803142071 0.32616972252726556 0.0046267804211936898
0.51027649603784075 0.12513132803142071 0.32616972252726556 0.0046267804211936898
0.16448732735589144 0.17622697688639166 0.32616972252726556 0.0046267804211936898
0.16448732735589144 0.12513132803142071 0.32656946592032909 0.0046267804211936898
0.16448732735589144 0.12513132803142071 0.32616972252726556 0.00014536942467093469
0.51027649603784075 0.17622697688639166 0.32656946592032909 0.00014536942467093469
0.47318965927697709 0.395361614972353 0.17084590233862401 0.0098003410145640381
0.18461016030050814 0.395361614972353 0.17084590233862401 0.0098003410145640381
0.47318965927697709 0.35626900196075439 0.17084590233862401 0.0098003410145640381
0.47318965927697709 0.395361614972353 0.20531719550490379 0.0098003410145640381
0.47318965927697709 0.395361614972353 0.17084590233862401 0.0086221658159978693
0.18461016030050814 0.35626900196075439 0.20531719550490379 0.0086221658159978693
0.47513718549162143 0.26268454268574715 0.47502240911126137 0.0040796056104823956
0.48302355222403998 0.26268454268574715 0.47502240911126137 0.0040796056104823956
0.47513718549162143 0.27786317020654683 0.47502240911126137 0.0040796056104823956
0.47513718549162143 0.26268454268574715 0.43872572556138045 0.0040796056104823956
0.47513718549162143 0.26268454268574715 0.47502240911126137 0.009745143929123878
0.48302355222403998 0.27786317020654683 0.43872572556138045 0.009745143929123878
0.1637470384594053 0.40783510319888594 0.22174937315285206 0.0091178333212621511
0.15862771631218492 0.40783510319888594 0.22174937315285206 0.0091178333212621511
0.1637470384594053 0.45800171382725241 0.22174937315285206 0.0091178333212621511
0.1637470384594053 0.40783510319888594 0.11669230125844479 0.0091178333212621511
0.1637470384594053 0.40783510319888594 0.22174937315285206 0.0014963734132237734
0.15862771631218492 0.45800171382725241 0.11669230125844479 0.0014963734132237734
0.22715837708674369 0.18420942835509779 0.33349291495978833 0.00043534922040998938
0.31636282680556171 0.18420942835509779 0.33349291495978833 0.00043534922040998938
0.22715837708674369 0.31042888276278974 0.33349291495978833 0.00043534922040998938
0.22715837708674369 0.18420942835509779 0.35992450416088106 0.00043534922040998938
0.22715837708674369 0.18420942835509779 0.33349291495978833 0.0027038202234543861
0.31636282680556171 0.31042888276278974 0.35992450416088106 0.0027038202234543861
0.57424851153045886 0.33902185335755353 0.16332844644784927 0.0053382090675644584
0.64069753712974487 0.33902185335755353 0.16332844644784927 0.0053382090675644584
0.57424851153045886 0.12875178232789042 0.16332844644784927 0.0053382090675644584
0.57424851153045886 0.33902185335755353 0.28161641545593741 0.0053382090675644584
0.57424851153045886 0.33902185335755353 0.16332844644784927 0.006216133636608721
0.64069753712974487 0.12875178232789042 0.28161641545593741 0.006216133636608721
0.64068635553121567 0.11295629441738129 0.29059328176081178 0.0063034368762746465
0.56103766807354982 0.11295629441738129 0.29059328176081178 0.0063034368762746465
0.64068635553121567 0.212036008015275 0.29059328176081178 0.0063034368762746465
0.64068635553121567 0.11295629441738129 0.33071914128959179 0.0063034368762746465
0.64068635553121567 0.11295629441738129 0.29059328176081178 0.0042741425758227713
0.56103766807354982 0.212036008015275 0.33071914128959179 0.0042741425758227713
0.30167909967713052 0.35834527350962164 0.4063601635396481 0.0019443803005851808
0.23541210815310476 0.35834527350962164 0.4063601635396481 0.0019443803005851808
0.30167909967713052 0.43043138682842252 0.4063601635396481 0.0019443803005851808
0.30167909967713052 0.35834527350962164 0.20282615050673486 0.0019443803005851808
0.30167909967713052 0.35834527350962164 0.4063601635396481 0.0071619467682205147
0.23541210815310476 0.43043138682842252 0.20282615050673486 0.0071619467682205147
0.075609999476000667 0.23388751186430456 0.14466621577739716 0.0080728460796177393
0.078343084594234821 0.23388751186430456 0.14466621577739716 0.0080728460796177393
0.075609999476000667 0.37623471841216094 0.14466621577739716 0.0080728460796177393
0.075609999476000667 0.23388751186430456 0.47067764736711981 0.0080728460796177393
0.075609999476000667 0.23388751186430456 0.14466621577739716 0.0082144275578670198
0.078343084594234821 0.37623471841216094 0.47067764736711981 0.0082144275578670198
0.37923341095447533 0.48855993747711179 0.35233683250844483 0.002650333963241428
0.4039869784377515 0.48855993747711179 0.35233683250844483 0.002650333963241428
0.37923341095447533 0.15625195465981961 0.35233683250844483 0.002650333963241428
0.37923341095447533 0.48855993747711179 0.19901037365198138 0.002650333963241428
0.37923341095447533 0.48855993747711179 0.35233683250844483 0.00058831575307995089
0.4039869784377515 0.15625195465981961 0.19901037365198138 0.00058831575307995089
0.42520134025253348 0.1527462985366583 0.11321381628513337 0.0025212360858917235
0.19843062940053641 0.1527462985366583 0.11321381628513337 0.0025212360858917235
0.42520134025253348 0.12417436130344868 0.11321381628513337 0.0025212360858917235
0.42520134025253348 0.1527462985366583 0.31802143715322018 0.0025212360858917235
0.42520134025253348 0.1527462985366583 0.11321381628513337 0.0045124580294825141
0.19843062940053641 0.12417436130344868 0.31802143715322018 0.0045124580294825141
0.11214057365432381 0.32009573802351954 0.38376585505902772 0.0069552008501254032
0.52280376190319655 0.32009573802351954 0.38376585505902772 0.0069552008501254032
0.11214057365432381 0.34327774196863176 0.38376585505902772 0.0069552008501254032
0.11214057365432381 0.32009573802351954 0.24051930084824563 0.0069552008501254032
0.11214057365432381 0.32009573802351954 0.38376585505902772 0.0068837078671902426
0.52280376190319655 0.34327774196863176 0.24051930084824563 0.0068837078671902426
0.33802614817395799 0.29411066100001337 0.27045981623232362 0.0032275541635230186
0.67994495038874447 0.29411066100001337 0.27045981623232362 0.0032275541635230186
0.33802614817395799 0.48750636950135229 0.27045981623232362 0.0032275541635230186
0.33802614817395799 0.29411066100001337 0.48297397084534166 0.0032275541635230186
0.33802614817395799 0.29411066100001337 0.27045981623232362 0.0078400685183703904
0.67994495038874447 0.48750636950135229 0.48297397084534166 0.0078400685183703904
0.68679806017316869 0.42679823599755762 0.42647027596831322 0.0087250116438604888
0.3555876916274428 0.42679823599755762 0.42647027596831322 0.0087250116438604888
0.68679806017316869 0.26998942010104654 0.42647027596831322 0.0087250116438604888
0.68679806017316869 0.42679823599755762 0.16169728934764863 0.0087250116438604888
0.68679806017316869 0.42679823599755762 0.42647027596831322 0.00092523442702367915
0.3555876916274428 0.26998942010104654 0.16169728934764863 0.00092523442702367915
0.60881650117225938 0.20247216708958149 0.30242667011916635 0.0096950487639755004
0.27783335195854303 0.20247216708958149 0.30242667011916635 0.0096950487639755004
0.60881650117225938 0.18924777209758759 0.30242667011916635 0.0096950487639755004
0.60881650117225938 0.20247216708958149 0.40142491683363912 0.0096950487639755004
0.60881650117225938 0.20247216708958149 0.30242667011916635 0.0087864481325261295
0.27783335195854303 0.18924777209758759 0.40142491683363912 0.0087864481325261295
0.27259190334007144 0.46958318799734122 0.19436847716569902 0.0047317664171569055
0.60343636344186957 0.46958318799734122 0.19436847716569902 0.0047317664171569055
0.27259190334007144 0.37160798944532869 0.19436847716569902 0.0047317664171569055
0.27259190334007144 0.46958318799734122 0.12900071553885939 0.0047317664171569055
0.27259190334007144 0.46958318799734122 0.19436847716569902 0.002494914765842259
0.60343636344186957 0.37160798944532869 0.12900071553885939 0.002494914765842259
0.20904670758172866 0.1444330468773842 0.45762492790818221 0.0059150696104392419
0.44569418597966426 0.1444330468773842 0.45762492790818221 0.0059150696104392419
0.20904670758172866 0.42250928841531277 0.45762492790818221 0.0059150696104392419
0.20904670758172866 0.1444330468773842 0.39762954860925681 0.0059150696104392419
0.20904670758172866 0.1444330468773842 0.45762492790818221 0.0036050423828884962
0.44569418597966426 0.42250928841531277 0.39762954860925681 0.0036050423828884962
0.50987878260202701 0.37726062126457693 0.23912061639130117 0.0010871179518289866
0.12002758872695267 0.37726062126457693 0.23912061639130117 0.0010871179518289866
0.50987878260202701 0.24168667420744896 0.23912061639130117 0.0010871179518289866
0.50987878260202701 0.37726062126457693 0.26893118359148505 0.0010871179518289866
0.50987878260202701 0.37726062126457693 0.23912061639130117 0.0053524250133894389
0.12002758872695267 0.24168667420744896 0.26893118359148505 0.0053524250133894389
0.52266451646573842 0.13144700825214387 0.39381511993706231 0.0077595409317873431
0.62643419899977737 0.13144700825214387 0.39381511993706231 0.0077595409317873431
0.52266451646573842 0.36222778633236885 0.39381511993706231 0.0077595409317873431
0.52266451646573842 0.13144700825214387 0.10804376900196076 0.0077595409317873431
0.52266451646573842 0.13144700825214387 0.39381511993706231 0.0033198851201683283
0.62643419899977737 0.36222778633236885 0.10804376900196076 0.0033198851201683283
0.17589174425229431 0.38943975903093819 0.10294443145394326 0.0029533432908356192
0.30206108465790743 0.38943975903093819 0.10294443145394326 0.0029533432908356192
0.17589174425229431 0.17984306029975416 0.10294443145394326 0.0029533432908356192
0.17589174425229431 0.38943975903093819 0.43635204620659351 0.0029533432908356192
0.17589174425229431 0.38943975903093819 0.10294443145394326 0.005598911581281573
0.30206108465790743 0.17984306029975416 0.43635204620659351 0.005598911581281573
0.27500024205073709 0.21539697684347631 0.43968796879053118 0.0066094531529583044
0.13484297855757177 0.21539697684347631 0.43968796879053118 0.0066094531529583044
0.27500024205073709 0.2260427374392748 0.43968796879053118 0.0066094531529583044
0.27500024205073709 0.21539697684347631 0.29330562129616738 0.0066094531529583044
0.27500024205073709 0.21539697684347631 0.43968796879053118 0.0091297088754363365
0.13484297855757177 0.2260427374392748 0.29330562129616738 0.0091297088754363365
0.58607302685268226 0.4574656546115875 0.25712116174399857 0.0016292483756318689
0.45920025547966353 0.4574656546115875 0.25712116174399857 0.0016292483756318689
0.58607302685268226 0.40684084147214894 0.25712116174399857 0.0016292483756318689
0.58607302685268226 0.4574656546115875 0.36533961556851868 0.0016292483756318689
0.58607302685268226 0.4574656546115875 0.25712116174399857 0.0021129833281040193
0.45920025547966353 0.40684084147214894 0.36533961556851868 0.0021129833281040193
0.67456742660142477 0.28196241930127142 0.18430054411292077 0.00012202541111037136
0.37698869369924065 0.28196241930127142 0.18430054411292077 0.00012202541111037136
0.67456742660142477 0.32767043970525267 0.18430054411292077 0.00012202541111037136
0.67456742660142477 0.28196241930127142 0.22229119874536993 0.00012202541111037136
0.67456742660142477 0.28196241930127142 0.18430054411292077 0.0075935642847791323
0.37698869369924065 0.32767043970525267 0.22229119874536993 0.0075935642847791323
0.37062661172822114 0.43970454446971419 0.31266508437693119 0.0056412370566278703
0.051385664055123931 0.43970454446971419 0.31266508437693119 0.0056412370566278703
0.37062661172822114 0.10859137699007988 0.31266508437693119 0.0056412370566278703
0.37062661172822114 0.43970454446971419 0.34395904093980789 0.0056412370566278703
0.37062661172822114 0.43970454446971419 0.31266508437693119 0.0012104117157869041
0.051385664055123931 0.10859137699007988 0.34395904093980789 0.0012104117157869041
0.10917587550356983 0.16493134908378126 0.22597113512456418 0.0043856405486352749
0.21920476881787176 0.16493134908378126 0.22597113512456418 0.0043856405486352749
0.10917587550356983 0.26062143445014951 0.22597113512456418 0.0043856405486352749
0.10917587550356983 0.16493134908378126 0.17631163410842421 0.0043856405486352749
0.10917587550356983 0.16493134908378126 0.22597113512456418 0.0048943717277608817
0.21920476881787176 0.26062143445014951 0.17631163410842421 0.0048943717277608817
0.44850053475238377 0.30715223327279095 0.47104409635066991 0.0088026827348396189
0.54487134790979319 0.30715223327279095 0.47104409635066991 0.0088026827348396189
0.44850053475238377 0.47816270329058175 0.47104409635066991 0.0088026827348396189
0.44850053475238377 0.30715223327279095 0.45420481190085416 0.0088026827348396189
0.44850053475238377 0.30715223327279095 0.47104409635066991 0.0065404672240838412
0.54487134790979319 0.47816270329058175 0.45420481190085416 0.0065404672240838412
0.41211376376450054 0.24687231667339804 0.20701873563230039 0.0062253630516119311
0.34446032242849461 0.24687231667339804 0.20701873563230039 0.0062253630516119311
0.41211376376450054 0.43983627967536454 0.20701873563230039 0.0062253630516119311
0.41211376376450054 0.24687231667339804 0.23499506302177908 0.0062253630516119311
0.41211376376450054 0.24687231667339804 0.20701873563230039 0.0084609130193479352
0.34446032242849461 0.43983627967536454 0.23499506302177908 0.0084609130193479352
0.063024489535018796 0.47637956589460373 0.48997311890125272 0.00078593071755021825
0.66885614017955952 0.47637956589460373 0.48997311890125272 0.00078593071755021825
0.063024489535018796 0.22141639068722727 0.48997311890125272 0.00078593071755021825
0.063024489535018796 0.47637956589460373 0.30627193748950959 0.00078593071755021825
0.063024489535018796 0.47637956589460373 0.48997311890125272 0.00030315723642706876
0.66885614017955952 0.22141639068722727 0.30627193748950959 0.00030315723642706876
0.32461907858960326 0.1000330999493599 0.15166707858443262 0.0093872102464549242
0.50088545698672526 0.1000330999493599 0.15166707858443262 0.0093872102464549242
0.32461907858960326 0.17192057818174361 0.15166707858443262 0.0093872102464549242
0.32461907858960326 0.1000330999493599 0.16400914452970028 0.0093872102464549242
0.32461907858960326 0.1000330999493599 0.15166707858443262 0.0038922100316733125
0.50088545698672526 0.17192057818174361 0.16400914452970028 0.0038922100316733125
0.63799720741808408 0.37046442218124864 0.34527519680559637 0.0050499101962894208
0.17655072850175202 0.37046442218124864 0.34527519680559637 0.0050499101962894208
0.63799720741808408 0.39187883324921136 0.34527519680559637 0.0050499101962894208
0.63799720741808408 0.37046442218124864 0.49151185527443886 0.0050499101962894208
0.63799720741808408 0.37046442218124864 0.34527519680559637 0.0075052062571980072
0.17655072850175202 0.39187883324921136 0.49151185527443886 0.0075052062571980072
0.54081305842846628 0.19635890386998656 0.42112172394990921 0.0035378661186434329
0.091166571108624334 0.19635890386998656 0.42112172394990921 0.0035378661186434329
0.54081305842846628 0.47358490154147148 0.42112172394990921 0.0035378661186434329
0.54081305842846628 0.19635890386998656 0.14533853083848955 0.0035378661186434329
0.54081305842846628 0.19635890386998656 0.42112172394990921 0.0029889964058063927
0.091166571108624334 0.47358490154147148 0.14533853083848955 0.0029889964058063927
0.24029838680289684 0.32611677870154382 0.27566119246184828 0.0084238058956339953
0.41679214918985957 0.32611677870154382 0.27566119246184828 0.0084238058956339953
0.24029838680289684 0.29347067736089227 0.27566119246184828 0.0084238058956339953
0.24029838680289684 0.32611677870154382 0.42403747178614137 0.0084238058956339953
0.24029838680289684 0.32611677870154382 0.27566119246184828 0.0059696281490847474
0.41679214918985957 0.29347067736089227 0.42403747178614137 0.0059696281490847474
0.14136341898702084 0.25049787685275082 0.36391763873398308 0.0022133790544234216
0.58409675513394177 0.25049787685275082 0.36391763873398308 0.0022133790544234216
0.14136341898702084 0.1380956504493952 0.36391763873398308 0.0022133790544234216
0.14136341898702084 0.25049787685275082 0.25560661777853966 0.0022133790544234216
0.14136341898702084 0.25049787685275082 0.36391763873398308 0.0094019021796062589
0.58409675513394177 0.1380956504493952 0.25560661777853966 0.0094019021796062589
0.47727061342447991 0.42077699266374113 0.13281567469239236 0.0072733631432056432
0.25845287945121526 0.42077699266374113 0.13281567469239236 0.0072733631432056432
0.47727061342447991 0.31979706883430481 0.13281567469239236 0.0072733631432056432
0.47727061342447991 0.42077699266374113 0.37803101353347301 0.0072733631432056432
0.47727061342447991 0.42077699266374113 0.13281567469239236 0.0018782858575694264
0.25845287945121526 0.31979706883430481 0.37803101353347301 0.0018782858575694264
0.49025682243518526 0.1795774355530739 0.26466525644063954 0.0089754361690022044
0.41205035354942077 0.1795774355530739 0.26466525644063954 0.0089754361690022044
0.49025682243518526 0.39712657779455185 0.26466525644063954 0.0089754361690022044
0.49025682243518526 0.1795774355530739 0.29914182536304001 0.0089754361690022044
0.49025682243518526 0.1795774355530739 0.26466525644063954 0.00011796144284307957
0.41205035354942077 0.39712657779455185 0.29914182536304001 0.00011796144284307957
0.14863115474581717 0.34990539140999322 0.43209229223430157 0.0042127454938367019
0.087655796157196153 0.34990539140999322 0.43209229223430157 0.0042127454938367019
0.14863115474581717 0.16701159067451954 0.43209229223430157 0.0042127454938367019
0.14863115474581717 0.34990539140999322 0.37044322416186337 0.0042127454938367019
0.14863115474581717 0.34990539140999322 0.43209229223430157 0.0086473462232388564
0.087655796157196153 0.16701159067451954 0.37044322416186337 0.0086473462232388564
0.2526600159704685 0.27357837446033956 0.11883583553135396 0.0055047385237179704
0.24545905077829955 0.27357837446033956 0.11883583553135396 0.0055047385237179704
0.2526600159704685 0.21455399803817274 0.11883583553135396 0.0055047385237179704
0.2526600159704685 0.27357837446033956 0.10294000543653965 0.0055047385237179704
0.2526600159704685 0.27357837446033956 0.11883583553135396 0.0073042622488923379
0.24545905077829955 0.21455399803817274 0.10294000543653965 0.0073042622488923379
0.54874558928422623 0.40318977683782575 0.37797129228711135 0.00025866556465625767
0.56979503962211309 0.40318977683782575 0.37797129228711135 0.00025866556465625767
0.54874558928422623 0.44625617936253548 0.37797129228711135 0.00025866556465625767
0.54874558928422623 0.40318977683782575 0.4305160447955132 0.00025866556465625767
0.54874558928422623 0.40318977683782575 0.37797129228711135 0.004091898927092553
0.56979503962211309 0.44625617936253548 0.4305160447955132 0.004091898927092553
0.62564606792293487 0.22925438210368157 0.45095003210008144 0.0014536342230625453
0.65264881295152 0.22925438210368157 0.45095003210008144 0.0014536342230625453
0.62564606792293487 0.31298730708658695 0.45095003210008144 0.0014536342230625453
0.62564606792293487 0.22925438210368157 0.18136408403515816 0.0014536342230625453
0.62564606792293487 0.22925438210368157 0.45095003210008144 0.0057826473454013474
0.65264881295152 0.31298730708658695 0.18136408403515816 0.0057826473454013474
0.31671563405543562 0.49944157563149927 0.24601683616638184 0.0067843214368447672
0.32702445406466718 0.49944157563149927 0.24601683616638184 0.0067843214368447672
0.31671563405543562 0.14456665515899658 0.24601683616638184 0.0067843214368447672
0.31671563405543562 0.49944157563149927 0.46008754931390283 0.0067843214368447672
0.31671563405543562 0.49944157563149927 0.24601683616638184 0.0031748153301887215
0.32702445406466718 0.14456665515899658 0.46008754931390283 0.0031748153301887215
0.050029011256992821 0.12385202907025815 0.30932289287447934 0.0030878685946576297
0.16986496071331203 0.12385202907025815 0.30932289287447934 0.0030878685946576297
0.050029011256992821 0.29876952692866326 0.30932289287447934 0.0030878685946576297
0.050029011256992821 0.12385202907025815 0.21640864014625549 0.0030878685946576297
0.050029011256992821 0.12385202907025815 0.30932289287447934 0.0016779738313518467
0.16986496071331203 0.29876952692866326 0.21640864014625549 0.0016779738313518467
0.40481568253599104 0.35370108708739278 0.18769357837736608 0.0076257614966481931
0.49551005559042088 0.35370108708739278 0.18769357837736608 0.0076257614966481931
0.40481568253599104 0.46872854493558413 0.18769357837736608 0.0076257614966481931
0.40481568253599104 0.35370108708739278 0.33890636451542377 0.0076257614966481931
0.40481568253599104 0.35370108708739278 0.18769357837736608 0.0096033937877044086
0.49551005559042088 0.46872854493558413 0.33890636451542377 0.0096033937877044086
0.44055402008816591 0.29249419607222082 0.32669432684779165 0.0074460979896597574
0.12721881247125566 0.29249419607222082 0.32669432684779165 0.0074460979896597574
0.44055402008816591 0.40080928392708304 0.32669432684779165 0.0074460979896597574
0.44055402008816591 0.29249419607222082 0.16906182691454888 0.0074460979896597574
0.44055402008816591 0.29249419607222082 0.32669432684779165 0.0054765363414771865
0.12721881247125566 0.40080928392708304 0.16906182691454888 0.0054765363414771865
0.096791579248383636 0.43466624021530154 0.17029628790915013 0.0020405025873333218
0.45159562556073063 0.43466624021530154 0.17029628790915013 0.0020405025873333218
0.096791579248383636 0.23172945827245714 0.17029628790915013 0.0020405025873333218
0.096791579248383636 0.43466624021530154 0.49739440791308887 0.0020405025873333218
0.096791579248383636 0.43466624021530154 0.17029628790915013 0.0034434222392737868
0.45159562556073063 0.23172945827245714 0.49739440791308887 0.0034434222392737868
0.36330467206425959 0.16060096919536593 0.48199025355279446 0.0082873259504325694
0.60864386470057064 0.16060096919536593 0.48199025355279446 0.0082873259504325694
0.36330467206425959 0.18748261407017708 0.48199025355279446 0.0082873259504325694
0.36330467206425959 0.16060096919536593 0.2291123315691948 0.0082873259504325694
0.36330467206425959 0.16060096919536593 0.48199025355279446 0.002003939310833812
0.60864386470057064 0.18748261407017708 0.2291123315691948 0.002003939310833812
0.66151834009215227 0.31848956681787965 0.21495078206062318 0.0036744876844808459
0.2842902865260839 0.31848956681787965 0.21495078206062318 0.0036744876844808459
0.66151834009215227 0.35502464585006244 0.21495078206062318 0.0036744876844808459
0.66151834009215227 0.31848956681787965 0.30121948160231116 0.0036744876844808459
0.66151834009215227 0.31848956681787965 0.21495078206062318 0.0092375733108259733
0.2842902865260839 0.35502464585006244 0.30121948160231116 0.0092375733108259733
0.59338447684422135 0.14281468205153944 0.13894652016460896 0.0048743146314285703
0.36904710968956345 0.14281468205153944 0.13894652016460896 0.0048743146314285703
0.59338447684422135 0.48575723171234131 0.13894652016460896 0.0048743146314285703
0.59338447684422135 0.14281468205153944 0.26144262515008454 0.0048743146314285703
0.59338447684422135 0.14281468205153944 0.13894652016460896 0.0010862137003801765
0.36904710968956345 0.48575723171234131 0.26144262515008454 0.0010862137003801765
0.28802024223841721 0.38512748852372169 0.35783839896321301 0.0095620599426329139
0.69465387924574307 0.38512748852372169 0.35783839896321301 0.0095620599426329139
0.28802024223841721 0.25337174274027352 0.35783839896321301 0.0095620599426329139
0.28802024223841721 0.38512748852372169 0.38313477113842964 0.0095620599426329139
0.28802024223841721 0.38512748852372169 0.35783839896321301 0.0077165248898789299
0.69465387924574307 0.25337174274027352 0.38313477113842964 0.0077165248898789299
0.18384752818383276 0.21032797768712044 0.29609485119581225 0.00092043743366375581
0.53697736635804172 0.21032797768712044 0.29609485119581225 0.00092043743366375581
0.18384752818383276 0.10251326821744443 0.29609485119581225 0.00092043743366375581
0.18384752818383276 0.21032797768712044 0.14023492820560934 0.00092043743366375581
0.18384752818383276 0.21032797768712044 0.29609485119581225 0.0064320174233987934
0.53697736635804172 0.10251326821744443 0.14023492820560934 0.0064320174233987934
0.53507915819063778 0.46797891966998584 0.40064046494662764 0.006091602204181255
0.21131452717818316 0.46797891966998584 0.40064046494662764 0.006091602204181255
0.53507915819063778 0.33331213518977165 0.40064046494662764 0.006091602204181255
0.53507915819063778 0.46797891966998584 0.41820126175880434 0.006091602204181255
0.53507915819063778 0.46797891966998584 0.40064046494662764 0.0050040766413323584
0.21131452717818316 0.33331213518977165 0.41820126175880434 0.0050040766413323584
0.49747773604467505 0.22316620275378229 0.15847019664943218 0.0027866628464311362
0.55553352725692096 0.22316620275378229 0.15847019664943218 0.0027866628464311362
0.49747773604467505 0.26278866305947302 0.15847019664943218 0.0027866628464311362
0.49747773604467505 0.22316620275378229 0.3540913347154856 0.0027866628464311362
0.49747773604467505 0.22316620275378229 0.15847019664943218 0.0066882651567459111
0.55553352725692096 0.26278866305947302 0.3540913347154856 0.0066882651567459111
0.20107476175762712 0.45594493709504602 0.33829958289861684 0.007936073451768607
0.23115673232823608 0.45594493709504602 0.33829958289861684 0.007936073451768607
0.20107476175762712 0.49514964334666733 0.33829958289861684 0.007936073451768607
0.20107476175762712 0.45594493709504602 0.27651587575674058 0.007936073451768607
0.20107476175762712 0.45594493709504602 0.33829958289861684 0.0047091558528132745
0.23115673232823608 0.49514964334666733 0.27651587575674058 0.0047091558528132745
0.25956573695875701 0.12994041107594967 0.20004311874508859 0.0017717965161427858
0.063872874481603503 0.12994041107594967 0.20004311874508859 0.0017717965161427858
0.25956573695875701 0.3489683736115694 0.20004311874508859 0.0017717965161427858
0.25956573695875701 0.12994041107594967 0.44382644407451155 0.0017717965161427858
0.25956573695875701 0.12994041107594967 0.20004311874508859 0.00073337943935766823
0.063872874481603503 0.3489683736115694 0.44382644407451155 0.00073337943935766823
0.6015088056214154 0.39719790443778036 0.49677623994648457 0.0064764644053764645
0.38822647081688039 0.39719790443778036 0.49677623994648457 0.0064764644053764645
0.6015088056214154 0.11814499646425247 0.49677623994648457 0.0064764644053764645
0.6015088056214154 0.39719790443778036 0.12252524420619011 0.0064764644053764645
0.6015088056214154 0.39719790443778036 0.49677623994648457 0.0080306860957294699
0.38822647081688039 0.11814499646425247 0.12252524420619011 0.0080306860957294699
0.6998335539363324 0.1727017119526863 0.36964510679245 0.0052035512894392016
0.46851367410272354 0.1727017119526863 0.36964510679245 0.0052035512894392016
0.6998335539363324 0.24732465110719204 0.36964510679245 0.0052035512894392016
0.6998335539363324 0.1727017119526863 0.46562212705612183 0.0052035512894392016
0.6998335539363324 0.1727017119526863 0.36964510679245 0.0022988400733098386
0.46851367410272354 0.24732465110719204 0.46562212705612183 0.0022988400733098386
0.34536424730904397 0.30563341565430169 0.12730957828462125 0.00056895900582894687
0.14290688638575375 0.30563341565430169 0.12730957828462125 0.00056895900582894687
0.34536424730904397 0.41642879471182825 0.12730957828462125 0.00056895900582894687
0.34536424730904397 0.30563341565430169 0.19312460310757162 0.00056895900582894687
0.34536424730904397 0.30563341565430169 0.12730957828462125 0.0089813432431779805
0.14290688638575375 0.41642879471182825 0.19312460310757162 0.0089813432431779805
0.12453103368170558 0.2804539192467928 0.41561562456190593 0.0092935799481347198
0.31081900829449294 0.2804539192467928 0.41561562456190593 0.0092935799481347198
0.12453103368170558 0.3643561035394669 0.41561562456190593 0.0092935799481347198
0.12453103368170558 0.2804539192467928 0.33660475686192515 0.0092935799481347198
0.12453103368170558 0.2804539192467928 0.41561562456190593 0.005162355035822839
0.31081900829449294 0.3643561035394669 0.33660475686192515 0.005162355035822839
0.43314410289749494 0.44746154993772513 0.28138866350054742 0.0039049069763161244
0.63648182931356123 0.44746154993772513 0.28138866350054742 0.0039049069763161244
0.43314410289749494 0.196838391199708 0.28138866350054742 0.0039049069763161244
0.43314410289749494 0.44746154993772513 0.20788187347352505 0.0039049069763161244
0.43314410289749494 0.44746154993772513 0.28138866350054742 0.0037962742397561673
0.63648182931356123 0.196838391199708 0.20788187347352505 0.0037962742397561673
0.38651542230509217 0.11101237945258619 0.44548705853521831 0.0012234654227271677
0.27316110124811527 0.11101237945258619 0.44548705853521831 0.0012234654227271677
0.38651542230509217 0.13517406694591047 0.44548705853521831 0.0012234654227271677
0.38651542230509217 0.11101237945258619 0.47791825383901598 0.0012234654227271677
0.38651542230509217 0.11101237945258619 0.44548705853521831 0.0013830541492439808
0.27316110124811527 0.13517406694591047 0.47791825383901598 0.0013830541492439808
0.088619155250489717 0.36573364511132245 0.25149137303233149 0.0057782783948816365
0.59755564047954979 0.36573364511132245 0.25149137303233149 0.0057782783948816365
0.088619155250489717 0.30357020869851115 0.25149137303233149 0.0057782783948816365
0.088619155250489717 0.36573364511132245 0.15581166781485081 0.0057782783948816365
0.088619155250489717 0.36573364511132245 0.25149137303233149 0.00985964277498424
0.59755564047954979 0.30357020869851115 0.15581166781485081 0.00985964277498424
0.3095862260088324 0.24213045910000802 0.38818532824516294 0.0045591640450060372
0.42967549487948409 0.24213045910000802 0.38818532824516294 0.0045591640450060372
0.3095862260088324 0.45309663563966751 0.38818532824516294 0.0045591640450060372
0.3095862260088324 0.24213045910000802 0.32390721365809438 0.0045591640450060372
0.3095862260088324 0.24213045910000802 0.38818532824516294 0.0060968096576631079
0.42967549487948409 0.45309663563966751 0.32390721365809438 0.0060968096576631079
0.65303126587532456 0.48737296573817734 0.10874352417886257 0.0098680948807857941
0.10533948787488043 0.48737296573817734 0.10874352417886257 0.0098680948807857941
0.65303126587532456 0.28311310894787312 0.10874352417886257 0.0098680948807857941
0.65303126587532456 0.48737296573817734 0.24557481519877911 0.0098680948807857941
0.65303126587532456 0.48737296573817734 0.10874352417886257 0.0028219823230989276
0.10533948787488043 0.28311310894787312 0.24557481519877911 0.0028219823230989276
0.56633205781690776 0.26147905625402929 0.2326538033783436 0.0085903352780267589
0.18245161599479615 0.26147905625402929 0.2326538033783436 0.0085903352780267589
0.56633205781690776 0.15139187797904016 0.2326538033783436 0.0085903352780267589
0.56633205781690776 0.26147905625402929 0.39179661162197588 0.0085903352780267589
0.56633205781690776 0.26147905625402929 0.2326538033783436 0.007048033287655563
0.18245161599479615 0.15139187797904016 0.39179661162197588 0.007048033287655563
0.21478306315839291 0.41604735255241398 0.46414334662258627 0.0033611825366504492
0.50807599304243922 0.41604735255241398 0.46414334662258627 0.0033611825366504492
0.21478306315839291 0.38153118453919888 0.46414334662258627 0.0033611825366504492
0.21478306315839291 0.41604735255241398 0.26383045911788938 0.0033611825366504492
0.21478306315839291 0.41604735255241398 0.46414334662258627 0.0043868009435012942
0.50807599304243922 0.38153118453919888 0.26383045911788938 0.0043868009435012942
0.15647561363875864 0.19161590635776521 0.17739979140460493 0.0071309660647064458
0.67531236768700176 0.19161590635776521 0.17739979140460493 0.0071309660647064458
0.15647561363875864 0.43690019883215425 0.17739979140460493 0.0071309660647064458
0.15647561363875864 0.19161590635776521 0.40652546249330046 0.0071309660647064458
0.15647561363875864 0.19161590635776521 0.17739979140460493 0.00047081454973667861
0.67531236768700176 0.43690019883215425 0.40652546249330046 0.00047081454973667861
0.46215721289627248 0.33710827566683293 0.31934775561094286 0.0023465188640169801
0.34966729097068305 0.33710827566683293 0.31934775561094286 0.0023465188640169801
0.46215721289627248 0.20522233545780183 0.31934775561094286 0.0023465188640169801
0.46215721289627248 0.33710827566683293 0.13483387902379038 0.0023465188640169801
0.46215721289627248 0.33710827566683293 0.31934775561094286 0.0083331661715172235
0.34966729097068305 0.20522233545780183 0.13483387902379038 0.0083331661715172235
0.46038287887349716 0.12150304466485978 0.1995527919381857 0.0057258334889076657
0.083964173635467876 0.12150304466485978 0.1995527919381857 0.0057258334889076657
0.46038287887349716 0.19293016307055952 0.1995527919381857 0.0057258334889076657
0.46038287887349716 0.12150304466485978 0.18071418926119806 0.0057258334889076657
0.46038287887349716 0.12150304466485978 0.1995527919381857 0.0080916808589361604
0.083964173635467876 0.19293016307055952 0.18071418926119806 0.0080916808589361604
0.15692303800024091 0.3513582069426775 0.30370167493820188 0.0012846205510199072
0.40835848888382309 0.3513582069426775 0.30370167493820188 0.0012846205510199072
0.15692303800024091 0.37453440800309179 0.30370167493820188 0.0012846205510199072
0.15692303800024091 0.3513582069426775 0.45282118432223795 0.0012846205510199072
0.15692303800024091 0.3513582069426775 0.30370167493820188 0.00086679204385727655
0.40835848888382309 0.37453440800309179 0.45282118432223795 0.00086679204385727655
0.22032631807960568 0.22535353191196919 0.24195814058184625 0.0099701270722784112
0.57571424045599995 0.22535353191196919 0.24195814058184625 0.0099701270722784112
0.22032631807960568 0.41875068098306656 0.24195814058184625 0.0099701270722784112
0.22032631807960568 0.22535353191196919 0.22067192047834397 0.0099701270722784112
0.22032631807960568 0.22535353191196919 0.24195814058184625 0.0046094206171110276
0.57571424045599995 0.41875068098306656 0.22067192047834397 0.0046094206171110276
0.55949730435386302 0.49553462117910385 0.46124674715101721 0.0044654161075130113
0.25137785449624062 0.49553462117910385 0.46124674715101721 0.0044654161075130113
0.55949730435386302 0.2387330699712038 0.46124674715101721 0.0044654161075130113
0.55949730435386302 0.49553462117910385 0.34900465644896028 0.0044654161075130113
0.55949730435386302 0.49553462117910385 0.46124674715101721 0.0066706157679669569
0.25137785449624062 0.2387330699712038 0.34900465644896028 0.0066706157679669569
0.65543997688218947 0.27123988196253779 0.38486244529485703 0.0035020211058668792
0.3310244831256568 0.27123988196253779 0.38486244529485703 0.0035020211058668792
0.65543997688218947 0.12050355300307275 0.38486244529485703 0.0035020211058668792
0.65543997688218947 0.27123988196253779 0.28873221836984159 0.0035020211058668792
0.65543997688218947 0.27123988196253779 0.38486244529485703 0.0036626916904933752
0.3310244831256568 0.12050355300307275 0.28873221836984159 0.0036626916904933752
0.30850380477495487 0.40084518156945703 0.11820749752223492 0.0084580546889454124
0.65664844489656382 0.40084518156945703 0.11820749752223492 0.0084580546889454124
0.30850380477495487 0.34036463461816313 0.11820749752223492 0.0084580546889454124
0.30850380477495487 0.40084518156945703 0.36669877842068677 0.0084580546889454124
0.30850380477495487 0.40084518156945703 0.11820749752223492 0.0051012280933558944
0.65664844489656382 0.34036463461816313 0.36669877842068677 0.0051012280933558944
0.082441523345187312 0.17566571496427061 0.42990144975483424 0.0023326113303191961
0.48864956162869921 0.17566571496427061 0.42990144975483424 0.0023326113303191961
0.082441523345187312 0.49125357307493689 0.42990144975483424 0.0023326113303191961
0.082441523345187312 0.17566571496427061 0.10993174798786641 0.0023326113303191961
0.082441523345187312 0.17566571496427061 0.42990144975483424 0.0089988226871937516
0.48864956162869921 0.49125357307493689 0.10993174798786641 0.0089988226871937516
0.39398517264053218 0.34599977359175682 0.27311889007687573 0.0071533100945875058
0.16300422460772096 0.34599977359175682 0.27311889007687573 0.0071533100945875058
0.39398517264053218 0.2729302972555161 0.27311889007687573 0.0071533100945875058
0.39398517264053218 0.34599977359175682 0.4316236674785614 0.0071533100945875058
0.39398517264053218 0.34599977359175682 0.27311889007687573 0.0023984431297518313
0.16300422460772096 0.2729302972555161 0.4316236674785614 0.0023984431297518313
0.42853350988589223 0.20642564930021765 0.41212088949978354 0.0078751375404186551
0.45020439643412824 0.20642564930021765 0.41212088949978354 0.0078751375404186551
0.42853350988589223 0.20910677090287211 0.41212088949978354 0.0078751375404186551
0.42853350988589223 0.20642564930021765 0.2514176618307829 0.0078751375404186551
0.42853350988589223 0.20642564930021765 0.41212088949978354 0.0028007074275985359
0.45020439643412824 0.20910677090287211 0.2514176618307829 0.0028007074275985359
0.12785508725792169 0.46407048702239995 0.29087609723210339 0.0028393240189179777
0.12582736057229338 0.46407048702239995 0.29087609723210339 0.0028393240189179777
0.12785508725792169 0.426746166869998 0.29087609723210339 0.0028393240189179777
0.12785508725792169 0.46407048702239995 0.37899347469210631 0.0028393240189179777
0.12785508725792169 0.46407048702239995 0.29087609723210339 0.0060031169208697981
0.12582736057229338 0.426746166869998 0.37899347469210631 0.0060031169208697981
0.35374376121908419 0.1404671758413315 0.35418214052915575 0.0065699907655827712
0.29362072544172402 0.1404671758413315 0.35418214052915575 0.0065699907655827712
0.35374376121908419 0.37918540723621852 0.35418214052915575 0.0065699907655827712
0.35374376121908419 0.1404671758413315 0.14762306846678258 0.0065699907655827712
0.35374376121908419 0.1404671758413315 0.35418214052915575 0.0099966808862052853
0.29362072544172402 0.37918540723621852 0.14762306846678258 0.0099966808862052853
0.6901221712585538 0.38278608657419688 0.14886442534625532 0.0016695504184812309
0.61797392587177458 0.38278608657419688 0.14886442534625532 0.0016695504184812309
0.6901221712585538 0.16000763326883316 0.14886442534625532 0.0016695504184812309
0.6901221712585538 0.38278608657419688 0.41892469376325614 0.0016695504184812309
0.6901221712585538 0.38278608657419688 0.14886442534625532 0.0014380064135417344
0.61797392587177458 0.16000763326883316 0.41892469376325614 0.0014380064135417344
0.60548486667685208 0.1566908221691847 0.22221996113657952 0.00070130597958341248
0.69571748529560862 0.1566908221691847 0.22221996113657952 0.00070130597958341248
0.60548486667685208 0.28077958784997464 0.22221996113657952 0.00070130597958341248
0.60548486667685208 0.1566908221691847 0.16802715137600899 0.00070130597958341248
0.60548486667685208 0.1566908221691847 0.22221996113657952 0.0084267267290502792
0.69571748529560862 0.28077958784997464 0.16802715137600899 0.0084267267290502792
0.2568768352270126 0.31458552256226541 0.48095868863165381 0.0050627773346379407
0.37011033799499266 0.31458552256226541 0.48095868863165381 0.0050627773346379407
0.2568768352270126 0.46167581900954247 0.48095868863165381 0.0050627773346379407
0.2568768352270126 0.31458552256226541 0.49052503071725373 0.0050627773346379407
0.2568768352270126 0.31458552256226541 0.48095868863165381 0.00049191950047388678
0.37011033799499266 0.46167581900954247 0.49052503071725373 0.00049191950047388678
0.19332977980375288 0.29015413001179696 0.16770224533975125 0.0038824942014180127
0.20294583770446478 0.29015413001179696 0.16770224533975125 0.0038824942014180127
0.19332977980375288 0.3074912160634995 0.16770224533975125 0.0038824942014180127
0.19332977980375288 0.29015413001179696 0.23297893404960635 0.0038824942014180127
0.19332977980375288 0.29015413001179696 0.16770224533975125 0.0043317164999432866
0.20294583770446478 0.3074912160634995 0.23297893404960635 0.0043317164999432866
0.50655396687798193 0.43232007138431072 0.33552600741386418 0.0093074252277612693
0.52860845411196344 0.43232007138431072 0.33552600741386418 0.0093074252277612693
0.50655396687798193 0.12500777877867222 0.33552600741386418 0.0093074252277612693
0.50655396687798193 0.43232007138431072 0.31170224435627458 0.0093074252277612693
0.50655396687798193 0.43232007138431072 0.33552600741386418 0.0069108252316713338
0.52860845411196344 0.12500777877867222 0.31170224435627458 0.0069108252316713338
0.52981148357503116 0.2781094662845135 0.28085770606994631 0.0020144583864137532
0.22501445887610316 0.2781094662845135 0.28085770606994631 0.0020144583864137532
0.52981148357503116 0.47109263129532342 0.28085770606994631 0.0020144583864137532
0.52981148357503116 0.2781094662845135 0.47229616492986681 0.0020144583864137532
0.52981148357503116 0.2781094662845135 0.28085770606994631 0.0039885312880389399
0.22501445887610316 0.47109263129532342 0.47229616492986681 0.0039885312880389399
0.19032309390604496 0.44512320123612881 0.4224089439958334 0.0074611388941295455
0.54939147657714782 0.44512320123612881 0.4224089439958334 0.0074611388941295455
0.19032309390604496 0.29017208069562916 0.4224089439958334 0.0074611388941295455
0.19032309390604496 0.44512320123612881 0.19396399296820166 0.0074611388941295455
0.19032309390604496 0.44512320123612881 0.4224089439958334 0.0072926811384037143
0.54939147657714782 0.29017208069562916 0.19396399296820166 0.0072926811384037143
0.28943965025246138 0.16879633329808713 0.13566539920866491 0.0038032174680382013
0.39151633791625495 0.16879633329808713 0.13566539920866491 0.0038032174680382013
0.28943965025246138 0.14066391065716743 0.13566539920866491 0.0038032174680382013
0.28943965025246138 0.16879633329808713 0.32631735131144524 0.0038032174680382013
0.28943965025246138 0.16879633329808713 0.13566539920866491 0.0087119595227763066
0.39151633791625495 0.14066391065716743 0.32631735131144524 0.0087119595227763066
0.59321689452044668 0.30172193273901937 0.3675516717135906 0.0081477710026316343
0.0671631193254143 0.30172193273901937 0.3675516717135906 0.0081477710026316343
0.59321689452044668 0.32312302999198439 0.3675516717135906 0.0081477710026316343
0.59321689452044668 0.30172193273901937 0.20421053878962994 0.0081477710026316343
0.59321689452044668 0.30172193273901937 0.3675516717135906 0.00024535740157589317
0.0671631193254143 0.32312302999198439 0.20421053878962994 0.00024535740157589317
0.66742101400159293 0.12759729176759721 0.4910574983805418 0.0096519550243392583
0.14937554313801227 0.12759729176759721 0.4910574983805418 0.0096519550243392583
0.66742101400159293 0.44234127402305601 0.4910574983805418 0.0096519550243392583
0.66742101400159293 0.12759729176759721 0.35803729183971889 0.0096519550243392583
0.66742101400159293 0.12759729176759721 0.4910574983805418 0.0096148427189327781
0.14937554313801227 0.44234127402305601 0.35803729183971889 0.0096148427189327781
0.3561947269365191 0.39484868235886095 0.21200021356344223 0.0047732640110887594
0.47498270859941832 0.39484868235886095 0.21200021356344223 0.0047732640110887594
0.3561947269365191 0.22472638823091984 0.21200021356344223 0.0047732640110887594
0.3561947269365191 0.39484868235886095 0.28634555339813234 0.0047732640110887594
0.3561947269365191 0.39484868235886095 0.21200021356344223 0.001781171525642276
0.47498270859941832 0.22472638823091984 0.28634555339813234 0.001781171525642276
0.094737171940505502 0.21925910599529744 0.34869415834546091 0.0060270489551126965
0.63222897299565373 0.21925910599529744 0.34869415834546091 0.0060270489551126965
0.094737171940505502 0.16933900974690913 0.34869415834546091 0.0060270489551126965
0.094737171940505502 0.21925910599529744 0.44329836927354338 0.0060270489551126965
0.094737171940505502 0.21925910599529744 0.34869415834546091 0.003047287192195654
0.63222897299565373 0.16933900974690913 0.44329836927354338 0.003047287192195654
0.44135598181746893 0.45204394310712814 0.15431395061314107 0.00097431776067242039
0.30656637474894521 0.45204394310712814 0.15431395061314107 0.00097431776067242039
0.44135598181746893 0.38854129239916801 0.15431395061314107 0.00097431776067242039
0.44135598181746893 0.45204394310712814 0.11533237174153328 0.00097431776067242039
0.44135598181746893 0.45204394310712814 0.15431395061314107 0.0057178641011007133
0.30656637474894521 0.38854129239916801 0.11533237174153328 0.0057178641011007133
0.39607628351077434 0.18771200589835646 0.31841359809041025 0.0041976163715124132
0.58847818379290395 0.18771200589835646 0.31841359809041025 0.0041976163715124132
0.39607628351077434 0.33097193688154225 0.31841359809041025 0.0041976163715124132
0.39607628351077434 0.18771200589835646 0.39534577168524265 0.0041976163715124132
0.39607628351077434 0.18771200589835646 0.31841359809041025 0.00938067970033735
0.58847818379290395 0.33097193688154225 0.39534577168524265 0.00938067970033735
0.060015276866033675 0.33319827094674115 0.18457115776836874 0.0090013998231850568
0.26408388670533894 0.33319827094674115 0.18457115776836874 0.0090013998231850568
0.060015276866033675 0.11108653731644154 0.18457115776836874 0.0090013998231850568
0.060015276866033675 0.33319827094674115 0.27404472678899766 0.0090013998231850568
0.060015276866033675 0.33319827094674115 0.18457115776836874 0.0020552591717801988
0.26408388670533894 0.11108653731644154 0.27404472678899766 0.0020552591717801988
0.32160676647908981 0.2591331250965595 0.47287719361484049 0.00039830636996775865
0.10712239923886954 0.2591331250965595 0.47287719361484049 0.00039830636996775865
0.32160676647908981 0.2572982829064131 0.47287719361484049 0.00039830636996775865
0.32160676647908981 0.2591331250965595 0.40561310760676861 0.00039830636996775865
0.32160676647908981 0.2591331250965595 0.47287719361484049 0.0034161306980066003
0.10712239923886954 0.2572982829064131 0.40561310760676861 0.0034161306980066003
0.62196778571233147 0.4137075256556273 0.23015714138746263 0.0053760916472412653
0.43145880335941905 0.4137075256556273 0.23015714138746263 0.0053760916472412653
0.62196778571233147 0.47559723928570752 0.23015714138746263 0.0053760916472412653
0.62196778571233147 0.4137075256556273 0.12803749367594719 0.0053760916472412653
0.62196778571233147 0.4137075256556273 0.23015714138746263 0.0053864621410146364
0.43145880335941905 0.47559723928570752 0.12803749367594719 0.0053864621410146364
0.55684983404353261 0.2382217887789011 0.10342721976339818 0.0068851321872323758
0.51684628296643487 0.2382217887789011 0.10342721976339818 0.0068851321872323758
0.55684983404353261 0.35891461111605172 0.10342721976339818 0.0068851321872323758
0.55684983404353261 0.2382217887789011 0.48498933315277104 0.0068851321872323758
0.55684983404353261 0.2382217887789011 0.10342721976339818 0.0049525868356227881
0.51684628296643487 0.35891461111605172 0.48498933315277104 0.0049525868356227881
0.24330828473903238 0.48347039818763737 0.39976361319422726 0.0013635057623498142
0.1912223030347377 0.48347039818763737 0.39976361319422726 0.0013635057623498142
0.24330828473903238 0.17733487486839294 0.39976361319422726 0.0013635057623498142
0.24330828473903238 0.48347039818763737 0.15626622326672079 0.0013635057623498142
0.24330828473903238 0.48347039818763737 0.39976361319422726 0.0062887788546271634
0.1912223030347377 0.17733487486839294 0.15626622326672079 0.0062887788546271634
0.14437517658807336 0.10867083370685578 0.26150715947151182 0.0075721186792477978
0.34882691251114006 0.10867083370685578 0.26150715947151182 0.0075721186792477978
0.14437517658807336 0.229377006739378 0.26150715947151182 0.0075721186792477978
0.14437517658807336 0.10867083370685578 0.31400418952107434 0.0075721186792477978
0.14437517658807336 0.10867083370685578 0.26150715947151182 0.0078064291455782961
0.34882691251114006 0.229377006739378 0.31400418952107434 0.0078064291455782961
0.49330057026818386 0.36338599659502513 0.44173327647149563 0.0031526575830765069
0.67447223137132817 0.36338599659502513 0.44173327647149563 0.0031526575830765069
0.49330057026818386 0.40941912792623048 0.44173327647149563 0.0031526575830765069
0.49330057026818386 0.36338599659502513 0.24150689207017423 0.0031526575830765069
0.49330057026818386 0.36338599659502513 0.44173327647149563 0.0011133730623871089
0.67447223137132817 0.40941912792623048 0.24150689207017423 0.0011133730623871089
0.4859674726147204 0.23623516038060188 0.36069221831858156 0.00079856196902692331
0.15533716152422128 0.23623516038060188 0.36069221831858156 0.00079856196902692331
0.4859674726147204 0.48206482939422135 0.36069221831858156 0.00079856196902692331
0.4859674726147204 0.23623516038060188 0.33136905096471314 0.00079856196902692331
0.4859674726147204 0.23623516038060188 0.36069221831858156 0.0022549474771134557
0.15533716152422128 0.48206482939422135 0.33136905096471314 0.0022549474771134557
0.13133476851508019 0.49090148322284222 0.14257242903113365 0.0062017378713004299
0.47973275529220694 0.49090148322284222 0.14257242903113365 0.0062017378713004299
0.13133476851508019 0.2504858560860157 0.14257242903113365 0.0062017378713004299
0.13133476851508019 0.49090148322284222 0.21009250059723855 0.0062017378713004299
0.13133476851508019 0.49090148322284222 0.14257242903113365 0.009179735101945698
0.47973275529220694 0.2504858560860157 0.21009250059723855 0.009179735101945698
0.23537044851109384 0.11685886196792127 0.40582889020442969 0.0049079309171065691
0.6468392778653651 0.11685886196792127 0.40582889020442969 0.0049079309171065691
0.23537044851109384 0.10622676461935043 0.40582889020442969 0.0049079309171065691
0.23537044851109384 0.11685886196792127 0.46641435809433462 0.0049079309171065691
0.23537044851109384 0.11685886196792127 0.40582889020442969 0.0055728947548195724
0.6468392778653651 0.10622676461935043 0.46641435809433462 0.0055728947548195724
0.54445437979884437 0.36225394383072851 0.29738617800176148 0.0095183549937792131
0.32250417042523616 0.36225394383072851 0.29738617800176148 0.0095183549937792131
0.54445437979884437 0.33626812286674979 0.29738617800176148 0.0095183549937792131
0.54445437979884437 0.36225394383072851 0.18891209065914155 0.0095183549937792131
0.54445437979884437 0.36225394383072851 0.29738617800176148 0.0032309343143366279
0.32250417042523616 0.33626812286674979 0.18891209065914155 0.0032309343143366279
0.62993472763337188 0.18654925525188448 0.17372261062264444 0.0083203450322151193
0.23966443175449964 0.18654925525188448 0.17372261062264444 0.0083203450322151193
0.62993472763337188 0.40451280400156975 0.17372261062264444 0.0083203450322151193
0.62993472763337188 0.18654925525188448 0.44913534745574002 0.0083203450322151193
0.62993472763337188 0.18654925525188448 0.17372261062264444 0.0064902710528112958
0.23966443175449964 0.40451280400156975 0.44913534745574002 0.0064902710528112958
0.3340127297677099 0.34136778451502325 0.32933634109795096 0.0036301808110438287
0.56528959455899896 0.34136778451502325 0.32933634109795096 0.0036301808110438287
0.3340127297677099 0.23462816737592221 0.32933634109795096 0.0036301808110438287
0.3340127297677099 0.34136778451502325 0.1204367320984602 0.0036301808110438287
0.3340127297677099 0.34136778451502325 0.32933634109795096 0.0047522753994911912
0.56528959455899896 0.23462816737592221 0.1204367320984602 0.0047522753994911912
0.067318048421293492 0.26659454740583899 0.2160302918404341 0.0073248197289183742
0.39751763399690382 0.26659454740583899 0.2160302918404341 0.0073248197289183742
0.067318048421293492 0.18375743962824345 0.2160302918404341 0.0073248197289183742
0.067318048421293492 0.26659454740583899 0.3529327526688576 0.0073248197289183742
0.067318048421293492 0.26659454740583899 0.2160302918404341 0.0012991925768554213
0.39751763399690382 0.18375743962824345 0.3529327526688576 0.0012991925768554213
0.40910744168795637 0.41173900365829474 0.48697905689477927 0.0021512401790358127
0.071873498009517783 0.41173900365829474 0.48697905689477927 0.0021512401790358127
0.40910744168795637 0.35205563306808474 0.48697905689477927 0.0021512401790358127
0.40910744168795637 0.41173900365829474 0.28050880171358583 0.0021512401790358127
0.40910744168795637 0.41173900365829474 0.48697905689477927 0.0076194489319808788
0.071873498009517783 0.35205563306808474 0.28050880171358583 0.0076194489319808788
0.45372628942131987 0.14833404086530211 0.2478548150509596 0.0029768826136365532
0.52102138325572012 0.14833404086530211 0.2478548150509596 0.0029768826136365532
0.45372628942131987 0.31586991026997568 0.2478548150509596 0.0029768826136365532
0.45372628942131987 0.14833404086530211 0.41144986525177962 0.0029768826136365532
0.45372628942131987 0.14833404086530211 0.2478548150509596 0.0074005449837073693
0.52102138325572012 0.31586991026997568 0.41144986525177962 0.0074005449837073693
0.10265854480676354 0.38116771802306182 0.45512870103120806 0.007746826773229987
0.19664802798070014 0.38116771802306182 0.45512870103120806 0.007746826773229987
0.10265854480676354 0.14825578741729262 0.45512870103120806 0.007746826773229987
0.10265854480676354 0.38116771802306182 0.13314202688634397 0.007746826773229987
0.10265854480676354 0.38116771802306182 0.45512870103120806 0.0038794866806827486
0.19664802798070014 0.14825578741729262 0.13314202688634397 0.0038794866806827486
0.36916977795772249 0.2048213891685009 0.19343474283814432 0.001498191846162081
0.3646658360026776 0.2048213891685009 0.19343474283814432 0.001498191846162081
0.36916977795772249 0.29581034965813158 0.19343474283814432 0.001498191846162081
0.36916977795772249 0.2048213891685009 0.39024141728878026 0.001498191846162081
0.36916977795772249 0.2048213891685009 0.19343474283814432 0.00036889393059536815
0.3646658360026776 0.29581034965813158 0.39024141728878026 0.00036889393059536815
0.67469742819666856 0.47192630730569363 0.30959835238754752 0.0067515129788778732
0.68902271701954299 0.47192630730569363 0.30959835238754752 0.0067515129788778732
0.67469742819666856 0.46501186937093741 0.30959835238754752 0.0067515129788778732
0.67469742819666856 0.47192630730569363 0.26820774264633657 0.0067515129788778732
0.67469742819666856 0.47192630730569363 0.30959835238754752 0.0085895836928859357
0.68902271701954299 0.46501186937093741 0.26820774264633657 0.0085895836928859357
0.58021273780614135 0.29802214391529558 0.43648639023303992 0.005548684854619206
0.60427742959000164 0.29802214391529558 0.43648639023303992 0.005548684854619206
0.58021273780614135 0.39423066638410098 0.43648639023303992 0.005548684854619206
0.58021273780614135 0.29802214391529558 0.31905609779059885 0.005548684854619206
0.58021273780614135 0.29802214391529558 0.43648639023303992 0.0018908770292997363
0.60427742959000164 0.39423066638410098 0.31905609779059885 0.0018908770292997363
0.28215272701345379 0.4307036146521569 0.26670644544065003 0.00022525053517892957
0.27867404036223886 0.4307036146521569 0.26670644544065003 0.00022525053517892957
0.28215272701345379 0.1633108787238598 0.26670644544065003 0.00022525053517892957
0.28215272701345379 0.4307036146521569 0.24738869294524193 0.00022525053517892957
0.28215272701345379 0.4307036146521569 0.26670644544065003 0.0095063935083337138
0.27867404036223886 0.1633108787238598 0.24738869294524193 0.0095063935083337138
0.17798311240039766 0.15508464723825455 0.37844999767839915 0.0088650614801794297
0.11125783151946961 0.15508464723825455 0.37844999767839915 0.0088650614801794297
0.17798311240039766 0.2175258994102478 0.37844999767839915 0.0088650614801794297
0.17798311240039766 0.15508464723825455 0.47910737730562691 0.0088650614801794297
0.17798311240039766 0.15508464723825455 0.37844999767839915 0.0058408252962864945
0.11125783151946961 0.2175258994102478 0.47910737730562691 0.0058408252962864945
0.52189936060458419 0.32244019098579885 0.12479244098067284 0.0043344173419289297
0.43692420599982135 0.32244019098579885 0.12479244098067284 0.0043344173419289297
0.52189936060458419 0.44998425580561163 0.12479244098067284 0.0043344173419289297
0.52189936060458419 0.32244019098579885 0.15121451765298843 0.0043344173419289297
0.52189936060458419 0.32244019098579885 0.12479244098067284 0.0029230897668749093
0.43692420599982135 0.44998425580561163 0.15121451765298843 0.0029230897668749093
0.51445241477340453 0.16727751791477202 0.46698495373129845 0.0070187750727869576
0.29614259088411926 0.16727751791477202 0.46698495373129845 0.0070187750727869576
0.51445241477340453 0.15393059141933918 0.46698495373129845 0.0070187750727869576
0.51445241477340453 0.16727751791477202 0.21561717577278616 0.0070187750727869576
0.51445241477340453 0.16727751791477202 0.46698495373129845 0.0061937350883148621
0.29614259088411926 0.15393059141933918 0.21561717577278616 0.0061937350883148621
0.20568584813736379 0.30949229933321476 0.23626751042902472 0.0024663816006854178
0.62051592799834898 0.30949229933321476 0.23626751042902472 0.0024663816006854178
0.20568584813736379 0.38482605963945393 0.23626751042902472 0.0024663816006854178
0.20568584813736379 0.30949229933321476 0.34311963617801666 0.0024663816006854178
0.20568584813736379 0.30949229933321476 0.23626751042902472 0.0026088530300185085
0.62051592799834898 0.38482605963945393 0.34311963617801666 0.0026088530300185085
0.26417000456713136 0.28586646355688572 0.32452397011220457 0.0086336785963736472
0.46289243008941405 0.28586646355688572 0.32452397011220457 0.0086336785963736472
0.26417000456713136 0.43434023633599284 0.32452397011220457 0.0086336785963736472
0.26417000456713136 0.28586646355688572 0.18659903071820738 0.0086336785963736472
0.26417000456713136 0.28586646355688572 0.32452397011220457 0.0016347048269584777
0.46289243008941405 0.43434023633599284 0.18659903071820738 0.0016347048269584777
0.61848534401506183 0.44361469149589539 0.17867891490459442 0.0033271619498729706
0.13853553091175852 0.44361469149589539 0.17867891490459442 0.0033271619498729706
0.61848534401506183 0.20185756199061872 0.17867891490459442 0.0033271619498729706
0.61848534401506183 0.44361469149589539 0.45787615552544592 0.0033271619498729706
0.61848534401506183 0.44361469149589539 0.17867891490459442 0.0098012387658469383
0.13853553091175852 0.20185756199061872 0.45787615552544592 0.0098012387658469383
0.68285942487418649 0.21773837879300117 0.25492989607155325 0.0046019055125303574
0.058246710104867816 0.21773837879300117 0.25492989607155325 0.0046019055125303574
0.68285942487418649 0.13264837563037873 0.25492989607155325 0.0046019055125303574
0.68285942487418649 0.21773837879300117 0.10409782677888871 0.0046019055125303574
0.68285942487418649 0.21773837879300117 0.25492989607155325 0.0006831507672555746
0.058246710104867816 0.13264837563037873 0.10409782677888871 0.0006831507672555746
0.34075263063423328 0.45981316082179546 0.44814128652215002 0.0098334771638736128
0.38385011749342079 0.45981316082179546 0.44814128652215002 0.0098334771638736128
0.34075263063423328 0.30028700865805147 0.44814128652215002 0.0098334771638736128
0.34075263063423328 0.45981316082179546 0.42652235366404057 0.0098334771638736128
0.34075263063423328 0.45981316082179546 0.44814128652215002 0.0082366561613976957
0.38385011749342079 0.30028700865805147 0.42652235366404057 0.0082366561613976957
0.11992747555486857 0.13535544089972973 0.10983523279428482 0.0011118762816302479
0.54087202590890227 0.13535544089972973 0.10983523279428482 0.0011118762816302479
0.11992747555486857 0.4556437786668539 0.10983523279428482 0.0011118762816302479
0.11992747555486857 0.13535544089972973 0.29383368715643887 0.0011118762816302479
0.11992747555486857 0.13535544089972973 0.10983523279428482 0.0071057197522372013
0.54087202590890227 0.4556437786668539 0.29383368715643887 0.0071057197522372013
0.41616687439382072 0.39334208741784094 0.39318634681403641 0.005898738261684776
0.21520566958934068 0.39334208741784094 0.39318634681403641 0.005898738261684776
0.41616687439382072 0.28646676763892176 0.39318634681403641 0.005898738261684776
0.41616687439382072 0.39334208741784094 0.37253249697387225 0.005898738261684776
0.41616687439382072 0.39334208741784094 0.39318634681403641 0.0041356412173248836
0.21520566958934068 0.28646676763892176 0.37253249697387225 0.0041356412173248836
0.38097016424871977 0.25440349467098711 0.12915975600481033 0.0091729093837551769
0.65952514917589722 0.25440349467098711 0.12915975600481033 0.0091729093837551769
0.38097016424871977 0.2440329745411873 0.12915975600481033 0.0091729093837551769
0.38097016424871977 0.25440349467098711 0.14178935587406161 0.0091729093837551769
0.38097016424871977 0.25440349467098711 0.12915975600481033 0.00098495473358780152
0.65952514917589722 0.2440329745411873 0.14178935587406161 0.00098495473358780152
0.075125149358063942 0.42468871325254443 0.37383599095046527 0.0040162452939897777
0.33512957356870171 0.42468871325254443 0.37383599095046527 0.0040162452939897777
0.075125149358063942 0.41389329321682455 0.37383599095046527 0.0040162452939897777
0.075125149358063942 0.42468871325254443 0.41382321901619434 0.0040162452939897777
0.075125149358063942 0.42468871325254443 0.37383599095046527 0.0079723574700765309
0.33512957356870171 0.41389329321682455 0.41382321901619434 0.0079723574700765309
0.29609407978132363 0.19870349913835528 0.28714202828705315 0.0052383820642717188
0.17794125056825577 0.19870349913835528 0.28714202828705315 0.0052383820642717188
0.29609407978132363 0.3677241753786803 0.28714202828705315 0.0052383820642717188
0.29609407978132363 0.19870349913835528 0.25651898160576825 0.0052383820642717188
0.29609407978132363 0.19870349913835528 0.28714202828705315 0.0067851152039133025
0.17794125056825577 0.3677241753786803 0.25651898160576825 0.0067851152039133025
0.64747918904758983 0.32845527119934559 0.41590329781174662 0.00052646600138396029
0.50227637616917487 0.32845527119934559 0.41590329781174662 0.00052646600138396029
0.64747918904758983 0.19940166249871255 0.41590329781174662 0.00052646600138396029
0.64747918904758983 0.32845527119934559 0.38482738994061949 0.00052646600138396029
0.64747918904758983 0.32845527119934559 0.41590329781174662 0.0044961019432172185
0.50227637616917487 0.19940166249871255 0.38482738994061949 0.0044961019432172185
0.57187660639174276 0.10394005440175534 0.34268147014081479 0.0018060206457041206
0.42516013160347932 0.10394005440175534 0.34268147014081479 0.0018060206457041206
0.57187660639174276 0.26606893576681612 0.34268147014081479 0.0018060206457041206
0.57187660639174276 0.10394005440175534 0.22792396880686283 0.0018060206457041206
0.57187660639174276 0.10394005440175534 0.34268147014081479 0.0052199661169201146
0.42516013160347932 0.26606893576681612 0.22792396880686283 0.0052199661169201146
0.22827775916084647 0.37436527237296102 0.16049918234348298 0.0064333600349724303
0.099534950638189901 0.37436527237296102 0.16049918234348298 0.0064333600349724303
0.22827775916084647 0.49767241775989535 0.16049918234348298 0.0064333600349724303
0.22827775916084647 0.37436527237296102 0.30581739693880083 0.0064333600349724303
0.22827775916084647 0.37436527237296102 0.16049918234348298 0.0035451898970641198
0.099534950638189901 0.49767241775989535 0.30581739693880083 0.0035451898970641198
0.16996721019968389 0.24921519681811333 0.497242733091116 0.0026665989273227751
0.25738872131332752 0.24921519681811333 0.497242733091116 0.0026665989273227751
0.16996721019968389 0.34561188444495206 0.497242733091116 0.0026665989273227751
0.16996721019968389 0.24921519681811333 0.17391217760741712 0.0026665989273227751
0.16996721019968389 0.24921519681811333 0.497242733091116 0.0025111009073443711
0.25738872131332752 0.34561188444495206 0.17391217760741712 0.0025111009073443711
0.46770982001908118 0.47872855030000216 0.20598752237856388 0.0080480231354013079
0.58303283913992343 0.47872855030000216 0.20598752237856388 0.0080480231354013079
0.46770982001908118 0.11559503637254238 0.20598752237856388 0.0080480231354013079
0.46770982001908118 0.47872855030000216 0.49557976946234705 0.0080480231354013079
0.46770982001908118 0.47872855030000216 0.20598752237856388 0.0088849086165428155
0.58303283913992343 0.11559503637254238 0.49557976946234705 0.0088849086165428155
0.46711004176177079 0.24934079311788082 0.14334890060126781 0.0021874509252607821
0.40507777542807155 0.24934079311788082 0.14334890060126781 0.0021874509252607821
0.46711004176177079 0.4132524333894253 0.14334890060126781 0.0021874509252607821
0.46711004176177079 0.24934079311788082 0.11593084149062634 0.0021874509252607821
0.46711004176177079 0.24934079311788082 0.14334890060126781 0.0070279294454492639
0.40507777542807155 0.4132524333894253 0.11593084149062634 0.0070279294454492639
0.17181792790070174 0.4789945267140866 0.35990318208932881 0.0072981919421814387
0.079473340138792994 0.4789945267140866 0.35990318208932881 0.0072981919421814387
0.17181792790070174 0.24483255110681057 0.35990318208932881 0.0072981919421814387
0.17181792790070174 0.4789945267140866 0.43801318630576136 0.0072981919421814387
0.17181792790070174 0.4789945267140866 0.35990318208932881 0.0043669238049536948
0.079473340138792994 0.24483255110681057 0.43801318630576136 0.0043669238049536948
0.23014769339933988 0.10376658365130426 0.29816040769219398 0.0036471426943317058
0.23713775551877914 0.10376658365130426 0.29816040769219398 0.0036471426943317058
0.23014769339933988 0.19845557846128942 0.29816040769219398 0.0036471426943317058
0.23014769339933988 0.10376658365130426 0.28223148919641972 0.0036471426943317058
0.23014769339933988 0.10376658365130426 0.29816040769219398 0.00045187668055295945
0.23713775551877914 0.19845557846128942 0.28223148919641972 0.00045187668055295945
0.57129728444851935 0.37414907775819306 0.40504362173378472 0.0083131361269392079
0.56280261902138584 0.37414907775819306 0.40504362173378472 0.0083131361269392079
0.57129728444851935 0.36841383874416356 0.40504362173378472 0.0083131361269392079
0.57129728444851935 0.37414907775819306 0.36058811694383619 0.0083131361269392079
0.57129728444851935 0.37414907775819306 0.40504362173378472 0.0083144550797529526
0.56280261902138584 0.36841383874416356 0.36058811694383619 0.0083144550797529526
0.64815778029151261 0.19965212233364582 0.32855946719646456 0.0095159691009670498
0.63928904011845589 0.19965212233364582 0.32855946719646456 0.0095159691009670498
0.64815778029151261 0.49705599658191202 0.32855946719646456 0.0095159691009670498
0.64815778029151261 0.19965212233364582 0.20207403674721719 0.0095159691009670498
0.64815778029151261 0.19965212233364582 0.32855946719646456 0.0014007022011093798
0.63928904011845589 0.49705599658191202 0.20207403674721719 0.0014007022011093798
0.294164568465203 0.32945882529020309 0.17451133392751217 0.0049200508314184849
0.31491425135172901 0.32945882529020309 0.17451133392751217 0.0049200508314184849
0.294164568465203 0.26694177761673932 0.17451133392751217 0.0049200508314184849
0.294164568465203 0.32945882529020309 0.33001556657254694 0.0049200508314184849
0.294164568465203 0.32945882529020309 0.17451133392751217 0.0098769133562222125
0.31491425135172901 0.26694177761673932 0.33001556657254694 0.0098769133562222125
0.073175181727856392 0.25350274592638017 0.48620604611933238 0.0061799526436254392
0.15785391470417379 0.25350274592638017 0.48620604611933238 0.0061799526436254392
0.073175181727856392 0.1146733894944191 0.48620604611933238 0.0061799526436254392
0.073175181727856392 0.25350274592638017 0.19961610138416291 0.0061799526436254392
0.073175181727856392 0.25350274592638017 0.48620604611933238 0.0061180501898750669
0.15785391470417379 0.1146733894944191 0.19961610138416291 0.0061180501898750669
0.38162953895516688 0.42363537736237056 0.21681667789816858 0.00082994911270216115
0.48220982714556149 0.42363537736237056 0.21681667789816858 0.00082994911270216115
0.38162953895516688 0.34637481458485131 0.21681667789816858 0.00082994911270216115
0.38162953895516688 0.42363537736237056 0.47133229561150081 0.00082994911270216115
0.38162953895516688 0.42363537736237056 0.21681667789816858 0.0028428453109227122
0.48220982714556149 0.34637481458485131 0.47133229561150081 0.0028428453109227122
0.41803734619170418 0.13484016731381418 0.45591470934450629 0.0043367934798821811
0.11893701935186982 0.13484016731381418 0.45591470934450629 0.0043367934798821811
0.41803734619170418 0.38568667136132717 0.45591470934450629 0.0043367934798821811
0.41803734619170418 0.13484016731381418 0.2397607944905758 0.0043367934798821811
0.41803734619170418 0.13484016731381418 0.45591470934450629 0.0022783221013844015
0.11893701935186982 0.38568667136132717 0.2397607944905758 0.0022783221013844015
0.11934760636650026 0.39268643371760847 0.24708141908049586 0.0088529324379749592
0.44456369313411409 0.39268643371760847 0.24708141908049586 0.0088529324379749592
0.11934760636650026 0.15330193862318994 0.24708141908049586 0.0088529324379749592
0.11934760636650026 0.39268643371760847 0.31731204800307755 0.0088529324379749592
0.11934760636650026 0.39268643371760847 0.24708141908049586 0.0089618070636875921
0.44456369313411409 0.15330193862318994 0.31731204800307755 0.0089618070636875921
0.34015354490838939 0.21830343417823317 0.31038669645786288 0.00024704548083245755
0.60171110834926367 0.21830343417823317 0.31038669645786288 0.00024704548083245755
0.34015354490838939 0.20263267457485201 0.31038669645786288 0.00024704548083245755
0.34015354490838939 0.21830343417823317 0.16230921298265458 0.00024704548083245755
0.34015354490838939 0.21830343417823317 0.31038669645786288 0.005143078641686589
0.60171110834926367 0.20263267457485201 0.16230921298265458 0.005143078641686589
0.68470944035798309 0.46042094007134438 0.19265748523175719 0.0055173068757168953
0.27606801842339335 0.46042094007134438 0.19265748523175719 0.0055173068757168953
0.68470944035798309 0.43343077339231972 0.19265748523175719 0.0055173068757168953
0.68470944035798309 0.46042094007134438 0.48363463021814823 0.0055173068757168953
0.68470944035798309 0.46042094007134438 0.19265748523175719 0.0037779795642942193
0.27606801842339335 0.43343077339231972 0.48363463021814823 0.0037779795642942193
0.61653621420264237 0.28452626764774325 0.26592079773545263 0.0067152930678799757
0.35699657122604544 0.28452626764774325 0.26592079773545263 0.0067152930678799757
0.61653621420264237 0.30107440128922464 0.26592079773545263 0.0067152930678799757
0.61653621420264237 0.28452626764774325 0.12824545167386533 0.0067152930678799757
0.61653621420264237 0.28452626764774325 0.26592079773545263 0.0067061034006997951
0.35699657122604544 0.30107440128922464 0.12824545167386533 0.0067061034006997951
0.26482851239852606 0.44221956469118595 0.43726023621857169 0.0015248099149204792
0.6813931335695087 0.44221956469118595 0.43726023621857169 0.0015248099149204792
0.26482851239852606 0.13199533335864544 0.43726023621857169 0.0015248099149204792
0.26482851239852606 0.44221956469118595 0.40071838870644572 0.0015248099149204792
0.26482851239852606 0.44221956469118595 0.43726023621857169 0.0047261630713008353
0.6813931335695087 0.13199533335864544 0.40071838870644572 0.0047261630713008353
0.20636481228284537 0.16856793202459813 0.12400302700698376 0.0077298740178346646
0.52357780081219962 0.16856793202459813 0.12400302700698376 0.0077298740178346646
0.20636481228284537 0.28716866262257101 0.12400302700698376 0.0077298740178346646
0.20636481228284537 0.16856793202459813 0.26953986473381519 0.0077298740178346646
0.20636481228284537 0.16856793202459813 0.12400302700698376 0.00075488562090322386
0.52357780081219962 0.28716866262257101 0.26953986473381519 0.00075488562090322386
0.51252250149846068 0.3109353005886078 0.37922608405351643 0.0029841012737713756
0.19924412686377763 0.3109353005886078 0.37922608405351643 0.0029841012737713756
0.51252250149846068 0.45470992475748062 0.37922608405351643 0.0029841012737713756
0.51252250149846068 0.3109353005886078 0.39828734695911405 0.0029841012737713756
0.51252250149846068 0.3109353005886078 0.37922608405351643 0.0080513613255694515
0.19924412686377763 0.45470992475748062 0.39828734695911405 0.0080513613255694515
0.52002943120896816 0.15574659593403339 0.23705616146326067 0.0058624413629062479
0.54342348799109452 0.15574659593403339 0.23705616146326067 0.0058624413629062479
0.52002943120896816 0.14763936400413513 0.23705616146326067 0.0058624413629062479
0.52002943120896816 0.15574659593403339 0.43729966618120675 0.0058624413629062479
0.52002943120896816 0.15574659593403339 0.23705616146326067 0.0010691223946399987
0.54342348799109452 0.14763936400413513 0.43729966618120675 0.0010691223946399987
0.1785624391864985 0.32294955104589462 0.466208104416728 0.001138420276157558
0.21779679604806002 0.32294955104589462 0.466208104416728 0.001138420276157558
0.1785624391864985 0.31674275137484076 0.466208104416728 0.001138420276157558
0.1785624391864985 0.32294955104589462 0.10894246250391007 0.001138420276157558
0.1785624391864985 0.32294955104589462 0.466208104416728 0.0076984514966607102
0.21779679604806002 0.31674275137484076 0.10894246250391007 0.0076984514966607102
0.28275251011364161 0.29740845113992692 0.17946532554924488 0.0098165990727953623
0.050572499539703136 0.29740845113992692 0.17946532554924488 0.0098165990727953623
0.28275251011364161 0.46409022472798822 0.17946532554924488 0.0098165990727953623
0.28275251011364161 0.29740845113992692 0.36453838758170609 0.0098165990727953623
0.28275251011364161 0.29740845113992692 0.17946532554924488 0.006411258106306196
0.050572499539703136 0.46409022472798822 0.36453838758170609 0.006411258106306196
0.57836202494800093 0.43014485426247118 0.32375088706612587 0.004609200570359827
0.37621557130478317 0.43014485426247118 0.32375088706612587 0.004609200570359827
0.57836202494800093 0.29657328054308896 0.32375088706612587 0.004609200570359827
0.57836202494800093 0.43014485426247118 0.29245584830641747 0.004609200570359827
0.57836202494800093 0.43014485426247118 0.32375088706612587 0.0049823353105224672
0.37621557130478317 0.29657328054308896 0.29245584830641747 0.0049823353105224672
0.67664741035550824 0.20621022246778012 0.4473521795123816 0.0033296127521432939
0.46033103526569896 0.20621022246778012 0.4473521795123816 0.0033296127521432939
0.67664741035550824 0.16267001815140247 0.4473521795123816 0.0033296127521432939
0.67664741035550824 0.20621022246778012 0.34491562545299531 0.0033296127521432939
0.67664741035550824 0.20621022246778012 0.4473521795123816 0.0054960061362944552
0.46033103526569896 0.16267001815140247 0.34491562545299531 0.0054960061362944552
0.36851041777990751 0.47327241525053976 0.25570639073848722 0.0086216259518638247
0.13593449108302591 0.47327241525053976 0.25570639073848722 0.0086216259518638247
0.36851041777990751 0.39503024071455006 0.25570639073848722 0.0086216259518638247
0.36851041777990751 0.47327241525053976 0.22319923825562002 0.0086216259518638247
0.36851041777990751 0.47327241525053976 0.25570639073848722 0.0034637227645143869
0.13593449108302591 0.39503024071455006 0.22319923825562002 0.0034637227645143869
0.10197996809147297 0.14689695164561273 0.39240110144019125 0.0024880995585583152
0.30382671481929713 0.14689695164561273 0.39240110144019125 0.0024880995585583152
0.10197996809147297 0.44903817251324651 0.39240110144019125 0.0024880995585583152
0.10197996809147297 0.14689695164561273 0.45339461937546732 0.0024880995585583152
0.10197996809147297 0.14689695164561273 0.39240110144019125 0.0020221676016226411
0.30382671481929713 0.44903817251324651 0.45339461937546732 0.0020221676016226411
0.45565581526607268 0.37987101040780547 0.1106093917042017 0.0069873230196535593
0.62816040692850938 0.37987101040780547 0.1106093917042017 0.0069873230196535593
0.45565581526607268 0.21821556501090528 0.1106093917042017 0.0069873230196535593
0.45565581526607268 0.37987101040780547 0.17545251511037352 0.0069873230196535593
0.45565581526607268 0.37987101040780547 0.1106093917042017 0.0092566322582773863
0.62816040692850938 0.21821556501090528 0.17545251511037352 0.0092566322582773863
0.40970652257092294 0.26632265746593475 0.37460976466536522 0.0080455632052384325
0.2599005020689219 0.26632265746593475 0.37460976466536522 0.0080455632052384325
0.40970652257092294 0.2512732479721308 0.37460976466536522 0.0080455632052384325
0.40970652257092294 0.26632265746593475 0.30722270160913467 0.0080455632052384325
0.40970652257092294 0.26632265746593475 0.37460976466536522 0.0057651416148990402
0.2599005020689219 0.2512732479721308 0.30722270160913467 0.0057651416148990402
0.065468028094619518 0.41161970235407352 0.12837413288652899 0.0026786418169736865
0.58550495551899073 0.41161970235407352 0.12837413288652899 0.0026786418169736865
0.065468028094619518 0.48141178488731384 0.12837413288652899 0.0026786418169736865
0.065468028094619518 0.41161970235407352 0.23589671589434147 0.0026786418169736865
0.065468028094619518 0.41161970235407352 0.12837413288652899 0.0031570831910707059
0.58550495551899073 0.48141178488731384 0.23589671589434147 0.0031570831910707059
0.33214225312694901 0.18677174486219883 0.41667940877377985 0.0064116512418724604
0.4176049311179667 0.18677174486219883 0.41667940877377985 0.0064116512418724604
0.33214225312694901 0.33697001859545705 0.41667940877377985 0.0064116512418724604
0.33214225312694901 0.18677174486219883 0.49070766791701315 0.0064116512418724604
0.33214225312694901 0.18677174486219883 0.41667940877377985 0.0016568756942637267
0.4176049311179667 0.33697001859545705 0.49070766791701315 0.0016568756942637267
0.63051459197886284 0.34153534173965455 0.28635254204273225 0.0018374824168160559
0.091940085776150232 0.34153534173965455 0.28635254204273225 0.0018374824168160559
0.63051459197886284 0.10529291294515133 0.28635254204273225 0.0018374824168160559
0.63051459197886284 0.34153534173965455 0.16315622739493846 0.0018374824168160559
0.63051459197886284 0.34153534173965455 0.28635254204273225 0.0095820691682398321
0.091940085776150232 0.10529291294515133 0.16315622739493846 0.0095820691682398321
0.54377540112473066 0.11586121991276742 0.15972571559250356 0.00056275318218395123
0.17541955644264817 0.11586121991276742 0.15972571559250356 0.00056275318218395123
0.54377540112473066 0.23548877686262132 0.15972571559250356 0.00056275318218395123
0.54377540112473066 0.11586121991276742 0.42499109692871573 0.00056275318218395123
0.54377540112473066 0.11586121991276742 0.15972571559250356 0.00013762113470584155
0.17541955644264817 0.23548877686262132 0.42499109692871573 0.00013762113470584155
0.23730034725740551 0.36129902713000772 0.34346750155091288 0.0052118289049714814
0.49979432704858473 0.36129902713000772 0.34346750155091288 0.0052118289049714814
0.23730034725740551 0.40388415046036241 0.34346750155091288 0.0052118289049714814
0.23730034725740551 0.36129902713000772 0.14624342620372774 0.0052118289049714814
0.23730034725740551 0.36129902713000772 0.34346750155091288 0.0086673836807720367
0.49979432704858473 0.40388415046036241 0.14624342620372774 0.0086673836807720367
0.13328388379886746 0.23728220276534559 0.2052102878689766 0.0040331331399269411
0.66709028240293256 0.23728220276534559 0.2052102878689766 0.0040331331399269411
0.13328388379886746 0.35283074788749225 0.2052102878689766 0.0040331331399269411
0.13328388379886746 0.23728220276534559 0.37722396515309808 0.0040331331399269411
0.13328388379886746 0.23728220276534559 0.2052102878689766 0.0073227558939717718
0.66709028240293256 0.35283074788749225 0.37722396515309808 0.0073227558939717718
0.48530895025469356 0.49180814400315287 0.49803100638091569 0.009165623453818262
0.34273435180075462 0.49180814400315287 0.49803100638091569 0.009165623453818262
0.48530895025469356 0.18284797742962838 0.49803100638091569 0.009165623453818262
0.48530895025469356 0.49180814400315287 0.25475045815110209 0.009165623453818262
0.48530895025469356 0.49180814400315287 0.49803100638091569 0.0041107704116031532
0.34273435180075462 0.18284797742962838 0.25475045815110209 0.0041107704116031532
0.49261044813320032 0.10839970149099827 0.30448689945042134 0.0071605201984755703
0.49628409449942401 0.10839970149099827 0.30448689945042134 0.0071605201984755703
0.49261044813320032 0.11176401898264886 0.30448689945042134 0.0071605201984755703
0.49261044813320032 0.10839970149099827 0.37115280106663706 0.0071605201984755703
0.49261044813320032 0.10839970149099827 0.30448689945042134 0.0029707066354341806
0.49628409449942401 0.11176401898264886 0.37115280106663706 0.0029707066354341806
0.14631376829929649 0.3632674515247345 0.19877860620617868 0.0023156482484191655
0.17067845817655325 0.3632674515247345 0.19877860620617868 0.0023156482484191655
0.14631376829929649 0.33016015551984312 0.19877860620617868 0.0023156482484191655
0.14631376829929649 0.3632674515247345 0.29990014396607878 0.0023156482484191655
0.14631376829929649 0.3632674515247345 0.19877860620617868 0.0059503562912344944
0.17067845817655325 0.33016015551984312 0.29990014396607878 0.0059503562912344944
0.24526609298773105 0.23844504654407503 0.46203583329915998 0.008484683674294502
0.32843333366326982 0.23844504654407503 0.46203583329915998 0.008484683674294502
0.24526609298773105 0.47655552960932257 0.46203583329915998 0.008484683674294502
0.24526609298773105 0.23844504654407503 0.42985519170761111 0.008484683674294502
0.24526609298773105 0.23844504654407503 0.46203583329915998 0.0093823613900691268
0.32843333366326982 0.47655552960932257 0.42985519170761111 0.0093823613900691268
0.55618016822263594 0.48363872505724437 0.2411816190928221 0.0034658091610297562
0.65409699613228434 0.48363872505724437 0.2411816190928221 0.0034658091610297562
0.55618016822263594 0.25657199621200566 0.2411816190928221 0.0034658091610297562
0.55618016822263594 0.48363872505724437 0.10232827551662922 0.0034658091610297562
0.55618016822263594 0.48363872505724437 0.2411816190928221 0.001857763054315001
0.65409699613228434 0.25657199621200566 0.10232827551662922 0.001857763054315001
0.62257802942767737 0.25813472680747507 0.11742106601595879 0.004434030162449927
0.56806978452950718 0.25813472680747507 0.11742106601595879 0.004434030162449927
0.62257802942767737 0.17793909125030041 0.11742106601595879 0.004434030162449927
0.62257802942767737 0.25813472680747507 0.46079388372600083 0.004434030162449927
0.62257802942767737 0.25813472680747507 0.11742106601595879 0.0084815836391411714
0.56806978452950718 0.17793909125030041 0.46079388372600083 0.0084815836391411714
0.31974807255901394 0.41275185123085978 0.38563550151884562 0.009991911101341247
0.24369371724314987 0.41275185123085978 0.38563550151884562 0.009991911101341247
0.31974807255901394 0.35807839110493667 0.38563550151884562 0.009991911101341247
0.31974807255901394 0.41275185123085978 0.18211954161524774 0.009991911101341247
0.31974807255901394 0.41275185123085978 0.38563550151884562 0.00032465858664363625
0.24369371724314987 0.35807839110493667 0.18211954161524774 0.00032465858664363625
0.058136126631870871 0.18875827863812447 0.27233021818101411 0.001272501835320145
0.086565226782113314 0.18875827863812447 0.27233021818101411 0.001272501835320145
0.058136126631870871 0.41030415147542953 0.27233021818101411 0.001272501835320145
0.058136126631870871 0.18875827863812447 0.33824875392019749 0.001272501835320145
0.058136126631870871 0.18875827863812447 0.27233021818101411 0.0039092221552506096
0.086565226782113314 0.41030415147542953 0.33824875392019749 0.0039092221552506096
0.39666731068864458 0.33410416357219219 0.43067827224731448 0.0057282181831076751
0.4109198607038706 0.33410416357219219 0.43067827224731448 0.0057282181831076751
0.39666731068864458 0.22862628288567066 0.43067827224731448 0.0057282181831076751
0.39666731068864458 0.33410416357219219 0.21579977124929428 0.0057282181831076751
0.39666731068864458 0.33410416357219219 0.43067827224731448 0.0075230490374378865
0.4109198607038706 0.22862628288567066 0.21579977124929428 0.0075230490374378865
0.44331462788395576 0.21992181092500687 0.29165331088006496 0.0093388020449317998
0.21054072557017206 0.21992181092500687 0.29165331088006496 0.0093388020449317998
0.44331462788395576 0.28932367824018002 0.29165331088006496 0.0093388020449317998
0.44331462788395576 0.21992181092500687 0.49810714088380337 0.0093388020449317998
0.44331462788395576 0.21992181092500687 0.29165331088006496 0.0075748577293008575
0.21054072557017206 0.28932367824018002 0.49810714088380337 0.0075748577293008575
0.094066639244556424 0.4525540608912707 0.41133258938789374 0.003860700417496264
0.53616364127956329 0.4525540608912707 0.41133258938789374 0.003860700417496264
0.094066639244556424 0.47168466374278073 0.41133258938789374 0.003860700417496264
0.094066639244556424 0.4525540608912707 0.16982309296727183 0.003860700417496264
0.094066639244556424 0.4525540608912707 0.41133258938789374 0.001191478751692921
0.53616364127956329 0.47168466374278073 0.16982309296727183 0.001191478751692921
0.35550497770309442 0.12698436863720419 0.14963787123560907 0.00507490521511063
0.69324538223445409 0.12698436863720419 0.14963787123560907 0.00507490521511063
0.35550497770309442 0.3223845362663269 0.14963787123560907 0.00507490521511063
0.35550497770309442 0.12698436863720419 0.30055568106472497 0.00507490521511063
0.35550497770309442 0.12698436863720419 0.14963787123560907 0.0048744897578842945
0.69324538223445409 0.3223845362663269 0.30055568106472497 0.0048744897578842945
0.66935920375399283 0.39429069012403495 0.35339608229696751 0.00069893100336194047
0.36759853423573069 0.39429069012403495 0.35339608229696751 0.00069893100336194047
0.66935920375399283 0.14156116582453251 0.35339608229696751 0.00069893100336194047
0.66935920375399283 0.39429069012403495 0.22849744558334351 0.00069893100336194047
0.66935920375399283 0.39429069012403495 0.35339608229696751 0.0065203587718307976
0.36759853423573069 0.14156116582453251 0.22849744558334351 0.0065203587718307976
0.59133828184567394 0.17018440887331965 0.48018255680799482 0.0016623305966146293
0.28601593389175828 0.17018440887331965 0.48018255680799482 0.0016623305966146293
0.59133828184567394 0.22390237525105477 0.48018255680799482 0.0016623305966146293
0.59133828184567394 0.17018440887331965 0.38383815810084343 0.0016623305966146293
0.59133828184567394 0.17018440887331965 0.48018255680799482 0.0033407432766631245
0.28601593389175828 0.22390237525105477 0.38383815810084343 0.0033407432766631245
0.29003013018518681 0.30306728444993497 0.22300942055881023 0.0065869446827098738
0.61040881564840677 0.30306728444993497 0.22300942055881023 0.0065869446827098738
0.29003013018518681 0.44300652556121356 0.22300942055881023 0.0065869446827098738
0.29003013018518681 0.30306728444993497 0.26219492666423322 0.0065869446827098738
0.29003013018518681 0.30306728444993497 0.22300942055881023 0.0056201475034467884
0.61040881564840677 0.44300652556121356 0.26219492666423322 0.0056201475034467884
0.19093403015285731 0.27667160890996456 0.33475221283733847 0.0028127047884278001
0.45268642255105074 0.27667160890996456 0.33475221283733847 0.0028127047884278001
0.19093403015285731 0.3878271896392107 0.33475221283733847 0.0028127047884278001
0.19093403015285731 0.27667160890996456 0.41754680722951887 0.0028127047884278001
0.19093403015285731 0.27667160890996456 0.33475221283733847 0.0091469839929603034
0.45268642255105074 0.3878271896392107 0.41754680722951887 0.0091469839929603034
0.52795208743773392 0.44382572397589681 0.16848784163594246 0.0079113586131483327
0.12834906801581381 0.44382572397589681 0.16848784163594246 0.0079113586131483327
0.52795208743773392 0.17030948251485825 0.16848784163594246 0.0079113586131483327
0.52795208743773392 0.44382572397589681 0.13962900675833226 0.0079113586131483327
0.52795208743773392 0.44382572397589681 0.16848784163594246 0.0021306362850591542
0.12834906801581381 0.17030948251485825 0.13962900675833226 0.0021306362850591542
0.50459617315791538 0.2896381001919508 0.42318197563290594 0.00096702386457473051
0.63471597153693438 0.2896381001919508 0.42318197563290594 0.00096702386457473051
0.50459617315791538 0.42735038101673128 0.42318197563290594 0.00096702386457473051
0.50459617315791538 0.2896381001919508 0.27561402916908262 0.00096702386457473051
0.50459617315791538 0.2896381001919508 0.42318197563290594 0.0087651281231082984
0.63471597153693438 0.42735038101673128 0.27561402916908262 0.0087651281231082984
0.19399946015328168 0.43166365996003153 0.28007134683430196 0.0060439258844591686
0.30909303766675289 0.43166365996003153 0.28007134683430196 0.0060439258844591686
0.19399946015328168 0.20827055014669896 0.28007134683430196 0.0060439258844591686
0.19399946015328168 0.43166365996003153 0.35314076431095598 0.0060439258844591686
0.19399946015328168 0.43166365996003153 0.28007134683430196 0.0024738214600831272
0.30909303766675289 0.20827055014669896 0.35314076431095598 0.0024738214600831272
0.25756697189062833 0.157255107909441 0.36832856647670276 0.0047467211782932289
0.1417757143266499 0.157255107909441 0.36832856647670276 0.0047467211782932289
0.25756697189062833 0.16089265905320646 0.36832856647670276 0.0047467211782932289
0.25756697189062833 0.157255107909441 0.12337834909558297 0.0047467211782932289
0.25756697189062833 0.157255107909441 0.36832856647670276 0.0035873053386807443
0.1417757143266499 0.16089265905320646 0.12337834909558297 0.0035873053386807443
0.60354628949426115 0.31519253365695477 0.13487670272588731 0.009688250761386007
0.46742254416458301 0.31519253365695477 0.13487670272588731 0.009688250761386007
0.60354628949426115 0.3784346841275692 0.13487670272588731 0.009688250761386007
0.60354628949426115 0.31519253365695477 0.4446304436773062 0.009688250761386007
0.60354628949426115 0.31519253365695477 0.13487670272588731 0.0053349147466011356
0.46742254416458301 0.3784346841275692 0.4446304436773062 0.0053349147466011356
0.69200132633559397 0.13912773765623571 0.21122600473463538 0.0081792242174968128
0.38903925274498757 0.13912773765623571 0.21122600473463538 0.0081792242174968128
0.69200132633559397 0.46235329993069174 0.21122600473463538 0.0081792242174968128
0.69200132633559397 0.13912773765623571 0.19221989549696447 0.0081792242174968128
0.69200132633559397 0.13912773765623571 0.21122600473463538 0.0045313246089033789
0.38903925274498757 0.46235329993069174 0.19221989549696447 0.0045313246089033789
0.35315273888409132 0.38139171600341804 0.49184279367327688 0.0037814983484335245
0.064646389149129388 0.38139171600341804 0.49184279367327688 0.0037814983484335245
0.35315273888409132 0.27996780425310136 0.49184279367327688 0.0037814983484335245
0.35315273888409132 0.38139171600341804 0.46466831415891652 0.0037814983484335245
0.35315273888409132 0.38139171600341804 0.49184279367327688 0.0069021969759836804
0.064646389149129388 0.27996780425310136 0.46466831415891652 0.0069021969759836804
0.12724484838545322 0.20771683156490328 0.15353749990463259 0.0074731927003711474
0.23260435494594273 0.20771683156490328 0.15353749990463259 0.0074731927003711474
0.12724484838545322 0.12596606984734537 0.15353749990463259 0.0074731927003711474
0.12724484838545322 0.20771683156490328 0.20873783938586712 0.0074731927003711474
0.12724484838545322 0.20771683156490328 0.15353749990463259 0.0078601105859503161
0.23260435494594273 0.12596606984734537 0.20873783938586712 0.0078601105859503161
0.43039220864884548 0.46551425792276857 0.34948322139680388 0.0020120064224116506
0.55694172764196992 0.46551425792276857 0.34948322139680388 0.0020120064224116506
0.43039220864884548 0.30676493160426621 0.34948322139680388 0.0020120064224116506
0.43039220864884548 0.46551425792276857 0.3374119989573956 0.0020120064224116506
0.43039220864884548 0.46551425792276857 0.34948322139680388 0.00094489895021542913
0.55694172764196992 0.30676493160426621 0.3374119989573956 0.00094489895021542913
0.39467490734532468 0.1757905535399914 0.18536059260368348 0.0031211946133524182
0.35143292113207275 0.1757905535399914 0.18536059260368348 0.0031211946133524182
0.39467490734532468 0.37371039427816866 0.18536059260368348 0.0031211946133524182
0.39467490734532468 0.1757905535399914 0.15491278655827045 0.0031211946133524182
0.39467490734532468 0.1757905535399914 0.18536059260368348 0.004252406076341868
0.35143292113207275 0.37371039427816866 0.15491278655827045 0.004252406076341868
0.080503319064155227 0.34626499377191067 0.31763753853738308 0.0075938286709599208
0.67703857561573377 0.34626499377191067 0.31763753853738308 0.0075938286709599208
0.080503319064155227 0.1935954123735428 0.31763753853738308 0.0075938286709599208
0.080503319064155227 0.34626499377191067 0.47697082161903381 0.0075938286709599208
0.080503319064155227 0.34626499377191067 0.31763753853738308 0.0071411920611746619
0.67703857561573377 0.1935954123735428 0.47697082161903381 0.0071411920611746619
0.30654514417983586 0.27106564305722713 0.23094280995428562 0.0013514616740867497
0.5092067728284746 0.27106564305722713 0.23094280995428562 0.0013514616740867497
0.30654514417983586 0.23801896795630456 0.23094280995428562 0.0013514616740867497
0.30654514417983586 0.27106564305722713 0.24642478190362455 0.0013514616740867497
0.30654514417983586 0.27106564305722713 0.23094280995428562 0.0081963496283628048
0.5092067728284746 0.23801896795630456 0.24642478190362455 0.0081963496283628048
0.65611049504950636 0.40062821730971343 0.47210337445139883 0.006887593316007406
0.18354312852025029 0.40062821730971343 0.47210337445139883 0.006887593316007406
0.65611049504950636 0.41972115598618986 0.47210337445139883 0.006887593316007406
0.65611049504950636 0.40062821730971343 0.32470824792981146 0.006887593316007406
0.65611049504950636 0.40062821730971343 0.47210337445139883 0.00057121954225003728
0.18354312852025029 0.41972115598618986 0.32470824792981146 0.00057121954225003728
0.55888636326417329 0.22630291134119035 0.39897528998553755 0.0053833763785660271
0.10452632335945963 0.22630291134119035 0.39897528998553755 0.0053833763785660271
0.55888636326417329 0.33951622992753983 0.39897528998553755 0.0053833763785660271
0.55888636326417329 0.22630291134119035 0.26292261332273481 0.0053833763785660271
0.55888636326417329 0.22630291134119035 0.39897528998553755 0.009764198340289295
0.10452632335945963 0.33951622992753983 0.26292261332273481 0.009764198340289295
0.22218570937402543 0.49653893299400809 0.10420450419187546 0.00038141972264274954
0.42890237248502666 0.49653893299400809 0.10420450419187546 0.00038141972264274954
0.22218570937402543 0.12109558470547199 0.10420450419187546 0.00038141972264274954
0.22218570937402543 0.49653893299400809 0.39083983339369299 0.00038141972264274954
0.22218570937402543 0.49653893299400809 0.10420450419187546 0.0015145967989228667
0.42890237248502666 0.12109558470547199 0.39083983339369299 0.0015145967989228667
0.15880164583213627 0.12060306556522847 0.44094728901982305 0.0090279517838731411
0.59610778056085112 0.12060306556522847 0.44094728901982305 0.0090279517838731411
0.15880164583213627 0.27219180576503277 0.44094728901982305 0.0090279517838731411
0.15880164583213627 0.12060306556522847 0.13569281026721003 0.0090279517838731411
0.15880164583213627 0.12060306556522847 0.44094728901982305 0.0027241255800239741
0.59610778056085112 0.27219180576503277 0.13569281026721003 0.0027241255800239741
0.45979239409789435 0.35030563920736313 0.26228058226406575 0.0041613303893245765
0.27175312847830352 0.35030563920736313 0.26228058226406575 0.0041613303893245765
0.45979239409789435 0.49215082898736007 0.26228058226406575 0.0041613303893245765
0.45979239409789435 0.35030563920736313 0.40733584277331836 0.0041613303893245765
0.45979239409789435 0.35030563920736313 0.26228058226406575 0.0062356080414727334
0.27175312847830352 0.49215082898736007 0.40733584277331836 0.0062356080414727334
0.4628163454588502 0.19110597409307958 0.43131928369402883 0.007618553476501257
0.16223042299970983 0.19110597409307958 0.43131928369402883 0.007618553476501257
0.4628163454588502 0.3044429961591959 0.43131928369402883 0.007618553476501257
0.4628163454588502 0.19110597409307958 0.45206907354295256 0.007618553476501257
0.4628163454588502 0.19110597409307958 0.43131928369402883 0.0052401551159098753
0.16223042299970983 0.3044429961591959 0.45206907354295256 0.0052401551159098753
0.15452586878091096 0.33644575476646421 0.26545164026319978 0.0031048295928165319
0.48783583655022078 0.33644575476646421 0.26545164026319978 0.0031048295928165319
0.15452586878091096 0.13455760180950166 0.26545164026319978 0.0031048295928165319
0.15452586878091096 0.33644575476646421 0.18001061156392098 0.0031048295928165319
0.15452586878091096 0.33644575476646421 0.26545164026319978 0.0035650013516657056
0.48783583655022078 0.13455760180950166 0.18001061156392098 0.0035650013516657056
0.21285377461463212 0.26203724443912507 0.37719442211091525 0.0067576904046349239
0.65523994788527484 0.26203724443912507 0.37719442211091525 0.0067576904046349239
0.21285377461463212 0.28387608155608179 0.37719442211091525 0.0067576904046349239
0.21285377461463212 0.26203724443912507 0.3496103871613741 0.0067576904046349239
0.21285377461463212 0.26203724443912507 0.37719442211091525 0.0025301238595508038
0.65523994788527484 0.28387608155608179 0.3496103871613741 0.0025301238595508038
0.56701040691696103 0.41666047312319276 0.1196245551109314 0.0014898482147604228
0.32957590767182404 0.41666047312319276 0.1196245551109314 0.0014898482147604228
0.56701040691696103 0.45217504464089875 0.1196245551109314 0.0014898482147604228
0.56701040691696103 0.41666047312319276 0.22132656574249268 0.0014898482147604228
0.56701040691696103 0.41666047312319276 0.1196245551109314 0.0089035540981218225
0.32957590767182404 0.45217504464089875 0.22132656574249268 0.0089035540981218225
0.65245201173238454 0.24078492335975171 0.2467910695821047 0.00029005418354645374
0.25310350186191499 0.24078492335975171 0.2467910695821047 0.00029005418354645374
0.65245201173238454 0.38233070522546775 0.2467910695821047 0.00029005418354645374
0.65245201173238454 0.24078492335975171 0.36593732163310055 0.00029005418354645374
0.65245201173238454 0.24078492335975171 0.2467910695821047 0.00096737288199365149
0.25310350186191499 0.38233070522546775 0.36593732163310055 0.00096737288199365149
0.31145607307553286 0.48598470464348797 0.45016475990414617 0.0054829518208280217
0.57747919140383597 0.48598470464348797 0.45016475990414617 0.0054829518208280217
0.31145607307553286 0.15075097568333151 0.45016475990414617 0.0054829518208280217
0.31145607307553286 0.48598470464348797 0.28801967613399027 0.0054829518208280217
0.31145607307553286 0.48598470464348797 0.45016475990414617 0.0079550023959018296
0.57747919140383597 0.15075097568333151 0.28801967613399027 0.0079550023959018296
0.090469785779714582 0.11230965927243233 0.18847005218267443 0.0042248615725897255
0.4094492858741432 0.11230965927243233 0.18847005218267443 0.0042248615725897255
0.090469785779714582 0.20591204278171063 0.18847005218267443 0.0042248615725897255
0.090469785779714582 0.11230965927243233 0.43223874419927599 0.0042248615725897255
0.090469785779714582 0.11230965927243233 0.18847005218267443 0.0067639409457333393
0.4094492858741432 0.20591204278171063 0.43223874419927599 0.0067639409457333393
0.38591571184806522 0.36717130653560159 0.30853385441005232 0.0089730541117489342
0.085094429180026049 0.36717130653560159 0.30853385441005232 0.0089730541117489342
0.38591571184806522 0.43595416918396956 0.30853385441005232 0.0089730541117489342
0.38591571184806522 0.36717130653560159 0.11059535779058934 0.0089730541117489342
0.38591571184806522 0.36717130653560159 0.30853385441005232 0.0044751543886959559
0.085094429180026049 0.43595416918396956 0.11059535779058934 0.0044751543886959559
0.43121396685019131 0.28057264834642415 0.16950687617063523 0.0060602233401499698
0.52938249302096663 0.28057264834642415 0.16950687617063523 0.0060602233401499698
0.43121396685019131 0.49449655711650853 0.16950687617063523 0.0060602233401499698
0.43121396685019131 0.28057264834642415 0.37823820784688 0.0060602233401499698
0.43121396685019131 0.28057264834642415 0.16950687617063523 0.00070360305523499856
0.52938249302096663 0.49449655711650853 0.37823820784688 0.00070360305523499856
0.12521023997105657 0.44773286767303944 0.32747041098773477 0.00094223326444625862
0.203759335167706 0.44773286767303944 0.32747041098773477 0.00094223326444625862
0.12521023997105657 0.26357600130140779 0.32747041098773477 0.00094223326444625862
0.12521023997105657 0.44773286767303944 0.25071113668382172 0.00094223326444625862
0.12521023997105657 0.44773286767303944 0.32747041098773477 0.008256277497671544
0.203759335167706 0.26357600130140779 0.25071113668382172 0.008256277497671544
0.34602299728430802 0.17253358252346518 0.21416513808071613 0.009549934145901353
0.37151921759359535 0.17253358252346518 0.21416513808071613 0.009549934145901353
0.34602299728430802 0.11721119843423367 0.21416513808071613 0.009549934145901353
0.34602299728430802 0.17253358252346518 0.419533371925354 0.009549934145901353
0.34602299728430802 0.17253358252346518 0.21416513808071613 0.0071249305361881857
0.37151921759359535 0.11721119843423367 0.419533371925354 0.0071249305361881857
0.69788420135155316 0.30541035383939741 0.48276409581303603 0.0048766875239089139
0.69716566847637296 0.30541035383939741 0.48276409581303603 0.0048766875239089139
0.69788420135155316 0.34967031106352808 0.48276409581303603 0.0048766875239089139
0.69788420135155316 0.30541035383939741 0.14828086979687216 0.0048766875239089139
0.69788420135155316 0.30541035383939741 0.48276409581303603 0.0041540209758095447
0.69716566847637296 0.34967031106352808 0.14828086979687216 0.0041540209758095447
0.60335890827700489 0.13089589998126031 0.35862674675881867 0.0036817048694007099
0.61624867077916856 0.13089589998126031 0.35862674675881867 0.0036817048694007099
0.60335890827700489 0.41580009944736962 0.35862674675881867 0.0036817048694007099
0.60335890827700489 0.13089589998126031 0.48976652137935162 0.0036817048694007099
0.60335890827700489 0.13089589998126031 0.35862674675881867 0.0061758123514242475
0.61624867077916856 0.41580009944736962 0.48976652137935162 0.0061758123514242475
0.25896658343262968 0.39819611869752414 0.13816925883293152 0.0082703746702522032
0.29185539190657434 0.39819611869752414 0.13816925883293152 0.0082703746702522032
0.25896658343262968 0.24818520694971086 0.13816925883293152 0.0082703746702522032
0.25896658343262968 0.39819611869752414 0.16731776520609856 0.0082703746702522032
0.25896658343262968 0.39819611869752414 0.13816925883293152 0.0025919120118021964
0.29185539190657434 0.24818520694971086 0.16731776520609856 0.0025919120118021964
0.20049482476897534 0.22226011417806149 0.40142647549510002 0.0020671244916506113
0.12473679119721054 0.22226011417806149 0.40142647549510002 0.0020671244916506113
0.20049482476897534 0.19592898264527323 0.40142647549510002 0.0020671244916506113
0.20049482476897534 0.22226011417806149 0.31231416501104836 0.0020671244916506113
0.20049482476897534 0.22226011417806149 0.40142647549510002 0.0016131140787154438
0.12473679119721054 0.19592898264527323 0.31231416501104836 0.0016131140787154438
0.49934829501435152 0.45489846691489222 0.29532145299017432 0.0074098742431029686
0.44907390358857802 0.45489846691489222 0.29532145299017432 0.0074098742431029686
0.49934829501435152 0.36513126008212571 0.29532145299017432 0.0074098742431029686
0.49934829501435152 0.45489846691489222 0.23363959640264512 0.0074098742431029686
0.49934829501435152 0.45489846691489222 0.29532145299017432 0.0097806298100389551
0.44907390358857802 0.36513126008212571 0.23363959640264512 0.0097806298100389551
0.53700844189152119 0.21006295494735241 0.33751433528959751 0.0039121987886726857
0.30833200491033491 0.21006295494735241 0.33751433528959751 0.0039121987886726857
0.53700844189152119 0.23252898119390011 0.33751433528959751 0.0039121987886726857
0.53700844189152119 0.21006295494735241 0.19492058046162131 0.0039121987886726857
0.53700844189152119 0.21006295494735241 0.33751433528959751 0.0019080349041149022
0.30833200491033491 0.23252898119390011 0.19492058046162131 0.0019080349041149022
0.18316917424090207 0.46785427704453475 0.15924435779452326 0.009276705102529377
0.63395518092438574 0.46785427704453475 0.15924435779452326 0.009276705102529377
0.18316917424090207 0.40016838237643249 0.15924435779452326 0.009276705102529377
0.18316917424090207 0.46785427704453475 0.47320420145988462 0.009276705102529377
0.18316917424090207 0.46785427704453475 0.15924435779452326 0.0095243820398114628
0.63395518092438574 0.40016838237643249 0.47320420145988462 0.0095243820398114628
0.28736110483296212 0.14303183034062386 0.49598712921142585 0.00059550388548523195
0.47611348838545375 0.14303183034062386 0.49598712921142585 0.00059550388548523195
0.28736110483296212 0.355714350938797 0.49598712921142585 0.00059550388548523195
0.28736110483296212 0.14303183034062386 0.20340034924447536 0.00059550388548523195
0.28736110483296212 0.14303183034062386 0.49598712921142585 0.005861651108693332
0.47611348838545375 0.355714350938797 0.20340034924447536 0.005861651108693332
0.59533421685919163 0.38530191294848926 0.20081961713731289 0.0051672535055316991
0.15046705566346644 0.38530191294848926 0.20081961713731289 0.0051672535055316991
0.59533421685919163 0.18653658367693426 0.20081961713731289 0.0051672535055316991
0.59533421685919163 0.38530191294848926 0.32545822933316232 0.0051672535055316991
0.59533421685919163 0.38530191294848926 0.20081961713731289 0.0029447463097050787
0.15046705566346644 0.18653658367693426 0.32545822933316232 0.0029447463097050787
0.65966769503429523 0.15959646143019202 0.12809598520398141 0.0064450085166841749
0.066349954809993505 0.15959646143019202 0.12809598520398141 0.0064450085166841749
0.65966769503429523 0.25424453094601629 0.12809598520398141 0.0064450085166841749
0.65966769503429523 0.15959646143019202 0.2872931763529778 0.0064450085166841749
0.65966769503429523 0.15959646143019202 0.12809598520398141 0.0073811605669558055
0.066349954809993505 0.25424453094601629 0.2872931763529778 0.0073811605669558055
0.36390436799265441 0.31753998994827271 0.36887202747166159 0.0017935183095745743
0.39074321552179747 0.31753998994827271 0.36887202747166159 0.0017935183095745743
0.36390436799265441 0.48514076881110668 0.36887202747166159 0.0017935183095745743
0.36390436799265441 0.31753998994827271 0.35893598236143587 0.0017935183095745743
0.36390436799265441 0.31753998994827271 0.36887202747166159 0.0038591202502138914
0.39074321552179747 0.48514076881110668 0.35893598236143587 0.0038591202502138914
0.097370818862691527 0.29354657828807829 0.28217731229960918 0.0079240222824737434
0.54794361665844915 0.29354657828807829 0.28217731229960918 0.0079240222824737434
0.097370818862691527 0.33407510705292226 0.28217731229960918 0.0079240222824737434
0.097370818862691527 0.29354657828807829 0.11453114673495293 0.0079240222824737434
0.097370818862691527 0.29354657828807829 0.28217731229960918 0.00035075109163299205
0.54794361665844915 0.33407510705292226 0.11453114673495293 0.00035075109163299205
0.43868415849283332 0.43556603528559212 0.41483877748250964 0.002789112173486501
0.22360648610629141 0.43556603528559212 0.41483877748250964 0.002789112173486501
0.43868415849283332 0.10159167498350144 0.41483877748250964 0.002789112173486501
0.43868415849283332 0.43556603528559212 0.44244859330356123 0.002789112173486501
0.43868415849283332 0.43556603528559212 0.41483877748250964 0.0085704587664455177
0.22360648610629141 0.10159167498350144 0.44244859330356123 0.0085704587664455177
0.40415693740360431 0.12450863644480706 0.25071413628757 0.0023779838806018234
0.6727063735947012 0.12450863644480706 0.25071413628757 0.0023779838806018234
0.40415693740360431 0.16638289615511895 0.25071413628757 0.0023779838806018234
0.40415693740360431 0.12450863644480706 0.27499834895133973 0.0023779838806018234
0.40415693740360431 0.12450863644480706 0.25071413628757 0.0065076919215731333
0.6727063735947012 0.16638289615511895 0.27499834895133973 0.0065076919215731333
0.051978368684649473 0.35421731434762482 0.44627533406019215 0.0071092540261335681
0.34710094188340002 0.35421731434762482 0.44627533406019215 0.0071092540261335681
0.051978368684649473 0.39798713587224488 0.44627533406019215 0.0071092540261335681
0.051978368684649473 0.35421731434762482 0.39625067003071313 0.0071092540261335681
0.051978368684649473 0.35421731434762482 0.44627533406019215 0.0047700741076841958
0.34710094188340002 0.39798713587224488 0.39625067003071313 0.0047700741076841958
0.31864577494561669 0.22864755652844906 0.10797005370259286 0.0033732245411723853
0.19009113097563385 0.22864755652844906 0.10797005370259286 0.0033732245411723853
0.31864577494561669 0.44534677006304269 0.10797005370259286 0.0033732245411723853
0.31864577494561669 0.22864755652844906 0.12723044231534006 0.0033732245411723853
0.31864577494561669 0.22864755652844906 0.10797005370259286 0.0013202059259638192
0.19009113097563385 0.44534677006304269 0.12723044231534006 0.0013202059259638192
0.62496686647646127 0.49887747392058379 0.38897136338055138 0.0085878762329928571
0.51575515302829444 0.49887747392058379 0.38897136338055138 0.0085878762329928571
0.62496686647646127 0.21532915234565736 0.38897136338055138 0.0085878762329928571
0.62496686647646127 0.49887747392058379 0.40475695095956332 0.0085878762329928571
0.62496686647646127 0.49887747392058379 0.38897136338055138 0.0076408400467596954
0.51575515302829444 0.21532915234565736 0.40475695095956332 0.0076408400467596954
0.54932554080151019 0.27497254759073259 0.4649194538593292 0.0098608127864077688
0.43227158528752618 0.27497254759073259 0.4649194538593292 0.0098608127864077688
0.54932554080151019 0.14391357116401196 0.4649194538593292 0.0098608127864077688
0.54932554080151019 0.27497254759073259 0.15721698440611365 0.0098608127864077688
0.54932554080151019 0.27497254759073259 0.4649194538593292 0.0022352218800224363
0.43227158528752618 0.14391357116401196 0.15721698440611365 0.0022352218800224363
0.25078947152942416 0.40452901907265193 0.23186432085931302 0.0045760480553843083
0.10789591390639543 0.40452901907265193 0.23186432085931302 0.0045760480553843083
0.25078947152942416 0.3137746460735798 0.23186432085931302 0.0045760480553843083
0.25078947152942416 0.40452901907265193 0.48589098900556571 0.0045760480553843083
0.25078947152942416 0.40452901907265193 0.23186432085931302 0.0091597830224782236
0.10789591390639543 0.3137746460735798 0.48589098900556571 0.0091597830224782236
0.14678106661885976 0.17813348062336445 0.32012152709066866 0.0057517237603664402
0.26553150932304559 0.17813348062336445 0.32012152709066866 0.0057517237603664402
0.14678106661885976 0.46779474467039106 0.32012152709066866 0.0057517237603664402
0.14678106661885976 0.17813348062336445 0.24070270173251629 0.0057517237603664402
0.14678106661885976 0.17813348062336445 0.32012152709066866 0.0055543351307511335
0.26553150932304559 0.46779474467039106 0.24070270173251629 0.0055543351307511335
0.49085599048994477 0.3486140236258507 0.17661417052149775 0.0012597540787421169
0.58988638417795303 0.3486140236258507 0.17661417052149775 0.0012597540787421169
0.49085599048994477 0.29947146363556387 0.17661417052149775 0.0012597540787421169
0.49085599048994477 0.3486140236258507 0.31315127536654475 0.0012597540787421169
0.49085599048994477 0.3486140236258507 0.17661417052149775 0.0032121482816524806
0.58988638417795303 0.29947146363556387 0.31315127536654475 0.0032121482816524806
0.47786170840263359 0.25115371607244019 0.22096069753170014 0.0026141211332753301
0.070782928634434944 0.25115371607244019 0.22096069753170014 0.0026141211332753301
0.47786170840263359 0.22058022357523444 0.22096069753170014 0.0026141211332753301
0.47786170840263359 0.25115371607244019 0.21079883798956872 0.0026141211332753301
0.47786170840263359 0.25115371607244019 0.22096069753170014 0.0049709620578214531
0.070782928634434944 0.22058022357523444 0.21079883798956872 0.0049709620578214531
0.13948418158106507 0.42129245027899742 0.47579923532903201 0.0080994759500958025
0.39638714115135365 0.42129245027899742 0.47579923532903201 0.0080994759500958025
0.13948418158106507 0.44044053554534912 0.47579923532903201 0.0080994759500958025
0.13948418158106507 0.42129245027899742 0.3321245055645704 0.0080994759500958025
0.13948418158106507 0.42129245027899742 0.47579923532903201 0.0063079847334884115
0.39638714115135365 0.44044053554534912 0.3321245055645704 0.0063079847334884115
0.23843960571102796 0.19575132057070732 0.16254201270639895 0.0019274204641580583
0.56356433946639295 0.19575132057070732 0.16254201270639895 0.0019274204641580583
0.23843960571102796 0.39112806841731074 0.16254201270639895 0.0019274204641580583
0.23843960571102796 0.19575132057070732 0.18825448304414749 0.0019274204641580583
0.23843960571102796 0.19575132057070732 0.16254201270639895 0.0078260553131811322
0.56356433946639295 0.39112806841731074 0.18825448304414749 0.0078260553131811322
0.54142336994409557 0.3255519207566977 0.33426597341895103 0.0063106437346898024
0.23789909821934996 0.3255519207566977 0.33426597341895103 0.0063106437346898024
0.54142336994409557 0.17280555032193662 0.33426597341895103 0.0063106437346898024
0.54142336994409557 0.3255519207566977 0.46580548621714113 0.0063106437346898024
0.54142336994409557 0.3255519207566977 0.33426597341895103 0.0011338299604132774
0.23789909821934996 0.17280555032193662 0.46580548621714113 0.0011338299604132774
0.63732729945331812 0.10142804272472859 0.40714924745261671 0.0053405922865495089
0.32391305002383886 0.10142804272472859 0.40714924745261671 0.0053405922865495089
0.63732729945331812 0.29265894740819931 0.40714924745261671 0.0053405922865495089
0.63732729945331812 0.10142804272472859 0.12114631198346615 0.0053405922865495089
0.63732729945331812 0.10142804272472859 0.40714924745261671 0.0093600755758583547
0.32391305002383886 0.29265894740819931 0.12114631198346615 0.0093600755758583547
0.32657710961066183 0.37180443257093432 0.28981676250696187 0.00042323197992518547
0.64828746104612944 0.37180443257093432 0.28981676250696187 0.00042323197992518547
0.32657710961066183 0.47426242418587206 0.28981676250696187 0.00042323197992518547
0.32657710961066183 0.37180443257093432 0.4498936630785465 0.00042323197992518547
0.32657710961066183 0.37180443257093432 0.28981676250696187 0.0020336730335839093
0.64828746104612944 0.47426242418587206 0.4498936630785465 0.0020336730335839093
0.064963304018601772 0.24542911797761918 0.35312205329537394 0.00913962118588388
0.48050679420121006 0.24542911797761918 0.35312205329537394 0.00913962118588388
0.064963304018601772 0.31907074265182023 0.35312205329537394 0.00913962118588388
0.064963304018601772 0.24542911797761918 0.27984795160591602 0.00913962118588388
0.064963304018601772 0.24542911797761918 0.35312205329537394 0.0033991851435042917
0.48050679420121006 0.31907074265182023 0.27984795160591602 0.0033991851435042917
0.4114233994856476 0.47508895583450794 0.14389203377068044 0.0040482158298604199
0.1561506589874625 0.47508895583450794 0.14389203377068044 0.0040482158298604199
0.4114233994856476 0.13905388787388803 0.14389203377068044 0.0040482158298604199
0.4114233994856476 0.47508895583450794 0.35232101976871488 0.0040482158298604199
0.4114233994856476 0.47508895583450794 0.14389203377068044 0.0053685344990342864
0.1561506589874625 0.13905388787388803 0.35232101976871488 0.0053685344990342864
0.44664122578687959 0.16466555669903754 0.38299205675721171 0.0010847438607364895
0.43801500299014146 0.16466555669903754 0.38299205675721171 0.0010847438607364895
0.44664122578687959 0.18050835132598878 0.38299205675721171 0.0010847438607364895
0.44664122578687959 0.16466555669903754 0.13384541086852553 0.0010847438607364895
0.44664122578687959 0.16466555669903754 0.38299205675721171 0.0096334832954220479
0.43801500299014146 0.18050835132598878 0.13384541086852553 0.0096334832954220479
0.10978674395009874 0.30702682249248026 0.11399941630661488 0.0059271966057829568
0.11238808706402778 0.30702682249248026 0.11399941630661488 0.0059271966057829568
0.10978674395009874 0.36140382625162604 0.11399941630661488 0.0059271966057829568
0.10978674395009874 0.30702682249248026 0.41220216974616053 0.0059271966057829568
0.10978674395009874 0.30702682249248026 0.11399941630661488 0.0018001899415627123
0.11238808706402778 0.36140382625162604 0.41220216974616053 0.0018001899415627123
0.37121702386066313 0.28217881135642531 0.42569414190948007 0.004709969387762249
0.28039968772791324 0.28217881135642531 0.42569414190948007 0.004709969387762249
0.37121702386066313 0.40781126283109193 0.42569414190948007 0.004709969387762249
0.37121702386066313 0.28217881135642531 0.26755328513681886 0.004709969387762249
0.37121702386066313 0.28217881135642531 0.42569414190948007 0.0030671032568439843
0.28039968772791324 0.40781126283109193 0.26755328513681886 0.0030671032568439843
0.67268890109844504 0.43987821117043502 0.27124927788972852 0.0097264288266189405
0.60604238053783777 0.43987821117043502 0.27124927788972852 0.0097264288266189405
0.67268890109844504 0.22532859370112421 0.27124927788972852 0.0097264288266189405
0.67268890109844504 0.43987821117043502 0.38963549882173543 0.0097264288266189405
0.67268890109844504 0.43987821117043502 0.27124927788972852 0.0057380579314194628
0.60604238053783777 0.22532859370112421 0.38963549882173543 0.0057380579314194628
0.58801099383272226 0.21439323723316195 0.19514192081987858 0.0087612341918051236
0.68761422000825401 0.21439323723316195 0.19514192081987858 0.0087612341918051236
0.58801099383272226 0.10918345041573048 0.19514192081987858 0.0087612341918051236
0.58801099383272226 0.21439323723316195 0.24810142293572426 0.0087612341918051236
0.58801099383272226 0.21439323723316195 0.19514192081987858 0.003967588343564421
0.68761422000825401 0.10918345041573048 0.24810142293572426 0.003967588343564421
0.27431073496118186 0.45651684738695619 0.30164061412215237 0.0032009334578178826
0.3632172605488449 0.45651684738695619 0.30164061412215237 0.0032009334578178826
0.27431073496118186 0.32682208865880968 0.30164061412215237 0.0032009334578178826
0.27431073496118186 0.45651684738695619 0.31981736682355405 0.0032009334578178826
0.27431073496118186 0.45651684738695619 0.30164061412215237 0.0072715117115527399
0.3632172605488449 0.32682208865880968 0.31981736682355405 0.0072715117115527399
0.17522145370021464 0.13250014819204808 0.2398978263139725 0.0069721509316936145
0.19587422637268898 0.13250014819204808 0.2398978263139725 0.0069721509316936145
0.17522145370021464 0.47905990555882461 0.2398978263139725 0.0069721509316936145
0.17522145370021464 0.13250014819204808 0.15055071413516999 0.0069721509316936145
0.17522145370021464 0.13250014819204808 0.2398978263139725 0.0086945995435118682
0.19587422637268898 0.47905990555882461 0.15055071413516999 0.0086945995435118682
0.5246229397598654 0.39034031033515937 0.4568366315215826 0.0025140200995840134
0.52020765817724168 0.39034031033515937 0.4568366315215826 0.0025140200995840134
0.5246229397598654 0.25988290123641489 0.4568366315215826 0.0025140200995840134
0.5246229397598654 0.39034031033515937 0.47849249430000784 0.0025140200995840134
0.5246229397598654 0.39034031033515937 0.4568366315215826 0.00022777101369574667
0.52020765817724168 0.25988290123641489 0.47849249430000784 0.00022777101369574667
0.51173754916526371 0.14455254562199116 0.10216798447072506 0.0088389817173592754
0.21665329220704732 0.14455254562199116 0.10216798447072506 0.0088389817173592754
0.51173754916526371 0.34246601425111295 0.10216798447072506 0.0088389817173592754
0.51173754916526371 0.14455254562199116 0.34221493154764177 0.0088389817173592754
0.51173754916526371 0.14455254562199116 0.10216798447072506 0.008448113012500107
0.21665329220704732 0.34246601425111295 0.34221493154764177 0.008448113012500107
0.20843638153746724 0.37753270715475085 0.39460417926311497 0.0043590944703668366
0.54228022629395123 0.37753270715475085 0.39460417926311497 0.0043590944703668366
0.20843638153746724 0.12485188469290734 0.39460417926311497 0.0043590944703668366
0.20843638153746724 0.37753270715475085 0.21466335989534857 0.0043590944703668366
0.20843638153746724 0.37753270715475085 0.39460417926311497 0.00051292823953554044
0.54228022629395123 0.12485188469290734 0.21466335989534857 0.00051292823953554044
0.27200079383328557 0.20230479389429093 0.25634695515036587 0.0056581131008453679
0.38466289942152793 0.20230479389429093 0.25634695515036587 0.0056581131008453679
0.27200079383328557 0.2692630916833878 0.25634695515036587 0.0056581131008453679
0.27200079383328557 0.20230479389429093 0.45873212441802025 0.0056581131008453679
0.27200079383328557 0.20230479389429093 0.25634695515036587 0.0043495197444222873
0.38466289942152793 0.2692630916833878 0.45873212441802025 0.0043495197444222873
0.61069572404958306 0.46936088390648367 0.4404732618480921 0.00011473240014165641
0.059020224772393701 0.46936088390648367 0.4404732618480921 0.00011473240014165641
0.61069572404958306 0.48846460618078713 0.4404732618480921 0.00011473240014165641
0.61069572404958306 0.46936088390648367 0.18740626983344555 0.00011473240014165641
0.61069572404958306 0.46936088390648367 0.4404732618480921 0.0069282510055229075
0.059020224772393701 0.48846460618078713 0.18740626983344555 0.0069282510055229075
0.68485924084670835 0.29506538175046448 0.31344198137521745 0.0016268002471886576
0.13740435885265467 0.29506538175046448 0.31344198137521745 0.0016268002471886576
0.68485924084670835 0.37077182307839396 0.31344198137521745 0.0016268002471886576
0.68485924084670835 0.29506538175046448 0.42562051005661494 0.0016268002471886576
0.68485924084670835 0.29506538175046448 0.31344198137521745 0.0027819259312003852
0.13740435885265467 0.37077182307839396 0.42562051005661494 0.0027819259312003852
0.33871650760993355 0.42779568061232565 0.18351184539496901 0.0066215031236410149
0.46180130015127352 0.42779568061232565 0.18351184539496901 0.0066215031236410149
0.33871650760993355 0.18985203020274641 0.18351184539496901 0.0066215031236410149
0.33871650760993355 0.42779568061232565 0.10314725339412689 0.0066215031236410149
0.33871650760993355 0.42779568061232565 0.18351184539496901 0.0059845622018910955
0.46180130015127352 0.18985203020274641 0.10314725339412689 0.0059845622018910955
0.11281047677621245 0.1518394522368908 0.47181713171303274 0.002931622696015984
0.61875007022172213 0.1518394522368908 0.47181713171303274 0.002931622696015984
0.11281047677621245 0.2409359086304903 0.47181713171303274 0.002931622696015984
0.11281047677621245 0.1518394522368908 0.37338560484349725 0.002931622696015984
0.11281047677621245 0.1518394522368908 0.47181713171303274 0.009976723975408823
0.61875007022172213 0.2409359086304903 0.37338560484349725 0.009976723975408823
0.42324330438859753 0.31904851160943509 0.22518477216362953 0.0077909956218674787
0.29441662025637921 0.31904851160943509 0.22518477216362953 0.0077909956218674787
0.42324330438859753 0.42339425832033162 0.22518477216362953 0.0077909956218674787
0.42324330438859753 0.31904851160943509 0.29463768377900124 0.0077909956218674787
0.42324330438859753 0.31904851160943509 0.22518477216362953 0.001418276206403971
0.29441662025637921 0.42339425832033162 0.29463768377900124 0.001418276206403971
0.37864301335066552 0.23337834775447847 0.48918713517487056 0.0072758210265077656
0.58158497922122476 0.23337834775447847 0.48918713517487056 0.0072758210265077656
0.37864301335066552 0.45859378799796102 0.48918713517487056 0.0072758210265077656
0.37864301335066552 0.23337834775447847 0.4129153702408076 0.0072758210265077656
0.37864301335066552 0.23337834775447847 0.48918713517487056 0.0036843436232768
0.58158497922122476 0.45859378799796102 0.4129153702408076 0.0036843436232768
0.077488539507612586 0.48789818622171877 0.207792154699564 0.0022013382116332649
0.25598074854351577 0.48789818622171877 0.207792154699564 0.0022013382116332649
0.077488539507612586 0.277014821395278 0.207792154699564 0.0022013382116332649
0.077488539507612586 0.48789818622171877 0.14083258062601089 0.0022013382116332649
0.077488539507612586 0.48789818622171877 0.207792154699564 0.0051220490744337448
0.25598074854351577 0.277014821395278 0.14083258062601089 0.0051220490744337448
0.30353842317126689 0.11351524032652378 0.34448687583208082 0.0084455167724750944
0.098721786122769106 0.11351524032652378 0.34448687583208082 0.0084455167724750944
0.30353842317126689 0.12964898385107518 0.34448687583208082 0.0084455167724750944
0.30353842317126689 0.11351524032652378 0.38568631820380694 0.0084455167724750944
0.30353842317126689 0.11351524032652378 0.34448687583208082 0.009016816123761236
0.098721786122769106 0.12964898385107518 0.38568631820380694 0.009016816123761236
0.64007550161331883 0.35895915031433112 0.15244436077773571 0.0035064022637903689
0.42438700920902184 0.35895915031433112 0.15244436077773571 0.0035064022637903689
0.64007550161331883 0.3096903473138809 0.15244436077773571 0.0035064022637903689
0.64007550161331883 0.35895915031433112 0.25732936486601832 0.0035064022637903689
0.64007550161331883 0.35895915031433112 0.15244436077773571 0.0024156055408529938
0.42438700920902184 0.3096903473138809 0.25732936486601832 0.0024156055408529938
0.57491880692541597 0.18286312296986582 0.27644686326384549 0.0050136203785426919
0.50340715595521024 0.18286312296986582 0.27644686326384549 0.0050136203785426919
0.57491880692541597 0.43109668008983137 0.27644686326384549 0.0050136203785426919
0.57491880692541597 0.18286312296986582 0.30491851270198822 0.0050136203785426919
0.57491880692541597 0.18286312296986582 0.27644686326384549 0.0080725608375854796
0.50340715595521024 0.43109668008983137 0.30491851270198822 0.0080725608375854796
0.22519995863549408 0.33763282410800455 0.4203479025512934 0.0094137660427018998
0.17903276309370991 0.33763282410800455 0.4203479025512934 0.0094137660427018998
0.22519995863549408 0.21121204867959023 0.4203479025512934 0.0094137660427018998
0.22519995863549408 0.33763282410800455 0.22697653956711294 0.0094137660427018998
0.22519995863549408 0.33763282410800455 0.4203479025512934 0.00084865374118089682
0.17903276309370991 0.21121204867959023 0.22697653956711294 0.00084865374118089682
0.16180907632224262 0.26398106627166273 0.1336051132529974 0.00076904554544016731
0.33689520373009141 0.26398106627166273 0.1336051132529974 0.00076904554544016731
0.16180907632224262 0.15722237378358841 0.1336051132529974 0.00076904554544016731
0.16180907632224262 0.26398106627166273 0.49642973318696026 0.00076904554544016731
0.16180907632224262 0.26398106627166273 0.1336051132529974 0.0045890495765954263
0.33689520373009141 0.15722237378358841 0.49642973318696026 0.0045890495765954263
0.47582669742405409 0.40927200689911847 0.36314157545566561 0.0062326463077217349
0.66125135710462923 0.40927200689911847 0.36314157545566561 0.0062326463077217349
0.47582669742405409 0.37552057392895222 0.36314157545566561 0.0062326463077217349
0.47582669742405409 0.40927200689911847 0.17471321485936642 0.0062326463077217349
0.47582669742405409 0.40927200689911847 0.36314157545566561 0.0066512265198864053
0.66125135710462923 0.37552057392895222 0.17471321485936642 0.0066512265198864053
0.47257989016361529 0.12652016654610634 0.28318984024226668 0.00020310105849057438
0.33233451112173495 0.12652016654610634 0.28318984024226668 0.00020310105849057438
0.47257989016361529 0.25861390568315984 0.28318984024226668 0.00020310105849057438
0.47257989016361529 0.12652016654610634 0.38202501945197587 0.00020310105849057438
0.47257989016361529 0.12652016654610634 0.28318984024226668 0.0055261712487787015
0.33233451112173495 0.25861390568315984 0.38202501945197587 0.0055261712487787015
0.16634804559871552 0.39670772962272172 0.41380052417516711 0.0055700412557460376
0.65796116432175034 0.39670772962272172 0.41380052417516711 0.0055700412557460376
0.16634804559871552 0.47701013684272764 0.41380052417516711 0.0055700412557460376
0.16634804559871552 0.39670772962272172 0.25952734574675562 0.0055700412557460376
0.16634804559871552 0.39670772962272172 0.41380052417516711 0.0032377812848426403
0.65796116432175034 0.47701013684272764 0.25952734574675562 0.0032377812848426403
0.22483654124662278 0.22033661119639875 0.12549446895718575 0.0043118146792054182
0.49019785919226699 0.22033661119639875 0.12549446895718575 0.0043118146792054182
0.22483654124662278 0.3296568982303143 0.12549446895718575 0.0043118146792054182
0.22483654124662278 0.22033661119639875 0.41706657148897652 0.0043118146792054182
0.22483654124662278 0.22033661119639875 0.12549446895718575 0.0022046032403595745
0.49019785919226699 0.3296568982303143 0.41706657148897652 0.0022046032403595745
0.57660848018713295 0.45018603876233099 0.37144629247486594 0.0088859646952711042
0.16455474868416786 0.45018603876233099 0.37144629247486594 0.0088859646952711042
0.57660848018713295 0.10967346094548702 0.37144629247486594 0.0088859646952711042
0.57660848018713295 0.45018603876233099 0.13834306150674822 0.0088859646952711042
0.57660848018713295 0.45018603876233099 0.37144629247486594 0.0091926292367279522
0.16455474868416786 0.10967346094548702 0.13834306150674822 0.0091926292367279522
0.64348133080638936 0.27606158852577212 0.49495059251785278 0.0076863075455650695
0.08296842901036143 0.27606158852577212 0.49495059251785278 0.0076863075455650695
0.64348133080638936 0.23108934611082077 0.49495059251785278 0.0076863075455650695
0.64348133080638936 0.27606158852577212 0.49862780943512919 0.0076863075455650695
0.64348133080638936 0.27606158852577212 0.49495059251785278 0.0012926657648757102
0.08296842901036143 0.23108934611082077 0.49862780943512919 0.0012926657648757102
0.29884105185046789 0.44638915099203591 0.2018338616937399 0.0030372130137868228
0.40736501193605357 0.44638915099203591 0.2018338616937399 0.0030372130137868228
0.29884105185046789 0.41122874207794669 0.2018338616937399 0.0030372130137868228
0.29884105185046789 0.44638915099203591 0.17105182074010372 0.0030372130137868228
0.29884105185046789 0.44638915099203591 0.2018338616937399 0.0076658505092374986
0.40736501193605357 0.41122874207794669 0.17105182074010372 0.0076658505092374986
0.078010317776352173 0.17084382511675358 0.34009031690657143 0.0066899363171309244
0.57448022626340389 0.17084382511675358 0.34009031690657143 0.0066899363171309244
0.078010317776352173 0.35720283202826975 0.34009031690657143 0.0066899363171309244
0.078010317776352173 0.17084382511675358 0.30242908895015719 0.0066899363171309244
0.078010317776352173 0.17084382511675358 0.34009031690657143 0.0064776970027945946
0.57448022626340389 0.35720283202826975 0.30242908895015719 0.0064776970027945946
0.3767943593207746 0.30045483410358431 0.15664455816149714 0.001557464812230319
0.25014657289721071 0.30045483410358431 0.15664455816149714 0.001557464812230319
0.3767943593207746 0.17552505806088448 0.15664455816149714 0.001557464812230319
0.3767943593207746 0.30045483410358431 0.23112764544785025 0.001557464812230319
0.3767943593207746 0.30045483410358431 0.15664455816149714 0.0048022977812215688
0.25014657289721071 0.17552505806088448 0.23112764544785025 0.0048022977812215688
0.42288236171007149 0.23929958902299406 0.32076746262609956 0.0036141115803271532
0.69948782939463849 0.23929958902299406 0.32076746262609956 0.0036141115803271532
0.42288236171007149 0.1424739181995392 0.32076746262609956 0.0036141115803271532
0.42288236171007149 0.23929958902299406 0.4613192044198513 0.0036141115803271532
0.42288236171007149 0.23929958902299406 0.32076746262609956 0.00037574215503409508
0.69948782939463849 0.1424739181995392 0.4613192044198513 0.00037574215503409508
0.11450262474827468 0.48161202594637875 0.17599057480692865 0.0083381137105636299
0.37388341468758873 0.48161202594637875 0.17599057480692865 0.0083381137105636299
0.11450262474827468 0.3248349998146296 0.17599057480692865 0.0083381137105636299
0.11450262474827468 0.48161202594637875 0.18335282020270827 0.0083381137105636299
0.11450262474827468 0.48161202594637875 0.17599057480692865 0.0085428612932562827
0.37388341468758873 0.3248349998146296 0.18335282020270827 0.0085428612932562827
0.33546721595339474 0.10759418234229089 0.4627341210842133 0.0021347177622839807
0.20647837715223427 0.10759418234229089 0.4627341210842133 0.0021347177622839807
0.33546721595339474 0.46928320787847044 0.4627341210842133 0.0021347177622839807
0.33546721595339474 0.10759418234229089 0.34011451154947281 0.0021347177622839807
0.33546721595339474 0.10759418234229089 0.4627341210842133 0.0074134403724223381
0.20647837715223427 0.46928320787847044 0.34011451154947281 0.0074134403724223381
0.6893957257270813 0.36524475477635865 0.23407351933419707 0.0073421352212317296
0.5321432612370699 0.36524475477635865 0.23407351933419707 0.0073421352212317296
0.6893957257270813 0.28845993205904963 0.23407351933419707 0.0073421352212317296
0.6893957257270813 0.36524475477635865 0.21842241026461126 0.0073421352212317296
0.6893957257270813 0.36524475477635865 0.23407351933419707 0.0038291435503400866
0.5321432612370699 0.28845993205904963 0.21842241026461126 0.0038291435503400866
0.61121502760797741 0.18975920863449575 0.1073481746017933 0.0061472988896071916
0.44611480985768132 0.18975920863449575 0.1073481746017933 0.0061472988896071916
0.61121502760797741 0.17075227685272693 0.1073481746017933 0.0061472988896071916
0.61121502760797741 0.18975920863449575 0.36933205984532835 0.0061472988896071916
0.61121502760797741 0.18975920863449575 0.1073481746017933 0.0058872281274758289
0.44611480985768132 0.17075227685272693 0.36933205984532835 0.0058872281274758289
0.27014966509304938 0.33193164616823201 0.38961901552975176 0.00085530464639887224
0.12174000050872563 0.33193164616823201 0.38961901552975176 0.00085530464639887224
0.27014966509304938 0.38985652178525931 0.38961901552975176 0.00085530464639887224
0.27014966509304938 0.33193164616823201 0.29722485914826391 0.00085530464639887224
0.27014966509304938 0.33193164616823201 0.38961901552975176 0.0029165640613064169
0.12174000050872563 0.38985652178525931 0.29722485914826391 0.0029165640613064169
0.21184469512663778 0.25708477944135666 0.25292505137622356 0.0094628585780039427
0.28976894351653754 0.25708477944135666 0.25292505137622356 0.0094628585780039427
0.21184469512663778 0.44092856720089912 0.25292505137622356 0.0094628585780039427
0.21184469512663778 0.25708477944135666 0.42937946505844593 0.0094628585780039427
0.21184469512663778 0.25708477944135666 0.25292505137622356 0.0019409006649628283
0.28976894351653754 0.44092856720089912 0.42937946505844593 0.0019409006649628283
0.50704266224056482 0.41497377045452599 0.44409171789884572 0.0049636161603964874
0.6141248353756964 0.41497377045452599 0.44409171789884572 0.0049636161603964874
0.50704266224056482 0.22341095618903639 0.44409171789884572 0.0049636161603964874
0.50704266224056482 0.41497377045452599 0.1010469287633896 0.0049636161603964874
0.50704266224056482 0.41497377045452599 0.44409171789884572 0.0094938205647282312
0.6141248353756964 0.22341095618903639 0.1010469287633896 0.0094938205647282312
0.52534060757607215 0.2699671506881714 0.18938490003347397 0.0063772593895904724
0.14838789580389855 0.2699671506881714 0.18938490003347397 0.0063772593895904724
0.52534060757607215 0.38050045929849152 0.18938490003347397 0.0063772593895904724
0.52534060757607215 0.2699671506881714 0.26496458388864996 0.0063772593895904724
0.52534060757607215 0.2699671506881714 0.18938490003347397 0.0015879908360540869
0.14838789580389855 0.38050045929849152 0.26496458388864996 0.0015879908360540869
0.17325130640529096 0.40289848484098911 0.30759323351085188 0.0018611016225069763
0.47399229235015805 0.40289848484098911 0.30759323351085188 0.0018611016225069763
0.17325130640529096 0.16142072305083277 0.30759323351085188 0.0018611016225069763
0.17325130640529096 0.40289848484098911 0.3936875179409981 0.0018611016225069763
0.17325130640529096 0.40289848484098911 0.30759323351085188 0.0098080573384650045
0.47399229235015805 0.16142072305083277 0.3936875179409981 0.0098080573384650045
0.27728264718316492 0.17693806029856207 0.24428718574345112 0.0079917714280076328
0.63100305609405039 0.17693806029856207 0.24428718574345112 0.0079917714280076328
0.27728264718316492 0.20779115855693819 0.24428718574345112 0.0079917714280076328
0.27728264718316492 0.17693806029856207 0.13594420962035658 0.0079917714280076328
0.27728264718316492 0.17693806029856207 0.24428718574345112 0.0061434003666974608
0.63100305609405039 0.20779115855693819 0.13594420962035658 0.0061434003666974608
0.58383185397833581 0.34394532144069673 0.45264134481549267 0.002721528842113912
0.3053381538484245 0.34394532144069673 0.45264134481549267 0.002721528842113912
0.58383185397833581 0.42533327974379065 0.45264134481549267 0.002721528842113912
0.58383185397833581 0.34394532144069673 0.4084416888654232 0.002721528842113912
0.58383185397833581 0.34394532144069673 0.45264134481549267 0.0026217187669128179
0.3053381538484245 0.42533327974379065 0.4084416888654232 0.0026217187669128179
0.67181221134960645 0.11965077295899391 0.37625551782548428 0.0039991186476312579
0.22632258846424519 0.11965077295899391 0.37625551782548428 0.0039991186476312579
0.67181221134960645 0.30920298472046853 0.37625551782548428 0.0039991186476312579
0.67181221134960645 0.11965077295899391 0.15460263788700104 0.0039991186476312579
0.67181221134960645 0.11965077295899391 0.37625551782548428 0.0070991835726425057
0.22632258846424519 0.30920298472046853 0.15460263788700104 0.0070991835726425057
0.37334557319991285 0.35242990069091318 0.1205411195755005 0.0091896206095814711
0.55069741597399113 0.35242990069091318 0.1205411195755005 0.0091896206095814711
0.37334557319991285 0.12681758515536787 0.1205411195755005 0.0091896206095814711
0.37334557319991285 0.35242990069091318 0.47590388841927056 0.0091896206095814711
0.37334557319991285 0.35242990069091318 0.1205411195755005 0.0041820710449479524
0.55069741597399113 0.12681758515536787 0.47590388841927056 0.0041820710449479524
0.10665647084824741 0.22720618359744549 0.4337975852191448 0.00050858404496684673
0.3930627370718866 0.22720618359744549 0.4337975852191448 0.00050858404496684673
0.10665647084824741 0.27906723506748676 0.4337975852191448 0.00050858404496684673
0.10665647084824741 0.22720618359744549 0.24434084668755532 0.00050858404496684673
0.10665647084824741 0.22720618359744549 0.4337975852191448 0.00067056734962388882
0.3930627370718866 0.27906723506748676 0.24434084668755532 0.00067056734962388882
0.45097934640943999 0.49446407034993178 0.26294947303831578 0.0052543379800394181
0.068706863373517987 0.49446407034993178 0.26294947303831578 0.0052543379800394181
0.45097934640943999 0.4598661914467812 0.26294947303831578 0.0052543379800394181
0.45097934640943999 0.49446407034993178 0.32191626094281678 0.0052543379800394181
0.45097934640943999 0.49446407034993178 0.26294947303831578 0.0082867067934945231
0.068706863373517987 0.4598661914467812 0.32191626094281678 0.0082867067934945231
0.41439282731153065 0.157962878420949 0.40197473093867309 0.0097737132647074763
0.5127634764183312 0.157962878420949 0.40197473093867309 0.0097737132647074763
0.41439282731153065 0.42056011781096458 0.40197473093867309 0.0097737132647074763
0.41439282731153065 0.157962878420949 0.19191740304231644 0.0097737132647074763
0.41439282731153065 0.157962878420949 0.40197473093867309 0.0067919348829425883
0.5127634764183312 0.42056011781096458 0.19191740304231644 0.0067919348829425883
0.060781679768115285 0.31253154426813123 0.2947954896837473 0.0046629912042990334
0.18713684137910602 0.31253154426813123 0.2947954896837473 0.0046629912042990334
0.060781679768115285 0.24044523201882839 0.2947954896837473 0.0046629912042990334
0.060781679768115285 0.31253154426813123 0.46360893584787843 0.0046629912042990334
0.060781679768115285 0.31253154426813123 0.2947954896837473 0.0044493892062455421
0.18713684137910602 0.24044523201882839 0.46360893584787843 0.0044493892062455421
0.32729725213721389 0.28888093084096911 0.35653904639184475 0.0058388233005069205
0.34498191061429673 0.28888093084096911 0.35653904639184475 0.0058388233005069205
0.32729725213721389 0.19112016595900061 0.35653904639184475 0.0058388233005069205
0.32729725213721389 0.28888093084096911 0.20664925798773767 0.0058388233005069205
0.32729725213721389 0.28888093084096911 0.35653904639184475 0.00099782157689332963
0.34498191061429673 0.19112016595900061 0.20664925798773767 0.00099782157689332963
0.6353596268687397 0.4343736696988344 0.14028077721595766 0.0011728109113872053
0.67062503928318618 0.4343736696988344 0.14028077721595766 0.0011728109113872053
0.6353596268687397 0.37282244861125946 0.14028077721595766 0.0011728109113872053
0.6353596268687397 0.4343736696988344 0.33461545519530778 0.0011728109113872053
0.6353596268687397 0.4343736696988344 0.14028077721595766 0.0079220240023918451
0.67062503928318618 0.37282244861125946 0.33461545519530778 0.0079220240023918451
0.53829558123834431 0.20827859602868559 0.21364089138805867 0.002445591700542718
0.59224546719342464 0.20827859602868559 0.21364089138805867 0.002445591700542718
0.53829558123834431 0.492666269466281 0.21364089138805867 0.002445591700542718
0.53829558123834431 0.20827859602868559 0.27765149660408495 0.002445591700542718
0.53829558123834431 0.20827859602868559 0.21364089138805867 0.0025575318413786591
0.59224546719342464 0.492666269466281 0.27765149660408495 0.0025575318413786591
0.24278021072968836 0.4629994682967663 0.48331406787037856 0.0070414910135790714
0.26784886610694225 0.4629994682967663 0.48331406787037856 0.0070414910135790714
0.24278021072968836 0.27424571886658666 0.48331406787037856 0.0070414910135790714
0.24278021072968836 0.4629994682967663 0.35598384439945219 0.0070414910135790714
0.24278021072968836 0.4629994682967663 0.48331406787037856 0.0088783736908808353
0.26784886610694225 0.27424571886658666 0.35598384439945219 0.0088783736908808353
0.13860501712188122 0.1386153779923916 0.17162011116743087 0.0033056167396716776
0.11065187798812985 0.1386153779923916 0.17162011116743087 0.0033056167396716776
0.13860501712188122 0.11909027248620987 0.17162011116743087 0.0033056167396716776
0.13860501712188122 0.1386153779923916 0.1236373569816351 0.0033056167396716776
0.13860501712188122 0.1386153779923916 0.17162011116743087 0.0052700178554281598
0.11065187798812985 0.11909027248620987 0.1236373569816351 0.0052700178554281598
0.47998778303153805 0.38385749123990542 0.32538442723453043 0.0086556392271071678
0.43498551319353274 0.38385749123990542 0.32538442723453043 0.0086556392271071678
0.47998778303153805 0.33904939182102678 0.32538442723453043 0.0086556392271071678
0.47998778303153805 0.38385749123990542 0.44574398770928381 0.0086556392271071678
0.47998778303153805 0.38385749123990542 0.32538442723453043 0.0035326077333651482
0.43498551319353274 0.33904939182102678 0.44574398770928381 0.0035326077333651482
0.48793399864807718 0.21569127291440965 0.4693159181624651 0.0051181604539044211
0.24089321563951671 0.21569127291440965 0.4693159181624651 0.0051181604539044211
0.48793399864807718 0.36640244759619234 0.4693159181624651 0.0051181604539044211
0.48793399864807718 0.21569127291440965 0.13089174106717111 0.0051181604539044211
0.48793399864807718 0.21569127291440965 0.4693159181624651 0.0046364166267216216
0.24089321563951671 0.36640244759619234 0.13089174106717111 0.0046364166267216216
0.15099025168456137 0.46107988245785236 0.2276640273630619 0.00064550743978470575
0.56651618825271721 0.46107988245785236 0.2276640273630619 0.00064550743978470575
0.15099025168456137 0.19798265993595124 0.2276640273630619 0.00064550743978470575
0.15099025168456137 0.46107988245785236 0.40255897007882602 0.00064550743978470575
0.15099025168456137 0.46107988245785236 0.2276640273630619 0.0066061625753529377
0.56651618825271721 0.19798265993595124 0.40255897007882602 0.0066061625753529377
0.25010122903622684 0.1374036926776171 0.31435797363519669 0.0093620530369691556
0.3985086132306605 0.1374036926776171 0.31435797363519669 0.0093620530369691556
0.25010122903622684 0.24535411819815636 0.31435797363519669 0.0093620530369691556
0.25010122903622684 0.1374036926776171 0.27084714770317075 0.0093620530369691556
0.25010122903622684 0.1374036926776171 0.31435797363519669 0.0081223071143962447
0.3985086132306605 0.24535411819815636 0.27084714770317075 0.0081223071143962447
0.55134498858824366 0.39207574874162676 0.18257236890494824 0.0038259403515607119
0.072861822135746476 0.39207574874162676 0.18257236890494824 0.0038259403515607119
0.55134498858824366 0.41531247459352016 0.18257236890494824 0.0038259403515607119
0.55134498858824366 0.39207574874162676 0.39874018914997578 0.0038259403515607119
0.55134498858824366 0.39207574874162676 0.18257236890494824 0.00079630105458199985
0.072861822135746476 0.41531247459352016 0.39874018914997578 0.00079630105458199985
0.62804787782952187 0.16619962677359582 0.25882487520575526 0.0028557331391610204
0.15379409426823257 0.16619962677359582 0.25882487520575526 0.0028557331391610204
0.62804787782952187 0.34390564709901811 0.25882487520575526 0.0028557331391610204
0.62804787782952187 0.16619962677359582 0.23850462548434737 0.0028557331391610204
0.62804787782952187 0.16619962677359582 0.25882487520575526 0.0090635983986780046
0.15379409426823257 0.34390564709901811 0.23850462548434737 0.0090635983986780046
0.31427819025702769 0.31135058067739008 0.43797071315348146 0.0078577087515965104
0.47818691912107164 0.31135058067739008 0.43797071315348146 0.0078577087515965104
0.31427819025702769 0.11379152424633504 0.43797071315348146 0.0078577087515965104
0.31427819025702769 0.31135058067739008 0.31681266948580744 0.0078577087515965104
0.31427819025702769 0.31135058067739008 0.43797071315348146 0.00237112755170092
0.47818691912107164 0.11379152424633504 0.31681266948580744 0.00237112755170092
0.052824974479153755 0.28694321475923062 0.10122717283666134 0.0016858084767125549
0.64553401526063681 0.28694321475923062 0.10122717283666134 0.0016858084767125549
0.052824974479153755 0.26777461282908921 0.10122717283666134 0.0016858084767125549
0.052824974479153755 0.28694321475923062 0.15970640815794468 0.0016858084767125549
0.052824974479153755 0.28694321475923062 0.10122717283666134 0.0037335051248781385
0.64553401526063681 0.26777461282908921 0.15970640815794468 0.0037335051248781385
0.40197850642725819 0.44175603315234191 0.39551883637905128 0.0065524109147489075
0.32119660382159049 0.44175603315234191 0.39551883637905128 0.0065524109147489075
0.40197850642725819 0.49947613254189493 0.39551883637905128 0.0065524109147489075
0.40197850642725819 0.44175603315234191 0.48173988312482841 0.0065524109147489075
0.40197850642725819 0.44175603315234191 0.39551883637905128 0.0050702823432162408
0.32119660382159049 0.49947613254189493 0.48173988312482841 0.0050702823432162408
0.43799344128929074 0.10598802305758 0.13151779435575009 0.0085194425231777133
0.60812405869364738 0.10598802305758 0.13151779435575009 0.0085194425231777133
0.43799344128929074 0.43253633081913001 0.13151779435575009 0.0085194425231777133
0.43799344128929074 0.10598802305758 0.20081326924264431 0.0085194425231777133
0.43799344128929074 0.10598802305758 0.13151779435575009 0.0099322264396585532
0.60812405869364738 0.43253633081913001 0.20081326924264431 0.0099322264396585532
0.099387791939079762 0.37309941351413733 0.36525347530841834 0.0034425593122839929
0.28251836546696718 0.37309941351413733 0.36525347530841834 0.0034425593122839929
0.099387791939079762 0.20015169419348242 0.36525347530841834 0.0034425593122839929
0.099387791939079762 0.37309941351413733 0.32951167896389966 0.0034425593122839929
0.099387791939079762 0.37309941351413733 0.36525347530841834 0.0014650013167411091
0.28251836546696718 0.20015169419348242 0.32951167896389966 0.0014650013167411091
0.36098486054688689 0.24716760516166689 0.27699702605605125 0.0072139426187612125
0.11534273019060493 0.24716760516166689 0.27699702605605125 0.0072139426187612125
0.36098486054688689 0.15573391281068327 0.27699702605605125 0.0072139426187612125
0.36098486054688689 0.24716760516166689 0.19702100045979024 0.0072139426187612125
0.36098486054688689 0.24716760516166689 0.27699702605605125 0.0027302151843905447
0.11534273019060493 0.15573391281068327 0.19702100045979024 0.0027302151843905447
0.66387936449609697 0.47999554909765718 0.41982384659349925 0.0022723942266777157
0.44100633575581005 0.47999554909765718 0.41982384659349925 0.0022723942266777157
0.66387936449609697 0.38653210625052459 0.41982384659349925 0.0022723942266777157
0.66387936449609697 0.47999554909765718 0.46944515109062201 0.0022723942266777157
0.66387936449609697 0.47999554909765718 0.41982384659349925 0.0060337420699186628
0.44100633575581005 0.38653210625052459 0.46944515109062201 0.0060337420699186628
0.59618329736404119 0.25548052303493024 0.34659744054079056 0.0013070343862287702
0.51749399662949136 0.25548052303493024 0.34659744054079056 0.0013070343862287702
0.59618329736404119 0.45422440655529506 0.34659744054079056 0.0013070343862287702
0.59618329736404119 0.25548052303493024 0.11858469173312187 0.0013070343862287702
0.59618329736404119 0.25548052303493024 0.34659744054079056 0.0043043996679596611
0.51749399662949136 0.45422440655529506 0.11858469173312187 0.0043043996679596611
0.28518514856696126 0.42282956913113601 0.15035570673644544 0.0057047414463013415
0.19311798624694343 0.42282956913113601 0.15035570673644544 0.0057047414463013415
0.28518514856696126 0.28514543324708941 0.15035570673644544 0.0057047414463013415
0.28518514856696126 0.42282956913113601 0.43986141793429856 0.0057047414463013415
0.28518514856696126 0.42282956913113601 0.15035570673644544 0.006975599836744369
0.19311798624694343 0.28514543324708941 0.43986141793429856 0.006975599836744369
0.1862477011978626 0.19762608781456947 0.48866174407303331 0.0044876788807101551
0.36090017980895933 0.19762608781456947 0.48866174407303331 0.0044876788807101551
0.1862477011978626 0.13406718745827675 0.48866174407303331 0.0044876788807101551
0.1862477011978626 0.19762608781456947 0.2835342213511467 0.0044876788807101551
0.1862477011978626 0.19762608781456947 0.48866174407303331 0.0083957797249779101
0.36090017980895933 0.13406718745827675 0.2835342213511467 0.0083957797249779101
0.53263837280683213 0.33031326942145822 0.20834098234772683 0.0099488839676603671
0.68525487063452595 0.33031326942145822 0.20834098234772683 0.0099488839676603671
0.53263837280683213 0.30160854570567608 0.20834098234772683 0.0099488839676603671
0.53263837280683213 0.33031326942145822 0.36103630699217326 0.0099488839676603671
0.53263837280683213 0.33031326942145822 0.20834098234772683 0.00056273182844743133
0.68525487063452595 0.30160854570567608 0.36103630699217326 0.00056273182844743133
0.49976097415201359 0.18469621762633326 0.3505232073366642 0.0013851642690598967
0.056695545557886362 0.18469621762633326 0.3505232073366642 0.0013851642690598967
0.49976097415201359 0.29448919557034969 0.3505232073366642 0.0013851642690598967
0.49976097415201359 0.18469621762633326 0.42212207317352302 0.0013851642690598967
0.49976097415201359 0.18469621762633326 0.3505232073366642 0.0087389649000018839
0.056695545557886362 0.29448919557034969 0.42212207317352302 0.0087389649000018839
0.19883461557328697 0.34243871234357359 0.14646896906197071 0.0068632848530076453
0.38230122062377625 0.34243871234357359 0.14646896906197071 0.0068632848530076453
0.19883461557328697 0.46359267756342892 0.14646896906197071 0.0068632848530076453
0.19883461557328697 0.34243871234357359 0.14422885067760946 0.0068632848530076453
0.19883461557328697 0.34243871234357359 0.14646896906197071 0.0001808759585954249
0.38230122062377625 0.46359267756342892 0.14422885067760946 0.0001808759585954249
0.26224347464740272 0.26844644509255888 0.40816291980445385 0.0031732586557045579
0.53955866601318114 0.26844644509255888 0.40816291980445385 0.0031732586557045579
0.26224347464740272 0.31719162464141848 0.40816291980445385 0.0031732586557045579
0.26224347464740272 0.26844644509255888 0.37613940909504895 0.0031732586557045579
0.26224347464740272 0.26844644509255888 0.40816291980445385 0.0040191669111140074
0.53955866601318114 0.31719162464141848 0.37613940909504895 0.0040191669111140074
0.59886982063762839 0.41066769883036613 0.28877965360879898 0.0075492139109410352
0.21389504228718575 0.41066769883036613 0.28877965360879898 0.0075492139109410352
0.59886982063762839 0.14967477656900885 0.28877965360879898 0.0075492139109410352
0.59886982063762839 0.41066769883036613 0.25447161756455899 0.0075492139109410352
0.59886982063762839 0.41066769883036613 0.28877965360879898 0.0072221618987619888
0.21389504228718575 0.14967477656900885 0.25447161756455899 0.0072221618987619888
0.69731250270269807 0.23496320098638535 0.16511761285364629 0.0090614280808717015
0.29737327317707235 0.23496320098638535 0.16511761285364629 0.0090614280808717015
0.69731250270269807 0.21582023575901987 0.16511761285364629 0.0090614280808717015
0.69731250270269807 0.23496320098638535 0.30826224125921731 0.0090614280808717015
0.69731250270269807 0.23496320098638535 0.16511761285364629 0.0031120533885434271
0.29737327317707235 0.21582023575901987 0.30826224125921731 0.0031120533885434271
0.34784160610288378 0.49295555837452409 0.33166579231619836 0.0041367950382642455
0.62174930172041054 0.49295555837452409 0.33166579231619836 0.0041367950382642455
0.34784160610288378 0.4481805544346571 0.33166579231619836 0.0041367950382642455
0.34784160610288378 0.49295555837452409 0.23622820228338243 0.0041367950382642455
0.34784160610288378 0.49295555837452409 0.33166579231619836 0.0056905769209377472
0.62174930172041054 0.4481805544346571 0.23622820228338243 0.0056905769209377472
0.12177498545497654 0.1181319672614336 0.21992225348949435 0.0054356667188927539
0.46388530773110681 0.1181319672614336 0.21992225348949435 0.0054356667188927539
0.12177498545497654 0.39593691416084764 0.21992225348949435 0.0054356667188927539
0.12177498545497654 0.1181319672614336 0.49352709762752056 0.0054356667188927539
0.12177498545497654 0.1181319672614336 0.21992225348949435 0.009685646638181061
0.46388530773110681 0.39593691416084764 0.49352709762752056 0.009685646638181061
0.43586203767918041 0.36020025163888936 0.47681157253682616 0.0003370318506844342
0.13953063506633043 0.36020025163888936 0.47681157253682616 0.0003370318506844342
0.43586203767918041 0.16511440128087998 0.47681157253682616 0.0003370318506844342
0.43586203767918041 0.36020025163888936 0.16521887108683586 0.0003370318506844342
0.43586203767918041 0.36020025163888936 0.47681157253682616 0.0017502541733905674
0.13953063506633043 0.16511440128087998 0.16521887108683586 0.0017502541733905674
0.38919508745893833 0.2998743187636137 0.23771287500858307 0.0047913347950205212
0.42162596494890742 0.2998743187636137 0.23771287500858307 0.0047913347950205212
0.38919508745893833 0.10442343279719353 0.23771287500858307 0.0047913347950205212
0.38919508745893833 0.2998743187636137 0.34594746716320512 0.0047913347950205212
0.38919508745893833 0.2998743187636137 0.23771287500858307 0.0033516481486149134
0.42162596494890742 0.10442343279719353 0.34594746716320512 0.0033516481486149134
0.085983182536438107 0.42963182404637335 0.45904621146619318 0.0096361879360862077
0.096003010496497149 0.42963182404637335 0.45904621146619318 0.0096361879360862077
0.085983182536438107 0.33456206582486631 0.45904621146619318 0.0096361879360862077
0.085983182536438107 0.42963182404637335 0.22352311611175538 0.0096361879360862077
0.085983182536438107 0.42963182404637335 0.45904621146619318 0.0054134662643075
0.096003010496497149 0.33456206582486631 0.22352311611175538 0.0054134662643075
0.31186627750284968 0.15323208943009378 0.1957897637039423 0.00099133111052215114
0.25361628509126599 0.15323208943009378 0.1957897637039423 0.00099133111052215114
0.31186627750284968 0.48386872150003912 0.1957897637039423 0.00099133111052215114
0.31186627750284968 0.15323208943009378 0.45621865354478364 0.00099133111052215114
0.31186627750284968 0.15323208943009378 0.1957897637039423 0.0093101593542844058
0.25361628509126599 0.48386872150003912 0.45621865354478364 0.0093101593542844058
0.65078932782635091 0.3235108356922865 0.30101892575621603 0.0060102244327776139
0.57926309434697032 0.3235108356922865 0.30101892575621603 0.0060102244327776139
0.65078932782635091 0.25219171047210698 0.30101892575621603 0.0060102244327776139
0.65078932782635091 0.3235108356922865 0.17751966193318369 0.0060102244327776139
0.65078932782635091 0.3235108356922865 0.30101892575621603 0.0020858935409225525
0.57926309434697032 0.25219171047210698 0.17751966193318369 0.0020858935409225525
0.56357266800478101 0.14960686303675175 0.42790238671004777 0.0075175794290378703
0.66337483897805205 0.14960686303675175 0.42790238671004777 0.0075175794290378703
0.56357266800478101 0.18233864121139051 0.42790238671004777 0.0075175794290378703
0.56357266800478101 0.14960686303675175 0.43443519920110707 0.0075175794290378703
0.56357266800478101 0.14960686303675175 0.42790238671004777 0.0077791408590041113
0.66337483897805205 0.18233864121139051 0.43443519920110707 0.0077791408590041113
0.21749936104752121 0.37911450564861304 0.26906299144029622 0.0019597172991372646
0.33898199596442274 0.37911450564861304 0.26906299144029622 0.0019597172991372646
0.21749936104752121 0.35073410943150518 0.26906299144029622 0.0019597172991372646
0.21749936104752121 0.37911450564861304 0.10693253315985203 0.0019597172991372646
0.21749936104752121 0.37911450564861304 0.26906299144029622 0.0011781380048021676
0.33898199596442274 0.35073410943150518 0.10693253315985203 0.0011781380048021676
0.15395664484240112 0.20354894399642945 0.38236903324723248 0.0082037583515048029
0.18202920993790028 0.20354894399642945 0.38236903324723248 0.0082037583515048029
0.15395664484240112 0.40593218654394148 0.38236903324723248 0.0082037583515048029
0.15395664484240112 0.20354894399642945 0.36344627663493156 0.0082037583515048029
0.15395664484240112 0.20354894399642945 0.38236903324723248 0.0049216683769598606
0.18202920993790028 0.40593218654394148 0.36344627663493156 0.0049216683769598606
0.46463742898777122 0.47398065961897373 0.11464592404663564 0.0037480231947265566
0.50636660321615634 0.47398065961897373 0.11464592404663564 0.0037480231947265566
0.46463742898777122 0.23594951219856741 0.11464592404663564 0.0037480231947265566
0.46463742898777122 0.47398065961897373 0.29216935150325296 0.0037480231947265566
0.46463742898777122 0.47398065961897373 0.11464592404663564 0.0063595815199427317
0.50636660321615634 0.23594951219856741 0.29216935150325296 0.0063595815199427317
0.45813993471674613 0.28303306549787521 0.39145974144339568 0.0095835674057714645
0.55996749810874458 0.28303306549787521 0.39145974144339568 0.0095835674057714645
0.45813993471674613 0.17373034879565241 0.39145974144339568 0.0095835674057714645
0.45813993471674613 0.28303306549787521 0.24862133227288724 0.0095835674057714645
0.45813993471674613 0.28303306549787521 0.39145974144339568 0.0073557537603192039
0.55996749810874458 0.17373034879565241 0.24862133227288724 0.0073557537603192039
0.15920223593711852 0.43785198815166948 0.11152350045740606 0.0048523162167519339
0.23434428335167468 0.43785198815166948 0.11152350045740606 0.0048523162167519339
0.15920223593711852 0.39359056614339349 0.11152350045740606 0.0048523162167519339
0.15920223593711852 0.43785198815166948 0.32104532793164253 0.0048523162167519339
0.15920223593711852 0.43785198815166948 0.11152350045740606 0.0040803034240379935
0.23434428335167468 0.39359056614339349 0.32104532793164253 0.0040803034240379935
0.21768887192010877 0.16385955996811391 0.44982955120503909 0.0061123543572612115
0.077193491440266368 0.16385955996811391 0.44982955120503909 0.0061123543572612115
0.21768887192010877 0.43802671171724794 0.44982955120503909 0.0061123543572612115
0.21768887192010877 0.16385955996811391 0.15242183692753317 0.0061123543572612115
0.21768887192010877 0.16385955996811391 0.44982955120503909 0.00016340578999370336
0.077193491440266368 0.43802671171724794 0.15242183692753317 0.00016340578999370336
0.56217534351162612 0.30900440961122511 0.25320329368114469 0.00089768370892852551
0.4028398854192346 0.30900440961122511 0.25320329368114469 0.00089768370892852551
0.56217534351162612 0.21970409750938416 0.25320329368114469 0.00089768370892852551
0.56217534351162612 0.30900440961122511 0.48112040162086489 0.00089768370892852551
0.56217534351162612 0.30900440961122511 0.25320329368114469 0.0086393714508973055
0.4028398854192346 0.21970409750938416 0.48112040162086489 0.0086393714508973055
0.65792197636328631 0.13350136503577234 0.18038115091621876 0.0021003798014484344
0.48440800555981689 0.13350136503577234 0.18038115091621876 0.0021003798014484344
0.65792197636328631 0.13950868062675001 0.18038115091621876 0.0021003798014484344
0.65792197636328631 0.13350136503577234 0.13202998563647272 0.0021003798014484344
0.65792197636328631 0.13350136503577234 0.18038115091621876 0.0016892498397268357
0.48440800555981689 0.13950868062675001 0.13202998563647272 0.0016892498397268357
0.30598615203052754 0.38816731832921503 0.32281124368309977 0.0073851255759596829
0.16001478359103202 0.38816731832921503 0.32281124368309977 0.0073851255759596829
0.30598615203052754 0.32111206129193304 0.32281124368309977 0.0073851255759596829
0.30598615203052754 0.38816731832921503 0.40953229777514932 0.0073851255759596829
0.30598615203052754 0.38816731832921503 0.32281124368309977 0.009552224721387028
0.16001478359103202 0.32111206129193304 0.40953229777514932 0.009552224721387028
0.085158517397940156 0.2133437689393759 0.23455478101968766 0.0037342138365842404
0.31782670333050189 0.2133437689393759 0.23455478101968766 0.0037342138365842404
0.085158517397940156 0.47217205017805097 0.23455478101968766 0.0037342138365842404
0.085158517397940156 0.2133437689393759 0.26707228869199751 0.0037342138365842404
0.085158517397940156 0.2133437689393759 0.23455478101968766 0.0057903025493025789
0.31782670333050189 0.47217205017805097 0.26707228869199751 0.0057903025493025789
0.3912269463296979 0.45873848125338557 0.46868719272315507 0.0082262024747207767
0.64216387262567876 0.45873848125338557 0.46868719272315507 0.0082262024747207767
0.3912269463296979 0.29215510077774526 0.46868719272315507 0.0082262024747207767
0.3912269463296979 0.45873848125338557 0.388348788395524 0.0082262024747207767
0.3912269463296979 0.45873848125338557 0.46868719272315507 0.0031296935019083324
0.64216387262567876 0.29215510077774526 0.388348788395524 0.0031296935019083324
0.42589289648458356 0.19528759457170963 0.20468511134386064 0.0068022411772049969
0.27382795396260912 0.19528759457170963 0.20468511134386064 0.0068022411772049969
0.42589289648458356 0.22735812328755856 0.20468511134386064 0.0068022411772049969
0.42589289648458356 0.19528759457170963 0.11932632997632027 0.0068022411772049969
0.42589289648458356 0.19528759457170963 0.20468511134386064 0.0019923425538465383
0.27382795396260912 0.22735812328755856 0.11932632997632027 0.0019923425538465383
0.13053135392256082 0.32796867191791534 0.49858004860579974 0.0014377160543575884
0.59943342441692948 0.32796867191791534 0.49858004860579974 0.0014377160543575884
0.13053135392256082 0.4082535021007061 0.49858004860579974 0.0014377160543575884
0.13053135392256082 0.32796867191791534 0.4472191449254751 0.0014377160543575884
0.13053135392256082 0.32796867191791534 0.49858004860579974 0.0092890637158416205
0.59943342441692948 0.4082535021007061 0.4472191449254751 0.0092890637158416205
0.35150276389904317 0.25156880021095274 0.16183649487793447 0.0076429259269498295
0.44176805620081716 0.25156880021095274 0.16183649487793447 0.0076429259269498295
0.35150276389904317 0.36091260313987739 0.16183649487793447 0.0076429259269498295
0.35150276389904317 0.25156880021095274 0.27937451004981995 0.0076429259269498295
0.35150276389904317 0.25156880021095274 0.16183649487793447 0.0054685603152029227
0.44176805620081716 0.36091260313987739 0.27937451004981995 0.0054685603152029227
0.69240440083667631 0.4189239505678416 0.34137906208634378 0.0030711951158940791
0.11610407289117575 0.4189239505678416 0.34137906208634378 0.0030711951158940791
0.69240440083667631 0.17842983938753607 0.34137906208634378 0.0030711951158940791
0.69240440083667631 0.4189239505678416 0.35104196555912492 0.0030711951158940791
0.69240440083667631 0.4189239505678416 0.34137906208634378 0.0034888654800131918
0.11610407289117575 0.17842983938753607 0.35104196555912492 0.0034888654800131918
0.60820396253839137 0.24481862299144269 0.41723016761243348 0.0042690349851734945
0.20211678491905327 0.24481862299144269 0.41723016761243348 0.0042690349851734945
0.60820396253839137 0.26233353689312933 0.41723016761243348 0.0042690349851734945
0.60820396253839137 0.24481862299144269 0.21132644526660443 0.0042690349851734945
0.60820396253839137 0.24481862299144269 0.41723016761243348 0.0063808471031486999
0.20211678491905327 0.26233353689312933 0.21132644526660443 0.0063808471031486999
0.25412148558534681 0.47765266969800002 0.2858290821313858 0.0089205440012738117
0.52649241755716503 0.47765266969800002 0.2858290821313858 0.0089205440012738117
0.25412148558534681 0.479972080513835 0.2858290821313858 0.0089205440012738117
0.25412148558534681 0.47765266969800002 0.33336007520556454 0.0089205440012738117
0.25412148558534681 0.47765266969800002 0.2858290821313858 0.0050153515432961289
0.52649241755716503 0.479972080513835 0.33336007520556454 0.0050153515432961289
0.19580845707096156 0.10208717361092567 0.37252304181456564 0.0003148039939813316
0.68355183769017458 0.10208717361092567 0.37252304181456564 0.0003148039939813316
0.19580845707096156 0.32595851607620718 0.37252304181456564 0.0003148039939813316
0.19580845707096156 0.10208717361092567 0.19012100137770177 0.0003148039939813316
0.19580845707096156 0.10208717361092567 0.37252304181456564 0.0010410906181670726
0.68355183769017458 0.32595851607620718 0.19012100137770177 0.0010410906181670726
0.5040346966125071 0.36919246129691607 0.13048662878572942 0.0054496952939778577
0.35919692409224802 0.36919246129691607 0.13048662878572942 0.0054496952939778577
0.5040346966125071 0.10678141564130783 0.13048662878572942 0.0054496952939778577
0.5040346966125071 0.36919246129691607 0.46842889040708546 0.0054496952939778577
0.5040346966125071 0.36919246129691607 0.13048662878572942 0.0077241789873689418
0.35919692409224802 0.10678141564130783 0.46842889040708546 0.0077241789873689418
0.53217335911467667 0.11422329768538475 0.48516700603067875 0.0034167166994884613
0.37838124432601028 0.11422329768538475 0.48516700603067875 0.0034167166994884613
0.53217335911467667 0.48931594789028166 0.48516700603067875 0.0034167166994884613
0.53217335911467667 0.11422329768538475 0.30460913069546225 0.0034167166994884613
0.53217335911467667 0.11422329768538475 0.48516700603067875 0.00078484284793958075
0.37838124432601028 0.48931594789028166 0.30460913069546225 0.00078484284793958075
0.18800429091788828 0.35629768632352354 0.217828419059515 0.008534687818679958
0.052775792032480243 0.35629768632352354 0.217828419059515 0.008534687818679958
0.18800429091788828 0.27170172370970247 0.217828419059515 0.008534687818679958
0.18800429091788828 0.35629768632352354 0.22591036558151245 0.008534687818679958
0.18800429091788828 0.35629768632352354 0.217828419059515 0.0080190998127683995
0.052775792032480243 0.27170172370970247 0.22591036558151245 0.0080190998127683995
0.29203749136067925 0.23262165747582914 0.33113447129726414 0.0024009955927729609
0.22067674263380466 0.23262165747582914 0.33113447129726414 0.0024009955927729609
0.29203749136067925 0.12236460410058499 0.33113447129726414 0.0024009955927729609
0.29203749136067925 0.23262165747582914 0.49434809051454065 0.0024009955927729609
0.29203749136067925 0.23262165747582914 0.33113447129726414 0.0067336814010515817
0.22067674263380466 0.12236460410058499 0.49434809051454065 0.0067336814010515817
0.59065778674557801 0.4906079106032849 0.17191055677831174 0.0070742611712776137
0.54634074410423628 0.4906079106032849 0.17191055677831174 0.0070742611712776137
0.59065778674557801 0.34156602248549461 0.17191055677831174 0.0070742611712776137
0.59065778674557801 0.4906079106032849 0.17192351296544076 0.0070742611712776137
0.59065778674557801 0.4906079106032849 0.17191055677831174 0.0047011903005652134
0.54634074410423628 0.34156602248549461 0.17192351296544076 0.0047011903005652134
0.66497891014441846 0.26454254239797592 0.29917386546730995 0.0057948385586962109
0.62536213062703605 0.26454254239797592 0.29917386546730995 0.0057948385586962109
0.66497891014441846 0.42392212636768822 0.29917386546730995 0.0057948385586962109
0.66497891014441846 0.26454254239797592 0.4149596318602562 0.0057948385586962109
0.66497891014441846 0.26454254239797592 0.29917386546730995 0.005173659589607269
0.62536213062703605 0.42392212636768822 0.4149596318602562 0.005173659589607269
0.35859311898238949 0.40675769336521628 0.40400629825890066 0.0012061877143569291
0.30098647982813415 0.40675769336521628 0.40400629825890066 0.0012061877143569291
0.35859311898238949 0.24300223737955096 0.40400629825890066 0.0012061877143569291
0.35859311898238949 0.40675769336521628 0.14368255175650121 0.0012061877143569291
0.35859311898238949 0.40675769336521628 0.40400629825890066 0.0037450955107808112
0.30098647982813415 0.24300223737955096 0.14368255175650121 0.0037450955107808112
0.091900917189195741 0.18235028572380543 0.14074984006583691 0.0098842018585652107
0.13369148699566721 0.18235028572380543 0.14074984006583691 0.0098842018585652107
0.091900917189195741 0.18783473148941995 0.14074984006583691 0.0098842018585652107
0.091900917189195741 0.18235028572380543 0.38593848273158071 0.0098842018585652107
0.091900917189195741 0.18235028572380543 0.14074984006583691 0.0023065238226205112
0.13369148699566721 0.18783473148941995 0.38593848273158071 0.0023065238226205112
0.44415410375222558 0.34009888321161275 0.36247990280389786 0.0045414331506006423
0.45804638243280343 0.34009888321161275 0.36247990280389786 0.0045414331506006423
0.44415410375222558 0.37029298655688769 0.36247990280389786 0.0045414331506006423
0.44415410375222558 0.34009888321161275 0.25843597166240218 0.0045414331506006423
0.44415410375222558 0.34009888321161275 0.36247990280389786 0.0089362117522396155
0.45804638243280343 0.37029298655688769 0.25843597166240218 0.0089362117522396155
0.39867715626023703 0.20120582692325117 0.12338017039000988 0.00063049788363277919
0.094859506655484427 0.20120582692325117 0.12338017039000988 0.00063049788363277919
0.39867715626023703 0.31174407638609414 0.12338017039000988 0.00063049788363277919
0.39867715626023703 0.20120582692325117 0.4276572108268738 0.00063049788363277919
0.39867715626023703 0.20120582692325117 0.12338017039000988 0.0060852222682908188
0.094859506655484427 0.31174407638609414 0.4276572108268738 0.0060852222682908188
0.057458115927875045 0.47163143828511245 0.37987275868654258 0.0051442405763082212
0.42048270325176412 0.47163143828511245 0.37987275868654258 0.0051442405763082212
0.057458115927875045 0.13016501367092134 0.37987275868654258 0.0051442405763082212
0.057458115927875045 0.47163143828511245 0.10598957426846028 0.0051442405763082212
0.057458115927875045 0.47163143828511245 0.37987275868654258 0.002873444477748126
0.42048270325176412 0.13016501367092134 0.10598957426846028 0.002873444477748126
0.32396686952561138 0.14569976702332499 0.26812920942902563 0.0039653884200379257
0.58771042246371508 0.14569976702332499 0.26812920942902563 0.0039653884200379257
0.32396686952561138 0.2765477977693081 0.26812920942902563 0.0039653884200379257
0.32396686952561138 0.14569976702332499 0.37364232018589971 0.0039653884200379257
0.32396686952561138 0.14569976702332499 0.26812920942902563 0.0013750874905847014
0.58771042246371508 0.2765477977693081 0.37364232018589971 0.0013750874905847014
0.61964581548236308 0.37521351389586932 0.43507411666214468 0.009233211800921709
0.2620640103239566 0.37521351389586932 0.43507411666214468 0.009233211800921709
0.61964581548236308 0.4565890666097403 0.43507411666214468 0.009233211800921709
0.61964581548236308 0.37521351389586932 0.29574894271790986 0.009233211800921709
0.61964581548236308 0.37521351389586932 0.43507411666214468 0.0099050577653571961
0.2620640103239566 0.4565890666097403 0.29574894271790986 0.0099050577653571961
0.55401196177117529 0.1508876357227564 0.31103508770465849 0.0079586383305490019
0.34045186373405151 0.1508876357227564 0.31103508770465849 0.0079586383305490019
0.55401196177117529 0.37794662863016126 0.31103508770465849 0.0079586383305490019
0.55401196177117529 0.1508876357227564 0.34191014803946018 0.0079586383305490019
0.55401196177117529 0.1508876357227564 0.31103508770465849 0.00041963471435010435
0.34045186373405151 0.37794662863016126 0.34191014803946018 0.00041963471435010435
0.24610308445990081 0.32117248475551607 0.19203634522855284 0.0027657218842767179
0.66484510386362672 0.32117248475551607 0.19203634522855284 0.0027657218842767179
0.24610308445990081 0.1580619025975466 0.19203634522855284 0.0027657218842767179
0.24610308445990081 0.32117248475551607 0.21360169500112536 0.0027657218842767179
0.24610308445990081 0.32117248475551607 0.19203634522855284 0.0083444694713689389
0.66484510386362672 0.1580619025975466 0.21360169500112536 0.0083444694713689389
0.14193594940006732 0.29596893787384038 0.45373030640184886 0.0064985760981217033
0.49695626650936892 0.29596893787384038 0.45373030640184886 0.0064985760981217033
0.14193594940006732 0.21032389514148236 0.45373030640184886 0.0064985760981217033
0.14193594940006732 0.29596893787384038 0.45664277784526353 0.0064985760981217033
0.14193594940006732 0.29596893787384038 0.45373030640184886 0.0070029006903059793
0.49695626650936892 0.21032389514148236 0.45664277784526353 0.0070029006903059793
0.49570106412284071 0.42572034038603312 0.24929154738783837 0.0017504023679532112
0.17261911537498234 0.42572034038603312 0.24929154738783837 0.0017504023679532112
0.49570106412284071 0.4286219991743565 0.24929154738783837 0.0017504023679532112
0.49570106412284071 0.42572034038603312 0.1846089653670788 0.0017504023679532112
0.49570106412284071 0.42572034038603312 0.24929154738783837 0.0043944834388792518
0.17261911537498234 0.4286219991743565 0.1846089653670788 0.0043944834388792518
0.48333167303353541 0.17475530877709389 0.15611364841461184 0.0046758168153464797
0.65118001606315368 0.17475530877709389 0.15611364841461184 0.0046758168153464797
0.48333167303353541 0.45129297003149993 0.15611364841461184 0.0046758168153464797
0.48333167303353541 0.17475530877709389 0.48851111754775045 0.0046758168153464797
0.48333167303353541 0.17475530877709389 0.15611364841461184 0.0026719245455227793
0.65118001606315368 0.45129297003149993 0.48851111754775045 0.0026719245455227793
0.13401426053605975 0.30436021499335764 0.34688358865678315 0.0097502808212302627
0.3255531207192689 0.30436021499335764 0.34688358865678315 0.0097502808212302627
0.13401426053605975 0.28140748105943203 0.34688358865678315 0.0097502808212302627
0.13401426053605975 0.30436021499335764 0.16681914739310744 0.0097502808212302627
0.13401426053605975 0.30436021499335764 0.34688358865678315 0.006285505970381201
0.3255531207192689 0.28140748105943203 0.16681914739310744 0.006285505970381201
0.23312833732925353 0.27839993946254254 0.21018963493406773 0.0010307151639834047
0.16847543204203247 0.27839993946254254 0.21018963493406773 0.0010307151639834047
0.23312833732925353 0.13697752989828588 0.21018963493406773 0.0010307151639834047
0.23312833732925353 0.27839993946254254 0.30971365123987199 0.0010307151639834047
0.23312833732925353 0.27839993946254254 0.21018963493406773 0.009719286047853529
0.16847543204203247 0.13697752989828588 0.30971365123987199 0.009719286047853529
0.5467346044257283 0.44873360469937329 0.49285720512270925 0.0059698484816588472
0.49411814543418581 0.44873360469937329 0.49285720512270925 0.0059698484816588472
0.5467346044257283 0.30527639687061314 0.49285720512270925 0.0059698484816588472
0.5467346044257283 0.44873360469937329 0.23174713589251042 0.0059698484816588472
0.5467346044257283 0.44873360469937329 0.49285720512270925 0.0015621155011467638
0.49411814543418581 0.30527639687061314 0.23174713589251042 0.0015621155011467638
0.632650888711214 0.22423760294914247 0.36572759859263904 0.0069382252473384146
0.41320486706681542 0.22423760294914247 0.36572759859263904 0.0069382252473384146
0.632650888711214 0.43548106662929065 0.36572759859263904 0.0069382252473384146
0.632650888711214 0.22423760294914247 0.38088678978383539 0.0069382252473384146
0.632650888711214 0.22423760294914247 0.36572759859263904 0.0081447333690710371
0.41320486706681542 0.43548106662929065 0.38088678978383539 0.0081447333690710371
0.33125347676686939 0.45409313477575786 0.1374515160918236 0.0025380983921699228
0.088807887025177473 0.45409313477575786 0.1374515160918236 0.0025380983921699228
0.33125347676686939 0.20390124097466469 0.1374515160918236 0.0025380983921699228
0.33125347676686939 0.45409313477575786 0.25255400314927101 0.0025380983921699228
0.33125347676686939 0.45409313477575786 0.1374515160918236 0.00062053151577711114
0.088807887025177473 0.20390124097466469 0.25255400314927101 0.00062053151577711114
0.069798401324078441 0.12886938787996771 0.42419505193829543 0.0087069786069914699
0.24653429607860744 0.12886938787996771 0.42419505193829543 0.0087069786069914699
0.069798401324078441 0.15281083136796952 0.42419505193829543 0.0087069786069914699
0.069798401324078441 0.12886938787996771 0.42084142155945303 0.0087069786069914699
0.069798401324078441 0.12886938787996771 0.42419505193829543 0.0042080785591155296
0.24653429607860744 0.15281083136796952 0.42084142155945303 0.0042080785591155296
0.4065883360803127 0.39905084669589996 0.27903364188969138 0.0032433590357191862
0.57086770730093117 0.39905084669589996 0.27903364188969138 0.0032433590357191862
0.4065883360803127 0.38285286314785483 0.27903364188969138 0.0032433590357191862
0.4065883360803127 0.39905084669589996 0.14873447120189667 0.0032433590357191862
0.4065883360803127 0.39905084669589996 0.27903364188969138 0.0071881248080171651
0.57086770730093117 0.38285286314785483 0.14873447120189667 0.0071881248080171651
0.45148628004826596 0.25942460857331751 0.44315760806202886 0.0018847674449905755
0.36543537951074534 0.25942460857331751 0.44315760806202886 0.0018847674449905755
0.45148628004826596 0.3476468857377768 0.44315760806202886 0.0018847674449905755
0.45148628004826596 0.25942460857331751 0.36859040670096876 0.0018847674449905755
0.45148628004826596 0.25942460857331751 0.44315760806202886 0.007909442106075585
0.36543537951074534 0.3476468857377768 0.36859040670096876 0.007909442106075585
0.10494164610281587 0.41731970235705373 0.26009637005627156 0.0063646736484952275
0.69103957144543526 0.41731970235705373 0.26009637005627156 0.0063646736484952275
0.10494164610281587 0.11672623381018639 0.26009637005627156 0.0063646736484952275
0.10494164610281587 0.41731970235705373 0.28986714705824856 0.0063646736484952275
0.10494164610281587 0.41731970235705373 0.26009637005627156 0.00089333985550329098
0.69103957144543526 0.11672623381018639 0.28986714705824856 0.00089333985550329098
0.36653065616264935 0.19366921409964563 0.39835281483829021 0.0025902679216116666
0.5332862129900604 0.19366921409964563 0.39835281483829021 0.0025902679216116666
0.36653065616264935 0.26410994827747347 0.39835281483829021 0.0025902679216116666
0.36653065616264935 0.19366921409964563 0.43353918530046942 0.0025902679216116666
0.36653065616264935 0.19366921409964563 0.39835281483829021 0.0045782013713382193
0.5332862129900604 0.26410994827747347 0.43353918530046942 0.0045782013713382193
0.67737530269660051 0.33583554886281491 0.10485156029462815 0.0081336296658031642
0.20762095116078849 0.33583554886281491 0.10485156029462815 0.0081336296658031642
0.67737530269660051 0.49656896628439429 0.10485156029462815 0.0081336296658031642
0.67737530269660051 0.33583554886281491 0.11104126125574112 0.0081336296658031642
0.67737530269660051 0.33583554886281491 0.10485156029462815 0.0068578510923311123
0.20762095116078849 0.49656896628439429 0.11104126125574112 0.0068578510923311123
0.58268992346711457 0.10994183011353016 0.22875726260244847 0.009097194464690983
0.13114978512749076 0.10994183011353016 0.22875726260244847 0.009097194464690983
0.58268992346711457 0.36265010610222814 0.22875726260244847 0.009097194464690983
0.58268992346711457 0.10994183011353016 0.45080601349473004 0.009097194464690983
0.58268992346711457 0.10994183011353016 0.22875726260244847 0.0036372593995183705
0.13114978512749076 0.36265010610222814 0.45080601349473004 0.0036372593995183705
0.27963184891268605 0.3675862982869148 0.47431235834956176 0.0041024726317264145
0.45552421673201016 0.3675862982869148 0.47431235834956176 0.0041024726317264145
0.27963184891268605 0.19503511898219586 0.47431235834956176 0.0041024726317264145
0.27963184891268605 0.3675862982869148 0.17950443886220457 0.0041024726317264145
0.27963184891268605 0.3675862982869148 0.47431235834956176 0.0052827319310046741
0.45552421673201016 0.19503511898219586 0.17950443886220457 0.0052827319310046741
0.18070122031494973 0.24320215433835984 0.18600631356239319 0.0053165127769112591
0.61265426054596894 0.24320215433835984 0.18600631356239319 0.0053165127769112591
0.18070122031494973 0.24903046973049642 0.18600631356239319 0.0053165127769112591
0.18070122031494973 0.24320215433835984 0.34701451957225804 0.0053165127769112591
0.18070122031494973 0.24320215433835984 0.18600631356239319 0.0088126274262554944
0.61265426054596894 0.24903046973049642 0.34701451957225804 0.0088126274262554944
0.51914313924498856 0.4855206955224276 0.31701372824609281 0.00045715880757197738
0.28829814591445024 0.4855206955224276 0.31701372824609281 0.00045715880757197738
0.51914313924498856 0.41823265105485918 0.31701372824609281 0.00045715880757197738
0.51914313924498856 0.4855206955224276 0.21943866200745107 0.00045715880757197738
0.51914313924498856 0.4855206955224276 0.31701372824609281 0.002428851855546236
0.28829814591445024 0.41823265105485918 0.21943866200745107 0.002428851855546236
0.51704876427538693 0.23111313581466675 0.27480873428285124 0.0084015053753741086
0.46966009032912548 0.23111313581466675 0.27480873428285124 0.0084015053753741086
0.51704876427538693 0.18567913770675659 0.27480873428285124 0.0084015053753741086
0.51704876427538693 0.23111313581466675 0.15825576335191727 0.0084015053753741086
0.51704876427538693 0.23111313581466675 0.27480873428285124 0.0090977846520952886
0.46966009032912548 0.18567913770675659 0.15825576335191727 0.0090977846520952886
0.20312513252720232 0.49836491979658604 0.42817631959915159 0.0035590714393183591
0.14405591655522584 0.49836491979658604 0.42817631959915159 0.0035590714393183591
0.20312513252720232 0.35331844426691539 0.42817631959915159 0.0035590714393183591
0.20312513252720232 0.49836491979658604 0.48622171021997929 0.0035590714393183591
0.20312513252720232 0.49836491979658604 0.42817631959915159 0.0021823653245344756
0.14405591655522584 0.35331844426691539 0.48622171021997929 0.0021823653245344756
0.26653089215978976 0.12199365235865117 0.11648237630724907 0.0072509115609340376
0.31188615630380806 0.12199365235865117 0.11648237630724907 0.0072509115609340376
0.26653089215978976 0.40261293910443785 0.11648237630724907 0.0072509115609340376
0.26653089215978976 0.12199365235865117 0.24351984485983849 0.0072509115609340376
0.26653089215978976 0.12199365235865117 0.11648237630724907 0.0032939986934885385
0.31188615630380806 0.40261293910443785 0.24351984485983849 0.0032939986934885385
0.61616566930897532 0.35477888286113746 0.38655228056013591 0.0022344333130866288
0.63755143629387012 0.35477888286113746 0.38655228056013591 0.0022344333130866288
0.61616566930897532 0.23343507573008537 0.38655228056013591 0.0022344333130866288
0.61616566930897532 0.35477888286113746 0.31521162800490854 0.0022344333130866288
0.61616566930897532 0.35477888286113746 0.38655228056013591 0.0056646633318625395
0.63755143629387012 0.23343507573008537 0.31521162800490854 0.0056646633318625395
0.68002415806986383 0.18084367886185648 0.45953254550695422 0.00072526044631376874
0.55406662877649071 0.18084367886185648 0.45953254550695422 0.00072526044631376874
0.68002415806986383 0.10109432525932789 0.45953254550695422 0.00072526044631376874
0.68002415806986383 0.18084367886185648 0.27212704010307787 0.00072526044631376874
0.68002415806986383 0.18084367886185648 0.45953254550695422 0.0048247056418098512
0.55406662877649071 0.10109432525932789 0.27212704010307787 0.0048247056418098512
0.34355162428691977 0.34785704426467423 0.24365880005061627 0.0062855423713102949
0.229692179011181 0.34785704426467423 0.24365880005061627 0.0062855423713102949
0.34355162428691977 0.33199046701192858 0.24365880005061627 0.0062855423713102949
0.34355162428691977 0.34785704426467423 0.39423380196094515 0.0062855423713102949
0.34355162428691977 0.34785704426467423 0.24365880005061627 0.0065726737666875132
0.229692179011181 0.33199046701192858 0.39423380196094515 0.0065726737666875132
0.11748686330392956 0.27231174819171433 0.30540234334766869 0.004988484614994378
0.062485244218260051 0.27231174819171433 0.30540234334766869 0.004988484614994378
0.11748686330392956 0.48717637732625008 0.30540234334766869 0.004988484614994378
0.11748686330392956 0.27231174819171433 0.12614512704312802 0.004988484614994378
0.11748686330392956 0.27231174819171433 0.30540234334766869 0.0075275283709168445
0.062485244218260051 0.48717637732625008 0.12614512704312802 0.0075275283709168445
0.41856687427498396 0.40523697808384895 0.197838581353426 0.0094466342560946947
0.38684134068898851 0.40523697808384895 0.197838581353426 0.0094466342560946947
0.41856687427498396 0.25469285063445568 0.197838581353426 0.0094466342560946947
0.41856687427498396 0.40523697808384895 0.40447734370827682 0.0094466342560946947
0.41856687427498396 0.40523697808384895 0.197838581353426 0.0012365805354900658
0.38684134068898851 0.25469285063445568 0.40447734370827682 0.0012365805354900658
0.38332943432033056 0.14095677919685842 0.33686489947140219 0.0056250167823396627
0.18637580862268804 0.14095677919685842 0.33686489947140219 0.0056250167823396627
0.38332943432033056 0.21323269940912726 0.33686489947140219 0.0056250167823396627
0.38332943432033056 0.14095677919685842 0.28442947007715702 0.0056250167823396627
0.38332943432033056 0.14095677919685842 0.33686489947140219 0.0039615931345149879
0.18637580862268804 0.21323269940912726 0.28442947007715702 0.0039615931345149879
0.072802152438089254 0.38620499521493912 0.1664013095200062 0.00013964300900697708
0.51200268580578268 0.38620499521493912 0.1664013095200062 0.00013964300900697708
0.072802152438089254 0.44483684301376347 0.1664013095200062 0.00013964300900697708
0.072802152438089254 0.38620499521493912 0.35692681819200522 0.00013964300900697708
0.072802152438089254 0.38620499521493912 0.1664013095200062 0.0074732832877896739
0.51200268580578268 0.44483684301376347 0.35692681819200522 0.0074732832877896739
0.29869330595247445 0.21218702644109727 0.47965776175260544 0.0087863113985396923
0.67931598350405686 0.21218702644109727 0.47965776175260544 0.0087863113985396923
0.29869330595247445 0.39844805523753168 0.47965776175260544 0.0087863113985396923
0.29869330595247445 0.21218702644109727 0.11344132237136365 0.0087863113985396923
0.29869330595247445 0.21218702644109727 0.47965776175260544 0.0085266658763401212
0.67931598350405686 0.39844805523753168 0.11344132237136365 0.0085266658763401212
0.64492057524621482 0.46690179593861103 0.22355884425342085 0.0044031070845201616
0.35367325195111327 0.46690179593861103 0.22355884425342085 0.0044031070845201616
0.64492057524621482 0.16843034289777281 0.22355884425342085 0.0044031070845201616
0.64492057524621482 0.46690179593861103 0.44216438755393028 0.0044031070845201616
0.64492057524621482 0.46690179593861103 0.22355884425342085 0.00027727206367999315
0.35367325195111327 0.16843034289777281 0.44216438755393028 0.00027727206367999315
0.56943902578204864 0.29122710190713408 0.14755000397562981 0.0028987532655708492
0.26955243176780641 0.29122710190713408 0.14755000397562981 0.0028987532655708492
0.56943902578204864 0.29706371873617177 0.14755000397562981 0.0028987532655708492
0.56943902578204864 0.29122710190713408 0.19595470726490022 0.0028987532655708492
0.56943902578204864 0.29122710190713408 0.14755000397562981 0.0094341098286211487
0.26955243176780641 0.29706371873617177 0.19595470726490022 0.0094341098286211487
0.23067970587871967 0.43671373650431633 0.35550743378698824 0.0078161325287073851
0.59394942997023459 0.43671373650431633 0.35550743378698824 0.0078161325287073851
0.23067970587871967 0.46692469902336597 0.35550743378698824 0.0078161325287073851
0.23067970587871967 0.43671373650431633 0.47353037185966973 0.0078161325287073851
0.23067970587871967 0.43671373650431633 0.35550743378698824 0.0018086210255511108
0.59394942997023459 0.46692469902336597 0.47353037185966973 0.0018086210255511108
0.16713017090223728 0.16186692342162134 0.29220139943063261 0.0015739030403085054
0.42598740221001202 0.16186692342162134 0.29220139943063261 0.0015739030403085054
0.16713017090223728 0.31469331793487076 0.29220139943063261 0.0015739030403085054
0.16713017090223728 0.16186692342162134 0.20622514262795449 0.0015739030403085054
0.16713017090223728 0.16186692342162134 0.29220139943063261 0.0030151663319207727
0.42598740221001202 0.31469331793487076 0.20622514262795449 0.0030151663319207727
0.4705056464299559 0.3164416935294867 0.41080645918846137 0.006665289439819754
0.1016540091484785 0.3164416935294867 0.41080645918846137 0.006665289439819754
0.4705056464299559 0.1463699407875538 0.41080645918846137 0.006665289439819754
0.4705056464299559 0.3164416935294867 0.3275261428207159 0.006665289439819754
0.4705056464299559 0.3164416935294867 0.41080645918846137 0.0059035934891551742
0.1016540091484785 0.1463699407875538 0.3275261428207159 0.0059035934891551742
