0.61957377162761984 0.34874275885522366 0.35655643157660966 0.065736038897186516
0.64507106523960822 0.34874275885522366 0.35655643157660966 0.065736038897186516
0.61957377162761984 0.35590265430510049 0.35655643157660966 0.065736038897186516
0.61957377162761984 0.34874275885522366 0.41929207295179372 0.065736038897186516
0.61957377162761984 0.34874275885522366 0.35655643157660966 0.055470142566598955
0.64507106523960822 0.35590265430510049 0.41929207295179372 0.055470142566598955
0.061383188143372541 0.11248514503240586 0.24582046493887902 0.049748141391202809
0.17009560940787194 0.11248514503240586 0.24582046493887902 0.049748141391202809
0.061383188143372541 0.2374160222709179 0.24582046493887902 0.049748141391202809
0.061383188143372541 0.11248514503240586 0.13808689750730993 0.049748141391202809
0.061383188143372541 0.11248514503240586 0.24582046493887902 0.037311414709314705
0.17009560940787194 0.2374160222709179 0.13808689750730993 0.037311414709314705
0.26338423257693644 0.43013021945953367 0.4390176989138127 0.085629272039979706
0.32706624022684988 0.43013021945953367 0.4390176989138127 0.085629272039979706
0.26338423257693644 0.11313274689018726 0.4390176989138127 0.085629272039979706
0.26338423257693644 0.43013021945953367 0.31119862459599973 0.085629272039979706
0.26338423257693644 0.43013021945953367 0.4390176989138127 0.0098924286076799046
0.32706624022684988 0.11313274689018726 0.31119862459599973 0.0098924286076799046
0.497220618603751 0.21801210753619671 0.15250029228627682 0.0024462625738233329
0.47670385693199924 0.21801210753619671 0.15250029228627682 0.0024462625738233329
0.497220618603751 0.49425357952713966 0.15250029228627682 0.0024462625738233329
0.497220618603751 0.21801210753619671 0.22979851141572 0.0024462625738233329
0.497220618603751 0.21801210753619671 0.15250029228627682 0.07824984168820083
0.47670385693199924 0.49425357952713966 0.22979851141572 0.07824984168820083
0.42157878624275319 0.46570371128618715 0.27786680795252328 0.021016128967516125
0.40239721252582961 0.46570371128618715 0.27786680795252328 0.021016128967516125
0.42157878624275319 0.31090216152369976 0.27786680795252328 0.021016128967516125
0.42157878624275319 0.46570371128618715 0.39339699409902096 0.021016128967516125
0.42157878624275319 0.46570371128618715 0.27786680795252328 0.019632146004587413
0.40239721252582961 0.31090216152369976 0.39339699409902096 0.019632146004587413
0.35072963363490994 0.27931802049279214 0.31360320001840591 0.091748982501216242
0.25275835362263022 0.27931802049279214 0.31360320001840591 0.091748982501216242
0.35072963363490994 0.27938917130231855 0.31360320001840591 0.091748982501216242
0.35072963363490994 0.27931802049279214 0.2749927915632725 0.091748982501216242
0.35072963363490994 0.27931802049279214 0.31360320001840591 0.08803789911326021
0.25275835362263022 0.27938917130231855 0.2749927915632725 0.08803789911326021
0.14649575152434408 0.36009786352515227 0.12050282657146455 0.031335379305295646
0.084361931867897505 0.36009786352515227 0.12050282657146455 0.031335379305295646
0.14649575152434408 0.17086510322988036 0.12050282657146455 0.031335379305295646
0.14649575152434408 0.36009786352515227 0.47609981745481489 0.031335379305295646
0.14649575152434408 0.36009786352515227 0.12050282657146455 0.066758257385343314
0.084361931867897505 0.17086510322988036 0.47609981745481489 0.066758257385343314
0.54299094881862398 0.19801017232239249 0.48201989717781546 0.059435054575093092
0.55933862989768379 0.19801017232239249 0.48201989717781546 0.059435054575093092
0.54299094881862398 0.43974387943744664 0.48201989717781546 0.059435054575093092
0.54299094881862398 0.19801017232239249 0.15710930265486242 0.059435054575093092
0.54299094881862398 0.19801017232239249 0.48201989717781546 0.048647869556210935
0.55933862989768379 0.43974387943744664 0.15710930265486242 0.048647869556210935
0.58839166336692872 0.40820976980030543 0.1251382164657116 0.096318554879166185
0.18654923629947007 0.40820976980030543 0.1251382164657116 0.096318554879166185
0.58839166336692872 0.45303890854120255 0.1251382164657116 0.096318554879166185
0.58839166336692872 0.40820976980030543 0.35373589992523191 0.096318554879166185
0.58839166336692872 0.40820976980030543 0.1251382164657116 0.018708171392790976
0.18654923629947007 0.45303890854120255 0.35373589992523191 0.018708171392790976
0.17222814988344906 0.24618237540125848 0.46479282490909102 0.019201927683316172
0.66150611727498465 0.24618237540125848 0.46479282490909102 0.019201927683316172
0.17222814988344906 0.13401374630630017 0.46479282490909102 0.019201927683316172
0.17222814988344906 0.24618237540125848 0.28494223244488237 0.019201927683316172
0.17222814988344906 0.24618237540125848 0.46479282490909102 0.098823590569198136
0.66150611727498465 0.13401374630630017 0.28494223244488237 0.098823590569198136
0.29456629725173111 0.3144263453781605 0.27009414397180082 0.055058817231096333
0.5032753988169133 0.3144263453781605 0.27009414397180082 0.055058817231096333
0.29456629725173111 0.21612150669097902 0.27009414397180082 0.055058817231096333
0.29456629725173111 0.3144263453781605 0.4641971450299025 0.055058817231096333
0.29456629725173111 0.3144263453781605 0.27009414397180082 0.072130252378992746
0.5032753988169133 0.21612150669097902 0.4641971450299025 0.072130252378992746
0.38637585542164737 0.12805212177336217 0.33396731093525889 0.032956245555542413
0.35361668411642305 0.12805212177336217 0.33396731093525889 0.032956245555542413
0.38637585542164737 0.39748811684548857 0.33396731093525889 0.032956245555542413
0.38637585542164737 0.12805212177336217 0.195599152892828 0.032956245555542413
0.38637585542164737 0.12805212177336217 0.33396731093525889 0.040761812493205075
0.35361668411642305 0.39748811684548857 0.195599152892828 0.040761812493205075
0.47148834010586138 0.3757808845490217 0.40928428620100021 0.0392326856199652
0.26661476595327255 0.3757808845490217 0.40928428620100021 0.0392326856199652
0.47148834010586138 0.40749987587332726 0.40928428620100021 0.0392326856199652
0.47148834010586138 0.3757808845490217 0.4343440752476454 0.0392326856199652
0.47148834010586138 0.3757808845490217 0.40928428620100021 0.057168321790173657
0.26661476595327255 0.40749987587332726 0.4343440752476454 0.057168321790173657
0.21798339816741641 0.16357658207416537 0.19463000334799291 0.073592803262174128
0.41627223845571271 0.16357658207416537 0.19463000334799291 0.073592803262174128
0.21798339816741641 0.17652543522417546 0.19463000334799291 0.073592803262174128
0.21798339816741641 0.16357658207416537 0.10274712070822717 0.073592803262174128
0.21798339816741641 0.16357658207416537 0.19463000334799291 0.025751542245037857
0.41627223845571271 0.17652543522417546 0.10274712070822717 0.025751542245037857
0.096586241247132415 0.49378344565629961 0.38942717202007771 0.013155102061107756
0.58338966597802933 0.49378344565629961 0.38942717202007771 0.013155102061107756
0.096586241247132415 0.27409962490201001 0.38942717202007771 0.013155102061107756
0.096586241247132415 0.49378344565629961 0.3477109551429749 0.013155102061107756
0.096586241247132415 0.49378344565629961 0.38942717202007771 0.0052946146223694091
0.58338966597802933 0.27409962490201001 0.3477109551429749 0.0052946146223694091
0.67573698572814456 0.25748847387731078 0.20055356621742249 0.077579123958945284
0.10843402720056473 0.25748847387731078 0.20055356621742249 0.077579123958945284
0.67573698572814456 0.34273265488445759 0.20055356621742249 0.077579123958945284
0.67573698572814456 0.25748847387731078 0.21669957526028158 0.077579123958945284
0.67573698572814456 0.25748847387731078 0.20055356621742249 0.085361694139428443
0.10843402720056473 0.34273265488445759 0.21669957526028158 0.085361694139428443
0.69160635275766247 0.47797559238970277 0.45348723642528055 0.026452151425182823
0.4700496719684451 0.47797559238970277 0.45348723642528055 0.026452151425182823
0.69160635275766247 0.18757689334452154 0.45348723642528055 0.026452151425182823
0.69160635275766247 0.47797559238970277 0.13350485265254974 0.026452151425182823
0.69160635275766247 0.47797559238970277 0.45348723642528055 0.0039128880929201844
0.4700496719684451 0.18757689334452154 0.13350485265254974 0.0039128880929201844
0.11245546783320605 0.26430718675255777 0.14273883029818535 0.060064424702897669
0.29499973175115879 0.26430718675255777 0.14273883029818535 0.060064424702897669
0.11245546783320605 0.41910218819975853 0.14273883029818535 0.060064424702897669
0.11245546783320605 0.26430718675255777 0.40201165862381461 0.060064424702897669
0.11245546783320605 0.26430718675255777 0.14273883029818535 0.084034326330758635
0.29499973175115879 0.41910218819975853 0.40201165862381461 0.084034326330758635
0.23512200345285234 0.39627111181616781 0.34835064485669137 0.024354009985923769
0.13678001631051301 0.39627111181616781 0.34835064485669137 0.024354009985923769
0.23512200345285234 0.33073819167912011 0.34835064485669137 0.024354009985923769
0.23512200345285234 0.39627111181616781 0.24689614884555341 0.024354009985923769
0.23512200345285234 0.39627111181616781 0.34835064485669137 0.061976157611235982
0.13678001631051301 0.33073819167912011 0.24689614884555341 0.061976157611235982
0.48862676620483392 0.15831672139465811 0.2618211802095175 0.089571208866313104
0.63712688302621245 0.15831672139465811 0.2618211802095175 0.089571208866313104
0.48862676620483392 0.26187171414494514 0.2618211802095175 0.089571208866313104
0.48862676620483392 0.15831672139465811 0.31598852798342703 0.089571208866313104
0.48862676620483392 0.15831672139465811 0.2618211802095175 0.030613736786879602
0.63712688302621245 0.26187171414494514 0.31598852798342703 0.030613736786879602
0.41240100027061993 0.30757683478295805 0.18728559650480747 0.083551575697027147
0.55266274642199276 0.30757683478295805 0.18728559650480747 0.083551575697027147
0.41240100027061993 0.1456160467118025 0.18728559650480747 0.083551575697027147
0.41240100027061993 0.30757683478295805 0.25458732955157759 0.083551575697027147
0.41240100027061993 0.30757683478295805 0.18728559650480747 0.073504461213015029
0.55266274642199276 0.1456160467118025 0.25458732955157759 0.073504461213015029
0.32059162128716701 0.14389002174139023 0.42303358167409899 0.0056840696195140485
0.052317121904343372 0.14389002174139023 0.42303358167409899 0.0056840696195140485
0.32059162128716701 0.46409037858247759 0.42303358167409899 0.0056840696195140485
0.32059162128716701 0.14389002174139023 0.38568990156054495 0.0056840696195140485
0.32059162128716701 0.14389002174139023 0.42303358167409899 0.042093700360506775
0.052317121904343372 0.46409037858247759 0.38568990156054495 0.042093700360506775
0.19952315771952267 0.41350042819976807 0.21732337474822999 0.066265332101844251
0.21942354640923439 0.41350042819976807 0.21732337474822999 0.066265332101844251
0.19952315771952267 0.3852601941674948 0.21732337474822999 0.066265332101844251
0.19952315771952267 0.41350042819976807 0.16502415835857392 0.066265332101844251
0.19952315771952267 0.41350042819976807 0.21732337474822999 0.013895815513096751
0.21942354640923439 0.3852601941674948 0.16502415835857392 0.013895815513096751
0.61568681164644656 0.22566210143268109 0.3788531828671694 0.044964987852610654
0.39447224442847068 0.22566210143268109 0.3788531828671694 0.044964987852610654
0.61568681164644656 0.20412705540657045 0.3788531828671694 0.044964987852610654
0.61568681164644656 0.22566210143268109 0.49632240720093257 0.044964987852610654
0.61568681164644656 0.22566210143268109 0.3788531828671694 0.093968913722783334
0.39447224442847068 0.20412705540657045 0.49632240720093257 0.093968913722783334
0.56012937733903523 0.36809426955878732 0.23456899747252466 0.0075013872953131801
0.36219625426456326 0.36809426955878732 0.23456899747252466 0.0075013872953131801
0.56012937733903523 0.29098156541585923 0.23456899747252466 0.0075013872953131801
0.56012937733903523 0.36809426955878732 0.29266148358583455 0.0075013872953131801
0.56012937733903523 0.36809426955878732 0.23456899747252466 0.065425044775009156
0.36219625426456326 0.29098156541585923 0.29266148358583455 0.065425044775009156
0.16363435923121866 0.18024299442768099 0.37421126179397113 0.078978886927478023
0.53722513522952786 0.18024299442768099 0.37421126179397113 0.078978886927478023
0.16363435923121866 0.32196811549365523 0.37421126179397113 0.078978886927478023
0.16363435923121866 0.18024299442768099 0.37415352202951913 0.078978886927478023
0.16363435923121866 0.18024299442768099 0.37421126179397113 0.047272335979156199
0.53722513522952786 0.32196811549365523 0.37415352202951913 0.047272335979156199
0.36659885779954487 0.46239077597856526 0.16692706607282162 0.04334100668597967
0.69420552928932011 0.46239077597856526 0.16692706607282162 0.04334100668597967
0.36659885779954487 0.42750757634639747 0.16692706607282162 0.04334100668597967
0.36659885779954487 0.46239077597856526 0.17538872323930266 0.04334100668597967
0.36659885779954487 0.46239077597856526 0.16692706607282162 0.024488147594034674
0.69420552928932011 0.42750757634639747 0.17538872323930266 0.024488147594034674
0.43744815085083238 0.29864219091832639 0.4307882703840733 0.070644684362225235
0.1938400489743799 0.29864219091832639 0.4307882703840733 0.070644684362225235
0.43744815085083238 0.15888666175305843 0.4307882703840733 0.070644684362225235
0.43744815085083238 0.29864219091832639 0.45629444792866714 0.070644684362225235
0.43744815085083238 0.29864219091832639 0.4307882703840733 0.0928515797359869
0.1938400489743799 0.15888666175305843 0.45629444792866714 0.0928515797359869
0.52451576446183024 0.44791542775928972 0.30620305091142652 0.052204732773825528
0.11699313861317932 0.44791542775928972 0.30620305091142652 0.052204732773825528
0.52451576446183024 0.24848198816180231 0.30620305091142652 0.052204732773825528
0.52451576446183024 0.44791542775928972 0.12003979049623013 0.052204732773825528
0.52451576446183024 0.44791542775928972 0.30620305091142652 0.011218099919147791
0.11699313861317932 0.24848198816180231 0.12003979049623013 0.011218099919147791
0.29067923799157142 0.20999692007899284 0.29156045652925966 0.036970534760504964
0.61735986112616958 0.20999692007899284 0.29156045652925966 0.036970534760504964
0.29067923799157142 0.3674950364977122 0.29156045652925966 0.036970534760504964
0.29067923799157142 0.20999692007899284 0.43893837407231329 0.036970534760504964
0.29067923799157142 0.20999692007899284 0.29156045652925966 0.079629871720448137
0.61735986112616958 0.3674950364977122 0.43893837407231329 0.079629871720448137
0.08740851460024715 0.32940055802464485 0.49874769635498528 0.097624283036217105
0.44895367613062254 0.32940055802464485 0.49874769635498528 0.097624283036217105
0.08740851460024715 0.48227514997124676 0.49874769635498528 0.097624283036217105
0.08740851460024715 0.32940055802464485 0.21192192584276201 0.097624283036217105
0.08740851460024715 0.32940055802464485 0.49874769635498528 0.050609644521959131
0.44895367613062254 0.48227514997124676 0.21192192584276201 0.050609644521959131
0.64559891889803112 0.11581686176359654 0.10988692343235017 0.013642244409769775
0.27392355296760795 0.11581686176359654 0.10988692343235017 0.013642244409769775
0.64559891889803112 0.10089643187820913 0.10988692343235017 0.013642244409769775
0.64559891889803112 0.11581686176359654 0.33062557317316532 0.013642244409769775
0.64559891889803112 0.11581686176359654 0.10988692343235017 0.032505275385454301
0.27392355296760795 0.10089643187820913 0.33062557317316532 0.032505275385454301
0.65363812623545525 0.43296969644725325 0.26728403940796852 0.046903528367169205
0.57638993747532363 0.43296969644725325 0.26728403940796852 0.046903528367169205
0.65363812623545525 0.15298063643276694 0.26728403940796852 0.046903528367169205
0.65363812623545525 0.43296969644725325 0.24367658607661724 0.046903528367169205
0.65363812623545525 0.43296969644725325 0.26728403940796852 0.045198072277009491
0.57638993747532363 0.15298063643276694 0.24367658607661724 0.045198072277009491
0.074331165058538318 0.22162062525749207 0.32880163453519345 0.069002916160039604
0.076028195861727002 0.22162062525749207 0.32880163453519345 0.069002916160039604
0.074331165058538318 0.43416409566998482 0.32880163453519345 0.069002916160039604
0.074331165058538318 0.22162062525749207 0.32467653080821035 0.069002916160039604
0.074331165058538318 0.22162062525749207 0.32880163453519345 0.06421259003411979
0.076028195861727002 0.43416409566998482 0.32467653080821035 0.06421259003411979
0.27824754570610816 0.3396685406565666 0.13714173845946789 0.0052540492536500101
0.23300866740755732 0.3396685406565666 0.13714173845946789 0.0052540492536500101
0.27824754570610816 0.31606991030275822 0.13714173845946789 0.0052540492536500101
0.27824754570610816 0.3396685406565666 0.12579270899295808 0.0052540492536500101
0.27824754570610816 0.3396685406565666 0.13714173845946789 0.090885689750313761
0.23300866740755732 0.31606991030275822 0.12579270899295808 0.090885689750313761
0.53190869465470314 0.102617472037673 0.47287751063704497 0.082373540948145099
0.40803380967117842 0.102617472037673 0.47287751063704497 0.082373540948145099
0.53190869465470314 0.29764285311102867 0.47287751063704497 0.082373540948145099
0.53190869465470314 0.102617472037673 0.40737974233925345 0.082373540948145099
0.53190869465470314 0.102617472037673 0.47287751063704497 0.023166537272743884
0.40803380967117842 0.29764285311102867 0.40737974233925345 0.023166537272743884
0.45552423731423908 0.35023897476494315 0.39829309284687042 0.088429426049813631
0.49630530993454153 0.35023897476494315 0.39829309284687042 0.088429426049813631
0.45552423731423908 0.10755296908318997 0.39829309284687042 0.088429426049813631
0.45552423731423908 0.35023897476494315 0.16941531002521515 0.088429426049813631
0.45552423731423908 0.35023897476494315 0.39829309284687042 0.080951103095896551
0.49630530993454153 0.10755296908318997 0.16941531002521515 0.080951103095896551
0.36387585494667285 0.18892032727599145 0.21177582927048208 0.024008587297052148
0.32128140502609309 0.18892032727599145 0.21177582927048208 0.024008587297052148
0.36387585494667285 0.47636910676956179 0.21177582927048208 0.024008587297052148
0.36387585494667285 0.18892032727599145 0.48802474327385426 0.024008587297052148
0.36387585494667285 0.18892032727599145 0.21177582927048208 0.013183610590174796
0.32128140502609309 0.47636910676956179 0.48802474327385426 0.013183610590174796
0.16155754635110497 0.46932175531983378 0.40333736874163151 0.062741586906835442
0.15287514254450796 0.46932175531983378 0.40333736874163151 0.062741586906835442
0.16155754635110497 0.37415634207427506 0.40333736874163151 0.062741586906835442
0.16155754635110497 0.46932175531983378 0.2611273121088743 0.062741586906835442
0.16155754635110497 0.46932175531983378 0.40333736874163151 0.033718109440989796
0.15287514254450796 0.37415634207427506 0.2611273121088743 0.033718109440989796
0.57755989371798933 0.2821426067501307 0.19260116368532182 0.028378604028373958
0.653235646802932 0.2821426067501307 0.19260116368532182 0.028378604028373958
0.57755989371798933 0.24258376508951188 0.19260116368532182 0.028378604028373958
0.57755989371798933 0.2821426067501307 0.37993090674281127 0.028378604028373958
0.57755989371798933 0.2821426067501307 0.19260116368532182 0.052684287169948225
0.653235646802932 0.24258376508951188 0.37993090674281127 0.052684287169948225
0.60325509393587706 0.32408953942358498 0.4487014945596457 0.016342160329222678
0.09264187016524375 0.32408953942358498 0.4487014945596457 0.016342160329222678
0.60325509393587706 0.25604654848575592 0.4487014945596457 0.016342160329222678
0.60325509393587706 0.32408953942358498 0.18407745324075223 0.016342160329222678
0.60325509393587706 0.32408953942358498 0.4487014945596457 0.082734242161735902
0.09264187016524375 0.25604654848575592 0.18407745324075223 0.082734242161735902
0.20691611333750187 0.1369462735950947 0.1598285086452961 0.099527981923893102
0.59298255736939609 0.1369462735950947 0.1598285086452961 0.099527981923893102
0.20691611333750187 0.33737488649785519 0.1598285086452961 0.099527981923893102
0.20691611333750187 0.1369462735950947 0.45307482555508616 0.099527981923893102
0.20691611333750187 0.1369462735950947 0.1598285086452961 0.0019262272650375964
0.59298255736939609 0.33737488649785519 0.45307482555508616 0.0019262272650375964
0.32863076687790449 0.40478742048144345 0.35606605932116508 0.035851694487035277
0.434762764442712 0.40478742048144345 0.35606605932116508 0.035851694487035277
0.32863076687790449 0.4132695838809014 0.35606605932116508 0.035851694487035277
0.32863076687790449 0.40478742048144345 0.29802950769662861 0.035851694487035277
0.32863076687790449 0.40478742048144345 0.35606605932116508 0.029422052888199688
0.434762764442712 0.4132695838809014 0.29802950769662861 0.029422052888199688
0.39932371247559778 0.24355348236858845 0.24141125194728374 0.051836367541924125
0.25971900373697276 0.24355348236858845 0.24141125194728374 0.051836367541924125
0.39932371247559778 0.19420920126140118 0.24141125194728374 0.051836367541924125
0.39932371247559778 0.24355348236858845 0.36644210554659373 0.051836367541924125
0.39932371247559778 0.24355348236858845 0.24141125194728374 0.059880367756821221
0.25971900373697276 0.19420920126140118 0.36644210554659373 0.059880367756821221
0.4865500174928456 0.49113890193402765 0.11687485463917256 0.070240061297081421
0.33529515275731675 0.49113890193402765 0.11687485463917256 0.070240061297081421
0.4865500174928456 0.2107637442648411 0.11687485463917256 0.070240061297081421
0.4865500174928456 0.49113890193402765 0.20362410694360733 0.070240061297081421
0.4865500174928456 0.49113890193402765 0.11687485463917256 0.044189114219509065
0.33529515275731675 0.2107637442648411 0.20362410694360733 0.044189114219509065
0.25255245566368101 0.25407488495111463 0.48074826002120974 0.042137574636377399
0.5103401508182287 0.25407488495111463 0.48074826002120974 0.042137574636377399
0.25255245566368101 0.37943503446877003 0.48074826002120974 0.042137574636377399
0.25255245566368101 0.25407488495111463 0.3350173566490412 0.042137574636377399
0.25255245566368101 0.25407488495111463 0.48074826002120974 0.074695768747478727
0.5103401508182287 0.37943503446877003 0.3350173566490412 0.074695768747478727
0.13053157730028031 0.38466016948223114 0.28441378921270372 0.080943013570271435
0.67744665280915795 0.38466016948223114 0.28441378921270372 0.080943013570271435
0.13053157730028031 0.47072268053889277 0.28441378921270372 0.080943013570271435
0.13053157730028031 0.38466016948223114 0.11428142748773099 0.080943013570271435
0.13053157730028031 0.38466016948223114 0.28441378921270372 0.095955950914882127
0.67744665280915795 0.47072268053889277 0.11428142748773099 0.095955950914882127
0.68888332690112286 0.17324932627379896 0.32406825460493566 0.01021338522527367
0.17710472824983298 0.17324932627379896 0.32406825460493566 0.01021338522527367
0.68888332690112286 0.13978344835340978 0.32406825460493566 0.01021338522527367
0.68888332690112286 0.17324932627379896 0.44547820165753371 0.01021338522527367
0.68888332690112286 0.17324932627379896 0.32406825460493566 0.01519627567753196
0.17710472824983298 0.13978344835340978 0.44547820165753371 0.01519627567753196
0.66285800528712568 0.39343431778252125 0.17035362198948861 0.056696617105044429
0.37598714004270728 0.39343431778252125 0.17035362198948861 0.056696617105044429
0.66285800528712568 0.39084373898804192 0.17035362198948861 0.056696617105044429
0.66285800528712568 0.39343431778252125 0.30445727370679376 0.056696617105044429
0.66285800528712568 0.39343431778252125 0.17035362198948861 0.097329769554547974
0.37598714004270728 0.39084373898804192 0.30445727370679376 0.097329769554547974
0.10450642518699169 0.15471088513731956 0.43188290558755404 0.029396181582473219
0.22633464359678324 0.15471088513731956 0.43188290558755404 0.029396181582473219
0.10450642518699169 0.22201529517769814 0.43188290558755404 0.029396181582473219
0.10450642518699169 0.15471088513731956 0.23575896993279458 0.029396181582473219
0.10450642518699169 0.15471088513731956 0.43188290558755404 0.016527773350477219
0.22633464359678324 0.22201529517769814 0.23575896993279458 0.016527773350477219
0.2252573146484792 0.48705323114991195 0.22780839316546919 0.09292598091159017
0.068103847652673716 0.48705323114991195 0.22780839316546919 0.09292598091159017
0.2252573146484792 0.12736460007727146 0.22780839316546919 0.09292598091159017
0.2252573146484792 0.48705323114991195 0.41509017795324332 0.09292598091159017
0.2252573146484792 0.48705323114991195 0.22780839316546919 0.039377147058956327
0.068103847652673716 0.12736460007727146 0.41509017795324332 0.039377147058956327
0.45925500723533325 0.27417828179895876 0.36355699822306631 0.021445675051771106
0.54305451037362218 0.27417828179895876 0.36355699822306631 0.021445675051771106
0.45925500723533325 0.45892487689852712 0.36355699822306631 0.021445675051771106
0.45925500723533325 0.27417828179895876 0.146195400133729 0.021445675051771106
0.45925500723533325 0.27417828179895876 0.36355699822306631 0.069841480620205412
0.54305451037362218 0.45892487689852712 0.146195400133729 0.069841480620205412
0.38345448346808547 0.42335589639842508 0.48887469172477727 0.0027912168819457291
0.62117099799215791 0.42335589639842508 0.48887469172477727 0.0027912168819457291
0.38345448346808547 0.34862642548978329 0.48887469172477727 0.0027912168819457291
0.38345448346808547 0.42335589639842508 0.48323207944631574 0.0027912168819457291
0.38345448346808547 0.42335589639842508 0.48887469172477727 0.028040692949667576
0.62117099799215791 0.34862642548978329 0.48323207944631574 0.028040692949667576
0.31276140711270267 0.23474852442741395 0.10234508402645588 0.086770012617111217
0.14621909791603682 0.23474852442741395 0.10234508402645588 0.086770012617111217
0.31276140711270267 0.26745526492595673 0.10234508402645588 0.086770012617111217
0.31276140711270267 0.23474852442741395 0.15232100524008274 0.086770012617111217
0.31276140711270267 0.23474852442741395 0.10234508402645588 0.058553366539068522
0.14621909791603682 0.26745526492595673 0.15232100524008274 0.058553366539068522
0.18977767997421324 0.30395610779523852 0.30651642121374612 0.04782102567888797
0.31333660292439158 0.30395610779523852 0.30651642121374612 0.04782102567888797
0.18977767997421324 0.18241138570010662 0.30651642121374612 0.04782102567888797
0.18977767997421324 0.30395610779523852 0.39720855019986634 0.04782102567888797
0.18977767997421324 0.30395610779523852 0.30651642121374612 0.087541712867096069
0.31333660292439158 0.18241138570010662 0.39720855019986634 0.087541712867096069
0.5861164910718798 0.14106275402009488 0.29576825350522995 0.063058029182255268
0.46299033672548823 0.14106275402009488 0.29576825350522995 0.063058029182255268
0.5861164910718798 0.40085074752569205 0.29576825350522995 0.063058029182255268
0.5861164910718798 0.14106275402009488 0.26571270003914838 0.063058029182255268
0.5861164910718798 0.14106275402009488 0.29576825350522995 0.0067880566911771899
0.46299033672548823 0.40085074752569205 0.26571270003914838 0.0067880566911771899
0.55026488103903826 0.45273024104535586 0.33927110098302365 0.075674573134630926
0.29368857899680728 0.45273024104535586 0.33927110098302365 0.075674573134630926
0.55026488103903826 0.48762905001640322 0.33927110098302365 0.075674573134630926
0.55026488103903826 0.45273024104535586 0.47015687637031078 0.075674573134630926
0.55026488103903826 0.45273024104535586 0.33927110098302365 0.035043414161540568
0.29368857899680728 0.48762905001640322 0.47015687637031078 0.035043414161540568
0.13426240291446445 0.2897506967186928 0.25040970817208291 0.010454527458176016
0.44332249574363225 0.2897506967186928 0.25040970817208291 0.010454527458176016
0.13426240291446445 0.11894565187394619 0.25040970817208291 0.010454527458176016
0.13426240291446445 0.2897506967186928 0.18885786160826684 0.010454527458176016
0.13426240291446445 0.2897506967186928 0.25040970817208291 0.054063950611278416
0.44332249574363225 0.11894565187394619 0.18885786160826684 0.054063950611278416
0.33785070525482291 0.37152006328105924 0.4592327378690243 0.073960133630782368
0.6002932040486485 0.37152006328105924 0.4592327378690243 0.073960133630782368
0.33785070525482291 0.23079587966203691 0.4592327378690243 0.073960133630782368
0.33785070525482291 0.37152006328105924 0.36184446215629584 0.073960133630782368
0.33785070525482291 0.37152006328105924 0.4592327378690243 0.076090970166958871
0.6002932040486485 0.23079587966203691 0.36184446215629584 0.076090970166958871
0.42949891812168056 0.18287533335387707 0.14459066800773146 0.040351050136610868
0.12532144817523658 0.18287533335387707 0.14459066800773146 0.040351050136610868
0.42949891812168056 0.36172299794852736 0.14459066800773146 0.040351050136610868
0.42949891812168056 0.18287533335387707 0.28073961026966576 0.040351050136610868
0.42949891812168056 0.18287533335387707 0.14459066800773146 0.0083778363820165395
0.12532144817523658 0.36172299794852736 0.28073961026966576 0.0083778363820165395
0.51477009421214459 0.33204165734350682 0.21995647735893728 0.034159207749180499
0.21105508455075322 0.33204165734350682 0.21995647735893728 0.034159207749180499
0.51477009421214459 0.44555679038167006 0.21995647735893728 0.034159207749180499
0.51477009421214459 0.33204165734350682 0.34292281270027158 0.034159207749180499
0.51477009421214459 0.33204165734350682 0.21995647735893728 0.089552867334336053
0.21105508455075322 0.44555679038167006 0.34292281270027158 0.089552867334336053
0.26110911476425824 0.11922700479626656 0.38381744325160982 0.055462399532087148
0.68602560306899241 0.11922700479626656 0.38381744325160982 0.055462399532087148
0.26110911476425824 0.1642405677586794 0.38381744325160982 0.055462399532087148
0.26110911476425824 0.11922700479626656 0.22383120544254781 0.055462399532087148
0.26110911476425824 0.11922700479626656 0.38381744325160982 0.021791393890045585
0.68602560306899241 0.1642405677586794 0.22383120544254781 0.021791393890045585
0.058461802871897818 0.4390334837138653 0.17509286552667619 0.016489265169017019
0.51762910382822147 0.4390334837138653 0.17509286552667619 0.016489265169017019
0.058461802871897818 0.28520952090620999 0.17509286552667619 0.016489265169017019
0.058461802871897818 0.4390334837138653 0.42506335191428668 0.016489265169017019
0.058461802871897818 0.4390334837138653 0.17509286552667619 0.050053685147315265
0.51762910382822147 0.28520952090620999 0.42506335191428668 0.050053685147315265
0.63776889480650423 0.20032151825726033 0.41473527289927004 0.094353582200594255
0.36799642443656916 0.20032151825726033 0.41473527289927004 0.094353582200594255
0.63776889480650423 0.30428201295435431 0.41473527289927004 0.094353582200594255
0.63776889480650423 0.20032151825726033 0.10655883178114892 0.094353582200594255
0.63776889480650423 0.20032151825726033 0.41473527289927004 0.06902588193770498
0.36799642443656916 0.30428201295435431 0.10655883178114892 0.06902588193770498
0.6339750815182924 0.47393257468938832 0.19716051630675793 0.011615185189060868
0.07263623909093439 0.47393257468938832 0.19716051630675793 0.011615185189060868
0.6339750815182924 0.41080722436308859 0.19716051630675793 0.011615185189060868
0.6339750815182924 0.47393257468938832 0.16803203783929349 0.011615185189060868
0.6339750815182924 0.47393257468938832 0.19716051630675793 0.06920575545076281
0.07263623909093439 0.41080722436308859 0.16803203783929349 0.06920575545076281
0.054678101511672142 0.28690527640283109 0.41142450198531155 0.07606074338126928
0.57299798312596972 0.28690527640283109 0.41142450198531155 0.07606074338126928
0.054678101511672142 0.17948944903910161 0.41142450198531155 0.07606074338126928
0.054678101511672142 0.28690527640283109 0.49952788427472117 0.07606074338126928
0.054678101511672142 0.28690527640283109 0.41142450198531155 0.038659163719043141
0.57299798312596972 0.17948944903910161 0.49952788427472117 0.038659163719043141
0.25731530147604642 0.35495354048907757 0.20451877489686013 0.040735567773692312
0.41475828597322101 0.35495354048907757 0.20451877489686013 0.040735567773692312
0.25731530147604642 0.27076482251286504 0.20451877489686013 0.040735567773692312
0.25731530147604642 0.35495354048907757 0.25151534229516981 0.040735567773692312
0.25731530147604642 0.35495354048907757 0.20451877489686013 0.017427125887013974
0.41475828597322101 0.27076482251286504 0.25151534229516981 0.017427125887013974
0.51098639285191894 0.19357922077178957 0.39300132058560855 0.075122538384981452
0.23973314128816126 0.19357922077178957 0.39300132058560855 0.075122538384981452
0.51098639285191894 0.33983881957828999 0.39300132058560855 0.075122538384981452
0.51098639285191894 0.19357922077178957 0.3824264142662287 0.075122538384981452
0.51098639285191894 0.19357922077178957 0.39300132058560855 0.098170845014974487
0.23973314128816126 0.33983881957828999 0.3824264142662287 0.098170845014974487
0.43582187569700176 0.34130847230553629 0.46841586567461491 0.05662216014787555
0.31531055914238093 0.34130847230553629 0.46841586567461491 0.05662216014787555
0.43582187569700176 0.45600293427705763 0.46841586567461491 0.05662216014787555
0.43582187569700176 0.34130847230553629 0.24387606531381609 0.05662216014787555
0.43582187569700176 0.34130847230553629 0.46841586567461491 0.0058988344557583334
0.31531055914238093 0.45600293427705763 0.24387606531381609 0.0058988344557583334
0.34418338732793924 0.10410407520830632 0.12915221005678179 0.034546369155868888
0.49033446162939065 0.10410407520830632 0.12915221005678179 0.034546369155868888
0.34418338732793924 0.13732108287513256 0.12915221005678179 0.034546369155868888
0.34418338732793924 0.10410407520830632 0.31277084089815621 0.034546369155868888
0.34418338732793924 0.10410407520830632 0.12915221005678179 0.086690893611870712
0.49033446162939065 0.13732108287513256 0.31277084089815621 0.086690893611870712
0.14058536048978565 0.43450585789978502 0.33596108257770541 0.094742395479232078
0.6574608872178942 0.43450585789978502 0.33596108257770541 0.094742395479232078
0.14058536048978565 0.21322768330574038 0.33596108257770541 0.094742395479232078
0.14058536048978565 0.43450585789978502 0.13656463585793974 0.094742395479232078
0.14058536048978565 0.43450585789978502 0.33596108257770541 0.059222816597670321
0.6574608872178942 0.21322768330574038 0.13656463585793974 0.059222816597670321
0.55659756311215458 0.22321098074316981 0.27247810550034046 0.01764727949909866
0.15710038538090884 0.22321098074316981 0.27247810550034046 0.01764727949909866
0.55659756311215458 0.3941533025354147 0.27247810550034046 0.01764727949909866
0.55659756311215458 0.22321098074316981 0.40526293590664864 0.01764727949909866
0.55659756311215458 0.22321098074316981 0.27247810550034046 0.028724564894102515
0.15710038538090884 0.3941533025354147 0.40526293590664864 0.028724564894102515
0.58232287149876349 0.38302023932337759 0.31568810865283015 0.029780427964404228
0.59700942263007162 0.38302023932337759 0.31568810865283015 0.029780427964404228
0.58232287149876349 0.30759481303393843 0.31568810865283015 0.029780427964404228
0.58232287149876349 0.38302023932337759 0.20892699472606183 0.029780427964404228
0.58232287149876349 0.38302023932337759 0.31568810865283015 0.0076928312880918384
0.59700942263007162 0.30759481303393843 0.20892699472606183 0.0076928312880918384
0.18599378489889201 0.17176272161304951 0.28034276477992537 0.057859292745590214
0.096668737847357994 0.17176272161304951 0.28034276477992537 0.057859292745590214
0.18599378489889201 0.27642515748739244 0.28034276477992537 0.057859292745590214
0.18599378489889201 0.17176272161304951 0.32743151709437368 0.057859292745590214
0.18599378489889201 0.17176272161304951 0.28034276477992537 0.075421897210180763
0.096668737847357994 0.27642515748739244 0.32743151709437368 0.075421897210180763
0.30896778753958637 0.48960273899137974 0.4855517085641623 0.022606604406610133
0.25362915019504723 0.48960273899137974 0.4855517085641623 0.022606604406610133
0.30896778753958637 0.17419990561902524 0.4855517085641623 0.022606604406610133
0.30896778753958637 0.48960273899137974 0.12307436764240265 0.022606604406610133
0.30896778753958637 0.48960273899137974 0.4855517085641623 0.054914392027072614
0.25362915019504723 0.17419990561902524 0.12307436764240265 0.054914392027072614
0.3796705883927643 0.25248453095555307 0.12442492321133614 0.09331187916547061
0.42867290847934775 0.25248453095555307 0.12442492321133614 0.09331187916547061
0.3796705883927643 0.44263771474361424 0.12442492321133614 0.09331187916547061
0.3796705883927643 0.25248453095555307 0.44216597862541673 0.09331187916547061
0.3796705883927643 0.25248453095555307 0.12442492321133614 0.035933768808841707
0.42867290847934775 0.44263771474361424 0.44216597862541673 0.035933768808841707
0.46557777109555892 0.40017659962177277 0.24988901466131211 0.087159310319460934
0.51694560009054835 0.40017659962177277 0.24988901466131211 0.087159310319460934
0.46557777109555892 0.35293862856924541 0.24988901466131211 0.087159310319460934
0.46557777109555892 0.40017659962177277 0.17837144434452057 0.087159310319460934
0.46557777109555892 0.40017659962177277 0.24988901466131211 0.068184429006651046
0.51694560009054835 0.35293862856924541 0.17837144434452057 0.068184429006651046
0.23159019043669105 0.23879081420600415 0.36023477949202065 0.0039487471571192142
0.34190059960819774 0.23879081420600415 0.36023477949202065 0.0039487471571192142
0.23159019043669105 0.23410868570208551 0.36023477949202065 0.0039487471571192142
0.23159019043669105 0.23879081420600415 0.4594762999564409 0.0039487471571192142
0.23159019043669105 0.23879081420600415 0.36023477949202065 0.049155466129072012
0.34190059960819774 0.23410868570208551 0.4594762999564409 0.049155466129072012
0.11082918904721736 0.31937497518956659 0.15492736585438252 0.064217306480742989
0.1735144156962633 0.31937497518956659 0.15492736585438252 0.064217306480742989
0.11082918904721736 0.11602657027542591 0.15492736585438252 0.064217306480742989
0.11082918904721736 0.31937497518956659 0.28961469642817972 0.064217306480742989
0.11082918904721736 0.31937497518956659 0.15492736585438252 0.022508244449272755
0.1735144156962633 0.11602657027542591 0.28961469642817972 0.022508244449272755
0.66919088107533753 0.13228737860918047 0.44105380773544312 0.048208670771680777
0.67385634267702699 0.13228737860918047 0.44105380773544312 0.048208670771680777
0.66919088107533753 0.49758839383721354 0.44105380773544312 0.048208670771680777
0.66919088107533753 0.13228737860918047 0.37091371342539792 0.048208670771680777
0.66919088107533753 0.13228737860918047 0.44105380773544312 0.090188970712013553
0.67385634267702699 0.49758839383721354 0.37091371342539792 0.090188970712013553
0.68252073521725831 0.30237185731530192 0.28774210326373578 0.099139262690208854
0.2324243445880711 0.30237185731530192 0.28774210326373578 0.099139262690208854
0.68252073521725831 0.24551491066813469 0.28774210326373578 0.099139262690208854
0.68252073521725831 0.30237185731530192 0.47912524156272418 0.099139262690208854
0.68252073521725831 0.30237185731530192 0.28774210326373578 0.023835587916895749
0.2324243445880711 0.24551491066813469 0.47912524156272418 0.023835587916895749
0.12415918363258242 0.13952048756182195 0.30199374482035635 0.015184051954187452
0.38207683861255642 0.13952048756182195 0.30199374482035635 0.015184051954187452
0.12415918363258242 0.36418464817106722 0.30199374482035635 0.015184051954187452
0.12415918363258242 0.13952048756182195 0.16032164916396141 0.015184051954187452
0.12415918363258242 0.13952048756182195 0.30199374482035635 0.091570720107294626
0.38207683861255642 0.36418464817106722 0.16032164916396141 0.091570720107294626
0.2461898639798164 0.42186318822205071 0.10769783928990365 0.050676889798603957
0.53902779766358433 0.42186318822205071 0.10769783928990365 0.050676889798603957
0.2461898639798164 0.48516592159867289 0.10769783928990365 0.050676889798603957
0.2461898639798164 0.42186318822205071 0.39034407734870913 0.050676889798603957
0.2461898639798164 0.42186318822205071 0.10769783928990365 0.06332221012376249
0.53902779766358433 0.48516592159867289 0.39034407734870913 0.06332221012376249
0.48017762382514767 0.23311469778418542 0.49616842232644565 0.035464250207878655
0.064077137364074582 0.23311469778418542 0.49616842232644565 0.035464250207878655
0.48017762382514767 0.10422819443047047 0.49616842232644565 0.035464250207878655
0.48017762382514767 0.23311469778418542 0.27173464782536028 0.035464250207878655
0.48017762382514767 0.23311469778418542 0.49616842232644565 0.044347653173841539
0.064077137364074582 0.10422819443047047 0.27173464782536028 0.044347653173841539
0.40315715987235301 0.48238823264837272 0.37148543633520603 0.041752773389220239
0.14980956302024423 0.48238823264837272 0.37148543633520603 0.041752773389220239
0.40315715987235301 0.28767116516828539 0.37148543633520603 0.041752773389220239
0.40315715987235301 0.48238823264837272 0.30818540453910825 0.041752773389220239
0.40315715987235301 0.48238823264837272 0.37148543633520603 0.053582481293939055
0.14980956302024423 0.28767116516828539 0.30818540453910825 0.053582481293939055
0.33245417983271175 0.2694698210805655 0.23223346918821336 0.069077940152958039
0.62476146551780398 0.2694698210805655 0.23223346918821336 0.069077940152958039
0.33245417983271175 0.3190010499209166 0.23223346918821336 0.069077940152958039
0.33245417983271175 0.2694698210805655 0.22659837491810322 0.069077940152958039
0.33245417983271175 0.2694698210805655 0.23223346918821336 0.034559584315866233
0.62476146551780398 0.3190010499209166 0.22659837491810322 0.034559584315866233
0.2107495607342571 0.38867775313556197 0.42662774920463564 0.0090526327118277544
0.45638473490253084 0.38867775313556197 0.42662774920463564 0.0090526327118277544
0.2107495607342571 0.43083932697772986 0.42662774920463564 0.0090526327118277544
0.2107495607342571 0.38867775313556197 0.42235719375312331 0.0090526327118277544
0.2107495607342571 0.38867775313556197 0.42662774920463564 0.012547485268674791
0.45638473490253084 0.43083932697772986 0.42235719375312331 0.012547485268674791
0.60707850689068432 0.15009396076202394 0.16315760500729085 0.080556938106194145
0.30673099867999548 0.15009396076202394 0.16315760500729085 0.080556938106194145
0.60707850689068432 0.16177744530141355 0.16315760500729085 0.080556938106194145
0.60707850689068432 0.15009396076202394 0.14135725125670434 0.080556938106194145
0.60707850689068432 0.15009396076202394 0.16315760500729085 0.080234277430921791
0.30673099867999548 0.16177744530141355 0.14135725125670434 0.080234277430921791
0.57119741826318204 0.44369848072528839 0.41876971945166586 0.067843733644112947
0.43659786689095192 0.44369848072528839 0.41876971945166586 0.067843733644112947
0.57119741826318204 0.1485831242054701 0.41876971945166586 0.067843733644112947
0.57119741826318204 0.44369848072528839 0.34472136758267879 0.067843733644112947
0.57119741826318204 0.44369848072528839 0.41876971945166586 0.060598325833678246
0.43659786689095192 0.1485831242054701 0.34472136758267879 0.060598325833678246
0.15518503645434975 0.20502998046576978 0.18341193608939649 0.046515788491815334
0.2869639477226883 0.20502998046576978 0.18341193608939649 0.046515788491815334
0.15518503645434975 0.46740076690912247 0.18341193608939649 0.046515788491815334
0.15518503645434975 0.20502998046576978 0.21352458968758584 0.046515788491815334
0.15518503645434975 0.20502998046576978 0.18341193608939649 0.030057800370268527
0.2869639477226883 0.46740076690912247 0.21352458968758584 0.030057800370268527
0.35751337949186557 0.33679822348058225 0.37623079679906368 0.081984526855871084
0.12871355749666691 0.33679822348058225 0.37623079679906368 0.081984526855871084
0.35751337949186557 0.38236942254006867 0.37623079679906368 0.081984526855871084
0.35751337949186557 0.33679822348058225 0.43738552182912827 0.081984526855871084
0.35751337949186557 0.33679822348058225 0.37623079679906368 0.0010851294919848441
0.12871355749666691 0.38236942254006867 0.43738552182912827 0.0010851294919848441
0.44915172741748388 0.12384392768144609 0.21509195342659951 0.0040962353684008117
0.60368531579151752 0.12384392768144609 0.21509195342659951 0.0040962353684008117
0.44915172741748388 0.20079529285430908 0.21509195342659951 0.0040962353684008117
0.44915172741748388 0.12384392768144609 0.10599226988852024 0.0040962353684008117
0.44915172741748388 0.12384392768144609 0.21509195342659951 0.081834914888255297
0.60368531579151752 0.20079529285430908 0.10599226988852024 0.081834914888255297
0.53574202582240105 0.37310431525111198 0.14045860916376116 0.022847375069744887
0.681800515204668 0.37310431525111198 0.14045860916376116 0.022847375069744887
0.53574202582240105 0.19088729359209539 0.14045860916376116 0.022847375069744887
0.53574202582240105 0.37310431525111198 0.46719894260168082 0.022847375069744887
0.53574202582240105 0.37310431525111198 0.14045860916376116 0.016047072988934815
0.681800515204668 0.19088729359209539 0.46719894260168082 0.016047072988934815
0.28207107488997279 0.18441759832203389 0.45081596709787852 0.088043810668401432
0.20682999910786748 0.18441759832203389 0.45081596709787852 0.088043810668401432
0.28207107488997279 0.42206925377249715 0.45081596709787852 0.088043810668401432
0.28207107488997279 0.18441759832203389 0.19878634251654148 0.088043810668401432
0.28207107488997279 0.18441759832203389 0.45081596709787852 0.09684519804455341
0.20682999910786748 0.42206925377249715 0.19878634251654148 0.09684519804455341
0.078164496226236224 0.45422294773161409 0.25809405632317067 0.027994263601489367
0.37396711776964359 0.45422294773161409 0.25809405632317067 0.027994263601489367
0.078164496226236224 0.32740644104778771 0.25809405632317067 0.027994263601489367
0.078164496226236224 0.45422294773161409 0.35070666335523126 0.027994263601489367
0.078164496226236224 0.45422294773161409 0.25809405632317067 0.074011871908791368
0.37396711776964359 0.32740644104778771 0.35070666335523126 0.074011871908791368
0.65746165541931978 0.29138452485203747 0.34423323571681974 0.061579005311243239
0.52359979473985729 0.29138452485203747 0.34423323571681974 0.061579005311243239
0.65746165541931978 0.25898093059659005 0.34423323571681974 0.061579005311243239
0.65746165541931978 0.29138452485203747 0.28170928731560707 0.061579005311243239
0.65746165541931978 0.29138452485203747 0.34423323571681974 0.043519686104729775
0.52359979473985729 0.25898093059659005 0.28170928731560707 0.043519686104729775
0.63923648218624285 0.35856243968009949 0.47667929902672768 0.079367665169760584
0.16654480625875293 0.35856243968009949 0.47667929902672768 0.079367665169760584
0.63923648218624285 0.20745793357491493 0.47667929902672768 0.079367665169760584
0.63923648218624285 0.35856243968009949 0.39395424127578738 0.079367665169760584
0.63923648218624285 0.35856243968009949 0.47667929902672768 0.031476456232368943
0.16654480625875293 0.20745793357491493 0.39395424127578738 0.031476456232368943
0.081035965960472828 0.19641907922923565 0.11319694183766843 0.008659531075507404
0.6415202645119279 0.19641907922923565 0.11319694183766843 0.008659531075507404
0.081035965960472828 0.37646948285400872 0.11319694183766843 0.008659531075507404
0.081035965960472828 0.19641907922923565 0.26265599615871904 0.008659531075507404
0.081035965960472828 0.19641907922923565 0.11319694183766843 0.062853110115043825
0.6415202645119279 0.37646948285400872 0.26265599615871904 0.062853110115043825
0.2843168012797832 0.46406452022492883 0.32164150886237619 0.071804103096947083
0.48326979679986826 0.46406452022492883 0.32164150886237619 0.071804103096947083
0.2843168012797832 0.47405596897006042 0.32164150886237619 0.071804103096947083
0.2843168012797832 0.46406452022492883 0.48644673638045788 0.071804103096947083
0.2843168012797832 0.46406452022492883 0.32164150886237619 0.08333855345845223
0.48326979679986826 0.47405596897006042 0.48644673638045788 0.08333855345845223
0.51814321582205591 0.2778306767344475 0.28237732872366905 0.043728415559977293
0.33363217767328018 0.2778306767344475 0.28237732872366905 0.043728415559977293
0.51814321582205591 0.14267879761755467 0.28237732872366905 0.043728415559977293
0.51814321582205591 0.2778306767344475 0.15534416660666467 0.043728415559977293
0.51814321582205591 0.2778306767344475 0.28237732872366905 0.0032557070283219221
0.33363217767328018 0.14267879761755467 0.15534416660666467 0.0032557070283219221
0.44128144327551122 0.42541639432311062 0.15774318873882295 0.037355300602503125
0.24662897130474448 0.42541639432311062 0.15774318873882295 0.037355300602503125
0.44128144327551122 0.25308100879192352 0.15774318873882295 0.037355300602503125
0.44128144327551122 0.42541639432311062 0.41835669092833994 0.037355300602503125
0.44128144327551122 0.42541639432311062 0.15774318873882295 0.09467499687243254
0.24662897130474448 0.25308100879192352 0.41835669092833994 0.09467499687243254
0.37042242572642858 0.21335247345268726 0.4462259728461504 0.053366794909350576
0.39626782778650516 0.21335247345268726 0.4462259728461504 0.053366794909350576
0.37042242572642858 0.33406906388700008 0.4462259728461504 0.053366794909350576
0.37042242572642858 0.21335247345268726 0.1492643140256405 0.053366794909350576
0.37042242572642858 0.21335247345268726 0.4462259728461504 0.014543810414150357
0.39626782778650516 0.33406906388700008 0.1492643140256405 0.014543810414150357
0.1674676516558975 0.34413267709314821 0.2378797683864832 0.014803032328374686
0.56340502393431957 0.34413267709314821 0.2378797683864832 0.014803032328374686
0.1674676516558975 0.41616494506597523 0.2378797683864832 0.014803032328374686
0.1674676516558975 0.34413267709314821 0.30125482082366944 0.014803032328374686
0.1674676516558975 0.34413267709314821 0.2378797683864832 0.041264525827951731
0.56340502393431957 0.41616494506597523 0.30125482082366944 0.041264525827951731
0.56395294526591899 0.10772173777222634 0.35214361101388936 0.098010417508892722
0.088428328325971958 0.10772173777222634 0.35214361101388936 0.098010417508892722
0.56395294526591899 0.19754247777163983 0.35214361101388936 0.098010417508892722
0.56395294526591899 0.10772173777222634 0.23274801857769489 0.098010417508892722
0.56395294526591899 0.10772173777222634 0.35214361101388936 0.072592839682474736
0.088428328325971958 0.19754247777163983 0.23274801857769489 0.072592839682474736
0.60932418121956289 0.4984972722828388 0.20815247260034087 0.061223571813665334
0.66569151896983381 0.4984972722828388 0.20815247260034087 0.061223571813665334
0.60932418121956289 0.11085877977311612 0.20815247260034087 0.061223571813665334
0.60932418121956289 0.4984972722828388 0.42830623835325243 0.061223571813665334
0.60932418121956289 0.4984972722828388 0.20815247260034087 0.093762068485841163
0.66569151896983381 0.11085877977311612 0.42830623835325243 0.093762068485841163
0.19315080279484387 0.26214810647070408 0.39427943900227547 0.026839832291938367
0.19073464041575788 0.26214810647070408 0.39427943900227547 0.026839832291938367
0.19315080279484387 0.4793346583843231 0.39427943900227547 0.026839832291938367
0.19315080279484387 0.26214810647070408 0.10960258878767491 0.026839832291938367
0.19315080279484387 0.26214810647070408 0.39427943900227547 0.025317700334824625
0.19073464041575788 0.4793346583843231 0.10960258878767491 0.025317700334824625
0.31422899086028333 0.380390964820981 0.19060781523585321 0.089960258363746118
0.34768567695282393 0.380390964820981 0.19060781523585321 0.089960258363746118
0.31422899086028333 0.37082305364310741 0.19060781523585321 0.089960258363746118
0.31422899086028333 0.380390964820981 0.3397440399974585 0.089960258363746118
0.31422899086028333 0.380390964820981 0.19060781523585321 0.046623963607475165
0.34768567695282393 0.37082305364310741 0.3397440399974585 0.046623963607475165
0.40602864534594113 0.16833999082446099 0.4009529601782561 0.025511882879771294
0.49734438923187546 0.16833999082446099 0.4009529601782561 0.025511882879771294
0.40602864534594113 0.23968841582536698 0.4009529601782561 0.025511882879771294
0.40602864534594113 0.16833999082446099 0.22084545269608499 0.025511882879771294
0.40602864534594113 0.16833999082446099 0.4009529601782561 0.064720095143653456
0.49734438923187546 0.23968841582536698 0.22084545269608499 0.064720095143653456
0.49246025234460822 0.31596176773309709 0.3262708056718111 0.0068453408554196363
0.42303653410635883 0.31596176773309709 0.3262708056718111 0.0068453408554196363
0.49246025234460822 0.15594617612659933 0.3262708056718111 0.0068453408554196363
0.49246025234460822 0.31596176773309709 0.3586137857288122 0.0068453408554196363
0.49246025234460822 0.31596176773309709 0.3262708056718111 0.033162078610621398
0.42303653410635883 0.15594617612659933 0.3586137857288122 0.033162078610621398
0.23894537766464052 0.12964321635663512 0.26514416337013247 0.083937226483598359
0.27337905918247996 0.12964321635663512 0.26514416337013247 0.083937226483598359
0.23894537766464052 0.43746991828083992 0.26514416337013247 0.083937226483598359
0.23894537766464052 0.12964321635663512 0.27770805731415749 0.083937226483598359
0.23894537766464052 0.12964321635663512 0.26514416337013247 0.051306549806147815
0.27337905918247996 0.43746991828083992 0.27770805731415749 0.051306549806147815
0.11628895397298038 0.40984896235167978 0.46891272515058524 0.045349269270896914
0.10500225108116865 0.40984896235167978 0.46891272515058524 0.045349269270896914
0.11628895397298038 0.31317454911768439 0.46891272515058524 0.045349269270896914
0.11628895397298038 0.40984896235167978 0.47334785908460619 0.045349269270896914
0.11628895397298038 0.40984896235167978 0.46891272515058524 0.078751786067150539
0.10500225108116865 0.31317454911768439 0.47334785908460619 0.078751786067150539
0.69542972696945071 0.24766971766948701 0.13356714285910132 0.067427878292277463
0.579957892280072 0.24766971766948701 0.13356714285910132 0.067427878292277463
0.69542972696945071 0.29430957660079005 0.13356714285910132 0.067427878292277463
0.69542972696945071 0.24766971766948701 0.19185581840574742 0.067427878292277463
0.69542972696945071 0.24766971766948701 0.13356714285910132 0.010355757575482131
0.579957892280072 0.29430957660079005 0.19185581840574742 0.010355757575482131
0.67194332741200924 0.41825773343443873 0.38609807565808296 0.018041234547272328
0.30093089630827302 0.41825773343443873 0.38609807565808296 0.018041234547272328
0.67194332741200924 0.44852538183331492 0.38609807565808296 0.018041234547272328
0.67194332741200924 0.41825773343443873 0.25786613970994954 0.018041234547272328
0.67194332741200924 0.41825773343443873 0.38609807565808296 0.077420264053158466
0.30093089630827302 0.44852538183331492 0.25786613970994954 0.077420264053158466
0.092802384914830324 0.23027828522026539 0.22262731157243254 0.095932325623929504
0.47598083410412068 0.23027828522026539 0.22262731157243254 0.095932325623929504
0.092802384914830324 0.16754944212734701 0.22262731157243254 0.095932325623929504
0.092802384914830324 0.23027828522026539 0.37685665227472787 0.095932325623929504
0.092802384914830324 0.23027828522026539 0.22262731157243254 0.0089819618016481403
0.47598083410412068 0.16754944212734701 0.37685665227472787 0.0089819618016481403
0.21418973985128104 0.31224257089197638 0.41846206896007065 0.032571763323619961
0.63294132393784819 0.31224257089197638 0.41846206896007065 0.032571763323619961
0.21418973985128104 0.28231721147894862 0.41846206896007065 0.032571763323619961
0.21418973985128104 0.31224257089197638 0.17262462936341763 0.032571763323619961
0.21418973985128104 0.31224257089197638 0.41846206896007065 0.038016342396847903
0.63294132393784819 0.28231721147894862 0.17262462936341763 0.038016342396847903
0.46770448377355928 0.14859774485230448 0.17921062633395196 0.053896471485495569
0.13259445964358746 0.14859774485230448 0.17921062633395196 0.053896471485495569
0.46770448377355928 0.30095178820192814 0.17921062633395196 0.053896471485495569
0.46770448377355928 0.14859774485230448 0.49102882817387583 0.053896471485495569
0.46770448377355928 0.14859774485230448 0.17921062633395196 0.056118539832532406
0.13259445964358746 0.30095178820192814 0.49102882817387583 0.056118539832532406
0.39269865802489218 0.39776455760002138 0.25467398166656496 0.072433101654984067
0.05574874063022435 0.39776455760002138 0.25467398166656496 0.072433101654984067
0.39269865802489218 0.49093791246414187 0.25467398166656496 0.072433101654984067
0.39269865802489218 0.39776455760002138 0.12904167734086514 0.072433101654984067
0.39269865802489218 0.39776455760002138 0.25467398166656496 0.047950941959396011
0.05574874063022435 0.49093791246414187 0.12904167734086514 0.047950941959396011
0.30089913429692383 0.15994981043040754 0.34314432628452779 0.038845559618435804
0.55609436756931241 0.15994981043040754 0.34314432628452779 0.038845559618435804
0.30089913429692383 0.12191425524652005 0.34314432628452779 0.038845559618435804
0.30089913429692383 0.15994981043040754 0.41044178679585464 0.038845559618435804
0.30089913429692383 0.15994981043040754 0.34314432628452779 0.066101479423232384
0.55609436756931241 0.12191425524652005 0.41044178679585464 0.066101479423232384
0.17855095248669384 0.47956058345735075 0.14721272625029089 0.07719025167170912
0.38770810617133972 0.47956058345735075 0.14721272625029089 0.07719025167170912
0.17855095248669384 0.2274656429886818 0.14721272625029089 0.07719025167170912
0.17855095248669384 0.47956058345735075 0.24045506268739703 0.07719025167170912
0.17855095248669384 0.47956058345735075 0.14721272625029089 0.088900216193869716
0.38770810617133972 0.2274656429886818 0.24045506268739703 0.088900216193869716
0.59472450041212144 0.26584871262311938 0.46146451085805895 0.011997052325867116
0.21265940573066472 0.26584871262311938 0.46146451085805895 0.011997052325867116
0.59472450041212144 0.35883070044219501 0.46146451085805895 0.011997052325867116
0.59472450041212144 0.26584871262311938 0.32166023589670656 0.011997052325867116
0.59472450041212144 0.26584871262311938 0.46146451085805895 0.020510253970511261
0.21265940573066472 0.35883070044219501 0.32166023589670656 0.020510253970511261
0.53919717427343128 0.32790711075067525 0.10507122538983822 0.049363954017870131
0.53065935275517395 0.32790711075067525 0.10507122538983822 0.049363954017870131
0.53919717427343128 0.34565783403813843 0.10507122538983822 0.049363954017870131
0.53919717427343128 0.32790711075067525 0.11750523746013641 0.049363954017870131
0.53919717427343128 0.32790711075067525 0.10507122538983822 0.03988483804557473
0.53065935275517395 0.34565783403813843 0.11750523746013641 0.03988483804557473
0.14271201142109929 0.11418377421796322 0.49120988026261336 0.06457339866179973
0.35563046936877069 0.11418377421796322 0.49120988026261336 0.06457339866179973
0.14271201142109929 0.26414639055728917 0.49120988026261336 0.06457339866179973
0.14271201142109929 0.11418377421796322 0.44851662106812007 0.06457339866179973
0.14271201142109929 0.11418377421796322 0.49120988026261336 0.071267557827755817
0.35563046936877069 0.26414639055728917 0.44851662106812007 0.071267557827755817
0.34693585908971719 0.44633043818175799 0.29992835149168973 0.0012852742103859783
0.19739069472998377 0.44633043818175799 0.29992835149168973 0.0012852742103859783
0.34693585908971719 0.185303695127368 0.29992835149168973 0.0012852742103859783
0.34693585908971719 0.44633043818175799 0.20042778365314007 0.0012852742103859783
0.34693585908971719 0.44633043818175799 0.29992835149168973 0.099480746739543977
0.19739069472998377 0.185303695127368 0.20042778365314007 0.099480746739543977
0.41779504613950841 0.20845539271831515 0.31028632931411271 0.085243338380940267
0.69775617746636265 0.20845539271831515 0.31028632931411271 0.085243338380940267
0.41779504613950841 0.40418097227811811 0.31028632931411271 0.085243338380940267
0.41779504613950841 0.20845539271831515 0.33202474042773245 0.085243338380940267
0.41779504613950841 0.20845539271831515 0.31028632931411271 0.019403966208919883
0.69775617746636265 0.40418097227811811 0.33202474042773245 0.019403966208919883
0.50354353743605307 0.45763347223401074 0.43570157475769522 0.091359649393707512
0.6132933096960187 0.45763347223401074 0.43570157475769522 0.091359649393707512
0.50354353743605307 0.38753487654030327 0.43570157475769522 0.091359649393707512
0.50354353743605307 0.45763347223401074 0.29479348771274094 0.091359649393707512
0.50354353743605307 0.45763347223401074 0.43570157475769522 0.084713673975318676
0.6132933096960187 0.38753487654030327 0.29479348771274094 0.084713673975318676
0.26971695339307189 0.29402600564062598 0.17456258833408356 0.019858539683744313
0.11292658960446715 0.29402600564062598 0.17456258833408356 0.019858539683744313
0.26971695339307189 0.21904669180512429 0.17456258833408356 0.019858539683744313
0.26971695339307189 0.29402600564062598 0.36339148208498961 0.019858539683744313
0.26971695339307189 0.29402600564062598 0.17456258833408356 0.004588553785346448
0.11292658960446715 0.21904669180512429 0.36339148208498961 0.004588553785346448
0.067706106975674626 0.36342853195965297 0.36574565917253499 0.05827581268176437
0.2800530926790088 0.36342853195965297 0.36574565917253499 0.05827581268176437
0.067706106975674626 0.13069483675062657 0.36574565917253499 0.05827581268176437
0.067706106975674626 0.36342853195965297 0.18726156651973724 0.05827581268176437
0.067706106975674626 0.36342853195965297 0.36574565917253499 0.0266631414629519
0.2800530926790088 0.13069483675062657 0.18726156651973724 0.0266631414629519
0.62590649244375518 0.17553527280688286 0.23038811422884464 0.030947793221101166
0.45508321342058472 0.17553527280688286 0.23038811422884464 0.030947793221101166
0.62590649244375518 0.46181717440485959 0.23038811422884464 0.030947793221101166
0.62590649244375518 0.17553527280688286 0.45605523772537715 0.030947793221101166
0.62590649244375518 0.17553527280688286 0.23038811422884464 0.057997521585784854
0.45508321342058472 0.46181717440485959 0.45605523772537715 0.057997521585784854
0.62874791575595734 0.40431717373430731 0.42578995674848563 0.054673871781677014
0.24076096573844552 0.40431717373430731 0.42578995674848563 0.054673871781677014
0.62874791575595734 0.29945577867329121 0.42578995674848563 0.054673871781677014
0.62874791575595734 0.40431717373430731 0.20472771152853966 0.054673871781677014
0.62874791575595734 0.40431717373430731 0.42578995674848563 0.074351869494654249
0.24076096573844552 0.29945577867329121 0.20472771152853966 0.074351869494654249
0.069922742201015353 0.24070284143090248 0.16543197669088841 0.033340482717379931
0.41102538518607612 0.24070284143090248 0.16543197669088841 0.033340482717379931
0.069922742201015353 0.31809080317616467 0.16543197669088841 0.033340482717379931
0.069922742201015353 0.24070284143090248 0.33631856255233289 0.033340482717379931
0.069922742201015353 0.24070284143090248 0.16543197669088841 0.042986521659418943
0.41102538518607612 0.31809080317616467 0.33631856255233289 0.042986521659418943
0.27257854123599823 0.32300932630896573 0.36921352036297328 0.096701051656156778
0.56895754025317724 0.32300932630896573 0.36921352036297328 0.096701051656156778
0.27257854123599823 0.43128913976252081 0.36921352036297328 0.096701051656156778
0.27257854123599823 0.32300932630896573 0.11321141608059407 0.096701051656156778
0.27257854123599823 0.32300932630896573 0.36921352036297328 0.016290197634138168
0.56895754025317724 0.43128913976252081 0.11321141608059407 0.016290197634138168
0.50578029602766028 0.13509699292480948 0.23307486176490785 0.018818628204986455
0.073991287080571053 0.13509699292480948 0.23307486176490785 0.018818628204986455
0.50578029602766028 0.15031288489699365 0.23307486176490785 0.018818628204986455
0.50578029602766028 0.13509699292480948 0.44421669244766238 0.018818628204986455
0.50578029602766028 0.13509699292480948 0.23307486176490785 0.096408520033583051
0.073991287080571053 0.15031288489699365 0.44421669244766238 0.096408520033583051
0.42065657586790617 0.38748601637780666 0.10844066664576531 0.012765759917907418
0.1609944547060877 0.38748601637780666 0.10844066664576531 0.012765759917907418
0.42065657586790617 0.24157693944871428 0.10844066664576531 0.012765759917907418
0.42065657586790617 0.38748601637780666 0.18218039162456989 0.012765759917907418
0.42065657586790617 0.38748601637780666 0.10844066664576531 0.0015216142497956754
0.1609944547060877 0.24157693944871428 0.18218039162456989 0.0015216142497956754
0.34917252082377664 0.17374360412359238 0.49379820935428143 0.077967663769610229
0.65595947052352122 0.17374360412359238 0.49379820935428143 0.077967663769610229
0.34917252082377664 0.37294229865074158 0.49379820935428143 0.077967663769610229
0.34917252082377664 0.17374360412359238 0.45098016262054441 0.077967663769610229
0.34917252082377664 0.17374360412359238 0.49379820935428143 0.081591596989892434
0.65595947052352122 0.37294229865074158 0.45098016262054441 0.081591596989892434
0.14555341536179184 0.49301297664642341 0.29011515341699123 0.039622965077869596
0.48914058702066532 0.49301297664642341 0.29011515341699123 0.039622965077869596
0.14555341536179184 0.47692439965903766 0.29011515341699123 0.039622965077869596
0.14555341536179184 0.49301297664642341 0.2998685620725155 0.039622965077869596
0.14555341536179184 0.49301297664642341 0.29011515341699123 0.061131683532148602
0.48914058702066532 0.47692439965903766 0.2998685620725155 0.061131683532148602
0.54141367389820516 0.25513106696307664 0.3012541361153126 0.07320181588549167
0.31887740492820738 0.25513106696307664 0.3012541361153126 0.07320181588549167
0.54141367389820516 0.10790028125047685 0.3012541361153126 0.07320181588549167
0.54141367389820516 0.25513106696307664 0.36847265772521498 0.07320181588549167
0.54141367389820516 0.25513106696307664 0.3012541361153126 0.029717996037565173
0.31887740492820738 0.10790028125047685 0.36847265772521498 0.029717996037565173
0.59756619492545726 0.33857590369880197 0.25726310350000858 0.086011674218811104
0.42763778339140113 0.33857590369880197 0.25726310350000858 0.086011674218811104
0.59756619492545726 0.19619235694408418 0.25726310350000858 0.086011674218811104
0.59756619492545726 0.33857590369880197 0.17066845074296 0.086011674218811104
0.59756619492545726 0.33857590369880197 0.25726310350000858 0.012113852101378143
0.42763778339140113 0.19619235694408418 0.17066845074296 0.012113852101378143
0.18076778142713007 0.10078022778034211 0.34651454836130147 0.0020630580624565482
0.25735478424467145 0.10078022778034211 0.34651454836130147 0.0020630580624565482
0.18076778142713007 0.41506989262998106 0.34651454836130147 0.0020630580624565482
0.18076778142713007 0.10078022778034211 0.48907875679433344 0.0020630580624565482
0.18076778142713007 0.10078022778034211 0.34651454836130147 0.080474357232451443
0.25735478424467145 0.41506989262998106 0.48907875679433344 0.080474357232451443
0.30376037345267826 0.43248779326677322 0.13817979991436005 0.065351187677122655
0.10072144046425818 0.43248779326677322 0.13817979991436005 0.065351187677122655
0.30376037345267826 0.33467168658971791 0.13817979991436005 0.065351187677122655
0.30376037345267826 0.43248779326677322 0.25981621183454995 0.065351187677122655
0.30376037345267826 0.43248779326677322 0.13817979991436005 0.05305236169230193
0.10072144046425818 0.33467168658971791 0.25981621183454995 0.05305236169230193
0.39493499044328922 0.21878279112279417 0.45165056772530077 0.050132284692488614
0.59566660048440101 0.21878279112279417 0.45165056772530077 0.050132284692488614
0.39493499044328922 0.25315973870456221 0.45165056772530077 0.050132284692488614
0.39493499044328922 0.21878279112279417 0.37881283015012746 0.050132284692488614
0.39493499044328922 0.21878279112279417 0.45165056772530077 0.034896537058055406
0.59566660048440101 0.25315973870456221 0.37881283015012746 0.034896537058055406
0.47056574230082326 0.47118303067982203 0.37696825675666334 0.031725565271452073
0.66997449435293666 0.47118303067982203 0.37696825675666334 0.031725565271452073
0.47056574230082326 0.13855603709816933 0.37696825675666334 0.031725565271452073
0.47056574230082326 0.47118303067982203 0.24162998832762242 0.031725565271452073
0.47056574230082326 0.47118303067982203 0.37696825675666334 0.062985450634732848
0.66997449435293666 0.13855603709816933 0.24162998832762242 0.062985450634732848
0.21642620787024497 0.28321044966578485 0.21271647438406946 0.059044160321354872
0.17502809697762128 0.28321044966578485 0.21271647438406946 0.059044160321354872
0.21642620787024497 0.46967886872589593 0.21271647438406946 0.059044160321354872
0.21642620787024497 0.28321044966578485 0.32282906025648117 0.059044160321354872
0.21642620787024497 0.28321044966578485 0.21271647438406946 0.044877966028638187
0.17502809697762128 0.46967886872589593 0.32282906025648117 0.044877966028638187
0.095644137542694796 0.35305277779698374 0.42114808335900311 0.02062688216008246
0.34308721232227973 0.35305277779698374 0.42114808335900311 0.02062688216008246
0.095644137542694796 0.3797712676227093 0.42114808335900311 0.02062688216008246
0.095644137542694796 0.35305277779698374 0.12787285223603251 0.02062688216008246
0.095644137542694796 0.35305277779698374 0.42114808335900311 0.02359531486220658
0.34308721232227973 0.3797712676227093 0.12787285223603251 0.02359531486220658
0.67416025320999318 0.1894270244985819 0.18267774246633053 0.092137426607310779
0.51337144882418206 0.1894270244985819 0.18267774246633053 0.092137426607310779
0.67416025320999318 0.21128281392157078 0.18267774246633053 0.092137426607310779
0.67416025320999318 0.1894270244985819 0.40926686190068728 0.092137426607310779
0.67416025320999318 0.1894270244985819 0.18267774246633053 0.092004160021431747
0.51337144882418206 0.21128281392157078 0.40926686190068728 0.092004160021431747
0.69764635977335265 0.36888936720788479 0.33520509749650956 0.042956296533346178
0.060354057932272553 0.36888936720788479 0.33520509749650956 0.042956296533346178
0.69764635977335265 0.45691747255623338 0.33520509749650956 0.042956296533346178
0.69764635977335265 0.36888936720788479 0.34091286137700083 0.042956296533346178
0.69764635977335265 0.36888936720788479 0.33520509749650956 0.022268132930621506
0.060354057932272553 0.45691747255623338 0.34091286137700083 0.022268132930621506
0.11913037486374378 0.18257615417242051 0.27485995031893251 0.071028591813519601
0.5400654822122305 0.18257615417242051 0.27485995031893251 0.071028591813519601
0.11913037486374378 0.12553980723023417 0.27485995031893251 0.071028591813519601
0.11913037486374378 0.18257615417242051 0.22202038131654264 0.071028591813519601
0.11913037486374378 0.18257615417242051 0.27485995031893251 0.09062261936906725
0.5400654822122305 0.12553980723023417 0.22202038131654264 0.09062261936906725
0.24118213867768645 0.45066144466400149 0.46603156514465816 0.0078840249553322785
0.38342206524685019 0.45066144466400149 0.46603156514465816 0.0078840249553322785
0.24118213867768645 0.22469424642622471 0.46603156514465816 0.0078840249553322785
0.24118213867768645 0.45066144466400149 0.4271313104778528 0.0078840249553322785
0.24118213867768645 0.45066144466400149 0.46603156514465816 0.067847459299489862
0.38342206524685019 0.22469424642622471 0.4271313104778528 0.067847459299489862
0.49532184260897333 0.28849974982440474 0.12990459501743318 0.078595540979877115
0.22837404161691666 0.28849974982440474 0.12990459501743318 0.078595540979877115
0.49532184260897333 0.393706064671278 0.12990459501743318 0.078595540979877115
0.49532184260897333 0.28849974982440474 0.1084337666630745 0.078595540979877115
0.49532184260897333 0.28849974982440474 0.12990459501743318 0.049685615972615782
0.22837404161691666 0.393706064671278 0.1084337666630745 0.049685615972615782
0.4082653095014393 0.43930786587297921 0.20536820515990259 0.097234894423745583
0.30521972188726065 0.43930786587297921 0.20536820515990259 0.097234894423745583
0.4082653095014393 0.40205367468297482 0.20536820515990259 0.097234894423745583
0.4082653095014393 0.43930786587297921 0.47139778472483163 0.097234894423745583
0.4082653095014393 0.43930786587297921 0.20536820515990259 0.054384063682518906
0.30521972188726065 0.40205367468297482 0.47139778472483163 0.054384063682518906
0.31709052301011975 0.20297624841332437 0.39071378521621225 0.014030925103463234
0.46026898287236684 0.20297624841332437 0.39071378521621225 0.014030925103463234
0.31709052301011975 0.18343094885349276 0.39071378521621225 0.014030925103463234
0.31709052301011975 0.20297624841332437 0.18989964276552201 0.014030925103463234
0.31709052301011975 0.20297624841332437 0.39071378521621225 0.036270560014992952
0.46026898287236684 0.18343094885349276 0.18989964276552201 0.036270560014992952
0.19536729999817903 0.33331740126013754 0.19944521449506283 0.052594682521186771
0.62833817140199244 0.33331740126013754 0.19944521449506283 0.052594682521186771
0.19536729999817903 0.26709454767405988 0.19944521449506283 0.052594682521186771
0.19536729999817903 0.33331740126013754 0.36056996062397961 0.052594682521186771
0.19536729999817903 0.33331740126013754 0.19944521449506283 0.007259361132048071
0.62833817140199244 0.26709454767405988 0.36056996062397961 0.007259361132048071
0.61216558273881672 0.12127176709473134 0.41057185307145116 0.036579782680608332
0.14862550976686179 0.12127176709473134 0.41057185307145116 0.036579782680608332
0.61216558273881672 0.34808310717344282 0.41057185307145116 0.036579782680608332
0.61216558273881672 0.12127176709473134 0.27965813241899018 0.036579782680608332
0.61216558273881672 0.12127176709473134 0.41057185307145116 0.075662187229841957
0.14862550976686179 0.34808310717344282 0.27965813241899018 0.075662187229841957
0.56616977178491645 0.48499604947865016 0.15417826808989049 0.02473674335051328
0.60742061622440813 0.48499604947865016 0.15417826808989049 0.02473674335051328
0.56616977178491645 0.35993446111679084 0.15417826808989049 0.02473674335051328
0.56616977178491645 0.48499604947865016 0.48137166425585753 0.02473674335051328
0.56616977178491645 0.48499604947865016 0.15417826808989049 0.059755964078009136
0.60742061622440813 0.35993446111679084 0.48137166425585753 0.059755964078009136
0.17030934374779461 0.27291458174586297 0.44344245046377184 0.089187767582945526
0.1276881375350058 0.27291458174586297 0.44344245046377184 0.089187767582945526
0.17030934374779461 0.22879952155053618 0.44344245046377184 0.089187767582945526
0.17030934374779461 0.27291458174586297 0.15026298873126509 0.089187767582945526
0.17030934374779461 0.27291458174586297 0.44344245046377184 0.028384597550146284
0.1276881375350058 0.22879952155053618 0.15026298873126509 0.028384597550146284
0.37265876056626435 0.39081599190831184 0.24749786853790284 0.026067348149605096
0.28561145919375119 0.39081599190831184 0.24749786853790284 0.026067348149605096
0.37265876056626435 0.1218449965119362 0.24749786853790284 0.026067348149605096
0.37265876056626435 0.39081599190831184 0.39903541989624502 0.026067348149605096
0.37265876056626435 0.39081599190831184 0.24749786853790284 0.0063354807496070866
0.28561145919375119 0.1218449965119362 0.39903541989624502 0.0063354807496070866
0.44414268485270436 0.15439971126616003 0.36098022945225239 0.06044842564594001
0.44064086438156658 0.15439971126616003 0.36098022945225239 0.06044842564594001
0.44414268485270436 0.49032133631408215 0.36098022945225239 0.06044842564594001
0.44414268485270436 0.15439971126616003 0.26773106753826142 0.06044842564594001
0.44414268485270436 0.15439971126616003 0.36098022945225239 0.086447784456424426
0.44064086438156658 0.49032133631408215 0.26773106753826142 0.086447784456424426
0.52037968626245856 0.30524384193122389 0.4863958191126585 0.066655375709757214
0.52510377089492977 0.30524384193122389 0.4863958191126585 0.066655375709757214
0.52037968626245856 0.30531337335705755 0.4863958191126585 0.066655375709757214
0.52037968626245856 0.30524384193122389 0.30554864592850206 0.066655375709757214
0.52037968626245856 0.30524384193122389 0.4863958191126585 0.017670413543470206
0.52510377089492977 0.30531337335705755 0.30554864592850206 0.017670413543470206
0.28717806222848591 0.14309513866901399 0.12213197872042657 0.044574141543358564
0.37007560306228693 0.14309513866901399 0.12213197872042657 0.044574141543358564
0.28717806222848591 0.28644795306026938 0.12213197872042657 0.044574141543358564
0.28717806222848591 0.14309513866901399 0.23704794347286226 0.044574141543358564
0.28717806222848591 0.14309513866901399 0.12213197872042657 0.097734377222135668
0.37007560306228693 0.28644795306026938 0.23704794347286226 0.097734377222135668
0.083252889337018132 0.42364303618669508 0.31797816827893255 0.083162092117592692
0.20326555296778676 0.42364303618669508 0.31797816827893255 0.083162092117592692
0.083252889337018132 0.16370980963110926 0.31797816827893255 0.083162092117592692
0.083252889337018132 0.42364303618669508 0.41405676528811453 0.083162092117592692
0.083252889337018132 0.42364303618669508 0.31797816827893255 0.0695455442937091
0.20326555296778676 0.16370980963110926 0.41405676528811453 0.0695455442937091
0.6420782323926687 0.23739164732396603 0.27949538789689543 0.0060728449113667017
0.68299679430201643 0.23739164732396603 0.27949538789689543 0.0060728449113667017
0.6420782323926687 0.44523386694490907 0.27949538789689543 0.0060728449113667017
0.6420782323926687 0.23739164732396603 0.1449704896658659 0.0060728449113667017
0.6420782323926687 0.23739164732396603 0.27949538789689543 0.038125837737694387
0.68299679430201643 0.44523386694490907 0.1449704896658659 0.038125837737694387
0.65460014385171228 0.31391948051750662 0.14958822019398213 0.036236363333649935
0.32975037051364775 0.31391948051750662 0.14958822019398213 0.036236363333649935
0.65460014385171228 0.49615235365927224 0.14958822019398213 0.036236363333649935
0.65460014385171228 0.31391948051750662 0.43231044746935365 0.036236363333649935
0.65460014385171228 0.31391948051750662 0.14958822019398213 0.027002951696515086
0.32975037051364775 0.49615235365927224 0.43231044746935365 0.027002951696515086
0.075927811488509175 0.12523810490965845 0.46072705984115603 0.051452406982891268
0.4847835144028067 0.12523810490965845 0.46072705984115603 0.051452406982891268
0.075927811488509175 0.11521418020129204 0.46072705984115603 0.051452406982891268
0.075927811488509175 0.12523810490965845 0.10091109424829484 0.051452406982891268
0.075927811488509175 0.12523810490965845 0.46072705984115603 0.057464169788174334
0.4847835144028067 0.11521418020129204 0.10091109424829484 0.057464169788174334
0.27922973027452824 0.40714176073670394 0.25540821403265002 0.015959575776942073
0.64270675857551396 0.40714176073670394 0.25540821403265002 0.015959575776942073
0.27922973027452824 0.23462615199387074 0.25540821403265002 0.015959575776942073
0.27922973027452824 0.40714176073670394 0.34980254247784615 0.015959575776942073
0.27922973027452824 0.40714176073670394 0.25540821403265002 0.084956985972821711
0.64270675857551396 0.23462615199387074 0.34980254247784615 0.084956985972821711
0.53352547171525655 0.24432088471949101 0.34076599515974526 0.099911369177512824
0.16297054118476806 0.24432088471949101 0.34076599515974526 0.099911369177512824
0.53352547171525655 0.35329620614647872 0.34076599515974526 0.099911369177512824
0.53352547171525655 0.24432088471949101 0.21859966479241849 0.099911369177512824
0.53352547171525655 0.24432088471949101 0.34076599515974526 0.0041520631266757846
0.16297054118476806 0.35329620614647872 0.21859966479241849 0.0041520631266757846
0.44631024720147244 0.4966214966028929 0.41618077121675012 0.081332443488761785
0.08739316207356751 0.4966214966028929 0.41618077121675012 0.081332443488761785
0.44631024720147244 0.43860303275287149 0.41618077121675012 0.081332443488761785
0.44631024720147244 0.4966214966028929 0.35500048473477364 0.081332443488761785
0.44631024720147244 0.4966214966028929 0.41618077121675012 0.099917418849654507
0.08739316207356751 0.43860303275287149 0.35500048473477364 0.099917418849654507
0.35529680601321156 0.25797054171562195 0.18004158809781076 0.0098247576393187055
0.56713062166236339 0.25797054171562195 0.18004158809781076 0.0098247576393187055
0.35529680601321156 0.16954084485769272 0.18004158809781076 0.0098247576393187055
0.35529680601321156 0.25797054171562195 0.28600921593606476 0.0098247576393187055
0.35529680601321156 0.25797054171562195 0.18004158809781076 0.019160835662856701
0.56713062166236339 0.16954084485769272 0.28600921593606476 0.019160835662856701
0.15232342802919446 0.37761834114789961 0.38526351377367973 0.06985005844198168
0.40032064905390136 0.37761834114789961 0.38526351377367973 0.06985005844198168
0.15232342802919446 0.27980968020856378 0.38526351377367973 0.06985005844198168
0.15232342802919446 0.37761834114789961 0.46289901472628114 0.06985005844198168
0.15232342802919446 0.37761834114789961 0.38526351377367973 0.040418008391745391
0.40032064905390136 0.27980968020856378 0.46289901472628114 0.040418008391745391
0.56896067541092632 0.16466938816010951 0.22490615360438826 0.042528285410255197
0.24528626296669243 0.16466938816010951 0.22490615360438826 0.042528285410255197
0.56896067541092632 0.31114002168178556 0.22490615360438826 0.042528285410255197
0.56896067541092632 0.16466938816010951 0.19449252039194109 0.042528285410255197
0.56896067541092632 0.16466938816010951 0.22490615360438826 0.070927566142752765
0.24528626296669243 0.31114002168178556 0.19449252039194109 0.070927566142752765
0.60421718903817234 0.42907420657575135 0.36811583340167997 0.0048713689967989924
0.50123842223547399 0.42907420657575135 0.36811583340167997 0.0048713689967989924
0.60421718903817234 0.39960575848817825 0.36811583340167997 0.0048713689967989924
0.60421718903817234 0.42907420657575135 0.39151290245354176 0.0048713689967989924
0.60421718903817234 0.42907420657575135 0.36811583340167997 0.088466770378872753
0.50123842223547399 0.39960575848817825 0.39151290245354176 0.088466770378872753
0.20851314719766378 0.21613824516534808 0.22964525409042835 0.082757023537531504
0.34618421909399327 0.21613824516534808 0.22964525409042835 0.082757023537531504
0.20851314719766378 0.21803137473762035 0.22964525409042835 0.082757023537531504
0.20851314719766378 0.21613824516534808 0.27290957272052763 0.082757023537531504
0.20851314719766378 0.21613824516534808 0.22964525409042835 0.020750521124340594
0.34618421909399327 0.21803137473762035 0.27290957272052763 0.020750521124340594
0.32961240904405709 0.34824864566326141 0.43644116856157777 0.0472882903367281
0.18954087961465121 0.34824864566326141 0.43644116856157777 0.0472882903367281
0.32961240904405709 0.13144426941871645 0.43644116856157777 0.0472882903367281
0.32961240904405709 0.34824864566326141 0.4779503159224987 0.0472882903367281
0.32961240904405709 0.34824864566326141 0.43644116856157777 0.047420635005459191
0.18954087961465121 0.13144426941871645 0.4779503159224987 0.047420635005459191
0.4009402570780366 0.10965951494872571 0.17218952924013137 0.068618862109258771
0.66925848340615623 0.10965951494872571 0.17218952924013137 0.068618862109258771
0.4009402570780366 0.45026242099702363 0.17218952924013137 0.068618862109258771
0.4009402570780366 0.10965951494872571 0.15915282480418683 0.068618862109258771
0.4009402570780366 0.10965951494872571 0.17218952924013137 0.066438244813121855
0.66925848340615623 0.45026242099702363 0.15915282480418683 0.066438244813121855
0.47733594989404077 0.3619469288736582 0.29765394106507304 0.062351490191183988
0.58098575305193656 0.3619469288736582 0.29765394106507304 0.062351490191183988
0.47733594989404077 0.34142024144530297 0.29765394106507304 0.062351490191183988
0.47733594989404077 0.3619469288736582 0.4204071216285229 0.062351490191183988
0.47733594989404077 0.3619469288736582 0.29765394106507304 0.037679395555518573
0.58098575305193656 0.34142024144530297 0.4204071216285229 0.037679395555518573
0.24397301930002868 0.19909021928906442 0.3111240889877081 0.028769409031607213
0.10126939145848154 0.19909021928906442 0.3111240889877081 0.028769409031607213
0.24397301930002868 0.27299423553049562 0.3111240889877081 0.028769409031607213
0.24397301930002868 0.19909021928906442 0.13940107338130475 0.028769409031607213
0.24397301930002868 0.19909021928906442 0.3111240889877081 0.056648665335029366
0.10126939145848154 0.27299423553049562 0.13940107338130475 0.056648665335029366
0.12129800138063727 0.46855413839221005 0.10422981791198255 0.088818950935266913
0.26933850250206887 0.46855413839221005 0.10422981791198255 0.088818950935266913
0.12129800138063727 0.1767759032547474 0.10422981791198255 0.088818950935266913
0.12129800138063727 0.46855413839221005 0.31014158315956597 0.088818950935266913
0.12129800138063727 0.46855413839221005 0.10422981791198255 0.077180178350768985
0.26933850250206887 0.1767759032547474 0.31014158315956597 0.077180178350768985
0.6802843410521745 0.27978809960186479 0.49348178729414938 0.023619865112937989
0.42439146344549949 0.27978809960186479 0.49348178729414938 0.023619865112937989
0.6802843410521745 0.40795813091099264 0.49348178729414938 0.023619865112937989
0.6802843410521745 0.27978809960186479 0.22854844629764559 0.023619865112937989
0.6802843410521745 0.27978809960186479 0.49348178729414938 0.0094155890680849563
0.42439146344549949 0.40795813091099264 0.22854844629764559 0.0094155890680849563
0.66695419875904915 0.45974786989390848 0.24017270393669607 0.074345132187940186
0.13409831714816389 0.45974786989390848 0.24017270393669607 0.074345132187940186
0.66695419875904915 0.25977831818163399 0.24017270393669607 0.074345132187940186
0.66695419875904915 0.45974786989390848 0.1211181927472353 0.074345132187940186
0.66695419875904915 0.45974786989390848 0.24017270393669607 0.078511490146629517
0.13409831714816389 0.25977831818163399 0.1211181927472353 0.078511490146629517
0.10796767990104854 0.2983552157878876 0.35129948556423185 0.039966854280792177
0.62904969542287281 0.2983552157878876 0.35129948556423185 0.039966854280792177
0.10796767990104854 0.32885281071066857 0.35129948556423185 0.039966854280792177
0.10796767990104854 0.2983552157878876 0.44021590352058415 0.039966854280792177
0.10796767990104854 0.2983552157878876 0.35129948556423185 0.010789221830666065
0.62904969542287281 0.32885281071066857 0.44021590352058415 0.010789221830666065
0.22937363390810783 0.36606209725141525 0.15859053283929825 0.075292035051621506
0.47241642912849779 0.36606209725141525 0.15859053283929825 0.075292035051621506
0.22937363390810783 0.42169591076672075 0.15859053283929825 0.075292035051621506
0.22937363390810783 0.36606209725141525 0.21087706908583642 0.075292035051621506
0.22937363390810783 0.36606209725141525 0.15859053283929825 0.032825293305329982
0.47241642912849779 0.42169591076672075 0.21087706908583642 0.032825293305329982
0.46273642405867571 0.17895542941987516 0.44393587447702887 0.010837773828767241
0.30212721172720192 0.17895542941987516 0.44393587447702887 0.010837773828767241
0.46273642405867571 0.19037786796689035 0.44393587447702887 0.010837773828767241
0.46273642405867571 0.17895542941987516 0.32938769273459911 0.010837773828767241
0.46273642405867571 0.17895542941987516 0.44393587447702887 0.051836884051561359
0.30212721172720192 0.19037786796689035 0.32938769273459911 0.051836884051561359
0.37745401249267158 0.32971156425774095 0.31925285719335084 0.016878554204478861
0.21639482481405137 0.32971156425774095 0.31925285719335084 0.016878554204478861
0.37745401249267158 0.20546395592391492 0.31925285719335084 0.016878554204478861
0.37745401249267158 0.32971156425774095 0.29078962430357935 0.016878554204478861
0.37745401249267158 0.32971156425774095 0.31925285719335084 0.04609381966479123
0.21639482481405137 0.20546395592391492 0.29078962430357935 0.04609381966479123
0.30612630490213627 0.11843497380614282 0.28312641158699992 0.093965001083910468
0.38668280001729721 0.11843497380614282 0.28312641158699992 0.093965001083910468
0.30612630490213627 0.3863898292183876 0.28312641158699992 0.093965001083910468
0.30612630490213627 0.11843497380614282 0.37208253554999826 0.093965001083910468
0.30612630490213627 0.11843497380614282 0.28312641158699992 0.065057070751674481
0.38668280001729721 0.3863898292183876 0.37208253554999826 0.065057070751674481
0.183757044468075 0.44917896166443827 0.47593381628394127 0.033768969597294932
0.55474183787591758 0.44917896166443827 0.47593381628394127 0.033768969597294932
0.183757044468075 0.46386439763009546 0.47593381628394127 0.033768969597294932
0.183757044468075 0.44917896166443827 0.17720262296497824 0.033768969597294932
0.183757044468075 0.44917896166443827 0.47593381628394127 0.093328413927927623
0.55474183787591758 0.46386439763009546 0.17720262296497824 0.093328413927927623
0.57946126549504695 0.21205388642847539 0.1155880492180586 0.055853440016508105
0.059791701799258593 0.21205388642847539 0.1155880492180586 0.055853440016508105
0.57946126549504695 0.14518203735351565 0.1155880492180586 0.055853440016508105
0.57946126549504695 0.21205388642847539 0.45830137133598325 0.055853440016508105
0.57946126549504695 0.21205388642847539 0.1155880492180586 0.025557805952616038
0.059791701799258593 0.14518203735351565 0.45830137133598325 0.025557805952616038
0.55436115199699998 0.39422613419592378 0.47120029330253599 0.09254353742673993
0.69624501448124643 0.39422613419592378 0.47120029330253599 0.09254353742673993
0.55436115199699998 0.1569634959101677 0.47120029330253599 0.09254353742673993
0.55436115199699998 0.39422613419592378 0.25581526793539522 0.09254353742673993
0.55436115199699998 0.39422613419592378 0.47120029330253599 0.04179785771016032
0.69624501448124643 0.1569634959101677 0.25581526793539522 0.04179785771016032
0.13772404505871236 0.15704081133008005 0.13271775133907796 0.021828826455399394
0.20127506135031581 0.15704081133008005 0.13271775133907796 0.021828826455399394
0.13772404505871236 0.42540161125361919 0.13271775133907796 0.021828826455399394
0.13772404505871236 0.15704081133008005 0.38672023862600324 0.021828826455399394
0.13772404505871236 0.15704081133008005 0.13271775133907796 0.072253056740388275
0.20127506135031581 0.42540161125361919 0.38672023862600324 0.072253056740388275
0.34196648211218411 0.47532064840197563 0.32712346352636812 0.057081521432846789
0.35920713893137868 0.47532064840197563 0.32712346352636812 0.057081521432846789
0.34196648211218411 0.32473359405994418 0.32712346352636812 0.057081521432846789
0.34196648211218411 0.47532064840197563 0.16373821273446082 0.057081521432846789
0.34196648211218411 0.47532064840197563 0.32712346352636812 0.095111458764411516
0.35920713893137868 0.32473359405994418 0.16373821273446082 0.095111458764411516
0.43298010248690838 0.26403263695538048 0.26285948008298876 0.029012079587206245
0.52947525833733378 0.26403263695538048 0.26285948008298876 0.029012079587206245
0.43298010248690838 0.29356348179280756 0.26285948008298876 0.029012079587206245
0.43298010248690838 0.26403263695538048 0.49522795937955377 0.029012079587206245
0.43298010248690838 0.26403263695538048 0.26285948008298876 0.014300516856834294
0.52947525833733378 0.29356348179280756 0.49522795937955377 0.014300516856834294
0.50876954575069244 0.4147515442222357 0.18822600319981575 0.04743088101875037
0.45136002018116406 0.4147515442222357 0.18822600319981575 0.04743088101875037
0.50876954575069244 0.10201274678111077 0.18822600319981575 0.04743088101875037
0.50876954575069244 0.4147515442222357 0.13148345723748209 0.04743088101875037
0.50876954575069244 0.4147515442222357 0.18822600319981575 0.083581656713038688
0.45136002018116406 0.10201274678111077 0.13148345723748209 0.083581656713038688
0.2544736251235008 0.22773111015558245 0.40170898400247101 0.063448976543731994
0.28109065857715904 0.22773111015558245 0.40170898400247101 0.063448976543731994
0.2544736251235008 0.4835750166326761 0.40170898400247101 0.063448976543731994
0.2544736251235008 0.22773111015558245 0.40018786452710631 0.063448976543731994
0.2544736251235008 0.22773111015558245 0.40170898400247101 0.002819054833613336
0.28109065857715904 0.4835750166326761 0.40018786452710631 0.002819054833613336
0.052441709768027069 0.30787617862224581 0.20740009658038616 0.0031804105816408993
0.11427185256034135 0.30787617862224581 0.20740009658038616 0.0031804105816408993
0.052441709768027069 0.36704999580979347 0.20740009658038616 0.0031804105816408993
0.052441709768027069 0.30787617862224581 0.24895113743841649 0.0031804105816408993
0.052441709768027069 0.30787617862224581 0.20740009658038616 0.031816429477185014
0.11427185256034135 0.36704999580979347 0.24895113743841649 0.031816429477185014
0.63111390168778592 0.1465209346264601 0.39666375443339352 0.086381527204997838
0.60924304788932204 0.1465209346264601 0.39666375443339352 0.086381527204997838
0.63111390168778592 0.24821973629295827 0.39666375443339352 0.086381527204997838
0.63111390168778592 0.1465209346264601 0.31785201877355573 0.086381527204997838
0.63111390168778592 0.1465209346264601 0.39666375443339352 0.062319968535564846
0.60924304788932204 0.24821973629295827 0.31785201877355573 0.062319968535564846
0.63489775802008808 0.3791033960878849 0.21658704131841661 0.022218159194104376
0.48059810302220279 0.3791033960878849 0.21658704131841661 0.022218159194104376
0.63489775802008808 0.14147580042481422 0.21658704131841661 0.022218159194104376
0.63489775802008808 0.3791033960878849 0.35754453726112845 0.022218159194104376
0.63489775802008808 0.3791033960878849 0.21658704131841661 0.050949432627297939
0.48059810302220279 0.14147580042481422 0.35754453726112845 0.050949432627297939
0.056235368084162476 0.16630781628191471 0.38122910894453532 0.093701127079315494
0.32556495671160512 0.16630781628191471 0.38122910894453532 0.093701127079315494
0.056235368084162476 0.47303657121956355 0.38122910894453532 0.093701127079315494
0.056235368084162476 0.16630781628191471 0.27644578516483309 0.093701127079315494
0.056235368084162476 0.16630781628191471 0.38122910894453532 0.031971948666498065
0.32556495671160512 0.47303657121956355 0.27644578516483309 0.031971948666498065
0.25825748145580291 0.49821030087769036 0.18490607030689718 0.030171321111731233
0.16890155803412199 0.49821030087769036 0.18490607030689718 0.030171321111731233
0.25825748145580291 0.37683013007044797 0.18490607030689718 0.030171321111731233
0.25825748145580291 0.49821030087769036 0.47445070073008544 0.030171321111731233
0.25825748145580291 0.49821030087769036 0.18490607030689718 0.011461386837996544
0.16890155803412199 0.37683013007044797 0.47445070073008544 0.011461386837996544
0.51256320406682787 0.25950520262122156 0.42376745939254767 0.057469107885845007
0.6486377778463065 0.25950520262122156 0.42376745939254767 0.057469107885845007
0.51256320406682787 0.20800141729414465 0.42376745939254767 0.057469107885845007
0.51256320406682787 0.25950520262122156 0.19315778724849225 0.057469107885845007
0.51256320406682787 0.25950520262122156 0.42376745939254767 0.079193403190001843
0.6486377778463065 0.20800141729414465 0.19315778724849225 0.079193403190001843
0.42664726544171566 0.41190593093633654 0.34918272420763974 0.063833163548260935
0.56036631632596257 0.41190593093633654 0.34918272420763974 0.063833163548260935
0.42664726544171566 0.19955004751682281 0.34918272420763974 0.063833163548260935
0.42664726544171566 0.41190593093633654 0.4301445297896862 0.063833163548260935
0.42664726544171566 0.41190593093633654 0.34918272420763974 0.024924794625490906
0.56036631632596257 0.19955004751682281 0.4301445297896862 0.024924794625490906
0.33564367950893931 0.24893325529992583 0.25954031459987165 0.048593521622940901
0.080628859158605334 0.24893325529992583 0.25954031459987165 0.048593521622940901
0.33564367950893931 0.41798966787755487 0.25954031459987165 0.048593521622940901
0.33564367950893931 0.24893325529992583 0.11163390390574933 0.048593521622940901
0.33564367950893931 0.24893325529992583 0.25954031459987165 0.092608471318148075
0.080628859158605334 0.41798966787755487 0.11163390390574933 0.092608471318148075
0.13139120801351964 0.31857987754046918 0.45576488338410859 0.087542515199631452
0.24871804877184328 0.31857987754046918 0.45576488338410859 0.087542515199631452
0.13139120801351964 0.33139027804136278 0.45576488338410859 0.087542515199631452
0.13139120801351964 0.31857987754046918 0.33784774132072926 0.087542515199631452
0.13139120801351964 0.31857987754046918 0.45576488338410859 0.065958192992955453
0.24871804877184328 0.33139027804136278 0.33784774132072926 0.065958192992955453
0.54803834939375518 0.12995421886444092 0.14190391376614572 0.0035663446094840764
0.40375243243761355 0.12995421886444092 0.14190391376614572 0.0035663446094840764
0.54803834939375518 0.25021861307322979 0.14190391376614572 0.0035663446094840764
0.54803834939375518 0.12995421886444092 0.21875002682209016 0.0035663446094840764
0.54803834939375518 0.12995421886444092 0.14190391376614572 0.046932369372807446
0.40375243243761355 0.25021861307322979 0.21875002682209016 0.046932369372807446
0.58324500559829173 0.46378996670246131 0.49800451733171947 0.04112655625678599
0.34973501255735751 0.46378996670246131 0.49800451733171947 0.04112655625678599
0.58324500559829173 0.23865717612206938 0.49800451733171947 0.04112655625678599
0.58324500559829173 0.46378996670246131 0.41704635359346864 0.04112655625678599
0.58324500559829173 0.46378996670246131 0.49800451733171947 0.013462344619445503
0.34973501255735751 0.23865717612206938 0.41704635359346864 0.013462344619445503
0.18755081901326776 0.27517573051154615 0.11225591450929642 0.074732257820665837
0.50478921327739945 0.27517573051154615 0.11225591450929642 0.074732257820665837
0.18755081901326776 0.36958459615707395 0.11225591450929642 0.074732257820665837
0.18755081901326776 0.27517573051154615 0.14814547449350357 0.074732257820665837
0.18755081901326776 0.27517573051154615 0.11225591450929642 0.094209203004837039
0.50478921327739945 0.36958459615707395 0.14814547449350357 0.094209203004837039
0.30991004500538105 0.35728653334081173 0.30383041203022004 0.011226646484807135
0.66269255322404197 0.35728653334081173 0.30383041203022004 0.011226646484807135
0.30991004500538105 0.47986553721129899 0.30383041203022004 0.011226646484807135
0.30991004500538105 0.35728653334081173 0.30250719860196118 0.011226646484807135
0.30991004500538105 0.35728653334081173 0.30383041203022004 0.072974132130853839
0.66269255322404197 0.47986553721129899 0.30250719860196118 0.072974132130853839
0.38124778703786427 0.19437410384416581 0.29230113215744497 0.076450084418058395
0.18297495185397566 0.19437410384416581 0.29230113215744497 0.076450084418058395
0.38124778703786427 0.11118167787790299 0.29230113215744497 0.076450084418058395
0.38124778703786427 0.19437410384416581 0.23380279503762724 0.076450084418058395
0.38124778703786427 0.19437410384416581 0.29230113215744497 0.042430490829050545
0.18297495185397566 0.11118167787790299 0.23380279503762724 0.042430490829050545
0.45640370324254032 0.34676359221339226 0.16776450686156752 0.095125694588758053
0.10739876409061253 0.34676359221339226 0.16776450686156752 0.095125694588758053
0.45640370324254032 0.2960980881005526 0.16776450686156752 0.095125694588758053
0.45640370324254032 0.34676359221339226 0.39603362157940869 0.095125694588758053
0.45640370324254032 0.34676359221339226 0.16776450686156752 0.061639188641682274
0.10739876409061253 0.2960980881005526 0.39603362157940869 0.061639188641682274
0.22305071507580576 0.10802108533680439 0.42851267680525784 0.017264783090911808
0.58711512810550626 0.10802108533680439 0.42851267680525784 0.017264783090911808
0.22305071507580576 0.31517102792859075 0.42851267680525784 0.017264783090911808
0.22305071507580576 0.10802108533680439 0.26454387865960599 0.017264783090911808
0.22305071507580576 0.10802108533680439 0.42851267680525784 0.031143887368030847
0.58711512810550626 0.31517102792859075 0.26454387865960599 0.031143887368030847
0.10163495908491313 0.42748540081083775 0.23684132471680641 0.056237922617234294
0.42032507909461847 0.42748540081083775 0.23684132471680641 0.056237922617234294
0.10163495908491313 0.43457054831087594 0.23684132471680641 0.056237922617234294
0.10163495908491313 0.42748540081083775 0.4844009015709162 0.056237922617234294
0.10163495908491313 0.42748540081083775 0.23684132471680641 0.0036727773118764165
0.42032507909461847 0.43457054831087594 0.4844009015709162 0.0036727773118764165
0.66063127992674708 0.2146035857498646 0.37337093614041805 0.034931314974091951
0.26527211572974918 0.2146035857498646 0.37337093614041805 0.034931314974091951
0.66063127992674708 0.15325401052832605 0.37337093614041805 0.034931314974091951
0.66063127992674708 0.2146035857498646 0.15349593311548235 0.034931314974091951
0.66063127992674708 0.2146035857498646 0.37337093614041805 0.084467975725419822
0.26527211572974918 0.15325401052832605 0.15349593311548235 0.084467975725419822
0.68665688969194882 0.44446894973516471 0.1196591153740883 0.081595751932822175
0.63561546821147197 0.44446894973516471 0.1196591153740883 0.081595751932822175
0.68665688969194882 0.3019587345421314 0.1196591153740883 0.081595751932822175
0.68665688969194882 0.44446894973516471 0.296860683336854 0.081595751932822175
0.68665688969194882 0.44446894973516471 0.1196591153740883 0.0050543408300727606
0.63561546821147197 0.3019587345421314 0.296860683336854 0.0050543408300727606
0.12766043809242544 0.20738738738000395 0.48431392051279543 0.0044857185790315272
0.14066409235820174 0.20738738738000395 0.48431392051279543 0.0044857185790315272
0.12766043809242544 0.28353122957050803 0.48431392051279543 0.0044857185790315272
0.12766043809242544 0.20738738738000395 0.36526717990636826 0.0044857185790315272
0.12766043809242544 0.20738738738000395 0.48431392051279543 0.085795133315958089
0.14066409235820174 0.28353122957050803 0.36526717990636826 0.085795133315958089
0.250345567939803 0.32509309165179734 0.27557638473808765 0.068234580322168767
0.29857657565735279 0.32509309165179734 0.27557638473808765 0.068234580322168767
0.250345567939803 0.16699426993727684 0.27557638473808765 0.068234580322168767
0.250345567939803 0.32509309165179734 0.18525237813591958 0.068234580322168767
0.250345567939803 0.32509309165179734 0.27557638473808765 0.056831561563536526
0.29857657565735279 0.16699426993727684 0.18525237813591958 0.056831561563536526
0.48369838660582892 0.11367690563201904 0.31444936692714692 0.046125744515098634
0.46886579063720996 0.11367690563201904 0.31444936692714692 0.046125744515098634
0.48369838660582892 0.44817804433405406 0.31444936692714692 0.046125744515098634
0.48369838660582892 0.11367690563201904 0.45424365065991879 0.046125744515098634
0.48369838660582892 0.11367690563201904 0.31444936692714692 0.026281854362227023
0.46886579063720996 0.44817804433405406 0.45424365065991879 0.026281854362227023
0.39711668915115289 0.36452133432030676 0.43976719602942471 0.02761026155203581
0.39074934176169329 0.36452133432030676 0.43976719602942471 0.02761026155203581
0.39711668915115289 0.3570177495479584 0.43976719602942471 0.02761026155203581
0.39711668915115289 0.36452133432030676 0.11623149886727334 0.02761026155203581
0.39711668915115289 0.36452133432030676 0.43976719602942471 0.071600133514963096
0.39074934176169329 0.3570177495479584 0.11623149886727334 0.071600133514963096
0.32577911661937831 0.17737272717058661 0.15011272840201856 0.061963809693232182
0.22046136413700879 0.17737272717058661 0.15011272840201856 0.061963809693232182
0.32577911661937831 0.22544487081468106 0.15011272840201856 0.061963809693232182
0.32577911661937831 0.17737272717058661 0.44743438027799132 0.061963809693232182
0.32577911661937831 0.17737272717058661 0.15011272840201856 0.041098765973001723
0.22046136413700879 0.22544487081468106 0.44743438027799132 0.041098765973001723
0.20468957927078008 0.45811554379761221 0.35894721411168573 0.023230815246701241
0.053662171773612502 0.45811554379761221 0.35894721411168573 0.023230815246701241
0.20468957927078008 0.12478918582201004 0.35894721411168573 0.023230815246701241
0.20468957927078008 0.45811554379761221 0.20166792906820774 0.023230815246701241
0.20468957927078008 0.45811554379761221 0.35894721411168573 0.018274538963101807
0.053662171773612502 0.12478918582201004 0.20166792906820774 0.018274538963101807
0.60038389661349356 0.29686405882239342 0.2450738050043583 0.087661078410223137
0.54861231027171009 0.29686405882239342 0.2450738050043583 0.087661078410223137
0.60038389661349356 0.49360578469932082 0.2450738050043583 0.087661078410223137
0.60038389661349356 0.29686405882239342 0.33306728452444079 0.087661078410223137
0.60038389661349356 0.29686405882239342 0.2450738050043583 0.099063671108335263
0.54861231027171009 0.49360578469932082 0.33306728452444079 0.099063671108335263
0.57533303033560512 0.30941694304347039 0.38857656754553316 0.051067641509696844
0.19534388710744677 0.30941694304347039 0.38857656754553316 0.051067641509696844
0.57533303033560512 0.40540831349790096 0.38857656754553316 0.051067641509696844
0.57533303033560512 0.30941694304347039 0.13086778409779073 0.051067641509696844
0.57533303033560512 0.30941694304347039 0.38857656754553316 0.067291614346206188
0.19534388710744677 0.40540831349790096 0.13086778409779073 0.067291614346206188
0.15868605845607817 0.14810363538563254 0.20284079760313034 0.035074300829321149
0.6903138426598161 0.14810363538563254 0.20284079760313034 0.035074300829321149
0.15868605845607817 0.18634767234325411 0.20284079760313034 0.035074300829321149
0.15868605845607817 0.14810363538563254 0.4124609172344208 0.035074300829321149
0.15868605845607817 0.14810363538563254 0.20284079760313034 0.04830806448590011
0.6903138426598161 0.18634767234325411 0.4124609172344208 0.04830806448590011
0.36166916093789037 0.41638386882841594 0.40700070261955268 0.098750581627711664
0.5336608271114528 0.41638386882841594 0.40700070261955268 0.098750581627711664
0.36166916093789037 0.26381008736789224 0.40700070261955268 0.098750581627711664
0.36166916093789037 0.41638386882841594 0.23859541043639185 0.098750581627711664
0.36166916093789037 0.41638386882841594 0.40700070261955268 0.020068630024790767
0.5336608271114528 0.26381008736789224 0.23859541043639185 0.020068630024790767
0.45267287762835617 0.22922226861119271 0.19548311121761799 0.015573440935462715
0.36339270528405898 0.22922226861119271 0.19548311121761799 0.015573440935462715
0.45267287762835617 0.34513892978429794 0.19548311121761799 0.015573440935462715
0.45267287762835617 0.22922226861119271 0.31960145644843579 0.015573440935462715
0.45267287762835617 0.22922226861119271 0.19548311121761799 0.087794580477289857
0.36339270528405898 0.34513892978429794 0.31960145644843579 0.087794580477289857
0.52970209750346831 0.48003065884113316 0.27084895484149457 0.0094359797658398747
0.27765903016552324 0.48003065884113316 0.27084895484149457 0.0094359797658398747
0.52970209750346831 0.45983418412506583 0.27084895484149457 0.0094359797658398747
0.52970209750346831 0.48003065884113316 0.25683348998427391 0.0094359797658398747
0.52970209750346831 0.48003065884113316 0.27084895484149457 0.010135553990490737
0.27765903016552324 0.45983418412506583 0.25683348998427391 0.010135553990490737
0.27539624413475389 0.26869913749396801 0.33158516213297845 0.080174299339763819
0.44792838934808965 0.26869913749396801 0.33158516213297845 0.080174299339763819
0.27539624413475389 0.12889445796608925 0.33158516213297845 0.080174299339763819
0.27539624413475389 0.26869913749396801 0.37563097886741159 0.080174299339763819
0.27539624413475389 0.26869913749396801 0.33158516213297845 0.07781316441483796
0.44792838934808965 0.12889445796608925 0.37563097886741159 0.07781316441483796
0.072104437276721001 0.39884460829198365 0.12752363160252572 0.041368867044337093
0.61600719583220775 0.39884460829198365 0.12752363160252572 0.041368867044337093
0.072104437276721001 0.22175005711615087 0.12752363160252572 0.041368867044337093
0.072104437276721001 0.39884460829198365 0.17371523864567279 0.041368867044337093
0.072104437276721001 0.39884460829198365 0.12752363160252572 0.055810140890069311
0.61600719583220775 0.22175005711615087 0.17371523864567279 0.055810140890069311
0.65076665771193798 0.16179887801408768 0.46404089890420441 0.069462649199180312
0.12103600292466581 0.16179887801408768 0.46404089890420441 0.069462649199180312
0.65076665771193798 0.39042161628603933 0.46404089890420441 0.069462649199180312
0.65076665771193798 0.16179887801408768 0.49231856465339663 0.069462649199180312
0.65076665771193798 0.16179887801408768 0.46404089890420441 0.036778251001611355
0.12103600292466581 0.39042161628603933 0.49231856465339663 0.036778251001611355
0.64845062606036663 0.48835179433226583 0.30879200585186484 0.090348980179056529
0.40699851023964578 0.48835179433226583 0.30879200585186484 0.090348980179056529
0.64845062606036663 0.33850199207663534 0.30879200585186484 0.090348980179056529
0.64845062606036663 0.48835179433226583 0.18046379461884499 0.090348980179056529
0.64845062606036663 0.48835179433226583 0.30879200585186484 0.050393657654523853
0.40699851023964578 0.33850199207663534 0.18046379461884499 0.050393657654523853
0.089615481020882723 0.25041573829948904 0.29493079781532289 0.025122358363121749
0.23673408837057647 0.25041573829948904 0.29493079781532289 0.025122358363121749
0.089615481020882723 0.26963501907885079 0.29493079781532289 0.025122358363121749
0.089615481020882723 0.25041573829948904 0.46137562654912478 0.025122358363121749
0.089615481020882723 0.25041573829948904 0.29493079781532289 0.068492739620618526
0.23673408837057647 0.26963501907885079 0.46137562654912478 0.068492739620618526
0.29355045589618384 0.38272105790674693 0.48971498459577567 0.060832766441628341
0.080081150308251386 0.38272105790674693 0.48971498459577567 0.060832766441628341
0.29355045589618384 0.17971550300717354 0.48971498459577567 0.060832766441628341
0.29355045589618384 0.38272105790674693 0.28758030571043491 0.060832766441628341
0.29355045589618384 0.38272105790674693 0.48971498459577567 0.089795969851315022
0.080081150308251386 0.17971550300717354 0.28758030571043491 0.089795969851315022
0.52674227794632311 0.16913202181458475 0.10007271803915502 0.027229929376393559
0.5750474059022963 0.16913202181458475 0.10007271803915502 0.027229929376393559
0.52674227794632311 0.411241065338254 0.10007271803915502 0.027229929376393559
0.52674227794632311 0.16913202181458475 0.36907844990491867 0.027229929376393559
0.52674227794632311 0.16913202181458475 0.10007271803915502 0.021354740957729521
0.5750474059022963 0.411241065338254 0.36907844990491867 0.021354740957729521
0.44031927189789705 0.32141973376274113 0.22543939314782621 0.045733324428088966
0.64935401156544681 0.32141973376274113 0.22543939314782621 0.045733324428088966
0.44031927189789705 0.3962465301156044 0.22543939314782621 0.045733324428088966
0.44031927189789705 0.32141973376274113 0.20762810148298741 0.045733324428088966
0.44031927189789705 0.32141973376274113 0.22543939314782621 0.076527432796545336
0.64935401156544681 0.3962465301156044 0.20762810148298741 0.076527432796545336
0.36882531316950912 0.13356312029063702 0.36430016234517104 0.067043115216307347
0.15438899816945195 0.13356312029063702 0.36430016234517104 0.067043115216307347
0.36882531316950912 0.21511313728988171 0.36430016234517104 0.067043115216307347
0.36882531316950912 0.13356312029063702 0.32632564753293991 0.067043115216307347
0.36882531316950912 0.13356312029063702 0.36430016234517104 0.0081345435623079547
0.15438899816945195 0.21511313728988171 0.32632564753293991 0.0081345435623079547
0.16648593079298735 0.40283133350312716 0.16961291357874869 0.0064618593724444515
0.3224677271675318 0.40283133350312716 0.16961291357874869 0.0064618593724444515
0.16648593079298735 0.13472719192504884 0.16961291357874869 0.0064618593724444515
0.16648593079298735 0.40283133350312716 0.12433971539139749 0.0064618593724444515
0.16648593079298735 0.40283133350312716 0.16961291357874869 0.035576746781356638
0.3224677271675318 0.13472719192504884 0.12433971539139749 0.035576746781356638
0.56233632438816128 0.23906519860029221 0.43425550572574145 0.084319905634038156
0.49273090683855109 0.23906519860029221 0.43425550572574145 0.084319905634038156
0.56233632438816128 0.45320203267037873 0.43425550572574145 0.084319905634038156
0.56233632438816128 0.23906519860029221 0.44323219917714596 0.084319905634038156
0.56233632438816128 0.23906519860029221 0.43425550572574145 0.053724168406799437
0.49273090683855109 0.45320203267037873 0.44323219917714596 0.053724168406799437
0.61853809263557191 0.35464236885309219 0.17737376391887666 0.071413392691873023
0.26074673132970927 0.35464236885309219 0.17737376391887666 0.071413392691873023
0.61853809263557191 0.44152128212153918 0.17737376391887666 0.071413392691873023
0.61853809263557191 0.35464236885309219 0.24572732672095299 0.071413392691873023
0.61853809263557191 0.35464236885309219 0.17737376391887666 0.087108057571575054
0.26074673132970927 0.44152128212153918 0.24572732672095299 0.087108057571575054
0.20172977545298632 0.19096089862287047 0.41390323229134085 0.044118418046273297
0.43102972805500023 0.19096089862287047 0.41390323229134085 0.044118418046273297
0.20172977545298632 0.1729000613093376 0.41390323229134085 0.044118418046273297
0.20172977545298632 0.19096089862287047 0.3148136001080275 0.044118418046273297
0.20172977545298632 0.19096089862287047 0.41390323229134085 0.0070281615713611249
0.43102972805500023 0.1729000613093376 0.3148136001080275 0.0070281615713611249
0.32346303290687495 0.47266887240111832 0.22079140283167364 0.07975629312451929
0.58894213386811312 0.47266887240111832 0.22079140283167364 0.07975629312451929
0.32346303290687495 0.2768700804561377 0.22079140283167364 0.07975629312451929
0.32346303290687495 0.47266887240111832 0.13467978127300739 0.07975629312451929
0.32346303290687495 0.47266887240111832 0.22079140283167364 0.02751054826937616
0.58894213386811312 0.2768700804561377 0.13467978127300739 0.02751054826937616
0.41462778495624658 0.284848091006279 0.38153981119394309 0.008270100788213313
0.09399697626940906 0.284848091006279 0.38153981119394309 0.008270100788213313
0.41462778495624658 0.30785708725452421 0.38153981119394309 0.008270100788213313
0.41462778495624658 0.284848091006279 0.40318048000335693 0.008270100788213313
0.41462778495624658 0.284848091006279 0.38153981119394309 0.058890341409482065
0.09399697626940906 0.30785708725452421 0.40318048000335693 0.058890341409482065
0.49149831342510875 0.43714897707104683 0.45685684457421305 0.014419643968343734
0.18099893317557869 0.43714897707104683 0.45685684457421305 0.014419643968343734
0.49149831342510875 0.49951158203184609 0.45685684457421305 0.014419643968343734
0.49149831342510875 0.43714897707104683 0.16697423346340656 0.014419643968343734
0.49149831342510875 0.43714897707104683 0.45685684457421305 0.039040362491272393
0.18099893317557869 0.49951158203184609 0.16697423346340656 0.039040362491272393
0.23734880750998855 0.22349811829626562 0.14532704018056394 0.09839300316758455
0.67594533297233284 0.22349811829626562 0.14532704018056394 0.09839300316758455
0.23734880750998855 0.11813241764903069 0.14532704018056394 0.09839300316758455
0.23734880750998855 0.22349811829626562 0.49827858209609988 0.09839300316758455
0.23734880750998855 0.22349811829626562 0.14532704018056394 0.070371815603226431
0.67594533297233284 0.11813241764903069 0.49827858209609988 0.070371815603226431
0.11530684567987919 0.34334086067974567 0.33853723220527177 0.037739260055124763
0.50914621809497473 0.34334086067974567 0.33853723220527177 0.037739260055124763
0.11530684567987919 0.23134322948753835 0.33853723220527177 0.037739260055124763
0.11530684567987919 0.34334086067974567 0.25263115391135216 0.037739260055124763
0.11530684567987919 0.34334086067974567 0.33853723220527177 0.097089474371634427
0.50914621809497473 0.23134322948753835 0.25263115391135216 0.097089474371634427
0.69381302860565475 0.10539181157946587 0.25278924927115443 0.052982127169147138
0.33886197917163369 0.10539181157946587 0.25278924927115443 0.052982127169147138
0.69381302860565475 0.35035659447312362 0.25278924927115443 0.052982127169147138
0.69381302860565475 0.10539181157946587 0.38373982720077038 0.052982127169147138
0.69381302860565475 0.10539181157946587 0.25278924927115443 0.016961238343268636
0.33886197917163369 0.35035659447312362 0.38373982720077038 0.016961238343268636
0.67794395457021883 0.33494893908500672 0.40571953244507319 0.0016737607289105654
0.54679010137915607 0.33494893908500672 0.40571953244507319 0.0016737607289105654
0.67794395457021883 0.10536892339587212 0.40571953244507319 0.0016737607289105654
0.67794395457021883 0.33494893908500672 0.46615332290530209 0.0016737607289105654
0.67794395457021883 0.33494893908500672 0.40571953244507319 0.095715864474885171
0.54679010137915607 0.10536892339587212 0.46615332290530209 0.095715864474885171
0.099437950830906618 0.12276371233165265 0.19184636175632477 0.084854143574833868
0.0670786795206368 0.12276371233165265 0.19184636175632477 0.084854143574833868
0.099437950830906618 0.48649020232260232 0.19184636175632477 0.084854143574833868
0.099437950830906618 0.12276371233165265 0.19754922501742841 0.084854143574833868
0.099437950830906618 0.12276371233165265 0.19184636175632477 0.015629902206361294
0.0670786795206368 0.48649020232260232 0.19754922501742841 0.015629902206361294
0.22020990923047062 0.44084784351289275 0.39904505759477615 0.048973007762804631
0.22498194198124111 0.44084784351289275 0.39904505759477615 0.048973007762804631
0.22020990923047062 0.36376402154564857 0.39904505759477615 0.048973007762804631
0.22020990923047062 0.44084784351289275 0.35178582854568963 0.048973007762804631
0.22020990923047062 0.44084784351289275 0.39904505759477615 0.043852166640572253
0.22498194198124111 0.36376402154564857 0.35178582854568963 0.043852166640572253
0.47435955558903509 0.20455973595380783 0.20939044691622258 0.06496354221552611
0.38002996318973598 0.20455973595380783 0.20939044691622258 0.06496354221552611
0.47435955558903509 0.24527707286179068 0.20939044691622258 0.06496354221552611
0.47435955558903509 0.20455973595380783 0.28298605382442477 0.06496354221552611
0.47435955558903509 0.20455973595380783 0.20939044691622258 0.075225893512368205
0.38002996318973598 0.24527707286179068 0.28298605382442477 0.075225893512368205
0.3886023083701729 0.45527913197875025 0.13485452197492123 0.058659914308227604
0.46449406105093649 0.45527913197875025 0.13485452197492123 0.058659914308227604
0.3886023083701729 0.1598786935210228 0.13485452197492123 0.058659914308227604
0.3886023083701729 0.45527913197875025 0.34653603024780755 0.058659914308227604
0.3886023083701729 0.45527913197875025 0.13485452197492123 0.028891746671870354
0.46449406105093649 0.1598786935210228 0.34653603024780755 0.028891746671870354
0.29743741587735711 0.29325860328972342 0.47372812405228615 0.030562889262102547
0.30944479764439159 0.29325860328972342 0.47372812405228615 0.030562889262102547
0.29743741587735711 0.42875777594745157 0.47372812405228615 0.030562889262102547
0.29743741587735711 0.29325860328972342 0.21553075015544892 0.030562889262102547
0.29743741587735711 0.29325860328972342 0.47372812405228615 0.060217133884318173
0.30944479764439159 0.42875777594745157 0.21553075015544892 0.060217133884318173
0.1744350993540138 0.37359859086573122 0.26643097028136253 0.090976497621275493
0.14265482611954211 0.37359859086573122 0.26643097028136253 0.090976497621275493
0.1744350993540138 0.32179094254970553 0.26643097028136253 0.090976497621275493
0.1744350993540138 0.37359859086573122 0.43551289960742001 0.090976497621275493
0.1744350993540138 0.37359859086573122 0.26643097028136253 0.082300797084346414
0.14265482611954211 0.32179094254970553 0.43551289960742001 0.082300797084346414
0.59124323735013606 0.18724344149231911 0.33108525089919572 0.020240983537398279
0.62236749017611137 0.18724344149231911 0.33108525089919572 0.020240983537398279
0.59124323735013606 0.29027749560773375 0.33108525089919572 0.020240983537398279
0.59124323735013606 0.18724344149231911 0.10392204634845258 0.020240983537398279
0.59124323735013606 0.18724344149231911 0.33108525089919572 0.0021664951564744116
0.62236749017611137 0.29027749560773375 0.10392204634845258 0.0021664951564744116
0.54519756897352634 0.41902535036206245 0.28680131435394285 0.032180721732787791
0.1215984268579632 0.41902535036206245 0.28680131435394285 0.032180721732787791
0.54519756897352634 0.20210777930915358 0.28680131435394285 0.032180721732787791
0.54519756897352634 0.41902535036206245 0.30689869597554209 0.032180721732787791
0.54519756897352634 0.41902535036206245 0.28680131435394285 0.034251279049552982
0.1215984268579632 0.20210777930915358 0.30689869597554209 0.034251279049552982
0.14934703493490814 0.23263279236853124 0.32331872470676903 0.054286710743792356
0.60133090796880417 0.23263279236853124 0.32331872470676903 0.054286710743792356
0.14934703493490814 0.3834746435284615 0.32331872470676903 0.054286710743792356
0.14934703493490814 0.23263279236853124 0.22550469003617765 0.054286710743792356
0.14934703493490814 0.23263279236853124 0.32331872470676903 0.052344294747337705
0.60133090796880417 0.3834746435284615 0.22550469003617765 0.052344294747337705
0.35295641589909788 0.30053461678326132 0.11762149967253209 0.018429814557544888
0.44466758677735918 0.30053461678326132 0.11762149967253209 0.018429814557544888
0.35295641589909788 0.46715037189424036 0.11762149967253209 0.018429814557544888
0.35295641589909788 0.30053461678326132 0.4235858950763941 0.018429814557544888
0.35295641589909788 0.30053461678326132 0.11762149967253209 0.081387774468399593
0.44466758677735918 0.46715037189424036 0.4235858950763941 0.081387774468399593
0.42445019544102247 0.13842785283923151 0.47835746854543693 0.095543037694878888
0.28963817916810508 0.13842785283923151 0.47835746854543693 0.095543037694878888
0.42445019544102247 0.14812470078468323 0.47835746854543693 0.095543037694878888
0.42445019544102247 0.13842785283923151 0.14238682538270953 0.095543037694878888
0.42445019544102247 0.13842785283923151 0.47835746854543693 0.012940479306504132
0.28963817916810508 0.14812470078468323 0.14238682538270953 0.012940479306504132
0.49944742023944849 0.38918445259332657 0.35377199724316599 0.076807005669921644
0.36648512827232477 0.38918445259332657 0.35377199724316599 0.076807005669921644
0.49944742023944849 0.25686312057077887 0.35377199724316599 0.076807005669921644
0.49944742023944849 0.38918445259332657 0.48118099309504037 0.076807005669921644
0.49944742023944849 0.38918445259332657 0.35377199724316599 0.091129002485424285
0.36648512827232477 0.25686312057077887 0.48118099309504037 0.091129002485424285
0.26625577737577255 0.15290776751935484 0.24225493036210538 0.012379590040072799
0.52151329368352883 0.15290776751935484 0.24225493036210538 0.012379590040072799
0.26625577737577255 0.32549664601683614 0.24225493036210538 0.012379590040072799
0.26625577737577255 0.15290776751935484 0.162184377014637 0.012379590040072799
0.26625577737577255 0.15290776751935484 0.24225493036210538 0.022730047351680698
0.52151329368352883 0.32549664601683614 0.162184377014637 0.022730047351680698
0.063589866412803536 0.48345607332885265 0.44785531274974344 0.072817297879606488
0.68960240581072862 0.48345607332885265 0.44785531274974344 0.072817297879606488
0.063589866412803536 0.4246385622769594 0.44785531274974344 0.072817297879606488
0.063589866412803536 0.48345607332885265 0.38832191899418833 0.072817297879606488
0.063589866412803536 0.48345607332885265 0.44785531274974344 0.045537883248180151
0.68960240581072862 0.4246385622769594 0.38832191899418833 0.045537883248180151
0.62242515189573167 0.27133109271526334 0.16211892291903496 0.038460560692474249
0.20987116689793761 0.27133109271526334 0.16211892291903496 0.038460560692474249
0.62242515189573167 0.19366385415196419 0.16211892291903496 0.038460560692474249
0.62242515189573167 0.27133109271526334 0.26991161666810515 0.038460560692474249
0.62242515189573167 0.27133109271526334 0.16211892291903496 0.063679238974116745
0.20987116689793761 0.19366385415196419 0.26991161666810515 0.063679238974116745
0.62299379771575325 0.48397518955171115 0.29442092515528206 0.084523014704696836
0.31764314798638221 0.48397518955171115 0.29442092515528206 0.084523014704696836
0.62299379771575325 0.38436094969511037 0.29442092515528206 0.084523014704696836
0.62299379771575325 0.48397518955171115 0.33714092038571836 0.084523014704696836
0.62299379771575325 0.48397518955171115 0.29442092515528206 0.083536811745725581
0.31764314798638221 0.38436094969511037 0.33714092038571836 0.083536811745725581
0.063998154876753685 0.27100785225629809 0.30789112001657487 0.0066334312977269294
0.48791250716894857 0.27100785225629809 0.30789112001657487 0.0066334312977269294
0.063998154876753685 0.20278683416545393 0.30789112001657487 0.0066334312977269294
0.063998154876753685 0.27100785225629809 0.20623672977089882 0.0066334312977269294
0.063998154876753685 0.27100785225629809 0.30789112001657487 0.0026722428239881993
0.48791250716894857 0.20278683416545393 0.20623672977089882 0.0026722428239881993
0.26822600034065541 0.39026462435722353 0.10102197825908661 0.066853412899188697
0.65473153595812617 0.39026462435722353 0.10102197825908661 0.066853412899188697
0.26822600034065541 0.14744297564029696 0.10102197825908661 0.066853412899188697
0.26822600034065541 0.39026462435722353 0.44486816972494125 0.066853412899188697
0.26822600034065541 0.39026462435722353 0.10102197825908661 0.031661117463372648
0.65473153595812617 0.14744297564029696 0.44486816972494125 0.031661117463372648
0.50157838799059384 0.15163210146129133 0.49027399607002742 0.045524175827391447
0.15976034305058417 0.15163210146129133 0.49027399607002742 0.045524175827391447
0.50157838799059384 0.46626063250005245 0.49027399607002742 0.045524175827391447
0.50157838799059384 0.15163210146129133 0.11337764300405979 0.045524175827391447
0.50157838799059384 0.15163210146129133 0.49027399607002742 0.062280218776315455
0.15976034305058417 0.46626063250005245 0.11337764300405979 0.062280218776315455
0.4248355577234178 0.30078488923609259 0.36490732841193674 0.027050990227609876
0.07537683066911996 0.30078488923609259 0.36490732841193674 0.027050990227609876
0.4248355577234178 0.32617531344294548 0.36490732841193674 0.027050990227609876
0.4248355577234178 0.30078488923609259 0.4505604490637779 0.027050990227609876
0.4248355577234178 0.30078488923609259 0.36490732841193674 0.041837415507063269
0.07537683066911996 0.32617531344294548 0.4505604490637779 0.041837415507063269
0.3534984162077307 0.13798244372010232 0.22643679603934289 0.060637024594470859
0.57034678622148927 0.13798244372010232 0.22643679603934289 0.060637024594470859
0.3534984162077307 0.25774981416761877 0.22643679603934289 0.060637024594470859
0.3534984162077307 0.13798244372010232 0.18185526169836522 0.060637024594470859
0.3534984162077307 0.13798244372010232 0.22643679603934289 0.072408177160657949
0.57034678622148927 0.25774981416761877 0.18185526169836522 0.072408177160657949
0.1515009288676083 0.42027632817626004 0.43320901170372961 0.025336230602115394
0.41241446649655694 0.42027632817626004 0.43320901170372961 0.025336230602115394
0.1515009288676083 0.19277449026703836 0.43320901170372961 0.025336230602115394
0.1515009288676083 0.42027632817626004 0.36744257472455499 0.025336230602115394
0.1515009288676083 0.42027632817626004 0.43320901170372961 0.095258462367579344
0.41241446649655694 0.19277449026703836 0.36744257472455499 0.095258462367579344
0.5471944374497979 0.23157656975090504 0.16895742081105708 0.090533958857879043
0.24214634466916318 0.23157656975090504 0.16895742081105708 0.090533958857879043
0.5471944374497979 0.42395646162331102 0.16895742081105708 0.090533958857879043
0.5471944374497979 0.23157656975090504 0.29854247346520424 0.090533958857879043
0.5471944374497979 0.23157656975090504 0.16895742081105708 0.014345553786493839
0.24214634466916318 0.42395646162331102 0.29854247346520424 0.014345553786493839
0.5932384398765862 0.3746912825852633 0.41294854134321213 0.05316706159152091
0.51452252208255222 0.3746912825852633 0.41294854134321213 0.05316706159152091
0.5932384398765862 0.48717806078493597 0.41294854134321213 0.05316706159152091
0.5932384398765862 0.3746912825852633 0.49058790616691117 0.05316706159152091
0.5932384398765862 0.3746912825852633 0.41294854134321213 0.046049538229592145
0.51452252208255222 0.48717806078493597 0.49058790616691117 0.046049538229592145
0.17659065923653544 0.18595564290881159 0.17680931128561497 0.037953082136809826
0.34423454445786766 0.18595564290881159 0.17680931128561497 0.037953082136809826
0.17659065923653544 0.10624032244086266 0.17680931128561497 0.037953082136809826
0.17659065923653544 0.18595564290881159 0.17149096354842186 0.037953082136809826
0.17659065923653544 0.18595564290881159 0.17680931128561497 0.064909311654046176
0.34423454445786766 0.10624032244086266 0.17149096354842186 0.064909311654046176
0.29798146956600247 0.45580980852246289 0.38205493576824667 0.09819730557687581
0.17617557439953085 0.45580980852246289 0.38205493576824667 0.09819730557687581
0.29798146956600247 0.24440910704433919 0.38205493576824667 0.09819730557687581
0.29798146956600247 0.45580980852246289 0.37897921204566953 0.09819730557687581
0.29798146956600247 0.45580980852246289 0.38205493576824667 0.093174049002118411
0.17617557439953085 0.24440910704433919 0.37897921204566953 0.093174049002118411
0.38898561727255576 0.29292265214025975 0.22169752717018129 0.014240754976868629
0.67112571289762846 0.29292265214025975 0.22169752717018129 0.014240754976868629
0.38898561727255576 0.3630788333714009 0.22169752717018129 0.014240754976868629
0.38898561727255576 0.29292265214025975 0.26046782024204729 0.014240754976868629
0.38898561727255576 0.29292265214025975 0.22169752717018129 0.025517492661252621
0.67112571289762846 0.3630788333714009 0.26046782024204729 0.025517492661252621
0.47648846996016792 0.44211152605712412 0.14638050124049187 0.0080609964439645413
0.59435934927314515 0.44211152605712412 0.14638050124049187 0.0080609964439645413
0.47648846996016792 0.42962881140410902 0.14638050124049187 0.0080609964439645413
0.47648846996016792 0.44211152605712412 0.32250418066978459 0.0080609964439645413
0.47648846996016792 0.44211152605712412 0.14638050124049187 0.078551995031535635
0.59435934927314515 0.42962881140410902 0.32250418066978459 0.078551995031535635
0.22218218557536601 0.20349194705486298 0.45751929394900803 0.079566640964709223
0.099407973419874895 0.20349194705486298 0.45751929394900803 0.079566640964709223
0.22218218557536601 0.16056691557168962 0.45751929394900803 0.079566640964709223
0.22218218557536601 0.20349194705486298 0.24121050126850607 0.079566640964709223
0.22218218557536601 0.20349194705486298 0.45751929394900803 0.010943778718821705
0.099407973419874895 0.16056691557168962 0.24121050126850607 0.010943778718821705
0.099847905244678264 0.33521135002374647 0.25217531882226468 0.044289945715107026
0.25604115254245696 0.33521135002374647 0.25217531882226468 0.044289945715107026
0.099847905244678264 0.28959270678460602 0.25217531882226468 0.044289945715107026
0.099847905244678264 0.33521135002374647 0.40794099979102616 0.044289945715107026
0.099847905244678264 0.33521135002374647 0.25217531882226468 0.032972860440611838
0.25604115254245696 0.28959270678460602 0.40794099979102616 0.032972860440611838
0.67851093444041899 0.12230578921735287 0.33753305152058599 0.071616451605223119
0.42633036752231412 0.12230578921735287 0.33753305152058599 0.071616451605223119
0.67851093444041899 0.32092257738113406 0.33753305152058599 0.071616451605223119
0.67851093444041899 0.12230578921735287 0.12684301957488062 0.071616451605223119
0.67851093444041899 0.12230578921735287 0.33753305152058599 0.051880973893217747
0.42633036752231412 0.32092257738113406 0.12684301957488062 0.051880973893217747
0.69311032225377855 0.34284650422632695 0.19123843349516392 0.020069597489200536
0.14739264515228567 0.34284650422632695 0.19123843349516392 0.020069597489200536
0.69311032225377855 0.17220603972673415 0.19123843349516392 0.020069597489200536
0.69311032225377855 0.34284650422632695 0.22331896536052229 0.020069597489200536
0.69311032225377855 0.34284650422632695 0.19123843349516392 0.037447982918471102
0.14739264515228567 0.17220603972673415 0.22331896536052229 0.037447982918471102
0.11444742381572723 0.1056910313665867 0.40472136586904528 0.090773202673532075
0.62710900916717938 0.1056910313665867 0.40472136586904528 0.090773202673532075
0.11444742381572723 0.44064383916556837 0.40472136586904528 0.090773202673532075
0.11444742381572723 0.1056910313665867 0.34192152544856069 0.090773202673532075
0.11444742381572723 0.1056910313665867 0.40472136586904528 0.056301690443418921
0.62710900916717938 0.44064383916556837 0.34192152544856069 0.056301690443418921
0.23551233513280745 0.43604399785399439 0.21043770313262941 0.030772229640744629
0.45903965597972268 0.43604399785399439 0.21043770313262941 0.030772229640744629
0.23551233513280745 0.30873109698295598 0.21043770313262941 0.030772229640744629
0.23551233513280745 0.43604399785399439 0.10878019630908967 0.030772229640744629
0.23551233513280745 0.43604399785399439 0.21043770313262941 0.076838310468941934
0.45903965597972268 0.30873109698295598 0.10878019630908967 0.076838310468941934
0.48981878901831799 0.22479785270988942 0.39970131404697895 0.058849424847401681
0.30398669261485334 0.22479785270988942 0.39970131404697895 0.058849424847401681
0.48981878901831799 0.27756143175065517 0.39970131404697895 0.058849424847401681
0.48981878901831799 0.22479785270988942 0.42757845707237718 0.058849424847401681
0.48981878901831799 0.22479785270988942 0.39970131404697895 0.0091756882285699247
0.30398669261485334 0.27756143175065517 0.42757845707237718 0.0091756882285699247
0.41374171758070583 0.47239453159272671 0.47423723451793198 0.065159098185598854
0.22975819287821647 0.47239453159272671 0.47423723451793198 0.065159098185598854
0.41374171758070583 0.11725536212325097 0.47423723451793198 0.065159098185598854
0.41374171758070583 0.47239453159272671 0.18976091444492341 0.065159098185598854
0.41374171758070583 0.47239453159272671 0.47423723451793198 0.088706491426564754
0.22975819287821647 0.11725536212325097 0.18976091444492341 0.088706491426564754
0.32273740037344389 0.28531830757856369 0.13575464412570001 0.049152132788673045
0.38481239359825842 0.28531830757856369 0.13575464412570001 0.049152132788673045
0.32273740037344389 0.4988171730190516 0.13575464412570001 0.049152132788673045
0.32273740037344389 0.28531830757856369 0.47076773233711722 0.049152132788673045
0.32273740037344389 0.28531830757856369 0.13575464412570001 0.021092208845540882
0.38481239359825842 0.4988171730190516 0.47076773233711722 0.021092208845540882
0.20007689655758437 0.3534154117107392 0.33013675287365918 0.084668973118066787
0.54145595584996042 0.3534154117107392 0.33013675287365918 0.084668973118066787
0.20007689655758437 0.35104757025837896 0.33013675287365918 0.084668973118066787
0.20007689655758437 0.3534154117107392 0.27812780849635599 0.084668973118066787
0.20007689655758437 0.3534154117107392 0.33013675287365918 0.047767790057696408
0.54145595584996042 0.35104757025837896 0.27812780849635599 0.047767790057696408
0.61672454643994568 0.19199236147105694 0.26587272249162197 0.0014600802678614855
0.061738354479894043 0.19199236147105694 0.26587272249162197 0.0014600802678614855
0.61672454643994568 0.23221761472523214 0.26587272249162197 0.0014600802678614855
0.61672454643994568 0.19199236147105694 0.35972017571330073 0.0014600802678614855
0.61672454643994568 0.19199236147105694 0.26587272249162197 0.066669837241992352
0.061738354479894043 0.23221761472523214 0.35972017571330073 0.066669837241992352
0.56052475408650937 0.40171464495360854 0.32226602584123609 0.038246924487873916
0.68414925988763564 0.40171464495360854 0.32226602584123609 0.038246924487873916
0.56052475408650937 0.26875492371618748 0.32226602584123609 0.038246924487873916
0.56052475408650937 0.40171464495360854 0.15127152167260649 0.038246924487873916
0.56052475408650937 0.40171464495360854 0.32226602584123609 0.099685070926323532
0.68414925988763564 0.26875492371618748 0.15127152167260649 0.099685070926323532
0.16483107600361108 0.24037778079509736 0.28613962866365911 0.072632177580147991
0.20441180272027848 0.24037778079509736 0.28613962866365911 0.072632177580147991
0.16483107600361108 0.33782893344759946 0.28613962866365911 0.072632177580147991
0.16483107600361108 0.24037778079509736 0.48267009332776067 0.072632177580147991
0.16483107600361108 0.24037778079509736 0.28613962866365911 0.018814436105079952
0.20441180272027848 0.33782893344759946 0.48267009332776067 0.018814436105079952
0.36809793720021838 0.32091310173273091 0.47897063679993157 0.012558670809492471
0.37122168815694745 0.32091310173273091 0.47897063679993157 0.012558670809492471
0.36809793720021838 0.41191679425537586 0.47897063679993157 0.012558670809492471
0.36809793720021838 0.32091310173273091 0.26817805916070936 0.012558670809492471
0.36809793720021838 0.32091310173273091 0.47897063679993157 0.04007556517608464
0.37122168815694745 0.41191679425537586 0.26817805916070936 0.04007556517608464
0.43943494795821603 0.13387424014508725 0.11862491667270661 0.077002511482685804
0.52625607182271772 0.13387424014508725 0.11862491667270661 0.077002511482685804
0.43943494795821603 0.18059903159737589 0.11862491667270661 0.077002511482685804
0.43943494795821603 0.13387424014508725 0.39938171841204173 0.077002511482685804
0.43943494795821603 0.13387424014508725 0.11862491667270661 0.070688600589521228
0.52625607182271772 0.18059903159737589 0.39938171841204173 0.070688600589521228
0.52506449697539204 0.38148220665752886 0.24321038350462915 0.095732503977604216
0.43933222084306173 0.38148220665752886 0.24321038350462915 0.095732503977604216
0.52506449697539204 0.21444044224917891 0.24321038350462915 0.095732503977604216
0.52506449697539204 0.38148220665752886 0.23641764074563981 0.095732503977604216
0.52506449697539204 0.38148220665752886 0.24321038350462915 0.027242097410373391
0.43933222084306173 0.21444044224917891 0.23641764074563981 0.027242097410373391
0.29171224008314306 0.17017576619982722 0.35433721356093884 0.018639104778878392
0.28429907453246411 0.17017576619982722 0.35433721356093884 0.018639104778878392
0.29171224008314306 0.39536607116460798 0.35433721356093884 0.018639104778878392
0.29171224008314306 0.17017576619982722 0.30540969111025335 0.018639104778878392
0.29171224008314306 0.17017576619982722 0.35433721356093884 0.057806792795658118
0.28429907453246411 0.39536607116460798 0.30540969111025335 0.057806792795658118
0.088754083262756467 0.48806459978222849 0.16160303615033628 0.054083460052497687
0.12637589816004036 0.48806459978222849 0.16160303615033628 0.054083460052497687
0.088754083262756467 0.45408516190946102 0.16160303615033628 0.054083460052497687
0.088754083262756467 0.48806459978222849 0.1441204782575369 0.054083460052497687
0.088754083262756467 0.48806459978222849 0.16160303615033628 0.085303205738775437
0.12637589816004036 0.45408516190946102 0.1441204782575369 0.085303205738775437
0.64774989560246465 0.25089765824377541 0.44694842472672469 0.032009385841898622
0.60611211797222497 0.25089765824377541 0.44694842472672469 0.032009385841898622
0.64774989560246465 0.13540332019329071 0.44694842472672469 0.032009385841898622
0.64774989560246465 0.25089765824377541 0.41252619102597243 0.032009385841898622
0.64774989560246465 0.25089765824377541 0.44694842472672469 0.0043842308893799788
0.60611211797222497 0.13540332019329071 0.41252619102597243 0.0043842308893799788
0.64990789447911079 0.3993514191359282 0.38017599880695341 0.0033872166331857445
0.24397900933399796 0.3993514191359282 0.38017599880695341 0.0033872166331857445
0.64990789447911079 0.18722527027130129 0.38017599880695341 0.0033872166331857445
0.64990789447911079 0.3993514191359282 0.10067147910594941 0.0033872166331857445
0.64990789447911079 0.3993514191359282 0.38017599880695341 0.018012101264670493
0.24397900933399796 0.18722527027130129 0.10067147910594941 0.018012101264670493
0.071401072293519968 0.16148793697357178 0.21592416949570181 0.087346962179988621
0.39900717474520203 0.16148793697357178 0.21592416949570181 0.087346962179988621
0.071401072293519968 0.40610256157815461 0.21592416949570181 0.087346962179988621
0.071401072293519968 0.16148793697357178 0.43178090043365958 0.087346962179988621
0.071401072293519968 0.16148793697357178 0.21592416949570181 0.09797409826982767
0.39900717474520203 0.40610256157815461 0.43178090043365958 0.09797409826982767
0.27371613858267663 0.48114755004644394 0.42438100315630434 0.048807205034419897
0.5658169826958328 0.48114755004644394 0.42438100315630434 0.048807205034419897
0.27371613858267663 0.34444735199213028 0.42438100315630434 0.048807205034419897
0.27371613858267663 0.48114755004644394 0.21735905520617962 0.048807205034419897
0.27371613858267663 0.48114755004644394 0.42438100315630434 0.069777136722579597
0.5658169826958328 0.34444735199213028 0.21735905520617962 0.069777136722579597
0.52786620627157388 0.26738675795495515 0.18591061383485796 0.064018331054598102
0.086085743783041832 0.26738675795495515 0.18591061383485796 0.064018331054598102
0.52786620627157388 0.26293592266738419 0.18591061383485796 0.064018331054598102
0.52786620627157388 0.26738675795495515 0.34866266176104543 0.064018331054598102
0.52786620627157388 0.26738675795495515 0.18591061383485796 0.038472992789931597
0.086085743783041832 0.26293592266738419 0.34866266176104543 0.038472992789931597
0.45194782624021168 0.41667086072266102 0.2604953564703465 0.057672405784018339
0.16412160717882213 0.41667086072266102 0.2604953564703465 0.057672405784018339
0.45194782624021168 0.12958906963467598 0.2604953564703465 0.057672405784018339
0.45194782624021168 0.41667086072266102 0.28740830533206463 0.057672405784018339
0.45194782624021168 0.41667086072266102 0.2604953564703465 0.05940898918639869
0.16412160717882213 0.12958906963467598 0.28740830533206463 0.05940898918639869
0.36078251241706305 0.22874014601111414 0.34974675439298153 0.030342704209499062
0.64385408828966317 0.22874014601111414 0.34974675439298153 0.030342704209499062
0.36078251241706305 0.46071141846477992 0.34974675439298153 0.030342704209499062
0.36078251241706305 0.22874014601111414 0.35590826198458669 0.030342704209499062
0.36078251241706305 0.22874014601111414 0.34974675439298153 0.028153184913098813
0.64385408828966317 0.46071141846477992 0.35590826198458669 0.028153184913098813
0.15687185362912714 0.31065561547875409 0.14138840250670912 0.093511613589711495
0.48593098940327756 0.31065561547875409 0.14138840250670912 0.093511613589711495
0.15687185362912714 0.38954705223441122 0.14138840250670912 0.093511613589711495
0.15687185362912714 0.31065561547875409 0.19454885423183443 0.093511613589711495
0.15687185362912714 0.31065561547875409 0.14138840250670912 0.0060955799100920558
0.48593098940327756 0.38954705223441122 0.19454885423183443 0.0060955799100920558
0.57368081007152794 0.14705971218645575 0.45485912188887601 0.022008821765892209
0.33090158179402346 0.14705971218645575 0.45485912188887601 0.022008821765892209
0.57368081007152794 0.22105887867510321 0.45485912188887601 0.022008821765892209
0.57368081007152794 0.14705971218645575 0.46363587565720088 0.022008821765892209
0.57368081007152794 0.14705971218645575 0.45485912188887601 0.08610591657459736
0.33090158179402346 0.22105887867510321 0.46363587565720088 0.08610591657459736
0.59872838319279253 0.45922034420073032 0.11164914853870869 0.034722021802328529
0.4257770046126097 0.45922034420073032 0.11164914853870869 0.034722021802328529
0.59872838319279253 0.28420446701347829 0.11164914853870869 0.034722021802328529
0.59872838319279253 0.45922034420073032 0.27238018065690994 0.034722021802328529
0.59872838319279253 0.45922034420073032 0.11164914853870869 0.054726686690002684
0.4257770046126097 0.28420446701347829 0.27238018065690994 0.054726686690002684
0.20287866760045287 0.29556414559483529 0.49700673818588259 0.056048459284938873
0.2707277412060648 0.29556414559483529 0.49700673818588259 0.056048459284938873
0.20287866760045287 0.30283903256058697 0.49700673818588259 0.056048459284938873
0.20287866760045287 0.29556414559483529 0.39127341844141483 0.056048459284938873
0.20287866760045287 0.29556414559483529 0.49700673818588259 0.036509705728851261
0.2707277412060648 0.30283903256058697 0.39127341844141483 0.036509705728851261
0.32489537382498379 0.36501548811793327 0.29334728568792345 0.017436121932230892
0.1026584655046463 0.36501548811793327 0.29334728568792345 0.017436121932230892
0.32489537382498379 0.44729431308805945 0.29334728568792345 0.017436121932230892
0.32489537382498379 0.36501548811793327 0.15801307521760466 0.017436121932230892
0.32489537382498379 0.36501548811793327 0.29334728568792345 0.0074915288947522644
0.1026584655046463 0.44729431308805945 0.15801307521760466 0.0074915288947522644
0.3963887320365756 0.17707330472767355 0.3044863168150187 0.095328942329622815
0.58237112956121562 0.17707330472767355 0.3044863168150187 0.095328942329622815
0.3963887320365756 0.16631836220622065 0.3044863168150187 0.095328942329622815
0.3963887320365756 0.17707330472767355 0.47670986130833626 0.095328942329622815
0.3963887320365756 0.17707330472767355 0.3044863168150187 0.076008406995795669
0.58237112956121562 0.16631836220622065 0.47670986130833626 0.076008406995795669
0.48185958964750164 0.32632025144994259 0.42902294956147669 0.07663520766794682
0.66802421920001498 0.32632025144994259 0.42902294956147669 0.07663520766794682
0.48185958964750164 0.22632555626332762 0.42902294956147669 0.07663520766794682
0.48185958964750164 0.32632025144994259 0.14030907712876797 0.07663520766794682
0.48185958964750164 0.32632025144994259 0.42902294956147669 0.021921733372844757
0.66802421920001498 0.22632555626332762 0.14030907712876797 0.021921733372844757
0.24866836811415849 0.1126456454396248 0.16866501644253731 0.01144027973897755
0.18831279734149575 0.1126456454396248 0.16866501644253731 0.01144027973897755
0.24866836811415849 0.35769059956073768 0.16866501644253731 0.01144027973897755
0.24866836811415849 0.1126456454396248 0.42180646136403088 0.01144027973897755
0.24866836811415849 0.1126456454396248 0.16866501644253731 0.090390271445736289
0.18831279734149575 0.35769059956073768 0.42180646136403088 0.090390271445736289
0.12696036626584828 0.44474346935749054 0.37242133542895317 0.074536749057471763
0.34495628210715945 0.44474346935749054 0.37242133542895317 0.074536749057471763
0.12696036626584828 0.49292950145900249 0.37242133542895317 0.074536749057471763
0.12696036626584828 0.44474346935749054 0.22928555756807328 0.074536749057471763
0.12696036626584828 0.44474346935749054 0.37242133542895317 0.067608493746258325
0.34495628210715945 0.49292950145900249 0.22928555756807328 0.067608493746258325
0.6857948333024978 0.20691734962165356 0.23628272525966168 0.040947478437796239
0.50000430331565437 0.20691734962165356 0.23628272525966168 0.040947478437796239
0.6857948333024978 0.12390583008527756 0.23628272525966168 0.040947478437796239
0.6857948333024978 0.20691734962165356 0.31019814349710939 0.040947478437796239
0.6857948333024978 0.20691734962165356 0.23628272525966168 0.049343172756955031
0.50000430331565437 0.12390583008527756 0.31019814349710939 0.049343172756955031
0.66103890975937241 0.42695452161133296 0.48335811495780945 0.087856823207810519
0.05848305099643767 0.42695452161133296 0.48335811495780945 0.087856823207810519
0.66103890975937241 0.36890533864498143 0.48335811495780945 0.087856823207810519
0.66103890975937241 0.42695452161133296 0.43950034826993944 0.087856823207810519
0.66103890975937241 0.42695452161133296 0.48335811495780945 0.063140571055002509
0.05848305099643767 0.36890533864498143 0.43950034826993944 0.063140571055002509
0.10220426353625953 0.21493933424353601 0.1190943229943514 0.02340975144505501
0.55342945079319172 0.21493933424353601 0.1190943229943514 0.02340975144505501
0.10220426353625953 0.23777069114148619 0.1190943229943514 0.02340975144505501
0.10220426353625953 0.21493933424353601 0.12108928598463536 0.02340975144505501
0.10220426353625953 0.21493933424353601 0.1190943229943514 0.044917523825541143
0.55342945079319172 0.23777069114148619 0.12108928598463536 0.044917523825541143
0.22518226397223767 0.34567072167992596 0.31496564187109471 0.061778828063979746
0.38537055822089311 0.34567072167992596 0.31496564187109471 0.061778828063979746
0.22518226397223767 0.11207159608602524 0.31496564187109471 0.061778828063979746
0.22518226397223767 0.34567072167992596 0.32845241688191895 0.061778828063979746
0.22518226397223767 0.34567072167992596 0.31496564187109471 0.023640351791866125
0.38537055822089311 0.11207159608602524 0.32845241688191895 0.023640351791866125
0.45837334506213656 0.10930870510637761 0.27648290842771528 0.027396392263472083
0.21508631929755206 0.10930870510637761 0.27648290842771528 0.027396392263472083
0.45837334506213656 0.48054746501147749 0.27648290842771528 0.027396392263472083
0.45837334506213656 0.10930870510637761 0.209456554800272 0.027396392263472083
0.45837334506213656 0.10930870510637761 0.27648290842771528 0.092151163624599575
0.21508631929755206 0.48054746501147749 0.209456554800272 0.092151163624599575
0.38178920620121054 0.35702430121600626 0.1511650748550892 0.045954169639386241
0.30327967489138241 0.35702430121600626 0.1511650748550892 0.045954169639386241
0.38178920620121054 0.31428417935967445 0.1511650748550892 0.045954169639386241
0.38178920620121054 0.35702430121600626 0.37320111654698851 0.045954169639386241
0.38178920620121054 0.35702430121600626 0.1511650748550892 0.011967040091753006
0.30327967489138241 0.31428417935967445 0.37320111654698851 0.011967040091753006
0.310295988433063 0.1948322057723999 0.44042930565774441 0.068031474201940001
0.47356267161667343 0.1948322057723999 0.44042930565774441 0.068031474201940001
0.310295988433063 0.29541919417679308 0.44042930565774441 0.068031474201940001
0.310295988433063 0.1948322057723999 0.29200280085206032 0.068031474201940001
0.310295988433063 0.1948322057723999 0.44042930565774441 0.080429512265138337
0.47356267161667343 0.29541919417679308 0.29200280085206032 0.080429512265138337
0.18954834612086413 0.46252648681402209 0.24446102492511274 0.0046948701301589612
0.6301957732532173 0.46252648681402209 0.24446102492511274 0.0046948701301589612
0.18954834612086413 0.15393633767962456 0.24446102492511274 0.0046948701301589612
0.18954834612086413 0.46252648681402209 0.458858422935009 0.0046948701301589612
0.18954834612086413 0.46252648681402209 0.24446102492511274 0.053012611933052546
0.6301957732532173 0.15393633767962456 0.458858422935009 0.053012611933052546
0.58539824089966708 0.27624372206628323 0.35794343277812002 0.081785451299510897
0.13525061565451324 0.27624372206628323 0.35794343277812002 0.081785451299510897
0.58539824089966708 0.43546006716787822 0.35794343277812002 0.081785451299510897
0.58539824089966708 0.27624372206628323 0.17746365703642369 0.081785451299510897
0.58539824089966708 0.27624372206628323 0.35794343277812002 0.03474122504424304
0.13525061565451324 0.43546006716787822 0.17746365703642369 0.03474122504424304
0.55019456790760157 0.31749990843236447 0.20233128853142263 0.069652304309420293
0.61062719188630576 0.31749990843236447 0.20233128853142263 0.069652304309420293
0.55019456790760157 0.4721649456769228 0.20233128853142263 0.069652304309420293
0.55019456790760157 0.31749990843236447 0.38669117689132693 0.069652304309420293
0.55019456790760157 0.31749990843236447 0.20233128853142263 0.0016761711379513146
0.61062719188630576 0.4721649456769228 0.38669117689132693 0.0016761711379513146
0.13338575190864504 0.13123008757829668 0.38767682015895844 0.041577968438155949
0.11566217849031091 0.13123008757829668 0.38767682015895844 0.041577968438155949
0.13338575190864504 0.14078778699040415 0.38767682015895844 0.041577968438155949
0.13338575190864504 0.13123008757829668 0.25509958155453205 0.041577968438155949
0.13338575190864504 0.13123008757829668 0.38767682015895844 0.081632101874798538
0.11566217849031091 0.14078778699040415 0.25509958155453205 0.081632101874798538
0.33602640726603561 0.41138699352741248 0.19643194824457169 0.079971237475983808
0.28248112979345019 0.41138699352741248 0.19643194824457169 0.079971237475983808
0.33602640726603561 0.2086867604404688 0.19643194824457169 0.079971237475983808
0.33602640726603561 0.41138699352741248 0.49380731396377087 0.079971237475983808
0.33602640726603561 0.41138699352741248 0.19643194824457169 0.06117577337380499
0.28248112979345019 0.2086867604404688 0.49380731396377087 0.06117577337380499
0.42719190027564757 0.24925667457282544 0.40755853988230228 0.0092644550474360599
0.45274430946446947 0.24925667457282544 0.40755853988230228 0.0092644550474360599
0.42719190027564757 0.37769832238554957 0.40755853988230228 0.0092644550474360599
0.42719190027564757 0.24925667457282544 0.16280278190970421 0.0092644550474360599
0.42719190027564757 0.24925667457282544 0.40755853988230228 0.029865563172847037
0.45274430946446947 0.37769832238554957 0.16280278190970421 0.029865563172847037
0.51453606155700982 0.49695914424955845 0.33219269178807737 0.01535961590334773
0.528242391301319 0.49695914424955845 0.33219269178807737 0.01535961590334773
0.51453606155700982 0.41730126701295378 0.33219269178807737 0.01535961590334773
0.51453606155700982 0.49695914424955845 0.40140081457793719 0.01535961590334773
0.51453606155700982 0.49695914424955845 0.33219269178807737 0.074204110397025944
0.528242391301319 0.41730126701295378 0.40140081457793719 0.074204110397025944
0.26038581468164917 0.26056124642491341 0.27184749618172643 0.098565650155767806
0.35797796943224963 0.26056124642491341 0.27184749618172643 0.098565650155767806
0.26038581468164917 0.19867880940437319 0.27184749618172643 0.098565650155767806
0.26038581468164917 0.26056124642491341 0.13260178789496424 0.098565650155767806
0.26038581468164917 0.26056124642491341 0.27184749618172643 0.042942240224219864
0.35797796943224963 0.19867880940437319 0.13260178789496424 0.042942240224219864
0.056801689323037863 0.37885292097926138 0.46299398168921468 0.035253192771226169
0.20004572719335556 0.37885292097926138 0.46299398168921468 0.035253192771226169
0.056801689323037863 0.25108718089759352 0.46299398168921468 0.035253192771226169
0.056801689323037863 0.37885292097926138 0.31811280250549318 0.035253192771226169
0.056801689323037863 0.37885292097926138 0.46299398168921468 0.016249884342774749
0.20004572719335556 0.25108718089759352 0.31811280250549318 0.016249884342774749
0.63530837106518445 0.16675302274525167 0.12686696462333202 0.051263336149975663
0.6950119827874004 0.16675302274525167 0.12686696462333202 0.051263336149975663
0.63530837106518445 0.33207524567842484 0.12686696462333202 0.051263336149975663
0.63530837106518445 0.16675302274525167 0.24950796253979207 0.051263336149975663
0.63530837106518445 0.16675302274525167 0.12686696462333202 0.096254155107773839
0.6950119827874004 0.33207524567842484 0.24950796253979207 0.096254155107773839
0.62898556846193965 0.30916369408369065 0.46006544567644603 0.042736112218350178
0.40513654979877167 0.30916369408369065 0.46006544567644603 0.042736112218350178
0.62898556846193965 0.42626958303153517 0.46006544567644603 0.042736112218350178
0.62898556846193965 0.30916369408369065 0.27514432221651075 0.042736112218350178
0.62898556846193965 0.30916369408369065 0.46006544567644603 0.091457850120030354
0.40513654979877167 0.42626958303153517 0.27514432221651075 0.091457850120030354
0.050468852277845144 0.14542815051972868 0.14853559285402299 0.070041082551702855
0.25010838196612895 0.14542815051972868 0.14853559285402299 0.070041082551702855
0.050468852277845144 0.15764867812395097 0.14853559285402299 0.070041082551702855
0.050468852277845144 0.14542815051972868 0.35653908587992189 0.070041082551702855
0.050468852277845144 0.14542815051972868 0.14853559285402299 0.022979587245732548
0.25010838196612895 0.15764867812395097 0.35653908587992189 0.022979587245732548
0.25406301207840443 0.41508739702403552 0.34176948368549348 0.0096518639214336864
0.08201935701072216 0.41508739702403552 0.34176948368549348 0.0096518639214336864
0.25406301207840443 0.29287562929093836 0.34176948368549348 0.0096518639214336864
0.25406301207840443 0.41508739702403552 0.19280846677720548 0.0096518639214336864
0.25406301207840443 0.41508739702403552 0.34176948368549348 0.045783826752565801
0.08201935701072216 0.29287562929093836 0.19280846677720548 0.045783826752565801
0.5082032245118171 0.22720014452934267 0.2560214538127184 0.081130656210705643
0.56175059834495189 0.22720014452934267 0.2560214538127184 0.081130656210705643
0.5082032245118171 0.32386218905448916 0.2560214538127184 0.081130656210705643
0.5082032245118171 0.22720014452934267 0.47400677874684338 0.081130656210705643
0.5082032245118171 0.22720014452934267 0.2560214538127184 0.064015064191073182
0.56175059834495189 0.32386218905448916 0.47400677874684338 0.064015064191073182
0.430985558591783 0.47638872042298319 0.18060668520629408 0.099727712291292847
0.64740487933158875 0.47638872042298319 0.18060668520629408 0.099727712291292847
0.430985558591783 0.48425981141626839 0.18060668520629408 0.099727712291292847
0.430985558591783 0.47638872042298319 0.11177589260041715 0.099727712291292847
0.430985558591783 0.47638872042298319 0.18060668520629408 0.033915633624419572
0.64740487933158875 0.48425981141626839 0.11177589260041715 0.033915633624419572
0.33981026359833771 0.26276904679834845 0.41713610514998434 0.015744381745345891
0.16767240064218639 0.26276904679834845 0.41713610514998434 0.015744381745345891
0.33981026359833771 0.10288110598921776 0.41713610514998434 0.015744381745345891
0.33981026359833771 0.26276904679834845 0.43077175095677378 0.015744381745345891
0.33981026359833771 0.26276904679834845 0.41713610514998434 0.05209853140357882
0.16767240064218639 0.10288110598921776 0.43077175095677378 0.05209853140357882
0.13717941022478042 0.3946841556578875 0.22399914637207985 0.051649470622651281
0.32433565403334791 0.3946841556578875 0.22399914637207985 0.051649470622651281
0.13717941022478042 0.24734870679676535 0.22399914637207985 0.051649470622651281
0.13717941022478042 0.3946841556578875 0.22028362303972246 0.051649470622651281
0.13717941022478042 0.3946841556578875 0.22399914637207985 0.081138054413720975
0.32433565403334791 0.24734870679676535 0.22028362303972246 0.081138054413720975
0.55397842423990362 0.15677868947386742 0.38474750779569156 0.03641398068983108
0.47936505922116335 0.15677868947386742 0.38474750779569156 0.03641398068983108
0.55397842423990362 0.36636176779866225 0.38474750779569156 0.03641398068983108
0.55397842423990362 0.15677868947386742 0.33869468308985234 0.03641398068983108
0.55397842423990362 0.15677868947386742 0.38474750779569156 0.012611451880075036
0.47936505922116335 0.36636176779866225 0.33869468308985234 0.012611451880075036
0.57907532206736501 0.44950230047106743 0.22864720672369004 0.023797432311810553
0.26396343829110264 0.44950230047106743 0.22864720672369004 0.023797432311810553
0.57907532206736501 0.32953454181551933 0.22864720672369004 0.023797432311810553
0.57907532206736501 0.44950230047106743 0.14713979661464693 0.023797432311810553
0.57907532206736501 0.44950230047106743 0.22864720672369004 0.029220018972642724
0.26396343829110264 0.32953454181551933 0.14713979661464693 0.029220018972642724
0.18321562530472874 0.21153505928814412 0.36750802434980867 0.089015970318578191
0.41901269927620882 0.21153505928814412 0.36750802434980867 0.089015970318578191
0.18321562530472874 0.26066805161535744 0.36750802434980867 0.089015970318578191
0.18321562530472874 0.21153505928814412 0.41574464030563829 0.089015970318578191
0.18321562530472874 0.21153505928814412 0.36750802434980867 0.060467609064653517
0.41901269927620882 0.26066805161535744 0.41574464030563829 0.060467609064653517
0.30397306960076087 0.33098751343786714 0.17284590490162371 0.028554265157319608
0.58580291294492781 0.33098751343786714 0.17284590490162371 0.028554265157319608
0.30397306960076087 0.18949156776070597 0.17284590490162371 0.028554265157319608
0.30397306960076087 0.33098751343786714 0.23335862271487715 0.028554265157319608
0.30397306960076087 0.33098751343786714 0.17284590490162371 0.08254580530244858
0.58580291294492781 0.18949156776070597 0.23335862271487715 0.08254580530244858
0.37545648538507514 0.11735489442944527 0.43748854398727421 0.062167877561412753
0.10609025130979716 0.11735489442944527 0.43748854398727421 0.062167877561412753
0.37545648538507514 0.42101684994995592 0.43748854398727421 0.062167877561412753
0.37545648538507514 0.11735489442944527 0.30215765163302422 0.062167877561412753
0.37545648538507514 0.11735489442944527 0.43748854398727421 0.0025028957072645427
0.10609025130979716 0.42101684994995592 0.30215765163302422 0.0025028957072645427
0.46216711960732931 0.36650740802288062 0.31202413961291314 0.068417124988511213
0.18412738353945313 0.36650740802288062 0.31202413961291314 0.068417124988511213
0.46216711960732931 0.38727919906377795 0.31202413961291314 0.068417124988511213
0.46216711960732931 0.36650740802288062 0.26517094485461712 0.068417124988511213
0.46216711960732931 0.36650740802288062 0.31202413961291314 0.09537928376346827
0.18412738353945313 0.38727919906377795 0.26517094485461712 0.09537928376346827
0.22896600407548245 0.17870486788451673 0.29816298000514507 0.047115440875291827
0.66383880781941107 0.17870486788451673 0.29816298000514507 0.047115440875291827
0.22896600407548245 0.20614605061709881 0.29816298000514507 0.047115440875291827
0.22896600407548245 0.17870486788451673 0.39617547914385798 0.047115440875291827
0.22896600407548245 0.17870486788451673 0.29816298000514507 0.015384714196436108
0.66383880781941107 0.20614605061709881 0.39617547914385798 0.015384714196436108
0.10599803808145225 0.46080380938947207 0.49292346797883513 0.082947997489944109
0.50593532258644691 0.46080380938947207 0.49292346797883513 0.082947997489944109
0.10599803808145225 0.14450337588787079 0.49292346797883513 0.082947997489944109
0.10599803808145225 0.46080380938947207 0.15434274375438692 0.082947997489944109
0.10599803808145225 0.46080380938947207 0.49292346797883513 0.043601871252059943
0.50593532258644691 0.14450337588787079 0.15434274375438692 0.043601871252059943
0.66482264986261719 0.29710414558649068 0.10328124836087227 0.0050791515484452246
0.35088729895651333 0.29710414558649068 0.10328124836087227 0.0050791515484452246
0.66482264986261719 0.4629776980727911 0.10328124836087227 0.0050791515484452246
0.66482264986261719 0.29710414558649068 0.48593434281647208 0.0050791515484452246
0.66482264986261719 0.29710414558649068 0.10328124836087227 0.0748978013722226
0.35088729895651333 0.4629776980727911 0.48593434281647208 0.0748978013722226
0.68196154087781902 0.46724183931946761 0.35073515214025974 0.055662230029702192
0.54999781996011732 0.46724183931946761 0.35073515214025974 0.055662230029702192
0.68196154087781902 0.21735563986003401 0.35073515214025974 0.055662230029702192
0.68196154087781902 0.46724183931946761 0.36444153785705569 0.055662230029702192
0.68196154087781902 0.46724183931946761 0.35073515214025974 0.039181131836026908
0.54999781996011732 0.21735563986003401 0.36444153785705569 0.039181131836026908
0.12313679833896457 0.28090488053858281 0.23921813219785693 0.033561328666284682
0.055051422584801918 0.28090488053858281 0.23921813219785693 0.033561328666284682
0.12313679833896457 0.39872223585844047 0.23921813219785693 0.033561328666284682
0.12313679833896457 0.28090488053858281 0.29535452015697961 0.033561328666284682
0.12313679833896457 0.28090488053858281 0.23921813219785693 0.070422703235410153
0.055051422584801918 0.39872223585844047 0.29535452015697961 0.070422703235410153
0.24483507568947971 0.3616359073668719 0.44484211802482609 0.094166596584022044
0.22185046966187655 0.3616359073668719 0.44484211802482609 0.094166596584022044
0.24483507568947971 0.45114251039922237 0.44484211802482609 0.094166596584022044
0.24483507568947971 0.3616359073668719 0.45358892492949965 0.094166596584022044
0.24483507568947971 0.3616359073668719 0.44484211802482609 0.097147351387888201
0.22185046966187655 0.45114251039922237 0.45358892492949965 0.097147351387888201
0.47803602172061793 0.19959714040160181 0.15910577662289144 0.017051639700308444
0.39213470616377882 0.19959714040160181 0.15910577662289144 0.017051639700308444
0.47803602172061793 0.13211733400821687 0.15910577662289144 0.017051639700308444
0.47803602172061793 0.19959714040160181 0.18508897051215173 0.017051639700308444
0.47803602172061793 0.19959714040160181 0.15910577662289144 0.017098423100076619
0.39213470616377882 0.13211733400821687 0.18508897051215173 0.017098423100076619
0.40275116874836381 0.34720461815595627 0.2837887894362211 0.011053153737448158
0.4676314997952431 0.34720461815595627 0.2837887894362211 0.011053153737448158
0.40275116874836381 0.27211110033094887 0.2837887894362211 0.011053153737448158
0.40275116874836381 0.34720461815595627 0.44785699658095834 0.011053153737448158
0.40275116874836381 0.34720461815595627 0.2837887894362211 0.086971064777113499
0.4676314997952431 0.27211110033094887 0.44785699658095834 0.086971064777113499
0.33126792246475811 0.1108982738107443 0.32030624672770502 0.075475506060756745
0.29734850064851343 0.1108982738107443 0.32030624672770502 0.075475506060756745
0.33126792246475811 0.34074411913752556 0.32030624672770502 0.075475506060756745
0.33126792246475811 0.1108982738107443 0.11655339226126671 0.075475506060756745
0.33126792246475811 0.1108982738107443 0.32030624672770502 0.0069704761486500504
0.29734850064851343 0.34074411913752556 0.11655339226126671 0.0069704761486500504
0.20924110431224108 0.42859218828380108 0.11458379700779915 0.039789428702555599
0.13943618200719354 0.42859218828380108 0.11458379700779915 0.039789428702555599
0.20924110431224108 0.40863081999123096 0.11458379700779915 0.039789428702555599
0.20924110431224108 0.42859218828380108 0.33410023450851445 0.039789428702555599
0.20924110431224108 0.42859218828380108 0.11458379700779915 0.027459469043649737
0.13943618200719354 0.40863081999123096 0.33410023450851445 0.027459469043649737
0.60510093183256686 0.21642515063285828 0.47531981430947778 0.074147876770235599
0.63438134202733631 0.21642515063285828 0.47531981430947778 0.074147876770235599
0.60510093183256686 0.17765636816620828 0.47531981430947778 0.074147876770235599
0.60510093183256686 0.21642515063285828 0.20299081690609455 0.074147876770235599
0.60510093183256686 0.21642515063285828 0.47531981430947778 0.058749380102381114
0.63438134202733631 0.17765636816620828 0.20299081690609455 0.058749380102381114
0.56984732393175364 0.37731902301311493 0.13181693702936173 0.086184321944601835
0.1197287178132683 0.37731902301311493 0.13181693702936173 0.086184321944601835
0.56984732393175364 0.11434016451239587 0.13181693702936173 0.086184321944601835
0.56984732393175364 0.37731902301311493 0.41095498055219648 0.086184321944601835
0.56984732393175364 0.37731902301311493 0.13181693702936173 0.076669149229303013
0.1197287178132683 0.11434016451239587 0.41095498055219648 0.076669149229303013
0.15304847941733896 0.16516345553100109 0.47069049216806891 0.0030030292598530652
0.6146937336307019 0.16516345553100109 0.47069049216806891 0.0030030292598530652
0.15304847941733896 0.49546100832521922 0.47069049216806891 0.0030030292598530652
0.15304847941733896 0.16516345553100109 0.13004239238798621 0.0030030292598530652
0.15304847941733896 0.16516345553100109 0.47069049216806891 0.0081848676623776546
0.6146937336307019 0.49546100832521922 0.13004239238798621 0.0081848676623776546
0.35694902627728875 0.49532147906720636 0.26341856308281419 0.063632397395558662
0.4466147818602621 0.49532147906720636 0.26341856308281419 0.063632397395558662
0.35694902627728875 0.35399022176861761 0.26341856308281419 0.063632397395558662
0.35694902627728875 0.49532147906720636 0.31943829916417599 0.063632397395558662
0.35694902627728875 0.49532147906720636 0.26341856308281419 0.035635187329724434
0.4466147818602621 0.35399022176861761 0.31943829916417599 0.035635187329724434
0.44812445202842349 0.25907542854547505 0.3280727952718735 0.047646216670982545
0.2763515997678041 0.25907542854547505 0.3280727952718735 0.047646216670982545
0.44812445202842349 0.23550360091030598 0.3280727952718735 0.047646216670982545
0.44812445202842349 0.25907542854547505 0.23794091120362282 0.047646216670982545
0.44812445202842349 0.25907542854547505 0.3280727952718735 0.053860406075604265
0.2763515997678041 0.23550360091030598 0.23794091120362282 0.053860406075604265
0.53422883669845755 0.4066716425120831 0.40270626768469808 0.02918511492572725
0.36454374464228745 0.4066716425120831 0.40270626768469808 0.02918511492572725
0.53422883669845755 0.16884986311197281 0.40270626768469808 0.02918511492572725
0.53422883669845755 0.4066716425120831 0.37595302723348145 0.02918511492572725
0.53422883669845755 0.4066716425120831 0.40270626768469808 0.050257228392176334
0.36454374464228745 0.16884986311197281 0.37595302723348145 0.050257228392176334
0.28008849350735543 0.24459551461040974 0.18883305005729201 0.057283072676509623
0.53480816408991805 0.24459551461040974 0.18883305005729201 0.057283072676509623
0.28008849350735543 0.43772865347564227 0.18883305005729201 0.057283072676509623
0.28008849350735543 0.24459551461040974 0.25725623741745951 0.057283072676509623
0.28008849350735543 0.24459551461040974 0.18883305005729201 0.068434107109904288
0.53480816408991805 0.43772865347564227 0.25725623741745951 0.068434107109904288
0.077763702720403671 0.3128883007913828 0.39600814245641236 0.021621235681697729
0.69146134429611261 0.3128883007913828 0.39600814245641236 0.021621235681697729
0.077763702720403671 0.31201707124710087 0.39600814245641236 0.021621235681697729
0.077763702720403671 0.3128883007913828 0.4936415836215019 0.021621235681697729
0.077763702720403671 0.3128883007913828 0.39600814245641236 0.089745837713591764
0.69146134429611261 0.31201707124710087 0.4936415836215019 0.089745837713591764
0.6562802494037896 0.12646515443921091 0.20635348334908488 0.09235237169638276
0.19649509112350638 0.12646515443921091 0.20635348334908488 0.09235237169638276
0.6562802494037896 0.28050409518182279 0.20635348334908488 0.09235237169638276
0.6562802494037896 0.12646515443921091 0.17474834360182284 0.09235237169638276
0.6562802494037896 0.12646515443921091 0.20635348334908488 0.021213216118514538
0.19649509112350638 0.28050409518182279 0.17474834360182284 0.021213216118514538
0.64391644820570937 0.42494285106658936 0.16453234851360321 0.073018347826786345
0.4938833457883447 0.42494285106658936 0.16453234851360321 0.073018347826786345
0.64391644820570937 0.22968324683606625 0.16453234851360321 0.073018347826786345
0.64391644820570937 0.42494285106658936 0.46208833865821364 0.073018347826786345
0.64391644820570937 0.42494285106658936 0.16453234851360321 0.01007786856777966
0.4938833457883447 0.22968324683606625 0.46208833865821364 0.01007786856777966
0.08493067030794918 0.23628655783832075 0.42528056688606741 0.039407582218758765
0.32361398418433962 0.23628655783832075 0.42528056688606741 0.039407582218758765
0.08493067030794918 0.36061037480831148 0.42528056688606741 0.039407582218758765
0.08493067030794918 0.23628655783832075 0.1804959736764431 0.039407582218758765
0.08493067030794918 0.23628655783832075 0.42528056688606741 0.077676171620376419
0.32361398418433962 0.36061037480831148 0.1804959736764431 0.077676171620376419
0.28787879268638789 0.30554298125207424 0.23363281823694707 0.078164916236884902
0.1555351098999381 0.30554298125207424 0.23363281823694707 0.078164916236884902
0.28787879268638789 0.48964809291064737 0.23363281823694707 0.078164916236884902
0.28787879268638789 0.30554298125207424 0.37001089453697211 0.078164916236884902
0.28787879268638789 0.30554298125207424 0.23363281823694707 0.05566917958296836
0.1555351098999381 0.48964809291064737 0.37001089453697211 0.05566917958296836
0.52124108402058478 0.14260089248418809 0.37016247659921653 0.012943188446573915
0.65050630522891872 0.14260089248418809 0.37016247659921653 0.012943188446573915
0.52124108402058478 0.12096470445394517 0.37016247659921653 0.012943188446573915
0.52124108402058478 0.14260089248418809 0.28900408037006853 0.012943188446573915
0.52124108402058478 0.14260089248418809 0.37016247659921653 0.036727171775884929
0.65050630522891872 0.12096470445394517 0.28900408037006853 0.036727171775884929
0.44579753964208058 0.39184735044837005 0.49479667916893966 0.019026266185566784
0.57373873088508842 0.39184735044837005 0.49479667916893966 0.019026266185566784
0.44579753964208058 0.28712423034012319 0.49479667916893966 0.019026266185566784
0.44579753964208058 0.39184735044837005 0.3252102911472321 0.019026266185566784
0.44579753964208058 0.39184735044837005 0.49479667916893966 0.067342501978389924
0.57373873088508842 0.28712423034012319 0.3252102911472321 0.067342501978389924
0.37447033086791631 0.15317284055054189 0.10904812477529049 0.096892264593392619
0.078768777754157776 0.15317284055054189 0.10904812477529049 0.096892264593392619
0.37447033086791631 0.30619673505425454 0.10904812477529049 0.096892264593392619
0.37447033086791631 0.15317284055054189 0.20641203410923481 0.096892264593392619
0.37447033086791631 0.15317284055054189 0.10904812477529049 0.048448833830654625
0.078768777754157776 0.30619673505425454 0.20641203410923481 0.048448833830654625
0.17119366768747568 0.48546637035906315 0.30059739761054516 0.033167400171980263
0.23542188047431406 0.48546637035906315 0.30059739761054516 0.033167400171980263
0.17119366768747568 0.44435317553579812 0.30059739761054516 0.033167400171980263
0.17119366768747568 0.48546637035906315 0.44267836026847363 0.033167400171980263
0.17119366768747568 0.48546637035906315 0.30059739761054516 0.02020581478159875
0.23542188047431406 0.44435317553579812 0.44267836026847363 0.02020581478159875
0.56689714775420719 0.27264015451073648 0.28906816467642782 0.054472273331135516
0.4056899998802691 0.27264015451073648 0.28906816467642782 0.054472273331135516
0.56689714775420719 0.16303696557879449 0.28906816467642782 0.054472273331135516
0.56689714775420719 0.27264015451073648 0.12407580241560937 0.054472273331135516
0.56689714775420719 0.27264015451073648 0.28906816467642782 0.087852457493543631
0.4056899998802691 0.16303696557879449 0.12407580241560937 0.087852457493543631
0.61289121527224777 0.33362862542271615 0.34594982750713826 0.09193587831407786
0.33762908792123192 0.33362862542271615 0.34594982750713826 0.09193587831407786
0.61289121527224777 0.12623137906193735 0.34594982750713826 0.09193587831407786
0.61289121527224777 0.33362862542271615 0.31484552882611749 0.09193587831407786
0.61289121527224777 0.33362862542271615 0.34594982750713826 0.071541501004248859
0.33762908792123192 0.12623137906193735 0.31484552882611749 0.071541501004248859
0.19625336737371979 0.12076504863798619 0.25630736947059629 0.020453843871131541
0.50791706312447782 0.12076504863798619 0.25630736947059629 0.020453843871131541
0.19625336737371979 0.457791643217206 0.25630736947059629 0.020453843871131541
0.19625336737371979 0.12076504863798619 0.24643981233239176 0.020453843871131541
0.19625336737371979 0.12076504863798619 0.25630736947059629 0.040962336710654204
0.50791706312447782 0.457791643217206 0.24643981233239176 0.040962336710654204
0.31890406920574599 0.44062034375965597 0.45255716294050219 0.059235323101282121
0.67471603271551428 0.44062034375965597 0.45255716294050219 0.059235323101282121
0.31890406920574599 0.39282846078276634 0.45255716294050219 0.059235323101282121
0.31890406920574599 0.44062034375965597 0.40460402816534047 0.059235323101282121
0.31890406920574599 0.44062034375965597 0.45255716294050219 0.018133014123886824
0.67471603271551428 0.39282846078276634 0.40460402816534047 0.018133014123886824
0.40991818839684124 0.20185964629054071 0.13869614638388159 0.031933158995583653
0.17976589663885534 0.20185964629054071 0.13869614638388159 0.031933158995583653
0.40991818839684124 0.2240000043064356 0.13869614638388159 0.031933158995583653
0.40991818839684124 0.20185964629054071 0.13561197556555271 0.031933158995583653
0.40991818839684124 0.20185964629054071 0.13869614638388159 0.099013538970611992
0.17976589663885534 0.2240000043064356 0.13561197556555271 0.099013538970611992
0.49618126447312527 0.45114328414201743 0.21337846480309963 0.05030966306384653
0.095381096052005884 0.45114328414201743 0.21337846480309963 0.05030966306384653
0.49618126447312527 0.18430550694465639 0.21337846480309963 0.05030966306384653
0.49618126447312527 0.45114328414201743 0.49706238359212873 0.05030966306384653
0.49618126447312527 0.45114328414201743 0.21337846480309963 0.0051046649301424623
0.095381096052005884 0.18430550694465639 0.49706238359212873 0.0051046649301424623
0.2418848450295627 0.28821266554296021 0.37802048400044441 0.065548395887948571
0.59033247432671487 0.28821266554296021 0.37802048400044441 0.065548395887948571
0.2418848450295627 0.40274485908448698 0.37802048400044441 0.065548395887948571
0.2418848450295627 0.28821266554296021 0.1658587221056223 0.065548395887948571
0.2418848450295627 0.28821266554296021 0.37802048400044441 0.085936849748715766
0.59033247432671487 0.40274485908448698 0.1658587221056223 0.085936849748715766
0.12080989927053451 0.36993319205939768 0.18167384192347527 0.0018477253606542946
0.43242023317143313 0.36993319205939768 0.18167384192347527 0.0018477253606542946
0.12080989927053451 0.34738848954439161 0.18167384192347527 0.0018477253606542946
0.12080989927053451 0.36993319205939768 0.38347575925290589 0.0018477253606542946
0.12080989927053451 0.36993319205939768 0.18167384192347527 0.056967799232341354
0.43242023317143313 0.34738848954439161 0.38347575925290589 0.056967799232341354
0.69948283215053375 0.18133719265460968 0.42053518407046797 0.085828250416554522
0.26213101577013731 0.18133719265460968 0.42053518407046797 0.085828250416554522
0.69948283215053375 0.2662173192948103 0.42053518407046797 0.085828250416554522
0.69948283215053375 0.18133719265460968 0.25207718387246136 0.085828250416554522
0.69948283215053375 0.18133719265460968 0.42053518407046797 0.026340294910594822
0.26213101577013731 0.2662173192948103 0.25207718387246136 0.026340294910594822
0.67218797686509779 0.35177700743079188 0.27386224269866943 0.036794973761774603
0.62351853195577855 0.35177700743079188 0.27386224269866943 0.036794973761774603
0.67218797686509779 0.41438455544412134 0.27386224269866943 0.036794973761774603
0.67218797686509779 0.35177700743079188 0.1977856393903494 0.036794973761774603
0.67218797686509779 0.35177700743079188 0.27386224269866943 0.061393425297923389
0.62351853195577855 0.41438455544412134 0.1977856393903494 0.061393425297923389
0.093515223171561954 0.19050728268921377 0.33459840305149557 0.052778342357836669
0.14380217036232351 0.19050728268921377 0.33459840305149557 0.052778342357836669
0.093515223171561954 0.19532415866851807 0.33459840305149557 0.052778342357836669
0.093515223171561954 0.19050728268921377 0.46668573692440984 0.052778342357836669
0.093515223171561954 0.19050728268921377 0.33459840305149557 0.030808241942897441
0.14380217036232351 0.19532415866851807 0.46668573692440984 0.030808241942897441
0.21585922800004481 0.47085989452898502 0.13056057132780552 0.013853310697712003
0.31059230654500419 0.47085989452898502 0.13056057132780552 0.013853310697712003
0.21585922800004481 0.25403137020766736 0.13056057132780552 0.013853310697712003
0.21585922800004481 0.47085989452898502 0.28422342687845231 0.013853310697712003
0.21585922800004481 0.47085989452898502 0.13056057132780552 0.0033437498854473236
0.31059230654500419 0.25403137020766736 0.28422342687845231 0.0033437498854473236
0.47015578788705165 0.28372947946190835 0.46707779020071027 0.097037827833555648
0.46564526748843482 0.28372947946190835 0.46707779020071027 0.097037827833555648
0.47015578788705165 0.3353596940636635 0.46707779020071027 0.097037827833555648
0.47015578788705165 0.28372947946190835 0.35292861200869086 0.097037827833555648
0.47015578788705165 0.28372947946190835 0.46707779020071027 0.084218255670741204
0.46564526748843482 0.3353596940636635 0.35292861200869086 0.084218255670741204
0.39277943056076758 0.43143165111541748 0.39161417558789258 0.078404519820585855
0.37872268534265452 0.43143165111541748 0.39161417558789258 0.078404519820585855
0.39277943056076758 0.46881030686199665 0.39161417558789258 0.078404519820585855
0.39277943056076758 0.43143165111541748 0.2141344800591469 0.078404519820585855
0.39277943056076758 0.43143165111541748 0.39161417558789258 0.013711884513497353
0.37872268534265452 0.46881030686199665 0.2141344800591469 0.013711884513497353
0.30176517092622812 0.22003365866839886 0.20587835870683194 0.0076761951968073849
0.22366848220117386 0.22003365866839886 0.20587835870683194 0.0076761951968073849
0.30176517092622812 0.13787106350064279 0.20587835870683194 0.0076761951968073849
0.30176517092622812 0.22003365866839886 0.34562500454485418 0.0076761951968073849
0.30176517092622812 0.22003365866839886 0.20587835870683194 0.094538050639443108
0.22366848220117386 0.13787106350064279 0.34562500454485418 0.094538050639443108
0.18038447252474726 0.33813041411340239 0.41001313440501697 0.071230376141145829
0.065765074454247952 0.33813041411340239 0.41001313440501697 0.071230376141145829
0.18038447252474726 0.21197122074663641 0.41001313440501697 0.071230376141145829
0.18038447252474726 0.33813041411340239 0.10386856757104397 0.071230376141145829
0.18038447252474726 0.33813041411340239 0.41001313440501697 0.073309957347810276
0.065765074454247952 0.21197122074663641 0.10386856757104397 0.073309957347810276
0.59702214123681185 0.1010306105017662 0.1984954945743084 0.043129193201661115
0.54548267824575303 0.1010306105017662 0.1984954945743084 0.043129193201661115
0.59702214123681185 0.38064249977469444 0.1984954945743084 0.043129193201661115
0.59702214123681185 0.1010306105017662 0.43477275446057317 0.043129193201661115
0.59702214123681185 0.1010306105017662 0.1984954945743084 0.042676434333436195
0.54548267824575303 0.38064249977469444 0.43477275446057317 0.042676434333436195
0.54087167358957222 0.49267694503068926 0.44277969785034654 0.0062456914223730569
0.20863687847740947 0.49267694503068926 0.44277969785034654 0.0062456914223730569
0.54087167358957222 0.3172008909285069 0.44277969785034654 0.0062456914223730569
0.54087167358957222 0.49267694503068926 0.22603735439479353 0.0062456914223730569
0.54087167358957222 0.49267694503068926 0.44277969785034654 0.02467960661556572
0.20863687847740947 0.3172008909285069 0.22603735439479353 0.02467960661556572
0.14516805307939648 0.25566185377538209 0.15312527716159821 0.083363832188770179
0.68837433806620529 0.25566185377538209 0.15312527716159821 0.083363832188770179
0.14516805307939648 0.29877384491264825 0.15312527716159821 0.083363832188770179
0.14516805307939648 0.25566185377538209 0.30713533684611322 0.083363832188770179
0.14516805307939648 0.25566185377538209 0.15312527716159821 0.092271890606731188
0.68837433806620529 0.29877384491264825 0.30713533684611322 0.092271890606731188
0.34717565234750503 0.38619829826056962 0.36198489218950269 0.044366361942142253
0.52028539059683676 0.38619829826056962 0.36198489218950269 0.044366361942142253
0.34717565234750503 0.15099214836955072 0.36198489218950269 0.044366361942142253
0.34717565234750503 0.38619829826056962 0.14352983534336092 0.044366361942142253
0.34717565234750503 0.38619829826056962 0.36198489218950269 0.065630100852809847
0.52028539059683676 0.15099214836955072 0.14352983534336092 0.065630100852809847
0.41850268193520601 0.17483618557453157 0.24811153151094914 0.066464398806914696
0.36525100450962777 0.17483618557453157 0.24811153151094914 0.066464398806914696
0.41850268193520601 0.43217561878263955 0.24811153151094914 0.066464398806914696
0.41850268193520601 0.17483618557453157 0.42482351846992972 0.066464398806914696
0.41850268193520601 0.17483618557453157 0.24811153151094914 0.046682073984295136
0.36525100450962777 0.43217561878263955 0.42482351846992972 0.046682073984295136
0.50537200756371015 0.32255150750279427 0.12269593738019467 0.060251409213058653
0.29102369612082835 0.32255150750279427 0.12269593738019467 0.060251409213058653
0.50537200756371015 0.37225997745990758 0.12269593738019467 0.060251409213058653
0.50537200756371015 0.32255150750279427 0.16127348244190218 0.060251409213058653
0.50537200756371015 0.32255150750279427 0.12269593738019467 0.051199907807633283
0.29102369612082835 0.37225997745990758 0.16127348244190218 0.051199907807633283
0.27200989541597664 0.13535931743681431 0.48735078945755961 0.025889778000302614
0.4460568400099873 0.13535931743681431 0.48735078945755961 0.025889778000302614
0.27200989541597664 0.24068741463124754 0.48735078945755961 0.025889778000302614
0.27200989541597664 0.13535931743681431 0.4797848779708147 0.025889778000302614
0.27200989541597664 0.13535931743681431 0.48735078945755961 0.032300220967270435
0.4460568400099873 0.24068741463124754 0.4797848779708147 0.032300220967270435
0.067791774449869988 0.40324928052723408 0.27858955487608911 0.089371377262286847
0.60272001591511071 0.40324928052723408 0.27858955487608911 0.089371377262286847
0.067791774449869988 0.10878713577985764 0.27858955487608911 0.089371377262286847
0.067791774449869988 0.40324928052723408 0.26917162649333481 0.089371377262286847
0.067791774449869988 0.40324928052723408 0.27858955487608911 0.011797787388786674
0.60272001591511071 0.10878713577985764 0.26917162649333481 0.011797787388786674
0.62677769279107443 0.24196661040186884 0.31746258549392226 0.024951890175230803
0.12298379852436482 0.24196661040186884 0.31746258549392226 0.024951890175230803
0.62677769279107443 0.47760328762233262 0.31746258549392226 0.024951890175230803
0.62677769279107443 0.24196661040186884 0.38826857134699821 0.024951890175230803
0.62677769279107443 0.24196661040186884 0.31746258549392226 0.079438411408104009
0.12298379852436482 0.47760328762233262 0.38826857134699821 0.079438411408104009
0.62391639431007206 0.36298328973352911 0.11385930106043816 0.097807308438234042
0.55802749954164022 0.36298328973352911 0.11385930106043816 0.097807308438234042
0.62391639431007206 0.26501732468605044 0.11385930106043816 0.097807308438234042
0.62391639431007206 0.36298328973352911 0.13844866044819357 0.097807308438234042
0.62391639431007206 0.36298328973352911 0.11385930106043816 0.089212504356168218
0.55802749954164022 0.26501732468605044 0.13844866044819357 0.089212504356168218
0.06555534154176712 0.17578575983643532 0.4777326595038176 0.014631460403092208
0.083056983444839722 0.17578575983643532 0.4777326595038176 0.014631460403092208
0.06555534154176712 0.34634615741670133 0.4777326595038176 0.014631460403092208
0.06555534154176712 0.17578575983643532 0.41974844336509709 0.014631460403092208
0.06555534154176712 0.17578575983643532 0.4777326595038176 0.021552997585386039
0.083056983444839722 0.34634615741670133 0.41974844336509709 0.021552997585386039
0.26916810525581236 0.45657741650938988 0.28137305937707424 0.05355649722646922
0.25145355048589407 0.45657741650938988 0.28137305937707424 0.05355649722646922
0.26916810525581236 0.40349608212709431 0.28137305937707424 0.05355649722646922
0.26916810525581236 0.45657741650938988 0.23111242875456811 0.05355649722646922
0.26916810525581236 0.45657741650938988 0.28137305937707424 0.049820767975412315
0.25145355048589407 0.40349608212709431 0.23111242875456811 0.049820767975412315
0.50315512414090335 0.29527719803154473 0.3210274763405323 0.037564449203200644
0.40108622745610767 0.29527719803154473 0.3210274763405323 0.037564449203200644
0.50315512414090335 0.18443543128669262 0.3210274763405323 0.037564449203200644
0.50315512414090335 0.29527719803154473 0.31221651248633864 0.037564449203200644
0.50315512414090335 0.29527719803154473 0.3210274763405323 0.068677402142435312
0.40108622745610767 0.18443543128669262 0.31221651248633864 0.068677402142435312
0.41566102737560862 0.44600698314607146 0.4456616207957268 0.043907354708760983
0.4778538405429571 0.44600698314607146 0.4456616207957268 0.043907354708760983
0.41566102737560862 0.21973463967442514 0.4456616207957268 0.043907354708760983
0.41566102737560862 0.44600698314607146 0.27347155436873438 0.043907354708760983
0.41566102737560862 0.44600698314607146 0.4456616207957268 0.035392085550352934
0.4778538405429571 0.21973463967442514 0.27347155436873438 0.035392085550352934
0.34495878829620774 0.2089743420481682 0.15678858794271947 0.071999844944104552
0.32821992137469347 0.2089743420481682 0.15678858794271947 0.071999844944104552
0.34495878829620774 0.38840618617832667 0.15678858794271947 0.071999844944104552
0.34495878829620774 0.2089743420481682 0.3925623934715986 0.071999844944104552
0.34495878829620774 0.2089743420481682 0.15678858794271947 0.054297059745527808
0.32821992137469347 0.38840618617832667 0.3925623934715986 0.054297059745527808
0.1423068514559418 0.32663123011589051 0.35304983742535112 0.0084456588365137593
0.17124912589788435 0.32663123011589051 0.35304983742535112 0.0084456588365137593
0.1423068514559418 0.46094929799437523 0.35304983742535112 0.0084456588365137593
0.1423068514559418 0.32663123011589051 0.15697966106235983 0.0084456588365137593
0.1423068514559418 0.32663123011589051 0.35304983742535112 0.076329174509271985
0.17124912589788435 0.46094929799437523 0.15697966106235983 0.076329174509271985
0.53863529879599803 0.1152637790888548 0.23839498162269593 0.07918268649093807
0.64622088419273493 0.1152637790888548 0.23839498162269593 0.07918268649093807
0.53863529879599803 0.13000955916941168 0.23839498162269593 0.07918268649093807
0.53863529879599803 0.1152637790888548 0.47548494935035712 0.07918268649093807
0.53863529879599803 0.1152637790888548 0.23839498162269593 0.0087180077666416771
0.64622088419273493 0.13000955916941168 0.47548494935035712 0.0087180077666416771
0.59416064904071386 0.47849262766540057 0.39527675323188305 0.06724294386990369
0.10982560985721647 0.47849262766540057 0.39527675323188305 0.06724294386990369
0.59416064904071386 0.16822819896042346 0.39527675323188305 0.06724294386990369
0.59416064904071386 0.47849262766540057 0.28539835251867773 0.06724294386990369
0.59416064904071386 0.47849262766540057 0.39527675323188305 0.027699766439385716
0.10982560985721647 0.16822819896042346 0.28539835251867773 0.027699766439385716
0.17814776841551067 0.26711218059062958 0.20875953659415247 0.04513544718921185
0.58477751235477626 0.26711218059062958 0.20875953659415247 0.04513544718921185
0.17814776841551067 0.44941198602318766 0.20875953659415247 0.04513544718921185
0.17814776841551067 0.26711218059062958 0.35409743636846547 0.04513544718921185
0.17814776841551067 0.26711218059062958 0.20875953659415247 0.058315917322412134
0.58477751235477626 0.44941198602318766 0.35409743636846547 0.058315917322412134
0.29892380693927406 0.39730646759271626 0.4002973772585392 0.084132924074307086
0.41766023011878128 0.39730646759271626 0.4002973772585392 0.084132924074307086
0.29892380693927406 0.30006251372396947 0.4002973772585392 0.084132924074307086
0.29892380693927406 0.39730646759271626 0.19661681428551675 0.084132924074307086
0.29892380693927406 0.39730646759271626 0.4002973772585392 0.087307848607189958
0.41766023011878128 0.30006251372396947 0.19661681428551675 0.087307848607189958
0.39056289582513265 0.16021200679242611 0.18956122063100339 0.0070242298468947417
0.26800649389624592 0.16021200679242611 0.18956122063100339 0.0070242298468947417
0.39056289582513265 0.28163502141833308 0.18956122063100339 0.0070242298468947417
0.39056289582513265 0.16021200679242611 0.46551081202924249 0.0070242298468947417
0.39056289582513265 0.16021200679242611 0.18956122063100339 0.0064401404280215501
0.26800649389624592 0.28163502141833308 0.46551081202924249 0.0064401404280215501
0.46731432704254977 0.31095498688519002 0.26424337960779665 0.025720987224020067
0.35239125574007624 0.31095498688519002 0.26424337960779665 0.025720987224020067
0.46731432704254977 0.12280046008527279 0.26424337960779665 0.025720987224020067
0.46731432704254977 0.31095498688519002 0.10191238895058632 0.025720987224020067
0.46731432704254977 0.31095498688519002 0.26424337960779665 0.097677493855357178
0.35239125574007624 0.12280046008527279 0.10191238895058632 0.097677493855357178
0.21364263514988124 0.14969060346484186 0.32576102167367937 0.090149910523556184
0.50204374976456156 0.14969060346484186 0.32576102167367937 0.090149910523556184
0.21364263514988124 0.49161706864833832 0.32576102167367937 0.090149910523556184
0.21364263514988124 0.14969060346484186 0.43282268308103089 0.090149910523556184
0.21364263514988124 0.14969060346484186 0.32576102167367937 0.016761446016840639
0.50204374976456156 0.49161706864833832 0.43282268308103089 0.016761446016840639
0.090653595374897117 0.41792199686169629 0.13412625491619112 0.026668304623104634
0.66027430356480177 0.41792199686169629 0.13412625491619112 0.026668304623104634
0.090653595374897117 0.35814887396991257 0.13412625491619112 0.026668304623104634
0.090653595374897117 0.41792199686169629 0.21608455218374731 0.026668304623104634
0.090653595374897117 0.41792199686169629 0.13412625491619112 0.039614787869155413
0.66027430356480177 0.35814887396991257 0.21608455218374731 0.039614787869155413
0.66995125338435169 0.23080912865698339 0.469862075522542 0.061020512900315231
0.18532364326529205 0.23080912865698339 0.469862075522542 0.061020512900315231
0.66995125338435169 0.22657600492239 0.469862075522542 0.061020512900315231
0.66995125338435169 0.23080912865698339 0.34758118242025376 0.061020512900315231
0.66995125338435169 0.23080912865698339 0.469862075522542 0.070182599092833697
0.18532364326529205 0.22657600492239 0.34758118242025376 0.070182599092833697
0.69724640166386953 0.41031896434724335 0.22319242581725121 0.012168438374064863
0.39316251124255353 0.41031896434724335 0.22319242581725121 0.012168438374064863
0.69724640166386953 0.4786620646715164 0.22319242581725121 0.012168438374064863
0.69724640166386953 0.41031896434724335 0.4026539538055659 0.012168438374064863
0.69724640166386953 0.41031896434724335 0.22319242581725121 0.044035318542271856
0.39316251124255353 0.4786620646715164 0.4026539538055659 0.044035318542271856
0.11794860321097075 0.24739520996809006 0.38705344013869769 0.077393546619452538
0.21811751076020297 0.24739520996809006 0.38705344013869769 0.077393546619452538
0.11794860321097075 0.10997821949422359 0.38705344013869769 0.077393546619452538
0.11794860321097075 0.24739520996809006 0.13365579992532731 0.077393546619452538
0.11794860321097075 0.24739520996809006 0.38705344013869769 0.074657535693608224
0.21811751076020297 0.10997821949422359 0.13365579992532731 0.074657535693608224
0.23966795918531714 0.31699301600456242 0.17830363772809507 0.038636219239793719
0.051010921597480774 0.31699301600456242 0.17830363772809507 0.038636219239793719
0.23966795918531714 0.24057164639234543 0.17830363772809507 0.038636219239793719
0.23966795918531714 0.31699301600456242 0.31680170372128491 0.038636219239793719
0.23966795918531714 0.31699301600456242 0.17830363772809507 0.095909589242190132
0.051010921597480774 0.24057164639234543 0.31680170372128491 0.095909589242190132
0.49333947189152233 0.12841609232127668 0.41794609203934674 0.072243591115809982
0.5513528485782444 0.12841609232127668 0.41794609203934674 0.072243591115809982
0.49333947189152233 0.37149908058345316 0.41794609203934674 0.072243591115809982
0.49333947189152233 0.12841609232127668 0.2483898874372244 0.072243591115809982
0.49333947189152233 0.12841609232127668 0.41794609203934674 0.015047947331331669
0.5513528485782444 0.37149908058345316 0.2483898874372244 0.015047947331331669
0.40770132192410524 0.38069035150110719 0.34248272925615308 0.053700915515422824
0.63827546946704383 0.38069035150110719 0.34248272925615308 0.053700915515422824
0.40770132192410524 0.43658973351120955 0.34248272925615308 0.053700915515422824
0.40770132192410524 0.38069035150110719 0.38464458063244822 0.053700915515422824
0.40770132192410524 0.38069035150110719 0.34248272925615308 0.08288275066856296
0.63827546946704383 0.43658973351120955 0.38464458063244822 0.08288275066856296
0.31606241222470993 0.16784584894776344 0.25362138487398622 0.032392638297751547
0.13793478468433024 0.16784584894776344 0.25362138487398622 0.032392638297751547
0.31606241222470993 0.15527320690453053 0.25362138487398622 0.032392638297751547
0.31606241222470993 0.16784584894776344 0.25325211249291901 0.032392638297751547
0.31606241222470993 0.16784584894776344 0.25362138487398622 0.0019727687295526268
0.13793478468433024 0.15527320690453053 0.25325211249291901 0.0019727687295526268
0.19401699500158426 0.49979717358946807 0.46246801801025872 0.096117496080696585
0.29615464541129766 0.49979717358946807 0.46246801801025872 0.096117496080696585
0.19401699500158426 0.29498521611094475 0.46246801801025872 0.096117496080696585
0.19401699500158426 0.49979717358946807 0.49588745571672921 0.096117496080696585
0.19401699500158426 0.49979717358946807 0.46246801801025872 0.029460106150247158
0.29615464541129766 0.29498521611094475 0.49588745571672921 0.029460106150247158
0.61003001607023177 0.26104334183037281 0.14782599508762362 0.018254915008321406
0.47119840369559818 0.26104334183037281 0.14782599508762362 0.018254915008321406
0.61003001607023177 0.3140581671148539 0.14782599508762362 0.018254915008321406
0.61003001607023177 0.26104334183037281 0.1646898999810219 0.018254915008321406
0.61003001607023177 0.26104334183037281 0.14782599508762362 0.060033983273431665
0.47119840369559818 0.3140581671148539 0.1646898999810219 0.060033983273431665
0.56466044606640931 0.3451766360551119 0.49210990183055403 0.031161429425701503
0.27531653279438612 0.3451766360551119 0.49210990183055403 0.031161429425701503
0.56466044606640931 0.37559233792126179 0.49210990183055403 0.031161429425701503
0.56466044606640931 0.3451766360551119 0.37430471964180467 0.031161429425701503
0.56466044606640931 0.3451766360551119 0.49210990183055403 0.080798242704942833
0.27531653279438612 0.37559233792126179 0.37430471964180467 0.080798242704942833
0.16833217791281641 0.10648305341601372 0.10558024570345879 0.058460932981222874
0.45034043528139583 0.10648305341601372 0.10558024570345879 0.058460932981222874
0.16833217791281641 0.2067636139690876 0.10558024570345879 0.058460932981222874
0.16833217791281641 0.10648305341601372 0.29330400526523592 0.058460932981222874
0.16833217791281641 0.10648305341601372 0.10558024570345879 0.0131448022024706
0.45034043528139583 0.2067636139690876 0.29330400526523592 0.0131448022024706
0.37225379371084266 0.42589852884411816 0.30972797945141795 0.019679458914324644
0.61874645561911168 0.42589852884411816 0.30972797945141795 0.019679458914324644
0.37225379371084266 0.14336968399584293 0.30972797945141795 0.019679458914324644
0.37225379371084266 0.42589852884411816 0.45778841301798823 0.019679458914324644
0.37225379371084266 0.42589852884411816 0.30972797945141795 0.033672323102131488
0.61874645561911168 0.14336968399584293 0.45778841301798823 0.033672323102131488
0.4429561732336878 0.21306544579565526 0.29897976480424404 0.091164143580943352
0.1183859537821263 0.21306544579565526 0.29897976480424404 0.091164143580943352
0.4429561732336878 0.47493044361472136 0.29897976480424404 0.091164143580943352
0.4429561732336878 0.21306544579565526 0.17620214931666853 0.091164143580943352
0.4429561732336878 0.21306544579565526 0.29897976480424404 0.052535023537464441
0.1183859537821263 0.47493044361472136 0.17620214931666853 0.052535023537464441
0.51902448874898255 0.46537693552672865 0.17356451191008093 0.085053872098214925
0.1926132234279066 0.46537693552672865 0.17356451191008093 0.085053872098214925
0.51902448874898255 0.33337514363229276 0.17356451191008093 0.085053872098214925
0.51902448874898255 0.46537693552672865 0.43760328814387328 0.085053872098214925
0.51902448874898255 0.46537693552672865 0.17356451191008093 0.045347156117670241
0.1926132234279066 0.33337514363229276 0.43760328814387328 0.045347156117670241
0.28503732942044729 0.2767137736082077 0.43509374707937243 0.0010759839890524744
0.69297496746294196 0.2767137736082077 0.43509374707937243 0.0010759839890524744
0.28503732942044729 0.25220346450805664 0.43509374707937243 0.0010759839890524744
0.28503732942044729 0.2767137736082077 0.11899462454020977 0.0010759839890524744
0.28503732942044729 0.2767137736082077 0.43509374707937243 0.064258196212351321
0.69297496746294196 0.25220346450805664 0.11899462454020977 0.064258196212351321
0.082693949248641735 0.35887339264154439 0.23104445934295656 0.064776649353094407
0.53599471868947146 0.35887339264154439 0.23104445934295656 0.064776649353094407
0.082693949248641735 0.19841658882796764 0.23104445934295656 0.064776649353094407
0.082693949248641735 0.35887339264154439 0.33029146976768975 0.064776649353094407
0.082693949248641735 0.35887339264154439 0.23104445934295656 0.090924678298644729
0.53599471868947146 0.19841658882796764 0.33029146976768975 0.090924678298644729
0.64105482283048332 0.19591223262250423 0.36679301746189596 0.0495352899087593
0.36096957400441165 0.19591223262250423 0.36679301746189596 0.0495352899087593
0.64105482283048332 0.41685619503259663 0.36679301746189596 0.0495352899087593
0.64105482283048332 0.19591223262250423 0.21148710548877717 0.0495352899087593
0.64105482283048332 0.19591223262250423 0.36679301746189596 0.023319577455520633
0.36096957400441165 0.41685619503259663 0.21148710548877717 0.023319577455520633
0.65912196328863493 0.45374099202454088 0.41232492290437228 0.017826407475396992
0.65201022084802385 0.45374099202454088 0.41232492290437228 0.017826407475396992
0.65912196328863493 0.46828155368566515 0.41232492290437228 0.017826407475396992
0.65912196328863493 0.45374099202454088 0.32373212054371836 0.017826407475396992
0.65912196328863493 0.45374099202454088 0.41232492290437228 0.011264641383662819
0.65201022084802385 0.46828155368566515 0.32373212054371836 0.011264641383662819
0.079980512289330369 0.29167173132300378 0.19767068699002266 0.094937948498874908
0.15164350075647234 0.29167173132300378 0.19767068699002266 0.094937948498874908
0.079980512289330369 0.14925587289035322 0.19767068699002266 0.094937948498874908
0.079980512289330369 0.29167173132300378 0.24224083982408048 0.094937948498874908
0.079980512289330369 0.29167173132300378 0.19767068699002266 0.079778380227275195
0.15164350075647234 0.14925587289035322 0.24224083982408048 0.079778380227275195
0.28294971329160029 0.37206055894494061 0.3924426309764385 0.034332685744389892
0.32004959858022625 0.37206055894494061 0.3924426309764385 0.034332685744389892
0.28294971329160029 0.20011911094188692 0.3924426309764385 0.034332685744389892
0.28294971329160029 0.37206055894494061 0.40665505267679691 0.034332685744389892
0.28294971329160029 0.37206055894494061 0.3924426309764385 0.050763260038569576
0.32004959858022625 0.20011911094188692 0.40665505267679691 0.050763260038569576
0.53646518848836422 0.18565648533403875 0.20356907360255719 0.056436992641538383
0.49507971932180217 0.18565648533403875 0.20356907360255719 0.056436992641538383
0.53646518848836422 0.38148596547544 0.20356907360255719 0.056436992641538383
0.53646518848836422 0.18565648533403875 0.12574857026338579 0.056436992641538383
0.53646518848836422 0.18565648533403875 0.20356907360255719 0.032543328647501771
0.49507971932180217 0.38148596547544 0.12574857026338579 0.032543328647501771
0.45098572992719704 0.33648706786334515 0.12815453298389912 0.07491924048680812
0.40942539959214624 0.33648706786334515 0.12815453298389912 0.07491924048680812
0.45098572992719704 0.42274240180850031 0.12815453298389912 0.07491924048680812
0.45098572992719704 0.33648706786334515 0.4885665092617274 0.07491924048680812
0.45098572992719704 0.33648706786334515 0.12815453298389912 0.065386811721138666
0.40942539959214624 0.42274240180850031 0.4885665092617274 0.065386811721138666
0.35918547492474312 0.12435057163238526 0.46780918836593632 0.040564184675924486
0.23439651620574292 0.12435057163238526 0.46780918836593632 0.040564184675924486
0.35918547492474312 0.19176768101751807 0.46780918836593632 0.040564184675924486
0.35918547492474312 0.12435057163238526 0.16966716796159745 0.040564184675924486
0.35918547492474312 0.12435057163238526 0.46780918836593632 0.047118540301918983
0.23439651620574292 0.19176768101751807 0.16966716796159745 0.047118540301918983
0.15589021267369388 0.44238588660955436 0.27313411086797712 0.076250256870873279
0.077416189946234226 0.44238588660955436 0.27313411086797712 0.076250256870873279
0.15589021267369388 0.25809710994362833 0.27313411086797712 0.076250256870873279
0.15589021267369388 0.44238588660955436 0.3810342021286488 0.076250256870873279
0.15589021267369388 0.44238588660955436 0.27313411086797712 0.024339819247834387
0.077416189946234226 0.25809710994362833 0.3810342021286488 0.024339819247834387
0.57206426910124719 0.20614670477807523 0.33700732626020913 0.011824522617273032
0.57778167268261316 0.20614670477807523 0.33700732626020913 0.011824522617273032
0.57206426910124719 0.32673062272369863 0.33700732626020913 0.011824522617273032
0.57206426910124719 0.20614670477807523 0.26233131252229214 0.011824522617273032
0.57206426910124719 0.20614670477807523 0.33700732626020913 0.092805218063294892
0.57778167268261316 0.32673062272369863 0.26233131252229214 0.092805218063294892
0.60794237451627853 0.38764632605016236 0.28090670481324198 0.048417963943444192
0.17825471428222955 0.38764632605016236 0.28090670481324198 0.048417963943444192
0.60794237451627853 0.36487917043268681 0.28090670481324198 0.048417963943444192
0.60794237451627853 0.38764632605016236 0.45163885280489924 0.048417963943444192
0.60794237451627853 0.38764632605016236 0.28090670481324198 0.07355006739124656
0.17825471428222955 0.36487917043268681 0.45163885280489924 0.07355006739124656
0.21145772016607223 0.15132090598344805 0.31664304994046688 0.064406769813038417
0.67860034122131763 0.15132090598344805 0.31664304994046688 0.064406769813038417
0.21145772016607223 0.24639223441481592 0.31664304994046688 0.064406769813038417
0.21145772016607223 0.15132090598344805 0.18313279263675214 0.064406769813038417
0.21145772016607223 0.15132090598344805 0.31664304994046688 0.042242784201167526
0.67860034122131763 0.24639223441481592 0.18313279263675214 0.042242784201167526
0.33412949093617494 0.48191802799701688 0.12351907305419446 0.0037774083158001307
0.51149367457255712 0.48191802799701688 0.12351907305419446 0.0037774083158001307
0.33412949093617494 0.1033535409718752 0.12351907305419446 0.0037774083158001307
0.33412949093617494 0.48191802799701688 0.36639771647751329 0.0037774083158001307
0.33412949093617494 0.48191802799701688 0.12351907305419446 0.0140488556958735
0.51149367457255712 0.1033535409718752 0.36639771647751329 0.0140488556958735
0.40498794671148058 0.26974412612617016 0.48503609523177149 0.086956062578596185
0.33644497413188212 0.26974412612617016 0.48503609523177149 0.086956062578596185
0.40498794671148058 0.48447483256459234 0.48503609523177149 0.086956062578596185
0.40498794671148058 0.26974412612617016 0.29730459153652189 0.086956062578596185
0.40498794671148058 0.26974412612617016 0.48503609523177149 0.094007902271114288
0.33644497413188212 0.48447483256459234 0.29730459153652189 0.094007902271114288
0.4808975708205252 0.4205634895712137 0.35957200825214386 0.093126755915582185
0.25840788064524528 0.4205634895712137 0.35957200825214386 0.093126755915582185
0.4808975708205252 0.31987874917685988 0.35957200825214386 0.093126755915582185
0.4808975708205252 0.4205634895712137 0.33526905961334708 0.093126755915582185
0.4808975708205252 0.4205634895712137 0.35957200825214386 0.0038740797052159905
0.25840788064524528 0.31987874917685988 0.33526905961334708 0.0038740797052159905
0.2470717180520296 0.23421966508030892 0.24883599467575551 0.022392971152439715
0.43345781844109288 0.23421966508030892 0.24883599467575551 0.022392971152439715
0.2470717180520296 0.28836531192064285 0.24883599467575551 0.022392971152439715
0.2470717180520296 0.23421966508030892 0.2041657418012619 0.022392971152439715
0.2470717180520296 0.23421966508030892 0.24883599467575551 0.083881465939804917
0.43345781844109288 0.28836531192064285 0.2041657418012619 0.083881465939804917
0.12597818290814755 0.30207264944911005 0.44205845333635807 0.058054801508784296
0.59167775665409861 0.30207264944911005 0.44205845333635807 0.058054801508784296
0.12597818290814755 0.16108596883714199 0.44205845333635807 0.058054801508784296
0.12597818290814755 0.30207264944911005 0.44668207094073298 0.058054801508784296
0.12597818290814755 0.30207264944911005 0.44205845333635807 0.061826893978752198
0.59167775665409861 0.16108596883714199 0.44668207094073298 0.061826893978752198
0.68417805987410241 0.14001480825245383 0.15554099828004839 0.029959505783393982
0.091330892359837879 0.14001480825245383 0.15554099828004839 0.029959505783393982
0.68417805987410241 0.42996506094932563 0.15554099828004839 0.029959505783393982
0.68417805987410241 0.14001480825245383 0.11538456790149212 0.029959505783393982
0.68417805987410241 0.14001480825245383 0.15554099828004839 0.030567950448021294
0.091330892359837879 0.42996506094932563 0.11538456790149212 0.030567950448021294
0.66703945701010525 0.31983286254107957 0.30299218557775021 0.080361193308606749
0.46176351844333108 0.31983286254107957 0.30299218557775021 0.080361193308606749
0.66703945701010525 0.27573665529489522 0.30299218557775021 0.080361193308606749
0.66703945701010525 0.31983286254107957 0.23453355059027672 0.080361193308606749
0.66703945701010525 0.31983286254107957 0.30299218557775021 0.057401430924423041
0.46176351844333108 0.27573665529489522 0.23453355059027672 0.057401430924423041
0.10883974954485892 0.13202497959136963 0.28834954276680946 0.0088736965134739894
0.31210604351945215 0.13202497959136963 0.28834954276680946 0.0088736965134739894
0.10883974954485892 0.3067236762493849 0.28834954276680946 0.0088736965134739894
0.10883974954485892 0.13202497959136963 0.30332647375762467 0.0088736965134739894
0.10883974954485892 0.13202497959136963 0.28834954276680946 0.026100213633850219
0.31210604351945215 0.3067236762493849 0.30332647375762467 0.026100213633850219
0.23120235828682778 0.40124437659978873 0.49551165327429769 0.069262921782210468
0.14498868379741905 0.40124437659978873 0.49551165327429769 0.069262921782210468
0.23120235828682778 0.44350618124008179 0.49551165327429769 0.069262921782210468
0.23120235828682778 0.40124437659978873 0.14597097523510458 0.069262921782210468
0.23120235828682778 0.40124437659978873 0.49551165327429769 0.0056347860069945457
0.14498868379741905 0.44350618124008179 0.14597097523510458 0.0056347860069945457
0.46502834181301289 0.23752716742455959 0.10665083341300488 0.041966642677783966
0.61994432499632235 0.23752716742455959 0.10665083341300488 0.041966642677783966
0.46502834181301289 0.17488497458398344 0.10665083341300488 0.041966642677783966
0.46502834181301289 0.23752716742455959 0.41456971168518064 0.041966642677783966
0.46502834181301289 0.23752716742455959 0.10665083341300488 0.085599898481741557
0.61994432499632235 0.17488497458398344 0.41456971168518064 0.085599898481741557
0.37769293645396823 0.4899386543780565 0.23133381195366384 0.035635825083591047
0.544447492621839 0.4899386543780565 0.23133381195366384 0.035635825083591047
0.37769293645396823 0.23323714956641198 0.23133381195366384 0.035635825083591047
0.37769293645396823 0.4899386543780565 0.15238656885921956 0.035635825083591047
0.37769293645396823 0.4899386543780565 0.23133381195366384 0.01846977508813143
0.544447492621839 0.23323714956641198 0.15238656885921956 0.01846977508813143
0.30683434992097314 0.25195386633276939 0.37097602784633643 0.050879995918832722
0.069490614067763093 0.25195386633276939 0.37097602784633643 0.050879995918832722
0.30683434992097314 0.35225052572786808 0.37097602784633643 0.050879995918832722
0.30683434992097314 0.25195386633276939 0.48398426771163938 0.050879995918832722
0.30683434992097314 0.25195386633276939 0.37097602784633643 0.098483227591030301
0.069490614067763093 0.35225052572786808 0.48398426771163938 0.098483227591030301
0.18543256805278358 0.38430802598595626 0.16371553093194963 0.014974900403060019
0.22772124535404142 0.38430802598595626 0.16371553093194963 0.014974900403060019
0.18543256805278358 0.49827382639050488 0.16371553093194963 0.014974900403060019
0.18543256805278358 0.38430802598595626 0.26712101921439169 0.014974900403060019
0.18543256805278358 0.38430802598595626 0.16371553093194963 0.071781772583723077
0.22772124535404142 0.49827382639050488 0.26712101921439169 0.071781772583723077
0.58191705290228124 0.17067006565630438 0.42757668830454354 0.098949563323520132
0.37737995763309296 0.17067006565630438 0.42757668830454354 0.098949563323520132
0.58191705290228124 0.11689467318356038 0.42757668830454354 0.098949563323520132
0.58191705290228124 0.17067006565630438 0.39813165478408341 0.098949563323520132
0.58191705290228124 0.17067006565630438 0.42757668830454354 0.040528895321302119
0.37737995763309296 0.11689467318356038 0.39813165478408341 0.040528895321302119
0.55619503767229617 0.43556211628019814 0.18407394364476204 0.061389350201003258
0.36914501814171669 0.43556211628019814 0.18407394364476204 0.061389350201003258
0.55619503767229617 0.17860268987715244 0.18407394364476204 0.061389350201003258
0.55619503767229617 0.43556211628019814 0.18772728815674783 0.061389350201003258
0.55619503767229617 0.43556211628019814 0.18407394364476204 0.019865818670950833
0.36914501814171669 0.17860268987715244 0.18772728815674783 0.019865818670950833
0.14002085048705337 0.22195999100804331 0.41982197724282744 0.027785162207670511
0.51878387462347741 0.22195999100804331 0.41982197724282744 0.027785162207670511
0.14002085048705337 0.41012824103236201 0.41982197724282744 0.027785162207670511
0.14002085048705337 0.22195999100804331 0.46893170736730105 0.027785162207670511
0.14002085048705337 0.22195999100804331 0.41982197724282744 0.088385623414069414
0.51878387462347741 0.41012824103236201 0.46893170736730105 0.088385623414069414
0.34204704398289315 0.34175389334559442 0.21408807151019574 0.088246872532181442
0.68718051915056999 0.34175389334559442 0.21408807151019574 0.088246872532181442
0.34204704398289315 0.34052123613655572 0.21408807151019574 0.088246872532181442
0.34204704398289315 0.34175389334559442 0.28021939434111121 0.088246872532181442
0.34204704398289315 0.34175389334559442 0.21408807151019574 0.067099375857971613
0.68718051915056999 0.34052123613655572 0.28021939434111121 0.067099375857971613
0.43384712948463849 0.10385376699268818 0.37561792656779291 0.023018899788148701
0.21220382354222234 0.10385376699268818 0.37561792656779291 0.023018899788148701
0.43384712948463849 0.27165425196290016 0.37561792656779291 0.023018899788148701
0.43384712948463849 0.10385376699268818 0.36162026375532152 0.023018899788148701
0.43384712948463849 0.10385376699268818 0.37561792656779291 0.04888551036641002
0.21220382354222234 0.27165425196290016 0.36162026375532152 0.04888551036641002
0.51043986929580565 0.35622924230992792 0.45025126338005073 0.0043100604005157951
0.12401171741075813 0.35622924230992792 0.45025126338005073 0.0043100604005157951
0.51043986929580565 0.13664172403514385 0.45025126338005073 0.0043100604005157951
0.51043986929580565 0.35622924230992792 0.22458354867994787 0.0043100604005157951
0.51043986929580565 0.35622924230992792 0.45025126338005073 0.055232693349942567
0.12401171741075813 0.13664172403514385 0.22458354867994787 0.055232693349942567
0.25692456359975036 0.19249903708696367 0.13950290568172932 0.082169458327814943
0.59898717566393311 0.19249903708696367 0.13950290568172932 0.082169458327814943
0.25692456359975036 0.45511655062437062 0.13950290568172932 0.082169458327814943
0.25692456359975036 0.19249903708696367 0.34298850744962694 0.082169458327814943
0.25692456359975036 0.19249903708696367 0.13950290568172932 0.036970488199032848
0.59898717566393311 0.45511655062437062 0.34298850744962694 0.036970488199032848
0.052685368852689866 0.4742558270692826 0.34513984955847266 0.046336896549910307
0.44201630270108572 0.4742558270692826 0.34513984955847266 0.046336896549910307
0.052685368852689866 0.39504311941564085 0.34513984955847266 0.046336896549910307
0.052685368852689866 0.4742558270692826 0.10748206749558449 0.046336896549910307
0.052685368852689866 0.4742558270692826 0.34513984955847266 0.0095445123445242648
0.44201630270108572 0.39504311941564085 0.10748206749558449 0.0095445123445242648
0.63182695060968397 0.28638612441718581 0.25861043184995652 0.067648039003834134
0.29237868357449764 0.28638612441718581 0.25861043184995652 0.067648039003834134
0.63182695060968397 0.21390971243381501 0.25861043184995652 0.067648039003834134
0.63182695060968397 0.28638612441718581 0.42647182606160638 0.067648039003834134
0.63182695060968397 0.28638612441718581 0.25861043184995652 0.078015977428294719
0.29237868357449764 0.21390971243381501 0.42647182606160638 0.078015977428294719
0.63815963268280029 0.43776972666382796 0.32931077405810361 0.02817077722027898
0.15824894760735331 0.43776972666382796 0.32931077405810361 0.02817077722027898
0.63815963268280029 0.11983492039144039 0.32931077405810361 0.02817077722027898
0.63815963268280029 0.43776972666382796 0.4988884918391705 0.02817077722027898
0.63815963268280029 0.43776972666382796 0.32931077405810361 0.084770034654997301
0.15824894760735331 0.11983492039144039 0.4988884918391705 0.084770034654997301
0.059008326428011057 0.20138937570154669 0.26818418018519879 0.062550562797114254
0.6586156701203435 0.20138937570154669 0.26818418018519879 0.062550562797114254
0.059008326428011057 0.48831124603748322 0.26818418018519879 0.062550562797114254
0.059008326428011057 0.20138937570154669 0.16787785403430461 0.062550562797114254
0.059008326428011057 0.20138937570154669 0.26818418018519879 0.0047242218367755419
0.6586156701203435 0.48831124603748322 0.16787785403430461 0.0047242218367755419
0.26325724567286668 0.3317793685942888 0.47192904315888884 0.024181481014937164
0.49148940918967121 0.3317793685942888 0.47192904315888884 0.024181481014937164
0.26325724567286668 0.3610442351549864 0.47192904315888884 0.024181481014937164
0.26325724567286668 0.3317793685942888 0.3816161055117846 0.024181481014937164
0.26325724567286668 0.3317793685942888 0.47192904315888884 0.026805427513085307
0.49148940918967121 0.3610442351549864 0.3816161055117846 0.026805427513085307
0.51676282687112685 0.11968481168150902 0.13658350780606271 0.088631213327869773
0.31645928602665657 0.11968481168150902 0.13658350780606271 0.088631213327869773
0.51676282687112685 0.22990928143262865 0.13658350780606271 0.088631213327869773
0.51676282687112685 0.11968481168150902 0.2500184029340744 0.088631213327869773
0.51676282687112685 0.11968481168150902 0.13658350780606271 0.05804992555454374
0.31645928602665657 0.22990928143262865 0.2500184029340744 0.05804992555454374
0.43006342812441284 0.37042749375104911 0.21116793006658555 0.082557197834365076
0.23842338388785717 0.37042749375104911 0.21116793006658555 0.082557197834365076
0.43006342812441284 0.16492238827049732 0.21116793006658555 0.082557197834365076
0.43006342812441284 0.37042749375104911 0.31381287761032584 0.082557197834365076
0.43006342812441284 0.37042749375104911 0.21116793006658555 0.039832253916189074
0.23842338388785717 0.16492238827049732 0.31381287761032584 0.039832253916189074
0.33825323069468133 0.1841630157083273 0.39729494489729411 0.0054692432852461934
0.41345226485282177 0.1841630157083273 0.39729494489729411 0.0054692432852461934
0.33825323069468133 0.44644643440842635 0.39729494489729411 0.0054692432852461934
0.33825323069468133 0.1841630157083273 0.24521413743495943 0.0054692432852461934
0.33825323069468133 0.1841630157083273 0.39729494489729411 0.071125091985799374
0.41345226485282177 0.44644643440842635 0.24521413743495943 0.071125091985799374
0.13623714912682772 0.45219948999583726 0.19364845044910908 0.068805852520279584
0.57169181671924885 0.45219948999583726 0.19364845044910908 0.068805852520279584
0.13623714912682772 0.30339580215513706 0.19364845044910908 0.068805852520279584
0.13623714912682772 0.45219948999583726 0.40569463893771174 0.068805852520279584
0.13623714912682772 0.45219948999583726 0.19364845044910908 0.099345258479937915
0.57169181671924885 0.30339580215513706 0.40569463893771174 0.099345258479937915
0.55240122438408434 0.29008671641349792 0.40399364233016966 0.04672591101098806
0.071326336404308674 0.29008671641349792 0.40399364233016966 0.04672591101098806
0.55240122438408434 0.284530370682478 0.40399364233016966 0.04672591101098806
0.55240122438408434 0.29008671641349792 0.13690171353518965 0.04672591101098806
0.55240122438408434 0.29008671641349792 0.40399364233016966 0.019347785689868034
0.071326336404308674 0.284530370682478 0.13690171353518965 0.019347785689868034
0.58824992869049308 0.30370571315288541 0.16078394465148449 0.010035818026401102
0.67262949291616669 0.30370571315288541 0.16078394465148449 0.010035818026401102
0.58824992869049308 0.22270017936825753 0.16078394465148449 0.010035818026401102
0.58824992869049308 0.30370571315288541 0.3272774882614613 0.010035818026401102
0.58824992869049308 0.30370571315288541 0.16078394465148449 0.048007877972908321
0.67262949291616669 0.22270017936825753 0.3272774882614613 0.048007877972908321
0.19175533191300925 0.14150827936828136 0.44926668033003814 0.080745994186960171
0.17228386839851734 0.14150827936828136 0.44926668033003814 0.080745994186960171
0.19175533191300925 0.39171200878918178 0.44926668033003814 0.080745994186960171
0.19175533191300925 0.14150827936828136 0.20828773342072965 0.080745994186960171
0.19175533191300925 0.14150827936828136 0.44926668033003814 0.066236212188377983
0.17228386839851734 0.39171200878918178 0.20828773342072965 0.066236212188377983
0.31316722570918498 0.42210499309003358 0.24089534655213357 0.042352718510665001
0.34067021696828298 0.42210499309003358 0.24089534655213357 0.042352718510665001
0.31316722570918498 0.4580539368093014 0.24089534655213357 0.042352718510665001
0.31316722570918498 0.42210499309003358 0.4406691703945399 0.042352718510665001
0.31316722570918498 0.42210499309003358 0.24089534655213357 0.089043437530286609
0.34067021696828298 0.4580539368093014 0.4406691703945399 0.089043437530286609
0.38401570031419391 0.23580467849969866 0.35515914224088196 0.070423673926852642
0.51571891498751932 0.23580467849969866 0.35515914224088196 0.070423673926852642
0.38401570031419391 0.12667628265917302 0.35515914224088196 0.070423673926852642
0.38401570031419391 0.23580467849969866 0.12226421386003494 0.070423673926852642
0.38401570031419391 0.23580467849969866 0.35515914224088196 0.020562082605436446
0.51571891498751932 0.12667628265917302 0.12226421386003494 0.020562082605436446
0.46124444673769172 0.48653418943285942 0.47969554401934145 0.05203810466267169
0.43006586409173897 0.48653418943285942 0.47969554401934145 0.05203810466267169
0.46124444673769172 0.26832313537597657 0.47969554401934145 0.05203810466267169
0.46124444673769172 0.48653418943285942 0.46081459857523444 0.05203810466267169
0.46124444673769172 0.48653418943285942 0.47969554401934145 0.077368615210056307
0.43006586409173897 0.26832313537597657 0.46081459857523444 0.077368615210056307
0.22740873871371148 0.27450145371258261 0.11621313840150833 0.03602454394847155
0.25501592387445271 0.27450145371258261 0.11621313840150833 0.03602454394847155
0.22740873871371148 0.34931170903146269 0.11621313840150833 0.03602454394847155
0.22740873871371148 0.27450145371258261 0.17941373139619829 0.03602454394847155
0.22740873871371148 0.27450145371258261 0.11621313840150833 0.0088389206258580079
0.25501592387445271 0.34931170903146269 0.17941373139619829 0.0088389206258580079
0.10505585446953773 0.39235402382910256 0.32468140423297887 0.099337007971480498
0.098055366240441796 0.39235402382910256 0.32468140423297887 0.099337007971480498
0.10505585446953773 0.40016279369592667 0.32468140423297887 0.099337007971480498
0.10505585446953773 0.39235402382910256 0.37125104144215582 0.099337007971480498
0.10505585446953773 0.39235402382910256 0.32468140423297887 0.037881429471075541
0.098055366240441796 0.40016279369592667 0.37125104144215582 0.037881429471075541
0.66324583743698895 0.1559866674244404 0.28541717715561388 0.016134377777576446
0.59840223295614126 0.1559866674244404 0.28541717715561388 0.016134377777576446
0.66324583743698895 0.18154008202254773 0.28541717715561388 0.016134377777576446
0.66324583743698895 0.1559866674244404 0.29004662595689301 0.016134377777576446
0.66324583743698895 0.1559866674244404 0.28541717715561388 0.05606142402719707
0.59840223295614126 0.18154008202254773 0.29004662595689301 0.05606142402719707
0.68800147282890967 0.38589914292097094 0.43249004110693934 0.06324923916906118
0.3078809580765664 0.38589914292097094 0.43249004110693934 0.06324923916906118
0.68800147282890967 0.33668400608003141 0.43249004110693934 0.06324923916906118
0.68800147282890967 0.38589914292097094 0.159963146597147 0.06324923916906118
0.68800147282890967 0.38589914292097094 0.43249004110693934 0.033406517211347818
0.3078809580765664 0.33668400608003141 0.159963146597147 0.033406517211347818
0.12981163030490278 0.17220546565949918 0.17135100774466994 0.048028666609898213
0.45753843057900662 0.17220546565949918 0.17135100774466994 0.048028666609898213
0.12981163030490278 0.25517206788063052 0.17135100774466994 0.048028666609898213
0.12981163030490278 0.17220546565949918 0.47866603992879397 0.048028666609898213
0.12981163030490278 0.17220546565949918 0.17135100774466994 0.051640870488248766
0.45753843057900662 0.25517206788063052 0.47866603992879397 0.051640870488248766
0.25089513100683686 0.49142602197825913 0.36251047514379031 0.086568417116999627
0.62591501590795806 0.49142602197825913 0.36251047514379031 0.086568417116999627
0.25089513100683686 0.19508635215461256 0.36251047514379031 0.086568417116999627
0.25089513100683686 0.49142602197825913 0.27042400278151035 0.086568417116999627
0.25089513100683686 0.49142602197825913 0.36251047514379031 0.079082138236612087
0.62591501590795806 0.19508635215461256 0.27042400278151035 0.079082138236612087
0.48473101821728043 0.25359303355216978 0.22715288177132609 0.002618131386116147
0.15095937713049351 0.25359303355216978 0.22715288177132609 0.002618131386116147
0.48473101821728043 0.41396389752626417 0.22715288177132609 0.002618131386116147
0.48473101821728043 0.25359303355216978 0.38932334631681442 0.002618131386116147
0.48473101821728043 0.25359303355216978 0.22715288177132609 0.010606802373193204
0.15095937713049351 0.41396389752626417 0.38932334631681442 0.010606802373193204
0.39861555304378266 0.405904034525156 0.10183518081903459 0.021230295143090189
0.062765982793644065 0.405904034525156 0.10183518081903459 0.021230295143090189
0.39861555304378266 0.37856092937290675 0.10183518081903459 0.021230295143090189
0.39861555304378266 0.405904034525156 0.2281167332082987 0.021230295143090189
0.39861555304378266 0.405904034525156 0.10183518081903459 0.093510832094587396
0.062765982793644065 0.37856092937290675 0.2281167332082987 0.093510832094587396
0.32776689925231034 0.24224096871912482 0.48797378875315189 0.092742509902454917
0.53772286376915868 0.24224096871912482 0.48797378875315189 0.092742509902454917
0.32776689925231034 0.21007248833775521 0.48797378875315189 0.092742509902454917
0.32776689925231034 0.24224096871912482 0.30902321785688402 0.092742509902454917
0.32776689925231034 0.24224096871912482 0.48797378875315189 0.024987156203016642
0.53772286376915868 0.21007248833775521 0.30902321785688402 0.024987156203016642
0.2050853264983743 0.32459629364311693 0.29671748466789727 0.029573607160709801
0.38077206937596197 0.32459629364311693 0.29671748466789727 0.029573607160709801
0.2050853264983743 0.14047737456858159 0.29671748466789727 0.029573607160709801
0.2050853264983743 0.32459629364311693 0.14148400202393532 0.029573607160709801
0.2050853264983743 0.32459629364311693 0.29671748466789727 0.046289834887720649
0.38077206937596197 0.14047737456858159 0.14148400202393532 0.046289834887720649
0.60157978283241387 0.13663503751158715 0.30707541406154637 0.056893872522749009
0.23111335467547178 0.13663503751158715 0.30707541406154637 0.056893872522749009
0.60157978283241387 0.4716002188622952 0.30707541406154637 0.056893872522749009
0.60157978283241387 0.13663503751158715 0.42297528646886351 0.056893872522749009
0.60157978283241387 0.13663503751158715 0.30707541406154637 0.064475848136469727
0.23111335467547178 0.4716002188622952 0.42297528646886351 0.064475848136469727
0.57588779828511172 0.46959617063403136 0.25146318785846233 0.094550787460990257
0.52237434214912348 0.46959617063403136 0.25146318785846233 0.094550787460990257
0.57588779828511172 0.43328087106347091 0.25146318785846233 0.094550787460990257
0.57588779828511172 0.46959617063403136 0.21306523308157921 0.094550787460990257
0.57588779828511172 0.46959617063403136 0.25146318785846233 0.094918488385155805
0.52237434214912348 0.43328087106347091 0.21306523308157921 0.094918488385155805
0.15972354384139179 0.28167232163250444 0.33993357941508295 0.016666646490804852
0.37273548324592404 0.28167232163250444 0.33993357941508295 0.016666646490804852
0.15972354384139179 0.15230460353195668 0.33993357941508295 0.016666646490804852
0.15972354384139179 0.28167232163250444 0.34436273388564587 0.016666646490804852
0.15972354384139179 0.28167232163250444 0.33993357941508295 0.014878694628365337
0.37273548324592404 0.15230460353195668 0.34436273388564587 0.014878694628365337
0.3630090041086077 0.35146580971777441 0.14397675469517709 0.055278978680260486
0.20559821929782629 0.35146580971777441 0.14397675469517709 0.055278978680260486
0.3630090041086077 0.29831545278429983 0.14397675469517709 0.055278978680260486
0.3630090041086077 0.35146580971777441 0.10497140772640706 0.055278978680260486
0.3630090041086077 0.35146580971777441 0.14397675469517709 0.041594314465299251
0.20559821929782629 0.29831545278429983 0.10497140772640706 0.041594314465299251
0.45481906109489495 0.18788898065686227 0.45822858773171904 0.033943872096948331
0.68057491732761255 0.18788898065686227 0.45822858773171904 0.033943872096948331
0.45481906109489495 0.31695046462118626 0.45822858773171904 0.033943872096948331
0.45481906109489495 0.18788898065686227 0.43607472181320195 0.033943872096948331
0.45481906109489495 0.18788898065686227 0.45822858773171904 0.072844831568188967
0.68057491732761255 0.31695046462118626 0.43607472181320195 0.072844831568188967
0.53009267859160891 0.34016277492046354 0.38286277092993259 0.040178014798089863
0.60507687423378231 0.34016277492046354 0.38286277092993259 0.040178014798089863
0.53009267859160891 0.47569347321987154 0.38286277092993259 0.040178014798089863
0.53009267859160891 0.34016277492046354 0.19962392933666706 0.040178014798089863
0.53009267859160891 0.34016277492046354 0.38286277092993259 0.031224656309001151
0.60507687423378231 0.47569347321987154 0.19962392933666706 0.031224656309001151
0.27658723783679301 0.1023183684796095 0.21939205378293991 0.073758582387119534
0.13010141840204598 0.1023183684796095 0.21939205378293991 0.073758582387119534
0.27658723783679301 0.10666934512555599 0.21939205378293991 0.073758582387119534
0.27658723783679301 0.1023183684796095 0.46871705055236823 0.073758582387119534
0.27658723783679301 0.1023183684796095 0.21939205378293991 0.06252351307123899
0.13010141840204598 0.10666934512555599 0.46871705055236823 0.06252351307123899
0.073608002392575145 0.43407475017011166 0.41525041460990908 0.010662118231877685
0.28835197328589851 0.43407475017011166 0.41525041460990908 0.010662118231877685
0.073608002392575145 0.24346395581960678 0.41525041460990908 0.010662118231877685
0.073608002392575145 0.43407475017011166 0.28232712969183926 0.010662118231877685
0.073608002392575145 0.43407475017011166 0.41525041460990908 0.08300347765069456
0.28835197328589851 0.24346395581960678 0.28232712969183926 0.08300347765069456
0.65275948783382765 0.22032082229852679 0.17599902041256429 0.075865738864988097
0.43798958999104792 0.22032082229852679 0.17599902041256429 0.075865738864988097
0.65275948783382765 0.37482930533587933 0.17599902041256429 0.075865738864988097
0.65275948783382765 0.22032082229852679 0.35083318762481219 0.075865738864988097
0.65275948783382765 0.22032082229852679 0.17599902041256429 0.0030120235532522205
0.43798958999104792 0.37482930533587933 0.35083318762481219 0.0030120235532522205
0.64487839075736697 0.32817352041602132 0.24687279425561429 0.059618522633798424
0.089821276674047101 0.32817352041602132 0.24687279425561429 0.059618522633798424
0.64487839075736697 0.32284277491271496 0.24687279425561429 0.059618522633798424
0.64487839075736697 0.32817352041602132 0.26388423480093481 0.059618522633798424
0.64487839075736697 0.32817352041602132 0.24687279425561429 0.015716528857126832
0.089821276674047101 0.32284277491271496 0.26388423480093481 0.015716528857126832
0.086527241673320529 0.11684800572693349 0.35721851065754895 0.031550762164406478
0.56479179519228639 0.11684800572693349 0.35721851065754895 0.031550762164406478
0.086527241673320529 0.29167264848947527 0.35721851065754895 0.031550762164406478
0.086527241673320529 0.11684800572693349 0.39508179277181632 0.031550762164406478
0.086527241673320529 0.11684800572693349 0.35721851065754895 0.096593961653299629
0.56479179519228639 0.29167264848947527 0.39508179277181632 0.096593961653299629
0.288860897347331 0.44764083363115792 0.15188749358057976 0.09155173003394157
0.39765445375815028 0.44764083363115792 0.15188749358057976 0.09155173003394157
0.288860897347331 0.15819214545190335 0.15188749358057976 0.09155173003394157
0.288860897347331 0.44764083363115792 0.15557144656777383 0.09155173003394157
0.288860897347331 0.44764083363115792 0.15188749358057976 0.07376762490160764
0.39765445375815028 0.15819214545190335 0.15557144656777383 0.07376762490160764
0.52285778117366133 0.21046702638268472 0.43801388852298262 0.020838700438849628
0.24802177436649797 0.21046702638268472 0.43801388852298262 0.020838700438849628
0.52285778117366133 0.42663024663925175 0.43801388852298262 0.020838700438849628
0.52285778117366133 0.21046702638268472 0.48696391843259335 0.020838700438849628
0.52285778117366133 0.21046702638268472 0.43801388852298262 0.043185557384975259
0.24802177436649797 0.42663024663925175 0.48696391843259335 0.043185557384975259
0.43658362459391348 0.46128590106964118 0.31264737732708459 0.0022386245932430032
0.33240532549098128 0.46128590106964118 0.31264737732708459 0.0022386245932430032
0.43658362459391348 0.36818651892244814 0.31264737732708459 0.0022386245932430032
0.43658362459391348 0.46128590106964118 0.14919554963707926 0.0022386245932430032
0.43658362459391348 0.46128590106964118 0.31264737732708459 0.060932646515779204
0.33240532549098128 0.36818651892244814 0.14919554963707926 0.060932646515779204
0.36589135699905451 0.29994217269122603 0.27730198502540593 0.085438059102743866
0.48203924223780625 0.29994217269122603 0.27730198502540593 0.085438059102743866
0.36589135699905451 0.24935624822974206 0.27730198502540593 0.085438059102743866
0.36589135699905451 0.29994217269122603 0.41760736964643008 0.085438059102743866
0.36589135699905451 0.29994217269122603 0.27730198502540593 0.030302238970994953
0.48203924223780625 0.24935624822974206 0.41760736964643008 0.030302238970994953
0.16195962927304208 0.36760023795068264 0.48253615349531176 0.049921223936602477
0.64028987460769704 0.36760023795068264 0.48253615349531176 0.049921223936602477
0.16195962927304208 0.1000187385827303 0.48253615349531176 0.049921223936602477
0.16195962927304208 0.36760023795068264 0.23133646287024023 0.049921223936602477
0.16195962927304208 0.36760023795068264 0.48253615349531176 0.0013361742896959186
0.64028987460769704 0.1000187385827303 0.23133646287024023 0.0013361742896959186
0.55829800935462115 0.18054230064153673 0.12140932120382786 0.06593763734772802
0.1653181187342852 0.18054230064153673 0.12140932120382786 0.06593763734772802
0.55829800935462115 0.48158099725842474 0.12140932120382786 0.06593763734772802
0.55829800935462115 0.18054230064153673 0.30033461898565295 0.06593763734772802
0.55829800935462115 0.18054230064153673 0.12140932120382786 0.082165267057716845
0.1653181187342852 0.48158099725842474 0.30033461898565295 0.082165267057716845
0.61385339028201991 0.41321351081132895 0.46540038362145431 0.07778067225217819
0.57864812761545181 0.41321351081132895 0.46540038362145431 0.07778067225217819
0.61385339028201991 0.41977837607264523 0.46540038362145431 0.07778067225217819
0.61385339028201991 0.41321351081132895 0.11073027141392232 0.07778067225217819
0.61385339028201991 0.41321351081132895 0.46540038362145431 0.053252884250134233
0.57864812761545181 0.41977837607264523 0.11073027141392232 0.053252884250134233
0.19785048114135861 0.22614415548741817 0.12613677643239499 0.013328140350058675
0.10369622753933072 0.22614415548741817 0.12613677643239499 0.013328140350058675
0.19785048114135861 0.18846034444868565 0.12613677643239499 0.013328140350058675
0.19785048114135861 0.22614415548741817 0.4295346319675446 0.013328140350058675
0.19785048114135861 0.22614415548741817 0.12613677643239499 0.034307784392498437
0.10369622753933072 0.18846034444868565 0.4295346319675446 0.034307784392498437
0.31988578643649812 0.30633804015815258 0.33292042426764967 0.073401640482246885
0.27207289035432036 0.30633804015815258 0.33292042426764967 0.073401640482246885
0.31988578643649812 0.26099093332886697 0.33292042426764967 0.073401640482246885
0.31988578643649812 0.30633804015815258 0.22136278972029688 0.073401640482246885
0.31988578643649812 0.30633804015815258 0.33292042426764967 0.012303801793605091
0.27207289035432036 0.26099093332886697 0.22136278972029688 0.012303801793605091
0.41153480806387954 0.14493406116962435 0.26943749412894247 0.039025091895833613
0.42172662415541701 0.14493406116962435 0.26943749412894247 0.039025091895833613
0.41153480806387954 0.33006543703377245 0.26943749412894247 0.039025091895833613
0.41153480806387954 0.14493406116962435 0.33997145108878613 0.039025091895833613
0.41153480806387954 0.14493406116962435 0.26943749412894247 0.079899201623164121
0.42172662415541701 0.33006543703377245 0.33997145108878613 0.079899201623164121
0.48696711696684353 0.39576417878270154 0.19412052333354951 0.032778867184184497
0.49849294903688124 0.39576417878270154 0.19412052333354951 0.032778867184184497
0.48696711696684353 0.46497420519590382 0.19412052333354951 0.032778867184184497
0.48696711696684353 0.39576417878270154 0.27695898637175564 0.032778867184184497
0.48696711696684353 0.39576417878270154 0.19412052333354951 0.024170472131110728
0.49849294903688124 0.46497420519590382 0.27695898637175564 0.024170472131110728
0.23330532875843346 0.15862777866423131 0.40838455744087698 0.054861609020270409
0.34884045259095725 0.15862777866423131 0.40838455744087698 0.054861609020270409
0.23330532875843346 0.14629185907542708 0.40838455744087698 0.054861609020270409
0.23330532875843346 0.15862777866423131 0.35854524783790109 0.054861609020270409
0.23330532875843346 0.15862777866423131 0.40838455744087698 0.091814211620017891
0.34884045259095725 0.14629185907542708 0.35854524783790109 0.091814211620017891
0.11157624828629195 0.47685877569019797 0.20150243379175664 0.019417260385118425
0.19188958071172235 0.47685877569019797 0.20150243379175664 0.019417260385118425
0.11157624828629195 0.2034539133310318 0.20150243379175664 0.019417260385118425
0.11157624828629195 0.47685877569019797 0.19093584306538106 0.019417260385118425
0.11157624828629195 0.47685877569019797 0.20150243379175664 0.063574202009476721
0.19188958071172235 0.2034539133310318 0.19093584306538106 0.063574202009476721
0.69088377123698586 0.26561949774622917 0.38998502641916277 0.096501978681422781
0.66684024343267079 0.26561949774622917 0.38998502641916277 0.096501978681422781
0.69088377123698586 0.38437980078160761 0.38998502641916277 0.096501978681422781
0.69088377123698586 0.26561949774622917 0.47193655371665955 0.096501978681422781
0.69088377123698586 0.26561949774622917 0.38998502641916277 0.044677441811189059
0.66684024343267079 0.38437980078160761 0.47193655371665955 0.044677441811189059
0.6762840904295444 0.49503452777862555 0.14369389079511166 0.044749796771444382
0.2140509617514908 0.49503452777862555 0.14369389079511166 0.044749796771444382
0.6762840904295444 0.13333132378757001 0.14369389079511166 0.044749796771444382
0.6762840904295444 0.49503452777862555 0.37780428715050218 0.044749796771444382
0.6762840904295444 0.49503452777862555 0.14369389079511166 0.068041963164694616
0.2140509617514908 0.13333132378757001 0.37780428715050218 0.068041963164694616
0.096976397978141893 0.25643249861896039 0.45405129566788671 0.066081672265194361
0.38909595981240269 0.25643249861896039 0.45405129566788671 0.066081672265194361
0.096976397978141893 0.45214948505163199 0.45405129566788671 0.066081672265194361
0.096976397978141893 0.25643249861896039 0.25929899513721466 0.066081672265194361
0.096976397978141893 0.25643249861896039 0.45405129566788671 0.049102881999686362
0.38909595981240269 0.45214948505163199 0.25929899513721466 0.049102881999686362
0.21997547219507396 0.37603148184716706 0.26130568608641624 0.0058616840252652767
0.55748238586820664 0.37603148184716706 0.26130568608641624 0.0058616840252652767
0.21997547219507396 0.39837487004697325 0.26130568608641624 0.0058616840252652767
0.21997547219507396 0.37603148184716706 0.49175673052668578 0.0058616840252652767
0.21997547219507396 0.37603148184716706 0.26130568608641624 0.022452063930220905
0.55748238586820664 0.39837487004697325 0.49175673052668578 0.022452063930220905
0.47363712964579457 0.16313125938177109 0.34744491390883925 0.083748642287217082
0.057140461308881646 0.16313125938177109 0.34744491390883925 0.083748642287217082
0.47363712964579457 0.2168004959821701 0.34744491390883925 0.083748642287217082
0.47363712964579457 0.16313125938177109 0.17266588918864728 0.083748642287217082
0.47363712964579457 0.16313125938177109 0.34744491390883925 0.090053482452407491
0.057140461308881646 0.2168004959821701 0.17266588918864728 0.090053482452407491
0.3867790394928306 0.31550643667578698 0.42198049016296868 0.089762230025604378
0.13136899978853761 0.31550643667578698 0.42198049016296868 0.089762230025604378
0.3867790394928306 0.17563561238348485 0.42198049016296868 0.089762230025604378
0.3867790394928306 0.31550643667578698 0.40989717766642575 0.089762230025604378
0.3867790394928306 0.31550643667578698 0.42198049016296868 0.0078284993395209314
0.13136899978853761 0.17563561238348485 0.40989717766642575 0.0078284993395209314
0.29513014862313863 0.12677613683044911 0.18662275373935699 0.024561839744448664
0.63170968699268992 0.12677613683044911 0.18662275373935699 0.024561839744448664
0.29513014862313863 0.40681785270571713 0.18662275373935699 0.024561839744448664
0.29513014862313863 0.12677613683044911 0.12879309169948103 0.024561839744448664
0.29513014862313863 0.12677613683044911 0.18662275373935699 0.075478257889859388
0.63170968699268992 0.40681785270571713 0.12879309169948103 0.075478257889859388
0.17436391208320856 0.40872863270342352 0.37946674376726153 0.059862640375271441
0.47474905187264077 0.40872863270342352 0.37946674376726153 0.059862640375271441
0.17436391208320856 0.34341200776398184 0.37946674376726153 0.059862640375271441
0.17436391208320856 0.40872863270342352 0.3205541092902422 0.059862640375271441
0.17436391208320856 0.40872863270342352 0.37946674376726153 0.054966795995831493
0.47474905187264077 0.34341200776398184 0.3205541092902422 0.054966795995831493
0.59036699072457843 0.24585902467370035 0.21832794882357121 0.026279254756867886
0.29970529116690153 0.24585902467370035 0.21832794882357121 0.026279254756867886
0.59036699072457843 0.27498601451516153 0.21832794882357121 0.026279254756867886
0.59036699072457843 0.24585902467370035 0.23925432264804841 0.026279254756867886
0.59036699072457843 0.24585902467370035 0.21832794882357121 0.036076054858975116
0.29970529116690153 0.27498601451516153 0.23925432264804841 0.036076054858975116
0.54496801961213348 0.36035997346043591 0.37472150400280957 0.013469397898763419
0.45377205642871554 0.36035997346043591 0.37472150400280957 0.013469397898763419
0.54496801961213348 0.23654754981398585 0.37472150400280957 0.013469397898763419
0.54496801961213348 0.36035997346043591 0.44994934536516673 0.013469397898763419
0.54496801961213348 0.36035997346043591 0.37472150400280957 0.0057557932799682026
0.45377205642871554 0.23654754981398585 0.44994934536516673 0.0057557932799682026
0.14862977028824387 0.19755218662321569 0.2354694899171591 0.097422542965039619
0.27874815152026711 0.19755218662321569 0.2354694899171591 0.097422542965039619
0.14862977028824387 0.35521759130060671 0.2354694899171591 0.097422542965039619
0.14862977028824387 0.19755218662321569 0.11845271736383439 0.097422542965039619
0.14862977028824387 0.19755218662321569 0.2354694899171591 0.086639244768768553
0.27874815152026711 0.35521759130060671 0.11845271736383439 0.086639244768768553
0.35129150911234314 0.46696726568043234 0.42983864061534405 0.037178314361721282
0.11162181310355662 0.46696726568043234 0.42983864061534405 0.037178314361721282
0.35129150911234314 0.49494207575917248 0.42983864061534405 0.037178314361721282
0.35129150911234314 0.46696726568043234 0.33206584528088567 0.037178314361721282
0.35129150911234314 0.46696726568043234 0.42983864061534405 0.059165700792334977
0.11162181310355662 0.49494207575917248 0.33206584528088567 0.059165700792334977
0.42198394620791069 0.27824996039271355 0.1663684479892254 0.052395709676668054
0.61198231736198061 0.27824996039271355 0.1663684479892254 0.052395709676668054
0.42198394620791069 0.11400388963520527 0.1663684479892254 0.052395709676668054
0.42198394620791069 0.27824996039271355 0.20115555487573147 0.052395709676668054
0.42198394620791069 0.27824996039271355 0.1663684479892254 0.028589651968330146
0.61198231736198061 0.11400388963520527 0.20115555487573147 0.028589651968330146
0.49937138403765852 0.43066117316484454 0.29095366001129153 0.070841700795106599
0.69890612959861753 0.43066117316484454 0.29095366001129153 0.070841700795106599
0.49937138403765852 0.27870373278856275 0.29095366001129153 0.070841700795106599
0.49937138403765852 0.43066117316484454 0.36314264610409741 0.070841700795106599
0.49937138403765852 0.43066117316484454 0.29095366001129153 0.069340488215908408
0.69890612959861753 0.27870373278856275 0.36314264610409741 0.069340488215908408
0.26537433071061967 0.21767629049718382 0.30520525462925435 0.043518576835282152
0.19854438798502083 0.21767629049718382 0.30520525462925435 0.043518576835282152
0.26537433071061967 0.31003406457602978 0.30520525462925435 0.043518576835282152
0.26537433071061967 0.21767629049718382 0.29424865208566187 0.043518576835282152
0.26537433071061967 0.21767629049718382 0.30520525462925435 0.038716099732555451
0.19854438798502083 0.31003406457602978 0.29424865208566187 0.038716099732555451
0.061771601438522339 0.34983550719916823 0.11093304790556431 0.078795277248136703
0.3567840173374861 0.34983550719916823 0.11093304790556431 0.078795277248136703
0.061771601438522339 0.44061540961265566 0.11093304790556431 0.078795277248136703
0.061771601438522339 0.34983550719916823 0.4548542711883784 0.078795277248136703
0.061771601438522339 0.34983550719916823 0.11093304790556431 0.01747895452193916
0.3567840173374861 0.44061540961265566 0.4548542711883784 0.01747895452193916
0.62012261976487926 0.11119764149188996 0.49940358251333239 0.0072862404705956582
0.5318091596011072 0.11119764149188996 0.49940358251333239 0.0072862404705956582
0.62012261976487926 0.17155321203172208 0.49940358251333239 0.0072862404705956582
0.62012261976487926 0.11119764149188996 0.18615518957376481 0.0072862404705956582
0.62012261976487926 0.11119764149188996 0.49940358251333239 0.09831406635139138
0.5318091596011072 0.17155321203172208 0.18615518957376481 0.09831406635139138
0.62111111460253587 0.42973913215100767 0.13705808594822885 0.015792796271853149
0.43205277076922349 0.42973913215100767 0.13705808594822885 0.015792796271853149
0.62111111460253587 0.21643683984875681 0.13705808594822885 0.015792796271853149
0.62111111460253587 0.42973913215100767 0.11253868602216244 0.015792796271853149
0.62111111460253587 0.42973913215100767 0.13705808594822885 0.024249246581457558
0.43205277076922349 0.21643683984875681 0.11253868602216244 0.024249246581457558
0.062127036554738876 0.21840758472681046 0.47318472824990754 0.099678542454727001
0.26178400968201454 0.21840758472681046 0.47318472824990754 0.099678542454727001
0.062127036554738876 0.39795021899044514 0.47318472824990754 0.099678542454727001
0.062127036554738876 0.21840758472681046 0.44413258805871014 0.099678542454727001
0.062127036554738876 0.21840758472681046 0.47318472824990754 0.092703362952917825
0.26178400968201454 0.39795021899044514 0.44413258805871014 0.092703362952917825
0.26510010217316449 0.34913940131664278 0.26795054785907269 0.036559461410157382
0.093744498305022711 0.34913940131664278 0.26795054785907269 0.036559461410157382
0.26510010217316449 0.45179288610816004 0.26795054785907269 0.036559461410157382
0.26510010217316449 0.34913940131664278 0.20539738982915878 0.036559461410157382
0.26510010217316449 0.34913940131664278 0.26795054785907269 0.065283223233185708
0.093744498305022711 0.45179288610816004 0.20539738982915878 0.065283223233185708
0.49846037402749055 0.11209364943206311 0.32829613015055659 0.051503234592266384
0.58871633289381864 0.11209364943206311 0.32829613015055659 0.051503234592266384
0.49846037402749055 0.13291372992098333 0.32829613015055659 0.051503234592266384
0.49846037402749055 0.11209364943206311 0.33640571869909763 0.051503234592266384
0.49846037402749055 0.11209364943206311 0.32829613015055659 0.047027839291840796
0.58871633289381864 0.13291372992098333 0.33640571869909763 0.047027839291840796
0.42297723428346212 0.35970810689032084 0.40361401438713074 0.070185259919613607
0.6769877823069691 0.35970810689032084 0.40361401438713074 0.070185259919613607
0.42297723428346212 0.27456134557723999 0.40361401438713074 0.070185259919613607
0.42297723428346212 0.35970810689032084 0.29936941713094711 0.070185259919613607
0.42297723428346212 0.35970810689032084 0.40361401438713074 0.050854529006406669
0.6769877823069691 0.27456134557723999 0.29936941713094711 0.050854529006406669
0.35165204498916858 0.19839477613568307 0.19248704798519611 0.042591179540380837
0.18201718991622329 0.19839477613568307 0.19248704798519611 0.042591179540380837
0.35165204498916858 0.34304836951196194 0.19248704798519611 0.042591179540380837
0.35165204498916858 0.19839477613568307 0.36816613711416724 0.042591179540380837
0.35165204498916858 0.19839477613568307 0.19248704798519611 0.032647485093213621
0.18201718991622329 0.34304836951196194 0.36816613711416724 0.032647485093213621
0.14835043856874108 0.46608948633074765 0.39781805314123631 0.081177790988236673
0.33863092972896985 0.46608948633074765 0.39781805314123631 0.081177790988236673
0.14835043856874108 0.40640024095773697 0.39781805314123631 0.081177790988236673
0.14835043856874108 0.46608948633074765 0.18268258832395079 0.081177790988236673
0.14835043856874108 0.46608948633074765 0.39781805314123631 0.011365928536280989
0.33863092972896985 0.40640024095773697 0.18268258832395079 0.011365928536280989
0.54405221878550947 0.27892786152660848 0.21247290819883347 0.009603973833844065
0.50889844861812883 0.27892786152660848 0.21247290819883347 0.009603973833844065
0.54405221878550947 0.17527903132140638 0.21247290819883347 0.009603973833844065
0.54405221878550947 0.27892786152660848 0.4512836314737797 0.009603973833844065
0.54405221878550947 0.27892786152660848 0.21247290819883347 0.079868384935893127
0.50889844861812883 0.17527903132140638 0.4512836314737797 0.079868384935893127
0.59008765900507565 0.31481552906334398 0.35558493994176388 0.047163880111649632
0.23759413799270984 0.31481552906334398 0.35558493994176388 0.047163880111649632
0.59008765900507565 0.11359828375279904 0.35558493994176388 0.047163880111649632
0.59008765900507565 0.31481552906334398 0.25973247699439528 0.047163880111649632
0.59008765900507565 0.31481552906334398 0.35558493994176388 0.061737278726883234
0.23759413799270984 0.11359828375279904 0.25973247699439528 0.061737278726883234
0.17344811125658449 0.12766694650053978 0.24210215583443642 0.068367930442094813
0.40788147393614049 0.12766694650053978 0.24210215583443642 0.068367930442094813
0.17344811125658449 0.4945731073617935 0.24210215583443642 0.068367930442094813
0.17344811125658449 0.12766694650053978 0.37813973054289818 0.068367930442094813
0.17344811125658449 0.12766694650053978 0.24210215583443642 0.030465542132034899
0.40788147393614049 0.4945731073617935 0.37813973054289818 0.030465542132034899
0.29612343669869001 0.4078241862356663 0.44898426756262777 0.0052246569786220795
0.57464170050807295 0.4078241862356663 0.44898426756262777 0.0052246569786220795
0.29612343669869001 0.35480530969798563 0.44898426756262777 0.0052246569786220795
0.29612343669869001 0.4078241862356663 0.17075523734092712 0.0052246569786220795
0.29612343669869001 0.4078241862356663 0.44898426756262777 0.0037710444228723646
0.57464170050807295 0.35480530969798563 0.17075523734092712 0.0037710444228723646
0.38713957536965604 0.24657272435724736 0.15972042493522168 0.082801736749708657
0.079690963914617899 0.24657272435724736 0.15972042493522168 0.082801736749708657
0.38713957536965604 0.23617190569639207 0.15972042493522168 0.082801736749708657
0.38713957536965604 0.24657272435724736 0.48974880464375026 0.082801736749708657
0.38713957536965604 0.24657272435724736 0.15972042493522168 0.083789807515218862
0.079690963914617899 0.23617190569639207 0.48974880464375026 0.083789807515218862
0.47336290110833934 0.49417434446513653 0.28508642502129078 0.089160123714245865
0.15526713957078753 0.49417434446513653 0.28508642502129078 0.089160123714245865
0.47336290110833934 0.17118424959480763 0.28508642502129078 0.089160123714245865
0.47336290110833934 0.49417434446513653 0.12756596207618714 0.089160123714245865
0.47336290110833934 0.49417434446513653 0.28508642502129078 0.014140701472759247
0.15526713957078753 0.17118424959480763 0.12756596207618714 0.014140701472759247
0.21906446218490599 0.25709280371665955 0.32356878221035001 0.023652523606084289
0.65021911836229263 0.25709280371665955 0.32356878221035001 0.023652523606084289
0.21906446218490599 0.44020979776978497 0.32356878221035001 0.023652523606084289
0.21906446218490599 0.25709280371665955 0.40876808650791652 0.023652523606084289
0.21906446218490599 0.25709280371665955 0.32356878221035001 0.094111124905757612
0.65021911836229263 0.44020979776978497 0.40876808650791652 0.094111124905757612
0.09796489281579851 0.37538481205701835 0.11678512245416642 0.06221498836670071
0.49234562022611494 0.37538481205701835 0.11678512245416642 0.06221498836670071
0.09796489281579851 0.30965842641890051 0.11678512245416642 0.06221498836670071
0.09796489281579851 0.37538481205701835 0.24193382672965527 0.06221498836670071
0.09796489281579851 0.37538481205701835 0.11678512245416642 0.07365228835493326
0.49234562022611494 0.30965842641890051 0.24193382672965527 0.07365228835493326
0.6766395255457609 0.16396865211427214 0.4810493025928736 0.028506399041973055
0.32205704208463426 0.16396865211427214 0.4810493025928736 0.028506399041973055
0.6766395255457609 0.27829144522547722 0.4810493025928736 0.028506399041973055
0.6766395255457609 0.16396865211427214 0.32333088740706445 0.028506399041973055
0.6766395255457609 0.16396865211427214 0.4810493025928736 0.042332212100736802
0.32205704208463426 0.27829144522547722 0.32333088740706445 0.042332212100736802
0.68996982765384018 0.39666718281805513 0.22772801294922829 0.075621164544485517
0.60171817410737272 0.39666718281805513 0.22772801294922829 0.075621164544485517
0.68996982765384018 0.42704194560647013 0.22772801294922829 0.075621164544485517
0.68996982765384018 0.39666718281805513 0.42685493938624863 0.075621164544485517
0.68996982765384018 0.39666718281805513 0.22772801294922829 0.071885752741247422
0.60171817410737272 0.42704194560647013 0.42685493938624863 0.071885752741247422
0.11129505448043346 0.15792465284466745 0.36386699937283995 0.010906739943660797
0.12200241303071378 0.15792465284466745 0.36386699937283995 0.010906739943660797
0.11129505448043346 0.15856722779572011 0.36386699937283995 0.010906739943660797
0.11129505448043346 0.15792465284466745 0.10795330330729486 0.010906739943660797
0.11129505448043346 0.15792465284466745 0.36386699937283995 0.040619988000951707
0.12200241303071378 0.15856722779572011 0.10795330330729486 0.040619988000951707
0.23366400739178061 0.477584695070982 0.17102302126586438 0.074196492663584648
0.28875194652937347 0.477584695070982 0.17102302126586438 0.074196492663584648
0.23366400739178061 0.2920788161456585 0.17102302126586438 0.074196492663584648
0.23366400739178061 0.477584695070982 0.34119838774204259 0.074196492663584648
0.23366400739178061 0.477584695070982 0.17102302126586438 0.018559957560151816
0.28875194652937347 0.2920788161456585 0.34119838774204259 0.018559957560151816
0.48796226712875063 0.26470285542309285 0.43138056620955467 0.039740057499147954
0.44380554673261935 0.26470285542309285 0.43138056620955467 0.039740057499147954
0.48796226712875063 0.32321232594549654 0.43138056620955467 0.039740057499147954
0.48796226712875063 0.26470285542309285 0.22249168939888478 0.039740057499147954
0.48796226712875063 0.26470285542309285 0.43138056620955467 0.098584692507050931
0.44380554673261935 0.32321232594549654 0.22249168939888478 0.098584692507050931
0.41062566014006729 0.41388601325452334 0.30679595768451695 0.03360826207697392
0.52192198834381998 0.41388601325452334 0.30679595768451695 0.03360826207697392
0.41062566014006729 0.48195609748363499 0.30679595768451695 0.03360826207697392
0.41062566014006729 0.41388601325452334 0.3604557067155838 0.03360826207697392
0.41062566014006729 0.41388601325452334 0.30679595768451695 0.0055331307882443073
0.52192198834381998 0.48195609748363499 0.3604557067155838 0.0055331307882443073
0.3196097006555646 0.22527175098657609 0.29565730281174185 0.055614541308954359
0.36686714594252401 0.22527175098657609 0.29565730281174185 0.055614541308954359
0.3196097006555646 0.10043041966855526 0.29565730281174185 0.055614541308954359
0.3196097006555646 0.22527175098657609 0.27896672077476981 0.055614541308954359
0.3196097006555646 0.22527175098657609 0.29565730281174185 0.085509525706991552
0.36686714594252401 0.10043041966855526 0.27896672077476981 0.085509525706991552
0.19820405417121945 0.30718764960765843 0.48840292431414134 0.017195639304816726
0.20900434087961911 0.30718764960765843 0.48840292431414134 0.017195639304816726
0.19820405417121945 0.24972581714391709 0.48840292431414134 0.017195639304816726
0.19820405417121945 0.30718764960765843 0.47150288335978985 0.017195639304816726
0.19820405417121945 0.30718764960765843 0.48840292431414134 0.057310528547503056
0.20900434087961911 0.24972581714391709 0.47150288335978985 0.057310528547503056
0.61484374236315487 0.14427519850432874 0.1030449464917183 0.094021841669455181
0.68872134415432806 0.14427519850432874 0.1030449464917183 0.094021841669455181
0.61484374236315487 0.36859266869723795 0.1030449464917183 0.094021841669455181
0.61484374236315487 0.14427519850432874 0.19060020968317987 0.094021841669455181
0.61484374236315487 0.14427519850432874 0.1030449464917183 0.025996423779055478
0.68872134415432806 0.36859266869723795 0.19060020968317987 0.025996423779055478
0.55865158238448198 0.4620050024241209 0.45875484310090542 0.057428754394873979
0.067302800016477704 0.4620050024241209 0.45875484310090542 0.057428754394873979
0.55865158238448198 0.33042295537889005 0.45875484310090542 0.057428754394873979
0.55865158238448198 0.4620050024241209 0.39855458699166779 0.057428754394873979
0.55865158238448198 0.4620050024241209 0.45875484310090542 0.0096479127425700417
0.067302800016477704 0.33042295537889005 0.39855458699166779 0.0096479127425700417
0.16294998135417699 0.29903234839439397 0.14528449848294259 0.029038677897304299
0.54703962034545839 0.29903234839439397 0.14528449848294259 0.029038677897304299
0.16294998135417699 0.26140951514244082 0.14528449848294259 0.029038677897304299
0.16294998135417699 0.29903234839439397 0.26745506599545477 0.029038677897304299
0.16294998135417699 0.29903234839439397 0.14528449848294259 0.078108000968582933
0.54703962034545839 0.26140951514244082 0.26745506599545477 0.078108000968582933
0.3649822090752422 0.36848402470350272 0.33955671712756158 0.092401010824367413
0.37899065567180507 0.36848402470350272 0.33955671712756158 0.092401010824367413
0.3649822090752422 0.18882301263511181 0.33955671712756158 0.092401010824367413
0.3649822090752422 0.36848402470350272 0.48184334188699729 0.092401010824367413
0.3649822090752422 0.36848402470350272 0.33955671712756158 0.055321944961324337
0.37899065567180507 0.18882301263511181 0.48184334188699729 0.055321944961324337
0.43630753881298001 0.17985839210450649 0.25030493251979352 0.02157184124365449
0.22395566906780001 0.17985839210450649 0.25030493251979352 0.02157184124365449
0.43630753881298001 0.42020210772752764 0.25030493251979352 0.02157184124365449
0.43630753881298001 0.17985839210450649 0.1505481455475092 0.02157184124365449
0.43630753881298001 0.17985839210450649 0.25030493251979352 0.037072532874532049
0.22395566906780001 0.42020210772752764 0.1505481455475092 0.037072532874532049
0.52321645980700848 0.32900391407310964 0.17576834447681905 0.0030499401735141875
0.30968933692201966 0.32900391407310964 0.17576834447681905 0.0030499401735141875
0.52321645980700848 0.38479837663471705 0.17576834447681905 0.0030499401735141875
0.52321645980700848 0.32900391407310964 0.41336572319269183 0.0030499401735141875
0.52321645980700848 0.32900391407310964 0.17576834447681905 0.066996766175143427
0.30968933692201966 0.38479837663471705 0.41336572319269183 0.066996766175143427
0.2898560475092381 0.11620835885405541 0.41423910856246948 0.086136655720882124
0.46472308132797474 0.11620835885405541 0.41423910856246948 0.086136655720882124
0.2898560475092381 0.20381143763661386 0.41423910856246948 0.086136655720882124
0.2898560475092381 0.11620835885405541 0.14485586620867252 0.086136655720882124
0.2898560475092381 0.11620835885405541 0.41423910856246948 0.048795693747699265
0.46472308132797474 0.20381143763661386 0.14485586620867252 0.048795693747699265
0.085613298090174789 0.44830651655793197 0.21986996978521348 0.047790193778462713
0.62134627443738277 0.44830651655793197 0.21986996978521348 0.047790193778462713
0.085613298090174789 0.14671558476984503 0.21986996978521348 0.047790193778462713
0.085613298090174789 0.44830651655793197 0.30624884329736235 0.047790193778462713
0.085613298090174789 0.44830651655793197 0.21986996978521348 0.019774360137991609
0.62134627443738277 0.14671558476984503 0.30624884329736235 0.019774360137991609
0.64459719695150852 0.20960144139826298 0.38412141241133213 0.0634876649780199
0.14161069630645215 0.20960144139826298 0.38412141241133213 0.0634876649780199
0.64459719695150852 0.46533687934279444 0.38412141241133213 0.0634876649780199
0.64459719695150852 0.20960144139826298 0.23715341165661813 0.0634876649780199
0.64459719695150852 0.20960144139826298 0.38412141241133213 0.088282788023352626
0.14161069630645215 0.46533687934279444 0.23715341165661813 0.088282788023352626
0.65176356402225788 0.33928050212562089 0.43834527246654031 0.096746585456654433
0.50564817446283994 0.33928050212562089 0.43834527246654031 0.096746585456654433
0.65176356402225788 0.41353942677378652 0.43834527246654031 0.096746585456654433
0.65176356402225788 0.33928050212562089 0.34949642121791841 0.096746585456654433
0.65176356402225788 0.33928050212562089 0.43834527246654031 0.076238803947344433
0.50564817446283994 0.41353942677378652 0.34949642121791841 0.076238803947344433
0.073250097408890727 0.10300379097461701 0.15299950763583184 0.019172700632363558
0.35061936737038191 0.10300379097461701 0.15299950763583184 0.019172700632363558
0.073250097408890727 0.19472289718687535 0.15299950763583184 0.019172700632363558
0.073250097408890727 0.10300379097461701 0.21810012049973013 0.019172700632363558
0.073250097408890727 0.10300379097461701 0.15299950763583184 0.0086163547607138753
0.35061936737038191 0.19472289718687535 0.21810012049973013 0.0086163547607138753
0.27686889534816145 0.43335718661546707 0.35664599016308784 0.05442366628907621
0.1825703252106905 0.43335718661546707 0.35664599016308784 0.05442366628907621
0.27686889534816145 0.25475427284836771 0.35664599016308784 0.05442366628907621
0.27686889534816145 0.43335718661546707 0.43261351697146899 0.05442366628907621
0.27686889534816145 0.43335718661546707 0.35664599016308784 0.035288294957950717
0.1825703252106905 0.25475427284836771 0.43261351697146899 0.035288294957950717
0.53100615846924482 0.22123218439519407 0.24551954828202727 0.033216762524098158
0.66230096602812405 0.22123218439519407 0.24551954828202727 0.033216762524098158
0.53100615846924482 0.33632722683250904 0.24551954828202727 0.033216762524098158
0.53100615846924482 0.22123218439519407 0.10141369029879571 0.033216762524098158
0.53100615846924482 0.22123218439519407 0.24551954828202727 0.054206156631000341
0.66230096602812405 0.33632722683250904 0.10141369029879571 0.054206156631000341
0.45382824288681145 0.46892894990742207 0.12098377384245396 0.039360645857639612
0.58799434825778008 0.46892894990742207 0.12098377384245396 0.039360645857639612
0.45382824288681145 0.47123675793409348 0.12098377384245396 0.039360645857639612
0.45382824288681145 0.46892894990742207 0.46281451098620896 0.039360645857639612
0.45382824288681145 0.46892894990742207 0.12098377384245396 0.049911858442239464
0.58799434825778008 0.47123675793409348 0.46281451098620896 0.049911858442239464
0.36265589720569547 0.28253636881709099 0.4813291177153588 0.073066039497964086
0.10826247008517384 0.28253636881709099 0.4813291177153588 0.073066039497964086
0.36265589720569547 0.14005290977656842 0.4813291177153588 0.073066039497964086
0.36265589720569547 0.28253636881709099 0.19382018968462944 0.073066039497964086
0.36265589720569547 0.28253636881709099 0.4813291177153588 0.068781380087137231
0.10826247008517384 0.14005290977656842 0.19382018968462944 0.068781380087137231
0.16000040569342672 0.35063390210270884 0.27758424282073979 0.012799203594215214
0.26488574068062004 0.35063390210270884 0.27758424282073979 0.012799203594215214
0.16000040569342672 0.20971570312976839 0.27758424282073979 0.012799203594215214
0.16000040569342672 0.35063390210270884 0.35508804023265839 0.012799203594215214
0.16000040569342672 0.35063390210270884 0.27758424282073979 0.089313970009796323
0.26488574068062004 0.20971570312976839 0.35508804023265839 0.089313970009796323
0.57679617013782258 0.18852711357176305 0.31371102817356589 0.078309656399302194
0.41991578512825067 0.18852711357176305 0.31371102817356589 0.078309656399302194
0.57679617013782258 0.3781431403011084 0.31371102817356589 0.078309656399302194
0.57679617013782258 0.18852711357176305 0.28667849488556385 0.078309656399302194
0.57679617013782258 0.18852711357176305 0.31371102817356589 0.021643180795013907
0.41991578512825067 0.3781431403011084 0.28667849488556385 0.021643180795013907
0.60185664468444877 0.40517965294420721 0.26981765851378442 0.065402693516574809
0.32658690856769679 0.40517965294420721 0.26981765851378442 0.065402693516574809
0.60185664468444877 0.31658170036971567 0.26981765851378442 0.065402693516574809
0.60185664468444877 0.40517965294420721 0.47745192795991898 0.065402693516574809
0.60185664468444877 0.40517965294420721 0.26981765851378442 0.039524970512837175
0.32658690856769679 0.31658170036971567 0.47745192795991898 0.039524970512837175
0.20599369835108516 0.24315914884209633 0.33408131413161757 0.050456120745278901
0.4816367700695991 0.24315914884209633 0.33408131413161757 0.050456120745278901
0.20599369835108516 0.29791002422571183 0.33408131413161757 0.050456120745278901
0.20599369835108516 0.24315914884209633 0.15884554721415045 0.050456120745278901
0.20599369835108516 0.24315914884209633 0.33408131413161757 0.070079988672398036
0.4816367700695991 0.29791002422571183 0.15884554721415045 0.070079988672398036
0.32677608104422684 0.3236948035657406 0.12561303637921811 0.085779620139859625
0.64838638105429702 0.3236948035657406 0.12561303637921811 0.085779620139859625
0.32677608104422684 0.15192878209054472 0.12561303637921811 0.085779620139859625
0.32677608104422684 0.3236948035657406 0.39201434217393405 0.085779620139859625
0.32677608104422684 0.3236948035657406 0.12561303637921811 0.097574660677462816
0.64838638105429702 0.15192878209054472 0.39201434217393405 0.097574660677462816
0.39826244614087042 0.13733967728912833 0.46409601345658302 0.001897110947407782
0.16867435867898165 0.13733967728912833 0.46409601345658302 0.001897110947407782
0.39826244614087042 0.43286838531494143 0.46409601345658302 0.001897110947407782
0.39826244614087042 0.13733967728912833 0.27321379855275152 0.001897110947407782
0.39826244614087042 0.13733967728912833 0.46409601345658302 0.016669989696703854
0.16867435867898165 0.43286838531494143 0.27321379855275152 0.016669989696703854
0.48501267572864881 0.38504801951348788 0.38951060324907305 0.020406930007040504
0.081672389665618544 0.38504801951348788 0.38951060324907305 0.020406930007040504
0.48501267572864881 0.37442389465868475 0.38951060324907305 0.020406930007040504
0.48501267572864881 0.38504801951348788 0.30946809612214565 0.020406930007040504
0.48501267572864881 0.38504801951348788 0.38951060324907305 0.087399872885085647
0.081672389665618544 0.37442389465868475 0.30946809612214565 0.087399872885085647
0.25180861088447271 0.1728628143668175 0.20024661757051945 0.091983547488227485
0.56138317468576127 0.1728628143668175 0.20024661757051945 0.091983547488227485
0.25180861088447271 0.2430951736867428 0.20024661757051945 0.091983547488227485
0.25180861088447271 0.1728628143668175 0.22846509888768196 0.091983547488227485
0.25180861088447271 0.1728628143668175 0.20024661757051945 0.0065435415636748082
0.56138317468576127 0.2430951736867428 0.22846509888768196 0.0065435415636748082
0.12881570649333296 0.49075198173522949 0.40861793942749502 0.031789196640253065
0.40352029213681812 0.49075198173522949 0.40861793942749502 0.031789196640253065
0.12881570649333296 0.10625687725841999 0.40861793942749502 0.031789196640253065
0.12881570649333296 0.49075198173522949 0.42107755690813065 0.031789196640253065
0.12881570649333296 0.49075198173522949 0.40861793942749502 0.027801808902062478
0.40352029213681812 0.10625687725841999 0.42107755690813065 0.027801808902062478
0.68764356784522529 0.25446390025317667 0.19513539373874667 0.059380040766671305
0.24847166799008846 0.25446390025317667 0.19513539373874667 0.059380040766671305
0.68764356784522529 0.47531763389706616 0.19513539373874667 0.059380040766671305
0.68764356784522529 0.25446390025317667 0.13948747254908087 0.059380040766671305
0.68764356784522529 0.25446390025317667 0.19513539373874667 0.058405166720971471
0.24847166799008846 0.47531763389706616 0.13948747254908087 0.058405166720971471
0.66415731115266674 0.48744014985859396 0.34767495803534987 0.0076277659181505442
0.69053904190659521 0.48744014985859396 0.34767495803534987 0.0076277659181505442
0.66415731115266674 0.23028418645262719 0.34767495803534987 0.0076277659181505442
0.66415731115266674 0.48744014985859396 0.21018527001142503 0.0076277659181505442
0.66415731115266674 0.48744014985859396 0.34767495803534987 0.02956426185835153
0.69053904190659521 0.23028418645262719 0.21018527001142503 0.02956426185835153
0.10532961930148303 0.27378926798701286 0.26231760010123251 0.078453704409301286
0.19559200527146459 0.27378926798701286 0.26231760010123251 0.078453704409301286
0.10532961930148303 0.36145572997629649 0.26231760010123251 0.078453704409301286
0.10532961930148303 0.27378926798701286 0.3292738262563944 0.078453704409301286
0.10532961930148303 0.27378926798701286 0.26231760010123251 0.060125251503661277
0.19559200527146459 0.36145572997629649 0.3292738262563944 0.060125251503661277
0.2270525299478322 0.39304646924138076 0.45357391610741615 0.042983715431764727
0.36235230932943518 0.39304646924138076 0.45357391610741615 0.042983715431764727
0.2270525299478322 0.48868100121617319 0.45357391610741615 0.042983715431764727
0.2270525299478322 0.39304646924138076 0.12181914709508419 0.042983715431764727
0.2270525299478322 0.39304646924138076 0.45357391610741615 0.082972757590003318
0.36235230932943518 0.48868100121617319 0.12181914709508419 0.082972757590003318
0.46025672554969782 0.15509739555418492 0.14243473671376705 0.071376609221100812
0.53263594531454139 0.15509739555418492 0.14243473671376705 0.071376609221100812
0.46025672554969782 0.12024126537144185 0.14243473671376705 0.071376609221100812
0.46025672554969782 0.15509739555418492 0.44032061472535133 0.071376609221100812
0.46025672554969782 0.15509739555418492 0.14243473671376705 0.0020740580949932339
0.53263594531454139 0.12024126537144185 0.44032061472535133 0.0020740580949932339
0.38493227721191936 0.30435084514319899 0.21780144311487676 0.052634156138636173
0.44817184018902473 0.30435084514319899 0.21780144311487676 0.052634156138636173
0.38493227721191936 0.28494187146425248 0.21780144311487676 0.052634156138636173
0.38493227721191936 0.30435084514319899 0.17672254703938961 0.052634156138636173
0.38493227721191936 0.30435084514319899 0.21780144311487676 0.095807734869420527
0.44817184018902473 0.28494187146425248 0.17672254703938961 0.095807734869420527
0.31344578135758633 0.14066934883594515 0.37815922647714617 0.036939915291033687
0.27788944155909118 0.14066934883594515 0.37815922647714617 0.036939915291033687
0.31344578135758633 0.30377070121467115 0.37815922647714617 0.036939915291033687
0.31344578135758633 0.14066934883594515 0.45802461281418805 0.036939915291033687
0.31344578135758633 0.14066934883594515 0.37815922647714617 0.014957375402562322
0.27788944155909118 0.30377070121467115 0.45802461281418805 0.014957375402562322
0.19139432990923522 0.42296366244554517 0.18699977099895479 0.096990713709034032
0.12001586593687534 0.42296366244554517 0.18699977099895479 0.096990713709034032
0.19139432990923522 0.44685278534889228 0.18699977099895479 0.096990713709034032
0.19139432990923522 0.42296366244554517 0.29126054495573045 0.096990713709034032
0.19139432990923522 0.42296366244554517 0.18699977099895479 0.043944615319371223
0.12001586593687534 0.44685278534889228 0.29126054495573045 0.043944615319371223
0.58725710674189024 0.23514285944402219 0.42313861437141898 0.013901180132292211
0.61496166521683338 0.23514285944402219 0.42313861437141898 0.013901180132292211
0.58725710674189024 0.16529213748872279 0.42313861437141898 0.013901180132292211
0.58725710674189024 0.23514285944402219 0.37236844934523106 0.013901180132292211
0.58725710674189024 0.23514285944402219 0.42313861437141898 0.074553944992832841
0.61496166521683338 0.16529213748872279 0.37236844934523106 0.074553944992832841
0.55204022238031025 0.37112513743340969 0.16664736792445184 0.025841324011795223
0.14105243966914713 0.37112513743340969 0.16664736792445184 0.025841324011795223
0.55204022238031025 0.12709466330707075 0.16664736792445184 0.025841324011795223
0.55204022238031025 0.37112513743340969 0.16362318992614747 0.025841324011795223
0.55204022238031025 0.37112513743340969 0.16664736792445184 0.091027903146110478
0.14105243966914713 0.12709466330707075 0.16362318992614747 0.091027903146110478
0.13524432717822493 0.18326854556798935 0.43089933507144451 0.060300618511624639
0.6360180560033768 0.18326854556798935 0.43089933507144451 0.060300618511624639
0.13524432717822493 0.45841127485036848 0.43089933507144451 0.060300618511624639
0.13524432717822493 0.18326854556798935 0.49453731663525102 0.060300618511624639
0.13524432717822493 0.18326854556798935 0.43089933507144451 0.023411425445228819
0.6360180560033768 0.45841127485036848 0.49453731663525102 0.023411425445228819
0.33916980759240684 0.45312304496765143 0.23504098616540434 0.024806387695483864
0.46797846714034669 0.45312304496765143 0.23504098616540434 0.024806387695483864
0.33916980759240684 0.39213592074811465 0.23504098616540434 0.024806387695483864
0.33916980759240684 0.45312304496765143 0.25592113547027112 0.024806387695483864
0.33916980759240684 0.45312304496765143 0.23504098616540434 0.045436583279632035
0.46797846714034669 0.39213592074811465 0.25592113547027112 0.045436583279632035
0.43034198377281419 0.28935693614184854 0.37351113036274908 0.089517635052092384
0.29771592430770394 0.28935693614184854 0.37351113036274908 0.089517635052092384
0.43034198377281419 0.22306304872035981 0.37351113036274908 0.089517635052092384
0.43034198377281419 0.28935693614184854 0.38742003664374358 0.089517635052092384
0.43034198377281419 0.28935693614184854 0.37351113036274908 0.064360416438430545
0.29771592430770394 0.22306304872035981 0.38742003664374358 0.064360416438430545
0.51640661810524757 0.43864599205553534 0.4988282963633538 0.083219669941812763
0.22086896793916821 0.43864599205553534 0.4988282963633538 0.083219669941812763
0.51640661810524757 0.18189740218222142 0.4988282963633538 0.083219669941812763
0.51640661810524757 0.43864599205553534 0.24867553524672986 0.083219669941812763
0.51640661810524757 0.43864599205553534 0.4988282963633538 0.033569912573322654
0.22086896793916821 0.18189740218222142 0.24867553524672986 0.033569912573322654
0.26226952448487278 0.20070996060967447 0.10957665480673313 0.0063906089793890715
0.39113274812698356 0.20070996060967447 0.10957665480673313 0.0063906089793890715
0.26226952448487278 0.40058119222521782 0.10957665480673313 0.0063906089793890715
0.26226952448487278 0.20070996060967447 0.31737078651785855 0.0063906089793890715
0.26226952448487278 0.20070996060967447 0.10957665480673313 0.052445406072773045
0.39113274812698356 0.40058119222521782 0.31737078651785855 0.052445406072773045
0.059919800143688917 0.33242969736456873 0.30553349144756792 0.066417308654636145
0.54774656542576849 0.33242969736456873 0.30553349144756792 0.066417308654636145
0.059919800143688917 0.34967456050217149 0.30553349144756792 0.066417308654636145
0.059919800143688917 0.33242969736456873 0.13176821470260622 0.066417308654636145
0.059919800143688917 0.33242969736456873 0.30553349144756792 0.080706585017964252
0.54774656542576849 0.34967456050217149 0.13176821470260622 0.080706585017964252
0.63843339751474559 0.11884068436920643 0.292062908411026 0.044414207404479385
0.052779711736366156 0.11884068436920643 0.292062908411026 0.044414207404479385
0.63843339751474559 0.26874706521630287 0.292062908411026 0.044414207404479385
0.63843339751474559 0.11884068436920643 0.40065994150936601 0.044414207404479385
0.63843339751474559 0.11884068436920643 0.292062908411026 0.013041767657734453
0.052779711736366156 0.26874706521630287 0.40065994150936601 0.013041767657734453
0.63210056046955287 0.35534310489892962 0.32135875299572947 0.060685277584940196
0.34659265587106342 0.35534310489892962 0.32135875299572947 0.060685277584940196
0.63210056046955287 0.17446717210114004 0.32135875299572947 0.060685277584940196
0.63210056046955287 0.35534310489892962 0.47473661452531812 0.060685277584940196
0.63210056046955287 0.35534310489892962 0.32135875299572947 0.0012333868434652687
0.34659265587106342 0.17446717210114004 0.47473661452531812 0.0012333868434652687
0.053596997540444141 0.19319442771375181 0.28248534761369226 0.027003492547199134
0.50162146054208279 0.19319442771375181 0.28248534761369226 0.027003492547199134
0.053596997540444141 0.44314940944314007 0.28248534761369226 0.027003492547199134
0.053596997540444141 0.19319442771375181 0.19362870790064335 0.027003492547199134
0.053596997540444141 0.19319442771375181 0.28248534761369226 0.082073762055486443
0.50162146054208279 0.44314940944314007 0.19362870790064335 0.082073762055486443
0.25593668743968007 0.47354661040008073 0.47716043703258038 0.090678528632968672
0.66839066580869255 0.47354661040008073 0.47716043703258038 0.090678528632968672
0.25593668743968007 0.30629919804632666 0.47716043703258038 0.090678528632968672
0.25593668743968007 0.47354661040008073 0.35726777873933313 0.090678528632968672
0.25593668743968007 0.47354661040008073 0.47716043703258038 0.060842877841554587
0.66839066580869255 0.30629919804632666 0.35726777873933313 0.060842877841554587
0.51008381550200277 0.28729524314403532 0.11250597164034844 0.025192416137084367
0.18866002741269766 0.28729524314403532 0.11250597164034844 0.025192416137084367
0.51008381550200277 0.27537320777773855 0.11250597164034844 0.025192416137084367
0.51008381550200277 0.28729524314403532 0.27596570923924446 0.025192416137084367
0.51008381550200277 0.28729524314403532 0.11250597164034844 0.030199582818895579
0.18866002741269766 0.27537320777773855 0.27596570923924446 0.030199582818895579
0.43412584010511629 0.4348971374332905 0.23796951770782471 0.0067792808217927818
0.1016568670514971 0.4348971374332905 0.23796951770782471 0.0067792808217927818
0.43412584010511629 0.11653788350522519 0.23796951770782471 0.0067792808217927818
0.43412584010511629 0.4348971374332905 0.33795245252549649 0.0067792808217927818
0.43412584010511629 0.4348971374332905 0.23796951770782471 0.073869716046378014
0.1016568670514971 0.11653788350522519 0.33795245252549649 0.073869716046378014
0.34296346590854221 0.22281569279730321 0.35184250362217429 0.084377920490689581
0.58138874764554205 0.22281569279730321 0.35184250362217429 0.084377920490689581
0.34296346590854221 0.49785604178905485 0.35184250362217429 0.084377920490689581
0.34296346590854221 0.22281569279730321 0.21945098116993905 0.084377920490689581
0.34296346590854221 0.22281569279730321 0.35184250362217429 0.043274761051870884
0.58138874764554205 0.49785604178905485 0.21945098116993905 0.043274761051870884
0.13902818351052701 0.34091201908886437 0.15707057155668736 0.045573732170276347
0.42350625144317738 0.34091201908886437 0.15707057155668736 0.045573732170276347
0.13902818351052701 0.35188706032931805 0.15707057155668736 0.045573732170276347
0.13902818351052701 0.34091201908886437 0.43003066331148154 0.045573732170276347
0.13902818351052701 0.34091201908886437 0.15707057155668736 0.015808598866686226
0.42350625144317738 0.35188706032931805 0.43003066331148154 0.015808598866686226
0.55583388069644568 0.10449576303362847 0.44672537893056874 0.066804611866362398
0.26847620457410809 0.10449576303362847 0.44672537893056874 0.066804611866362398
0.55583388069644568 0.23281268924474718 0.44672537893056874 0.066804611866362398
0.55583388069644568 0.10449576303362847 0.11094210483133793 0.066804611866362398
0.55583388069644568 0.10449576303362847 0.44672537893056874 0.096697314106859278
0.26847620457410809 0.23281268924474718 0.11094210483133793 0.096697314106859278
0.5809243859257549 0.4892120324075222 0.1899412777274847 0.079614869982935488
0.48502888302318747 0.4892120324075222 0.1899412777274847 0.079614869982935488
0.5809243859257549 0.2712784230709076 0.1899412777274847 0.079614869982935488
0.5809243859257549 0.4892120324075222 0.30297927558422089 0.079614869982935488
0.5809243859257549 0.4892120324075222 0.1899412777274847 0.063470460099168124
0.48502888302318747 0.2712784230709076 0.30297927558422089 0.063470460099168124
0.18507141107693315 0.25288039036095145 0.40145854130387304 0.00801352273579687
0.32997901909984645 0.25288039036095145 0.40145854130387304 0.00801352273579687
0.18507141107693315 0.34010875783860683 0.40145854130387304 0.00801352273579687
0.18507141107693315 0.25288039036095145 0.23408755250275137 0.00801352273579687
0.18507141107693315 0.25288039036095145 0.40145854130387304 0.044586492964997892
0.32997901909984645 0.34010875783860683 0.23408755250275137 0.044586492964997892
0.30711306054145093 0.38341650106012826 0.20823609456419945 0.071760997408069668
0.16194972619414327 0.38341650106012826 0.20823609456419945 0.071760997408069668
0.30711306054145093 0.40975946933031082 0.20823609456419945 0.071760997408069668
0.30711306054145093 0.38341650106012826 0.41656512133777146 0.071760997408069668
0.30711306054145093 0.38341650106012826 0.20823609456419945 0.024080147300846878
0.16194972619414327 0.40975946933031082 0.41656512133777146 0.024080147300846878
0.37860935837961729 0.17137084379792214 0.39397229962050917 0.044146155222319072
0.64166175099089739 0.17137084379792214 0.39397229962050917 0.044146155222319072
0.37860935837961729 0.17819726876914502 0.39397229962050917 0.044146155222319072
0.37860935837961729 0.17137084379792214 0.14786987230181695 0.044146155222319072
0.37860935837961729 0.17137084379792214 0.39397229962050917 0.091712509931996464
0.64166175099089739 0.17819726876914502 0.14786987230181695 0.091712509931996464
0.4640404656529426 0.31898559927940373 0.46938773579895499 0.038098956370726231
0.56735386438667768 0.31898559927940373 0.46938773579895499 0.038098956370726231
0.4640404656529426 0.21349724009633064 0.46938773579895499 0.038098956370726231
0.4640404656529426 0.31898559927940373 0.48510069958865643 0.038098956370726231
0.4640404656529426 0.31898559927940373 0.46938773579895499 0.012405313178896905
0.56735386438667768 0.21349724009633064 0.48510069958865643 0.012405313178896905
0.2308463044930249 0.13267236463725568 0.13287014067173006 0.053021942667663101
0.087643081787973642 0.13267236463725568 0.13287014067173006 0.053021942667663101
0.2308463044930249 0.39466728456318378 0.13287014067173006 0.053021942667663101
0.2308463044930249 0.13267236463725568 0.15360180065035822 0.053021942667663101
0.2308463044930249 0.13267236463725568 0.13287014067173006 0.079989336150698365
0.087643081787973642 0.39466728456318378 0.15360180065035822 0.079989336150698365
0.10911335940472781 0.4005619939416647 0.32599412947893147 0.014290336029604077
0.24424658375792202 0.4005619939416647 0.32599412947893147 0.014290336029604077
0.10911335940472781 0.45471113547682762 0.32599412947893147 0.014290336029604077
0.10911335940472781 0.4005619939416647 0.39534297883510594 0.014290336029604077
0.10911335940472781 0.4005619939416647 0.32599412947893147 0.053344023399055009
0.24424658375792202 0.45471113547682762 0.39534297883510594 0.053344023399055009
0.66795108569785944 0.23840027302503586 0.26525835730135439 0.098148479834198957
0.39929520548321301 0.23840027302503586 0.26525835730135439 0.098148479834198957
0.66795108569785944 0.13627294637262821 0.26525835730135439 0.098148479834198957
0.66795108569785944 0.23840027302503586 0.26442885585129261 0.098148479834198957
0.66795108569785944 0.23840027302503586 0.26525835730135439 0.034411716605536644
0.39929520548321301 0.13627294637262821 0.26442885585129261 0.034411716605536644
0.68381999991834164 0.42147779539227492 0.41817643418908124 0.049296501196920875
0.20231648036278782 0.42147779539227492 0.41817643418908124 0.049296501196920875
0.68381999991834164 0.38185572512447841 0.41817643418908124 0.049296501196920875
0.68381999991834164 0.42147779539227492 0.18592165708541872 0.049296501196920875
0.68381999991834164 0.42147779539227492 0.41817643418908124 0.055056177426129581
0.20231648036278782 0.38185572512447841 0.18592165708541872 0.055056177426129581
0.12498241406865417 0.2335052374750376 0.17931546829640865 0.065015485087409619
0.69726351941935716 0.2335052374750376 0.17931546829640865 0.065015485087409619
0.12498241406865417 0.20052545145153999 0.17931546829640865 0.065015485087409619
0.12498241406865417 0.2335052374750376 0.45433120615780354 0.065015485087409619
0.12498241406865417 0.2335052374750376 0.17931546829640865 0.036178323767147962
0.69726351941935716 0.20052545145153999 0.45433120615780354 0.036178323767147962
0.247985042957589 0.30276123173534875 0.38657595328986649 0.0015081554949283602
0.52924398975446818 0.30276123173534875 0.38657595328986649 0.0015081554949283602
0.247985042957589 0.14963078238070013 0.38657595328986649 0.0015081554949283602
0.247985042957589 0.30276123173534875 0.29618835262954235 0.0015081554949283602
0.247985042957589 0.30276123173534875 0.38657595328986649 0.007931675504893064
0.52924398975446818 0.14963078238070013 0.29618835262954235 0.007931675504893064
0.48117938330397003 0.13913550302386285 0.22193354591727257 0.084621653201058508
0.3589603513479232 0.13913550302386285 0.22193354591727257 0.084621653201058508
0.48117938330397003 0.46869304403662682 0.22193354591727257 0.084621653201058508
0.48117938330397003 0.13913550302386285 0.36518267616629607 0.084621653201058508
0.48117938330397003 0.13913550302386285 0.22193354591727257 0.075570151611231276
0.3589603513479232 0.46869304403662682 0.36518267616629607 0.075570151611231276
0.40463499478064474 0.38828148990869527 0.14729921519756317 0.090822936779819438
0.28211468318477267 0.38828148990869527 0.14729921519756317 0.090822936779819438
0.40463499478064474 0.32713698111474515 0.14729921519756317 0.090822936779819438
0.40463499478064474 0.38828148990869527 0.20217052511870862 0.090822936779819438
0.40463499478064474 0.38828148990869527 0.14729921519756317 0.022360357561148705
0.28211468318477267 0.32713698111474515 0.20217052511870862 0.022360357561148705
0.333138517756015 0.15048584006726742 0.46116060800850389 0.020020618692971767
0.45239707939326756 0.15048584006726742 0.46116060800850389 0.020020618692971767
0.333138517756015 0.2584668517112732 0.46116060800850389 0.020020618692971767
0.333138517756015 0.15048584006726742 0.33337035402655602 0.020020618692971767
0.333138517756015 0.15048584006726742 0.46116060800850389 0.089950493639335036
0.45239707939326756 0.2584668517112732 0.33337035402655602 0.089950493639335036
0.21236624699085949 0.48277894072234628 0.25399848558008675 0.058995475738309329
0.60899081812240186 0.48277894072234628 0.25399848558008675 0.058995475738309329
0.21236624699085949 0.19217918924987318 0.25399848558008675 0.058995475738309329
0.21236624699085949 0.48277894072234628 0.11573195457458496 0.058995475738309329
0.21236624699085949 0.48277894072234628 0.25399848558008675 0.067939506904222069
0.60899081812240186 0.19217918924987318 0.11573195457458496 0.067939506904222069
0.60821908139623704 0.26907396018505098 0.34364055544137956 0.030626934059895576
0.11404502126388251 0.26907396018505098 0.34364055544137956 0.030626934059895576
0.60821908139623704 0.42311729341745374 0.34364055544137956 0.030626934059895576
0.60821908139623704 0.26907396018505098 0.44712825901806352 0.030626934059895576
0.60821908139623704 0.26907396018505098 0.34364055544137956 0.049013313217088586
0.11404502126388251 0.42311729341745374 0.44712825901806352 0.049013313217088586
0.57297279592603445 0.33719467520713808 0.29925898276269436 0.018783450690098107
0.62992819882929318 0.33719467520713808 0.29925898276269436 0.018783450690098107
0.57297279592603445 0.48489874899387364 0.29925898276269436 0.018783450690098107
0.57297279592603445 0.33719467520713808 0.23868180960416796 0.018783450690098107
0.57297279592603445 0.33719467520713808 0.29925898276269436 0.017568912761285901
0.62992819882929318 0.48489874899387364 0.23868180960416796 0.017568912761285901
0.15616691955365239 0.12345224134624005 0.3107885904610157 0.095588913376443096
0.13496258491650223 0.12345224134624005 0.3107885904610157 0.095588913376443096
0.15616691955365239 0.10371640585362912 0.3107885904610157 0.095588913376443096
0.15616691955365239 0.12345224134624005 0.3202718917280436 0.095588913376443096
0.15616691955365239 0.12345224134624005 0.3107885904610157 0.098415401448495685
0.13496258491650223 0.10371640585362912 0.3202718917280436 0.098415401448495685
0.35883252299390728 0.44330720268189905 0.10515163466334343 0.03205743857193738
0.30174279320053754 0.44330720268189905 0.10515163466334343 0.03205743857193738
0.35883252299390728 0.24681061953306199 0.10515163466334343 0.03205743857193738
0.35883252299390728 0.44330720268189905 0.13078443668782713 0.03205743857193738
0.35883252299390728 0.44330720268189905 0.10515163466334343 0.069444598192349077
0.30174279320053754 0.24681061953306199 0.13078443668782713 0.069444598192349077
0.44999475674703709 0.20542526692152024 0.49089980237185959 0.054036162632517523
0.47200533361174157 0.20542526692152024 0.49089980237185959 0.054036162632517523
0.44999475674703709 0.36523650400340557 0.49089980237185959 0.054036162632517523
0.44999475674703709 0.20542526692152024 0.41178743019700048 0.054036162632517523
0.44999475674703709 0.20542526692152024 0.49089980237185959 0.038807416644878689
0.47200533361174157 0.36523650400340557 0.41178743019700048 0.038807416644878689
0.53737851339392362 0.45460891351103783 0.36621745713055132 0.072681934921070931
0.38754243920557196 0.45460891351103783 0.36621745713055132 0.072681934921070931
0.53737851339392362 0.43032791987061503 0.36621745713055132 0.072681934921070931
0.53737851339392362 0.45460891351103783 0.17401946447789668 0.072681934921070931
0.53737851339392362 0.45460891351103783 0.36621745713055132 0.059074951837770645
0.38754243920557196 0.43032791987061503 0.17401946447789668 0.059074951837770645
0.28323152577504512 0.29099455662071705 0.22968817353248597 0.038197922457009557
0.21727865659631784 0.29099455662071705 0.22968817353248597 0.038197922457009557
0.28323152577504512 0.16150989122688772 0.22968817353248597 0.038197922457009557
0.28323152577504512 0.29099455662071705 0.49282000437378881 0.038197922457009557
0.28323152577504512 0.29099455662071705 0.22968817353248597 0.028486109949648383
0.21727865659631784 0.16150989122688772 0.49282000437378881 0.028486109949648383
0.079622452333569529 0.3727147493511439 0.43542206734418876 0.077148585608229042
0.059385157376527789 0.3727147493511439 0.43542206734418876 0.077148585608229042
0.079622452333569529 0.28872263953089716 0.43542206734418876 0.077148585608229042
0.079622452333569529 0.3727147493511439 0.25652621239423756 0.077148585608229042
0.079622452333569529 0.3727147493511439 0.43542206734418876 0.0056538902251049876
0.059385157376527789 0.28872263953089716 0.25652621239423756 0.0056538902251049876
0.65812619444914155 0.18480239287018776 0.17467346228659153 0.012413351994007827
0.55435201348736884 0.18480239287018776 0.17467346228659153 0.012413351994007827
0.65812619444914155 0.32029714025557043 0.17467346228659153 0.012413351994007827
0.65812619444914155 0.18480239287018776 0.37513259090483186 0.012413351994007827
0.65812619444914155 0.18480239287018776 0.17467346228659153 0.086548718571662908
0.55435201348736884 0.32029714025557043 0.37513259090483186 0.086548718571662908
0.64077378399670115 0.46445713341236117 0.2040439259260893 0.030198332850821318
0.25759845180436969 0.46445713341236117 0.2040439259260893 0.030198332850821318
0.64077378399670115 0.37114248611032963 0.2040439259260893 0.030198332850821318
0.64077378399670115 0.46445713341236117 0.28828087262809277 0.030198332850821318
0.64077378399670115 0.46445713341236117 0.2040439259260893 0.099242271879687913
0.25759845180436969 0.37114248611032963 0.28828087262809277 0.099242271879687913
0.081779850693419573 0.27743672542274 0.39369820877909667 0.057816021832637496
0.42786721047013992 0.27743672542274 0.39369820877909667 0.057816021832637496
0.081779850693419573 0.24015404805541041 0.39369820877909667 0.057816021832637496
0.081779850693419573 0.27743672542274 0.369183548539877 0.057816021832637496
0.081779850693419573 0.27743672542274 0.39369820877909667 0.019256081533618272
0.42786721047013992 0.24015404805541041 0.369183548539877 0.019256081533618272
0.28603263455443079 0.3581673230975867 0.1974369712173939 0.021960761290974917
0.59464749624021351 0.3581673230975867 0.1974369712173939 0.021960761290974917
0.28603263455443079 0.10961456783115864 0.1974369712173939 0.021960761290974917
0.28603263455443079 0.3581673230975867 0.17977238297462464 0.021960761290974917
0.28603263455443079 0.3581673230975867 0.1974369712173939 0.039742684395983816
0.59464749624021351 0.10961456783115864 0.17977238297462464 0.039742684395983816
0.5193830124102532 0.19681210070848465 0.41131057702004914 0.093558918754570189
0.099675664072856301 0.19681210070848465 0.41131057702004914 0.093558918754570189
0.5193830124102532 0.47823740914463997 0.41131057702004914 0.093558918754570189
0.5193830124102532 0.19681210070848465 0.46126137264072897 0.093558918754570189
0.5193830124102532 0.19681210070848465 0.41131057702004914 0.071022634987719366
0.099675664072856301 0.47823740914463997 0.46126137264072897 0.071022634987719366
0.44267993248067788 0.34452090784907341 0.33662740029394628 0.087297207420691858
0.17525305044837297 0.34452090784907341 0.33662740029394628 0.087297207420691858
0.44267993248067788 0.31364056281745434 0.33662740029394628 0.087297207420691858
0.44267993248067788 0.34452090784907341 0.12481102347373962 0.087297207420691858
0.44267993248067788 0.34452090784907341 0.33662740029394628 0.026907694208435716
0.17525305044837297 0.31364056281745434 0.12481102347373962 0.026907694208435716
0.37134480075910681 0.1073356080800295 0.27197279185056689 0.0034362160824239255
0.67022364526055744 0.1073356080800295 0.27197279185056689 0.0034362160824239255
0.37134480075910681 0.29462862759828568 0.27197279185056689 0.0034362160824239255
0.37134480075910681 0.1073356080800295 0.44351772554218771 0.0034362160824239255
0.37134480075910681 0.1073356080800295 0.27197279185056689 0.058139304772019389
0.67022364526055744 0.29462862759828568 0.44351772554218771 0.058139304772019389
0.16932237502187489 0.4250290933996439 0.46833240389823916 0.063872289014980196
0.51233006855472918 0.4250290933996439 0.46833240389823916 0.063872289014980196
0.16932237502187489 0.15484854541718962 0.46833240389823916 0.063872289014980196
0.16932237502187489 0.4250290933996439 0.20714763812720777 0.063872289014980196
0.16932237502187489 0.4250290933996439 0.46833240389823916 0.084861929113976664
0.51233006855472918 0.15484854541718962 0.20714763812720777 0.084861929113976664
0.56501417406834664 0.2137411065399647 0.12945923693478109 0.0489524917639792
0.34206254724413149 0.2137411065399647 0.12945923693478109 0.0489524917639792
0.56501417406834664 0.43622608780860905 0.12945923693478109 0.0489524917639792
0.56501417406834664 0.2137411065399647 0.32604927644133569 0.0489524917639792
0.56501417406834664 0.2137411065399647 0.12945923693478109 0.0048273987397551539
0.34206254724413149 0.43622608780860905 0.32604927644133569 0.0048273987397551539
0.61102021317929023 0.38000330701470375 0.48546216711401946 0.011295930877327918
0.41143212332390244 0.38000330701470375 0.48546216711401946 0.011295930877327918
0.61102021317929023 0.4745181664824486 0.48546216711401946 0.011295930877327918
0.61102021317929023 0.38000330701470375 0.13478524945676329 0.011295930877327918
0.61102021317929023 0.38000330701470375 0.48546216711401946 0.037777886714786296
0.41143212332390244 0.4745181664824486 0.13478524945676329 0.037777886714786296
0.19437072300352154 0.16872669197618961 0.12472577504813671 0.076778801219537854
0.24114478495903313 0.16872669197618961 0.12472577504813671 0.076778801219537854
0.19437072300352154 0.14299403540790082 0.12472577504813671 0.076778801219537854
0.19437072300352154 0.16872669197618961 0.40388067737221722 0.076778801219537854
0.19437072300352154 0.16872669197618961 0.12472577504813671 0.055970674335025256
0.24114478495903313 0.14299403540790082 0.40388067737221722 0.055970674335025256
0.31578617147170002 0.49888438172638416 0.31636055372655392 0.040899440459907059
0.073125177808105943 0.49888438172638416 0.31636055372655392 0.040899440459907059
0.31578617147170002 0.20635801255702974 0.31636055372655392 0.040899440459907059
0.31578617147170002 0.49888438172638416 0.24561270326375961 0.040899440459907059
0.31578617147170002 0.49888438172638416 0.31636055372655392 0.077278091225773102
0.073125177808105943 0.20635801255702974 0.24561270326375961 0.077278091225773102
0.40679232897236939 0.26175928339362142 0.27984348312020302 0.074584031725302341
0.56807591682299974 0.26175928339362142 0.27984348312020302 0.074584031725302341
0.40679232897236939 0.37522336505353449 0.27984348312020302 0.074584031725302341
0.40679232897236939 0.26175928339362142 0.31412255801260469 0.074584031725302341
0.40679232897236939 0.26175928339362142 0.27984348312020302 0.008737019783817232
0.56807591682299974 0.37522336505353449 0.31412255801260469 0.008737019783817232
0.49433477702550582 0.40945653766393664 0.15520994812250138 0.055998681291006512
0.65634865444153545 0.40945653766393664 0.15520994812250138 0.055998681291006512
0.49433477702550582 0.41648056432604796 0.15520994812250138 0.055998681291006512
0.49433477702550582 0.40945653766393664 0.25291631072759629 0.055998681291006512
0.49433477702550582 0.40945653766393664 0.15520994812250138 0.089144773364998403
0.65634865444153545 0.41648056432604796 0.25291631072759629 0.089144773364998403
0.2400264828465879 0.24806386195123198 0.44094591476023204 0.034771044486202302
0.16139667807146907 0.24806386195123198 0.44094591476023204 0.034771044486202302
0.2400264828465879 0.19800429381430151 0.44094591476023204 0.034771044486202302
0.2400264828465879 0.24806386195123198 0.38421150483191013 0.034771044486202302
0.2400264828465879 0.24806386195123198 0.44094591476023204 0.020652041582390666
0.16139667807146907 0.19800429381430151 0.38421150483191013 0.020652041582390666
0.11766756437718867 0.31635631434619427 0.24940808601677419 0.095182877055369319
0.31799049428664145 0.31635631434619427 0.24940808601677419 0.095182877055369319
0.11766756437718867 0.25183450952172282 0.24940808601677419 0.095182877055369319
0.11766756437718867 0.31635631434619427 0.16669823192059996 0.095182877055369319
0.11766756437718867 0.31635631434619427 0.24940808601677419 0.04809919267240912
0.31799049428664145 0.25183450952172282 0.16669823192059996 0.04809919267240912
0.69633230310864747 0.12924962043762209 0.36092549264431006 0.017581431896425786
0.48827907000668341 0.12924962043762209 0.36092549264431006 0.017581431896425786
0.69633230310864747 0.33296952433884142 0.36092549264431006 0.017581431896425786
0.69633230310864747 0.12924962043762209 0.49779774919152264 0.017581431896425786
0.69633230310864747 0.12924962043762209 0.36092549264431006 0.066340319951996213
0.48827907000668341 0.33296952433884142 0.49779774919152264 0.066340319951996213
0.67030684347264469 0.31184802576899529 0.10722588114440441 0.067983212360180914
0.12856835168786346 0.31184802576899529 0.10722588114440441 0.067983212360180914
0.67030684347264469 0.18484159149229529 0.10722588114440441 0.067983212360180914
0.67030684347264469 0.31184802576899529 0.35208929739892481 0.067983212360180914
0.67030684347264469 0.31184802576899529 0.10722588114440441 0.046379037817008799
0.12856835168786346 0.18484159149229529 0.35208929739892481 0.046379037817008799
0.091641935240477312 0.14899133928120137 0.49686847552657132 0.046001676171086733
0.60828411518596115 0.14899133928120137 0.49686847552657132 0.046001676171086733
0.091641935240477312 0.40386564061045649 0.49686847552657132 0.046001676171086733
0.091641935240477312 0.14899133928120137 0.28348825052380566 0.046001676171086733
0.091641935240477312 0.14899133928120137 0.49686847552657132 0.064577938543632626
0.60828411518596115 0.40386564061045649 0.28348825052380566 0.064577938543632626
0.21273178011178967 0.41865015663206584 0.28802183046936991 0.081640902177430696
0.44025474479421967 0.41865015663206584 0.28802183046936991 0.081640902177430696
0.21273178011178967 0.34675784893333916 0.28802183046936991 0.081640902177430696
0.21273178011178967 0.41865015663206584 0.46584680229425435 0.081640902177430696
0.21273178011178967 0.41865015663206584 0.28802183046936991 0.09361418676096947
0.44025474479421967 0.34675784893333916 0.46584680229425435 0.09361418676096947
0.46703994353301814 0.22988414242863656 0.30188260339200501 0.004838663942180574
0.28520114216953513 0.22988414242863656 0.30188260339200501 0.004838663942180574
0.46703994353301814 0.26539241448044781 0.30188260339200501 0.004838663942180574
0.46703994353301814 0.22988414242863656 0.19705008007586003 0.004838663942180574
0.46703994353301814 0.22988414242863656 0.30188260339200501 0.025079228425398472
0.28520114216953513 0.26539241448044781 0.19705008007586003 0.025079228425398472
0.3909232767298817 0.47917347252368925 0.42729733921587465 0.023263887168839575
0.37093354118987915 0.47917347252368925 0.42729733921587465 0.023263887168839575
0.3909232767298817 0.13037912361323833 0.42729733921587465 0.023263887168839575
0.3909232767298817 0.47917347252368925 0.4356000557541847 0.023263887168839575
0.3909232767298817 0.47917347252368925 0.42729733921587465 0.07899063397198916
0.37093354118987915 0.13037912361323833 0.4356000557541847 0.07899063397198916
0.29991724998690183 0.26623753719031812 0.16265507489442826 0.088001932173967373
0.52598838116973634 0.26623753719031812 0.16265507489442826 0.088001932173967373
0.29991724998690183 0.46135545223951346 0.16265507489442826 0.088001932173967373
0.29991724998690183 0.26623753719031812 0.1045917246490717 0.088001932173967373
0.29991724998690183 0.26623753719031812 0.16265507489442826 0.010504015664570033
0.52598838116973634 0.46135545223951346 0.1045917246490717 0.010504015664570033
0.1772318126168102 0.39815221689641478 0.37140486538410189 0.027346838871017101
0.68259196062572292 0.39815221689641478 0.37140486538410189 0.027346838871017101
0.1772318126168102 0.38878128193318851 0.37140486538410189 0.027346838871017101
0.1772318126168102 0.39815221689641478 0.34645192585885526 0.027346838871017101
0.1772318126168102 0.39815221689641478 0.37140486538410189 0.033303858846426011
0.68259196062572292 0.38878128193318851 0.34645192585885526 0.033303858846426011
0.59388147229328747 0.15956310778856278 0.23254366107285024 0.061827626146376137
0.20287495977245268 0.15956310778856278 0.23254366107285024 0.061827626146376137
0.59388147229328747 0.22014632523059846 0.23254366107285024 0.061827626146376137
0.59388147229328747 0.15956310778856278 0.21485802009701729 0.061827626146376137
0.59388147229328747 0.15956310778856278 0.23254366107285024 0.051551099601201716
0.20287495977245268 0.22014632523059846 0.21485802009701729 0.051551099601201716
0.53771934299729762 0.44671773761510847 0.37614409849047659 0.098517412286251785
0.54110860954970119 0.44671773761510847 0.37614409849047659 0.098517412286251785
0.53771934299729762 0.28199768215417864 0.37614409849047659 0.098517412286251785
0.53771934299729762 0.44671773761510847 0.42408772222697733 0.098517412286251785
0.53771934299729762 0.44671773761510847 0.37614409849047659 0.083093614391051243
0.54110860954970119 0.28199768215417864 0.42408772222697733 0.083093614391051243
0.14202767470851541 0.20806676112115385 0.21539611332118513 0.015407098462805153
0.061371791642159224 0.20806676112115385 0.21539611332118513 0.015407098462805153
0.14202767470851541 0.30048625282943253 0.21539611332118513 0.015407098462805153
0.14202767470851541 0.20806676112115385 0.14269066378474238 0.015407098462805153
0.14202767470851541 0.20806676112115385 0.21539611332118513 0.0031135371513664723
0.061371791642159224 0.30048625282943253 0.14269066378474238 0.0031135371513664723
0.34531916920095679 0.32751888148486619 0.41944538913667206 0.051118811000138521
0.22814107439480719 0.32751888148486619 0.41944538913667206 0.051118811000138521
0.34531916920095679 0.44976949691772461 0.41944538913667206 0.051118811000138521
0.34531916920095679 0.32751888148486619 0.30639992058277132 0.051118811000138521
0.34531916920095679 0.32751888148486619 0.41944538913667206 0.031328587784431879
0.22814107439480719 0.44976949691772461 0.30639992058277132 0.031328587784431879
0.41665447042323644 0.11456990242004395 0.18291558101773264 0.035396962611004716
0.38317605857737358 0.11456990242004395 0.18291558101773264 0.035396962611004716
0.41665447042323644 0.1686467882245779 0.18291558101773264 0.035396962611004716
0.41665447042323644 0.11456990242004395 0.22519779987633229 0.035396962611004716
0.41665447042323644 0.11456990242004395 0.18291558101773264 0.062614651482552297
0.38317605857737358 0.1686467882245779 0.22519779987633229 0.062614651482552297
0.50224426910281172 0.3638236500322819 0.25837986320257189 0.041432079452089966
0.46129130884073666 0.3638236500322819 0.25837986320257189 0.041432079452089966
0.50224426910281172 0.22699972614645958 0.25837986320257189 0.041432079452089966
0.50224426910281172 0.3638236500322819 0.38899196684360504 0.041432079452089966
0.50224426910281172 0.3638236500322819 0.25837986320257189 0.041503363406285645
0.46129130884073666 0.22699972614645958 0.38899196684360504 0.041503363406285645
0.26889372174628079 0.17514224983751775 0.34412826932966711 0.069797437985427688
0.30625756201334292 0.17514224983751775 0.34412826932966711 0.069797437985427688
0.26889372174628079 0.35851155258715151 0.34412826932966711 0.069797437985427688
0.26889372174628079 0.17514224983751775 0.26999840326607227 0.069797437985427688
0.26889372174628079 0.17514224983751775 0.34412826932966711 0.072741087445057931
0.30625756201334292 0.35851155258715151 0.26999840326607227 0.072741087445057931
0.065910931630060079 0.45724085755646227 0.13998052366077901 0.0092148769451305262
0.1483749883249402 0.45724085755646227 0.13998052366077901 0.0092148769451305262
0.065910931630060079 0.49203564003109934 0.13998052366077901 0.0092148769451305262
0.065910931630060079 0.45724085755646227 0.48050789348781109 0.0092148769451305262
0.065910931630060079 0.45724085755646227 0.13998052366077901 0.094816787434741853
0.1483749883249402 0.49203564003109934 0.48050789348781109 0.094816787434741853
0.62490473417565218 0.29441995844244961 0.45150998830795286 0.080020060268230747
0.62811056887730954 0.29441995844244961 0.45150998830795286 0.080020060268230747
0.62490473417565218 0.1231579888612032 0.45150998830795286 0.080020060268230747
0.62490473417565218 0.29441995844244961 0.16210064217448236 0.080020060268230747
0.62490473417565218 0.29441995844244961 0.45150998830795286 0.014788370535708965
0.62811056887730954 0.1231579888612032 0.16210064217448236 0.014788370535708965
0.62713126582093537 0.32339566983282564 0.25471652336418626 0.005614187027327717
0.18969786451198162 0.32339566983282564 0.25471652336418626 0.005614187027327717
0.62713126582093537 0.33577122613787652 0.25471652336418626 0.005614187027327717
0.62713126582093537 0.32339566983282564 0.31147499568760395 0.005614187027327717
0.62713126582093537 0.32339566983282564 0.25471652336418626 0.0061872744774445895
0.18969786451198162 0.33577122613787652 0.31147499568760395 0.0061872744774445895
0.068782126531004906 0.13470892980694771 0.34124632775783537 0.082413009402342141
0.66466774377040561 0.13470892980694771 0.34124632775783537 0.082413009402342141
0.068782126531004906 0.25440623797476292 0.34124632775783537 0.082413009402342141
0.068782126531004906 0.13470892980694771 0.23027897477149964 0.082413009402342141
0.068782126531004906 0.13470892980694771 0.34124632775783537 0.086208893585950144
0.66466774377040561 0.25440623797476292 0.23027897477149964 0.086208893585950144
0.27110074749216434 0.40392875596880917 0.14969704300165176 0.046773788559250538
0.49757100502029056 0.40392875596880917 0.14969704300165176 0.046773788559250538
0.27110074749216434 0.1957305409014225 0.14969704300165176 0.046773788559250538
0.27110074749216434 0.40392875596880917 0.41900654658675196 0.046773788559250538
0.27110074749216434 0.40392875596880917 0.14969704300165176 0.059511457248590888
0.49757100502029056 0.1957305409014225 0.41900654658675196 0.059511457248590888
0.50509592178277662 0.2410903085023165 0.46044502593576908 0.068758730282075714
0.34793772511184212 0.2410903085023165 0.46044502593576908 0.068758730282075714
0.50509592178277662 0.41475427336990833 0.46044502593576908 0.068758730282075714
0.50509592178277662 0.2410903085023165 0.13761558942496777 0.068758730282075714
0.50509592178277662 0.2410903085023165 0.46044502593576908 0.02824276549741626
0.34793772511184212 0.41475427336990833 0.13761558942496777 0.02824276549741626
0.41886136056855316 0.49340676330029964 0.38576219938695433 0.062599745173007246
0.27236029999330635 0.49340676330029964 0.38576219938695433 0.062599745173007246
0.41886136056855316 0.38101738542318342 0.38576219938695433 0.062599745173007246
0.41886136056855316 0.49340676330029964 0.4762140713632107 0.062599745173007246
0.41886136056855316 0.49340676330029964 0.38576219938695433 0.069687743490561851
0.27236029999330635 0.38101738542318342 0.4762140713632107 0.069687743490561851
0.34817080250941213 0.25473823696374898 0.22423273101449015 0.028122350154444576
0.42199481725692745 0.25473823696374898 0.22423273101449015 0.028122350154444576
0.34817080250941213 0.212382734939456 0.22423273101449015 0.028122350154444576
0.34817080250941213 0.25473823696374898 0.15780071429908277 0.028122350154444576
0.34817080250941213 0.25473823696374898 0.22423273101449015 0.038370712080039088
0.42199481725692745 0.212382734939456 0.15780071429908277 0.038370712080039088
0.14425410949625073 0.38709282577037818 0.4158804677426815 0.088777438294142488
0.58020484694279728 0.38709282577037818 0.4158804677426815 0.088777438294142488
0.14425410949625073 0.13824079930782318 0.4158804677426815 0.088777438294142488
0.14425410949625073 0.38709282577037818 0.39329189546406274 0.088777438294142488
0.14425410949625073 0.38709282577037818 0.4158804677426815 0.017908936901018024
0.58020484694279728 0.13824079930782318 0.39329189546406274 0.017908936901018024
0.54059047978371377 0.17413850836455824 0.1801320593804121 0.024036011358723047
0.10523373032920062 0.17413850836455824 0.1801320593804121 0.024036011358723047
0.54059047978371377 0.46921667121350763 0.1801320593804121 0.024036011358723047
0.54059047978371377 0.17413850836455824 0.27429222464561465 0.024036011358723047
0.54059047978371377 0.17413850836455824 0.1801320593804121 0.097882216350175452
0.10523373032920062 0.46921667121350763 0.27429222464561465 0.097882216350175452
0.59610819765366607 0.43209343664348132 0.43613473773002631 0.036169465193524958
0.64063648357987402 0.43209343664348132 0.43613473773002631 0.036169465193524958
0.59610819765366607 0.43253297023475168 0.43613473773002631 0.036169465193524958
0.59610819765366607 0.43209343664348132 0.46467797793447974 0.036169465193524958
0.59610819765366607 0.43209343664348132 0.43613473773002631 0.067699254502542328
0.64063648357987402 0.43253297023475168 0.46467797793447974 0.067699254502542328
0.18010327871888876 0.21917504668235779 0.17227396853268145 0.051893938727676871
0.16568518402054905 0.21917504668235779 0.17227396853268145 0.051893938727676871
0.18010327871888876 0.15141051560640337 0.17227396853268145 0.051893938727676871
0.18010327871888876 0.21917504668235779 0.19587515443563464 0.051893938727676871
0.18010327871888876 0.21917504668235779 0.17227396853268145 0.049446726577356458
0.16568518402054905 0.15141051560640337 0.19587515443563464 0.049446726577356458
0.30212384955957527 0.33896928280591965 0.36862059868872166 0.016182232828810813
0.33402186403982337 0.33896928280591965 0.36862059868872166 0.016182232828810813
0.30212384955957527 0.29913672767579558 0.36862059868872166 0.016182232828810813
0.30212384955957527 0.33896928280591965 0.35326422229409216 0.016182232828810813
0.30212384955957527 0.33896928280591965 0.36862059868872166 0.022023624625988305
0.33402186403982337 0.29913672767579558 0.35326422229409216 0.022023624625988305
0.39377458072267468 0.10038551650941373 0.22897800654172898 0.09928990823030473
0.48367623710073526 0.10038551650941373 0.22897800654172898 0.09928990823030473
0.39377458072267468 0.31762478947639466 0.22897800654172898 0.09928990823030473
0.39377458072267468 0.10038551650941373 0.28465707562863829 0.09928990823030473
0.39377458072267468 0.10038551650941373 0.22897800654172898 0.090480785841122277
0.48367623710073526 0.31762478947639466 0.28465707562863829 0.090480785841122277
0.46924663996323934 0.35266624279320247 0.10434472039341927 0.080795199797488754
0.39540353822521862 0.35266624279320247 0.10434472039341927 0.080795199797488754
0.46924663996323934 0.47802164889872079 0.10434472039341927 0.080795199797488754
0.46924663996323934 0.35266624279320247 0.3484019972383976 0.080795199797488754
0.46924663996323934 0.35266624279320247 0.10434472039341927 0.007401582457125187
0.39540353822521862 0.47802164889872079 0.3484019972383976 0.007401582457125187
0.21558314221911129 0.18981489762663842 0.49320592842996125 0.0099873677259311074
0.24575040251947938 0.18981489762663842 0.49320592842996125 0.0099873677259311074
0.21558314221911129 0.10914449319243431 0.49320592842996125 0.0099873677259311074
0.21558314221911129 0.18981489762663842 0.21681419871747495 0.0099873677259311074
0.21558314221911129 0.18981489762663842 0.49320592842996125 0.075907083700411021
0.24575040251947938 0.10914449319243431 0.21681419871747495 0.075907083700411021
0.093868796201422799 0.47157202139496801 0.29695612303912644 0.070569922127760948
0.088839513435959805 0.47157202139496801 0.29695612303912644 0.070569922127760948
0.093868796201422799 0.24111130721867086 0.29695612303912644 0.070569922127760948
0.093868796201422799 0.47157202139496801 0.43364387787878511 0.070569922127760948
0.093868796201422799 0.47157202139496801 0.29695612303912644 0.05462256491184235
0.088839513435959805 0.24111130721867086 0.43364387787878511 0.05462256491184235
0.67317832894623275 0.28282355405390264 0.31159838959574704 0.04220722561981529
0.56378957564011212 0.28282355405390264 0.31159838959574704 0.04220722561981529
0.67317832894623275 0.37262286618351936 0.31159838959574704 0.04220722561981529
0.67317832894623275 0.28282355405390264 0.10264165252447129 0.04220722561981529
0.67317832894623275 0.28282355405390264 0.31159838959574704 0.036418377014808358
0.56378957564011212 0.37262286618351936 0.10264165252447129 0.036418377014808358
0.69920350043103097 0.45027245543897154 0.15789596326649191 0.09279021116252989
0.35522729801014058 0.45027245543897154 0.15789596326649191 0.09279021116252989
0.69920350043103097 0.12060126289725304 0.15789596326649191 0.09279021116252989
0.69920350043103097 0.45027245543897154 0.24756887890398505 0.09279021116252989
0.69920350043103097 0.45027245543897154 0.15789596326649191 0.052910532590001821
0.35522729801014058 0.12060126289725304 0.24756887890398505 0.052910532590001821
0.11989409844391047 0.28888664394617081 0.44441303014755251 0.021183349193073811
0.53027165681123734 0.28888664394617081 0.44441303014755251 0.021183349193073811
0.11989409844391047 0.48922360874712467 0.44441303014755251 0.021183349193073811
0.11989409844391047 0.28888664394617081 0.31607263237237931 0.021183349193073811
0.11989409844391047 0.28888664394617081 0.44441303014755251 0.034652033179067079
0.53027165681123734 0.48922360874712467 0.31607263237237931 0.034652033179067079
0.24287813310511408 0.36927590072155003 0.24027826637029648 0.057038616373203697
0.69861871995963154 0.36927590072155003 0.24027826637029648 0.057038616373203697
0.24287813310511408 0.36025360897183423 0.24027826637029648 0.057038616373203697
0.24287813310511408 0.36927590072155003 0.13283517435193062 0.057038616373203697
0.24287813310511408 0.36927590072155003 0.24027826637029648 0.011874958280473948
0.69861871995963154 0.36025360897183423 0.13283517435193062 0.011874958280473948
0.49654180034995071 0.18218828253448011 0.35101465620100503 0.029429618620313708
0.19827619488351045 0.18218828253448011 0.35101465620100503 0.029429618620313708
0.49654180034995071 0.22926543839275837 0.35101465620100503 0.029429618620313708
0.49654180034995071 0.18218828253448011 0.40192450247704981 0.029429618620313708
0.49654180034995071 0.18218828253448011 0.35101465620100503 0.08032614800985903
0.19827619488351045 0.22926543839275837 0.40192450247704981 0.08032614800985903
0.40964395985938601 0.33292402066290383 0.4764292415231467 0.048175091467797762
0.11254375712014734 0.33292402066290383 0.4764292415231467 0.048175091467797762
0.40964395985938601 0.16261246353387832 0.4764292415231467 0.048175091467797762
0.40964395985938601 0.33292402066290383 0.16552330330014231 0.048175091467797762
0.40964395985938601 0.33292402066290383 0.4764292415231467 0.023743151039816442
0.11254375712014734 0.16261246353387832 0.16552330330014231 0.023743151039816442
0.31799305919557808 0.12166647985577583 0.11491183117032051 0.063103569621220226
0.61288504484109574 0.12166647985577583 0.11491183117032051 0.063103569621220226
0.31799305919557808 0.44398975186049938 0.11491183117032051 0.063103569621220226
0.31799305919557808 0.12166647985577583 0.49662892781198031 0.063103569621220226
0.31799305919557808 0.12166647985577583 0.11491183117032051 0.092242680428549648
0.61288504484109574 0.44398975186049938 0.49662892781198031 0.092242680428549648
0.19724186221137641 0.43970222398638725 0.31894967481493952 0.0026674900501966478
0.45596377262845628 0.43970222398638725 0.31894967481493952 0.0026674900501966478
0.19724186221137641 0.30577890872955327 0.31894967481493952 0.0026674900501966478
0.19724186221137641 0.43970222398638725 0.25408513285219669 0.0026674900501966478
0.19724186221137641 0.43970222398638725 0.31894967481493952 0.063230327927507463
0.45596377262845628 0.30577890872955327 0.25408513285219669 0.063230327927507463
0.61324665038846427 0.20258399136364461 0.28321370594203477 0.086519813762977724
0.28092065118253229 0.20258399136364461 0.28321370594203477 0.086519813762977724
0.61324665038846427 0.28676748238503935 0.28321370594203477 0.086519813762977724
0.61324665038846427 0.20258399136364461 0.38538643270730977 0.086519813762977724
0.61324665038846427 0.20258399136364461 0.28321370594203477 0.045020168175920847
0.28092065118253229 0.28676748238503935 0.38538643270730977 0.045020168175920847
0.5678856425918638 0.3912091810256243 0.32681420147418977 0.073806259674951441
0.47573081511072807 0.3912091810256243 0.32681420147418977 0.073806259674951441
0.5678856425918638 0.22359461300075056 0.32681420147418977 0.073806259674951441
0.5678856425918638 0.3912091810256243 0.1754724580794573 0.073806259674951441
0.5678856425918638 0.3912091810256243 0.32681420147418977 0.01614836115576327
0.47573081511072807 0.22359461300075056 0.1754724580794573 0.01614836115576327
0.1715491028036922 0.15400480851531029 0.26294059939682485 0.040131092820316558
0.30070751071907575 0.15400480851531029 0.26294059939682485 0.040131092820316558
0.1715491028036922 0.39245965927839277 0.26294059939682485 0.040131092820316558
0.1715491028036922 0.15400480851531029 0.4569675475358963 0.040131092820316558
0.1715491028036922 0.15400480851531029 0.26294059939682485 0.096164008778519938
0.30070751071907575 0.39245965927839277 0.4569675475358963 0.096164008778519938
0.37419610233046108 0.48460226431488995 0.47170184589922426 0.076010458743199713
0.1336199153214693 0.48460226431488995 0.47170184589922426 0.076010458743199713
0.37419610233046108 0.45737919472157962 0.47170184589922426 0.076010458743199713
0.37419610233046108 0.48460226431488995 0.29257469698786737 0.076010458743199713
0.37419610233046108 0.48460226431488995 0.47170184589922426 0.074112983049824832
0.1336199153214693 0.45737919472157962 0.29257469698786737 0.074112983049824832
0.44488652963191266 0.27330741025507455 0.13204756528139117 0.010518153663724661
0.63398105883970857 0.27330741025507455 0.13204756528139117 0.010518153663724661
0.44488652963191266 0.12585552036762238 0.13204756528139117 0.010518153663724661
0.44488652963191266 0.27330741025507455 0.37348347418010241 0.010518153663724661
0.44488652963191266 0.27330741025507455 0.13204756528139117 0.042838319812901322
0.63398105883970857 0.12585552036762238 0.37348347418010241 0.042838319812901322
0.52223437209613621 0.42403145544230936 0.2075117863714695 0.016813096058554949
0.5558658473193645 0.42403145544230936 0.2075117863714695 0.016813096058554949
0.52223437209613621 0.26584852375090123 0.2075117863714695 0.016813096058554949
0.52223437209613621 0.42403145544230936 0.21222881600260735 0.016813096058554949
0.52223437209613621 0.42403145544230936 0.2075117863714695 0.061279503482393922
0.5558658473193645 0.26584852375090123 0.21222881600260735 0.061279503482393922
0.28823932856321333 0.23700417876243593 0.39638495706021792 0.094405093203298748
0.055503466445952658 0.23700417876243593 0.39638495706021792 0.094405093203298748
0.28823932856321333 0.34698309227824209 0.39638495706021792 0.094405093203298748
0.28823932856321333 0.23700417876243593 0.33112434856593609 0.094405093203298748
0.28823932856321333 0.23700417876243593 0.39638495706021792 0.029956500217318539
0.055503466445952658 0.34698309227824209 0.33112434856593609 0.029956500217318539
0.084651338588446368 0.30485749691724778 0.18752535395324232 0.033993255470879377
0.21370435277931388 0.30485749691724778 0.18752535395324232 0.033993255470879377
0.084651338588446368 0.40236900635063655 0.18752535395324232 0.033993255470879377
0.084651338588446368 0.30485749691724778 0.11973595209419728 0.033993255470879377
0.084651338588446368 0.30485749691724778 0.18752535395324232 0.001766507769934833
0.21370435277931388 0.40236900635063655 0.11973595209419728 0.001766507769934833
0.64300064737908535 0.14348320327699185 0.40217996463179595 0.055230350616388028
0.38872889452613885 0.14348320327699185 0.40217996463179595 0.055230350616388028
0.64300064737908535 0.18389305248856547 0.40217996463179595 0.055230350616388028
0.64300064737908535 0.14348320327699185 0.43843654692173006 0.055230350616388028
0.64300064737908535 0.14348320327699185 0.40217996463179595 0.081733815364539622
0.38872889452613885 0.18389305248856547 0.43843654692173006 0.081733815364539622
0.6559192474000155 0.40753726251423361 0.36909877806901936 0.085390378495678307
0.095783878164365885 0.40753726251423361 0.36909877806901936 0.085390378495678307
0.6559192474000155 0.1324924059212208 0.36909877806901936 0.085390378495678307
0.6559192474000155 0.40753726251423361 0.12648450806736947 0.085390378495678307
0.6559192474000155 0.40753726251423361 0.36909877806901936 0.095349978433921942
0.095783878164365885 0.1324924059212208 0.12648450806736947 0.095349978433921942
0.076770880771800873 0.24392977282404901 0.23335060812532904 0.0022855498902499679
0.59615120119415221 0.24392977282404901 0.23335060812532904 0.0022855498902499679
0.076770880771800873 0.45155421979725363 0.23335060812532904 0.0022855498902499679
0.076770880771800873 0.24392977282404901 0.40749360881745822 0.0022855498902499679
0.076770880771800873 0.24392977282404901 0.23335060812532904 0.014448352296836674
0.59615120119415221 0.45155421979725363 0.40749360881745822 0.014448352296836674
0.28100507040508088 0.31352800801396374 0.42648755498230462 0.065792884645983582
0.42906368328258387 0.31352800801396374 0.42648755498230462 0.065792884645983582
0.28100507040508088 0.39909177646040916 0.42648755498230462 0.065792884645983582
0.28100507040508088 0.31352800801396374 0.24297563172876835 0.065792884645983582
0.28100507040508088 0.31352800801396374 0.42648755498230462 0.041940062070265412
0.42906368328258387 0.39909177646040916 0.24297563172876835 0.041940062070265412
0.53450739234685896 0.12563472427427769 0.16495794355869292 0.05006522132828832
0.25403419937938448 0.12563472427427769 0.16495794355869292 0.05006522132828832
0.53450739234685896 0.21776181794703009 0.16495794355869292 0.05006522132828832
0.53450739234685896 0.12563472427427769 0.32457181960344317 0.05006522132828832
0.53450739234685896 0.12563472427427769 0.16495794355869292 0.072497936245985328
0.25403419937938448 0.21776181794703009 0.32457181960344317 0.072497936245985328
0.44776824326254422 0.37800296954810619 0.29042136296629906 0.03140434025693685
0.34103739848360415 0.37800296954810619 0.29042136296629906 0.03140434025693685
0.44776824326254422 0.17806808352470399 0.29042136296629906 0.03140434025693685
0.44776824326254422 0.37800296954810619 0.26160738803446293 0.03140434025693685
0.44776824326254422 0.37800296954810619 0.29042136296629906 0.031571926335804162
0.34103739848360415 0.17806808352470399 0.26160738803446293 0.031571926335804162
0.35596130508929485 0.16427960693836213 0.30116996578872202 0.059764189231209464
0.51606564018875356 0.16427960693836213 0.30116996578872202 0.059764189231209464
0.35596130508929485 0.40900588594377041 0.30116996578872202 0.059764189231209464
0.35596130508929485 0.16427960693836213 0.38020766526460648 0.059764189231209464
0.35596130508929485 0.16427960693836213 0.30116996578872202 0.062178140170872212
0.51606564018875356 0.40900588594377041 0.38020766526460648 0.062178140170872212
0.1539599531330168 0.49623136073350904 0.1079360630363226 0.020789327022619548
0.67426644903607658 0.49623136073350904 0.1079360630363226 0.020789327022619548
0.1539599531330168 0.34115030318498613 0.1079360630363226 0.020789327022619548
0.1539599531330168 0.49623136073350904 0.16894438937306405 0.020789327022619548
0.1539599531330168 0.49623136073350904 0.1079360630363226 0.083433445277623836
0.67426644903607658 0.34115030318498613 0.16894438937306405 0.083433445277623836
0.57012108876369894 0.25835629366338253 0.49446534290909772 0.091600348140113058
0.17390036820434032 0.25835629366338253 0.49446534290909772 0.091600348140113058
0.57012108876369894 0.27248063497245312 0.49446534290909772 0.091600348140113058
0.57012108876369894 0.25835629366338253 0.48773882947862146 0.091600348140113058
0.57012108876369894 0.25835629366338253 0.49446534290909772 0.0025801587998867037
0.17390036820434032 0.27248063497245312 0.48773882947862146 0.0025801587998867037
0.60601240554824465 0.34786344729363916 0.13768132366240027 0.054813952385447923
0.57196012604981661 0.34786344729363916 0.13768132366240027 0.054813952385447923
0.60601240554824465 0.23592214845120907 0.13768132366240027 0.054813952385447923
0.60601240554824465 0.34786344729363916 0.29814453050494194 0.054813952385447923
0.60601240554824465 0.34786344729363916 0.13768132366240027 0.03306379969790578
0.57196012604981661 0.23592214845120907 0.29814453050494194 0.03306379969790578
0.20951486914418638 0.11004872173070908 0.45232373327016828 0.032825768508948389
0.071613862272351975 0.11004872173070908 0.45232373327016828 0.032825768508948389
0.20951486914418638 0.35434777438640597 0.45232373327016828 0.032825768508948389
0.20951486914418638 0.11004872173070908 0.36713274829089648 0.032825768508948389
0.20951486914418638 0.11004872173070908 0.45232373327016828 0.051984706214629119
0.071613862272351975 0.35434777438640597 0.36713274829089648 0.051984706214629119
0.33091171369887884 0.42946453094482429 0.25756323337554932 0.096357249951921409
0.23996084793470795 0.42946453094482429 0.25756323337554932 0.096357249951921409
0.33091171369887884 0.49588470570743082 0.25756323337554932 0.096357249951921409
0.33091171369887884 0.42946453094482429 0.18397158570587635 0.096357249951921409
0.33091171369887884 0.42946453094482429 0.25756323337554932 0.078653707783669244
0.23996084793470795 0.49588470570743082 0.18397158570587635 0.078653707783669244
0.40176344756036991 0.21575268618762494 0.34642420299351218 0.0195612338045612
0.41500894543714817 0.21575268618762494 0.34642420299351218 0.0195612338045612
0.40176344756036991 0.11470286697149278 0.34642420299351218 0.0195612338045612
0.40176344756036991 0.21575268618762494 0.45237502753734593 0.0195612338045612
0.40176344756036991 0.21575268618762494 0.34642420299351218 0.011034114613197744
0.41500894543714817 0.11470286697149278 0.45237502753734593 0.011034114613197744
0.47895259861834338 0.46815844513475902 0.42183960191905501 0.013181693732738496
0.48931679329834871 0.46815844513475902 0.42183960191905501 0.013181693732738496
0.47895259861834338 0.28086162991821767 0.42183960191905501 0.013181693732738496
0.47895259861834338 0.46815844513475902 0.11455702967941761 0.013181693732738496
0.47895259861834338 0.46815844513475902 0.42183960191905501 0.093083900460042071
0.48931679329834871 0.28086162991821767 0.11455702967941761 0.093083900460042071
0.24511363133788105 0.28017902150750162 0.18219753429293634 0.077926363559439785
0.31426745359785851 0.28017902150750162 0.18219753429293634 0.077926363559439785
0.24511363133788105 0.31243563666939733 0.18219753429293634 0.077926363559439785
0.24511363133788105 0.28017902150750162 0.4459594339132309 0.077926363559439785
0.24511363133788105 0.28017902150750162 0.18219753429293634 0.025415967261418704
0.31426745359785851 0.31243563666939733 0.4459594339132309 0.025415967261418704
0.12277579633519052 0.36233897432684903 0.37685964182019238 0.038975693769752982
0.15734625887125731 0.36233897432684903 0.37685964182019238 0.038975693769752982
0.12277579633519052 0.43809133805334566 0.37685964182019238 0.038975693769752982
0.12277579633519052 0.36233897432684903 0.2033393494784832 0.038975693769752982
0.12277579633519052 0.36233897432684903 0.37685964182019238 0.045945618555881085
0.15734625887125731 0.43809133805334566 0.2033393494784832 0.045945618555881085
0.68096871892921618 0.19869417138397694 0.2129982527345419 0.073450283298268915
0.65769376484677189 0.19869417138397694 0.2129982527345419 0.073450283298268915
0.68096871892921618 0.16927357837557794 0.2129982527345419 0.073450283298268915
0.68096871892921618 0.19869417138397694 0.33454527966678144 0.073450283298268915
0.68096871892921618 0.19869417138397694 0.2129982527345419 0.064818185044452553
0.65769376484677189 0.16927357837557794 0.33454527966678144 0.064818185044452553
0.66509951171465209 0.36567005328834057 0.46591971367597584 0.024416910754516723
0.28671501716598863 0.36567005328834057 0.46591971367597584 0.024416910754516723
0.66509951171465209 0.32343750372529034 0.46591971367597584 0.024416910754516723
0.66509951171465209 0.36567005328834057 0.41539629921317101 0.024416910754516723
0.66509951171465209 0.36567005328834057 0.46591971367597584 0.047665511560626331
0.28671501716598863 0.32343750372529034 0.41539629921317101 0.047665511560626331
0.10690640993416309 0.17935147583484651 0.13018350638449194 0.089906403705477714
0.43637309018522497 0.17935147583484651 0.13018350638449194 0.089906403705477714
0.10690640993416309 0.29251200743019579 0.13018350638449194 0.089906403705477714
0.10690640993416309 0.17935147583484651 0.14669494442641737 0.089906403705477714
0.10690640993416309 0.17935147583484651 0.13018350638449194 0.066580446222797046
0.43637309018522497 0.29251200743019579 0.14669494442641737 0.066580446222797046
0.22797518586739896 0.46014356166124348 0.33590596802532674 0.026231374258175493
0.60470969271846109 0.46014356166124348 0.33590596802532674 0.026231374258175493
0.22797518586739896 0.15723104998469353 0.33590596802532674 0.026231374258175493
0.22797518586739896 0.46014356166124348 0.30415420420467854 0.026231374258175493
0.22797518586739896 0.46014356166124348 0.33590596802532674 0.088614608769305062
0.60470969271846109 0.15723104998469353 0.30415420420467854 0.088614608769305062
0.46181401270441702 0.29796429537236691 0.27438870072364807 0.059909765563905246
0.12975469320081173 0.29796429537236691 0.27438870072364807 0.059909765563905246
0.46181401270441702 0.42591301836073403 0.27438870072364807 0.059909765563905246
0.46181401270441702 0.29796429537236691 0.2352563738822937 0.059909765563905246
0.46181401270441702 0.29796429537236691 0.27438870072364807 0.020989043744280938
0.12975469320081173 0.42591301836073403 0.2352563738822937 0.020989043744280938
0.37573814289644353 0.44878863580524919 0.19975469633936882 0.066032498740591111
0.20660040010698139 0.44878863580524919 0.19975469633936882 0.066032498740591111
0.37573814289644353 0.36599813997745512 0.19975469633936882 0.066032498740591111
0.37573814289644353 0.44878863580524919 0.39729305393993852 0.066032498740591111
0.37573814289644353 0.44878863580524919 0.19975469633936882 0.076941285267472265
0.20660040010698139 0.36599813997745512 0.39729305393993852 0.076941285267472265
0.30488654947839672 0.21243944689631464 0.41049046628177166 0.044798214985989036
0.68155664182268083 0.21243944689631464 0.41049046628177166 0.044798214985989036
0.30488654947839672 0.24692402742803099 0.41049046628177166 0.044798214985989036
0.30488654947839672 0.21243944689631464 0.26638503074645997 0.044798214985989036
0.30488654947839672 0.21243944689631464 0.41049046628177166 0.0092673805831000218
0.68155664182268083 0.24692402742803099 0.26638503074645997 0.0092673805831000218
0.18221970149315891 0.33009676411747935 0.20486649237573148 0.083602396667934953
0.52464583022519939 0.33009676411747935 0.20486649237573148 0.083602396667934953
0.18221970149315891 0.10252453535795213 0.20486649237573148 0.083602396667934953
0.18221970149315891 0.33009676411747935 0.48314452394843099 0.083602396667934953
0.18221970149315891 0.33009676411747935 0.20486649237573148 0.037537564240396025
0.52464583022519939 0.10252453535795213 0.48314452394843099 0.037537564240396025
0.57871741708368063 0.11804576553404332 0.39138408377766609 0.0060071743344888096
0.37498651500791308 0.11804576553404332 0.39138408377766609 0.0060071743344888096
0.57871741708368063 0.48384218923747546 0.39138408377766609 0.0060071743344888096
0.57871741708368063 0.11804576553404332 0.15165172629058363 0.0060071743344888096
0.57871741708368063 0.11804576553404332 0.39138408377766609 0.056404159243218607
0.37498651500791308 0.48384218923747546 0.15165172629058363 0.056404159243218607
0.55298250042833386 0.47571078278124335 0.24700223542749883 0.043373670342378323
0.38167475811205798 0.47571078278124335 0.24700223542749883 0.043373670342378323
0.55298250042833386 0.42064787112176416 0.24700223542749883 0.043373670342378323
0.55298250042833386 0.47571078278124335 0.36234285011887557 0.043373670342378323
0.55298250042833386 0.47571078278124335 0.24700223542749883 0.085201881705783314
0.38167475811205798 0.42064787112176416 0.36234285011887557 0.085201881705783314
0.13682150524109601 0.26364688649773599 0.36165670305490494 0.070985851977951833
0.23203525994904339 0.26364688649773599 0.36165670305490494 0.070985851977951833
0.13682150524109601 0.18908597230911256 0.36165670305490494 0.070985851977951833
0.13682150524109601 0.26364688649773599 0.28104688785970211 0.070985851977951833
0.13682150524109601 0.26364688649773599 0.36165670305490494 0.0042942837141454228
0.23203525994904339 0.18908597230911256 0.28104688785970211 0.0042942837141454228
0.3400919211097061 0.39384150728583334 0.15448162257671358 0.007238382468931377
0.06493859868496657 0.39384150728583334 0.15448162257671358 0.007238382468931377
0.3400919211097061 0.26029239706695084 0.15448162257671358 0.007238382468931377
0.3400919211097061 0.39384150728583334 0.4696554366499186 0.007238382468931377
0.3400919211097061 0.39384150728583334 0.15448162257671358 0.027150770909152928
0.06493859868496657 0.26029239706695084 0.4696554366499186 0.027150770909152928
0.43189903846941879 0.15743059106171131 0.443355031684041 0.078842379939742385
0.53991469619795673 0.15743059106171131 0.443355031684041 0.078842379939742385
0.43189903846941879 0.32912227064371113 0.443355031684041 0.078842379939742385
0.43189903846941879 0.15743059106171131 0.18855363577604295 0.078842379939742385
0.43189903846941879 0.15743059106171131 0.443355031684041 0.057702673230320217
0.53991469619795673 0.32912227064371113 0.18855363577604295 0.057702673230320217
0.50721240630373354 0.30826765261590483 0.31867291145026688 0.097373346205800779
0.62437755186110733 0.30826765261590483 0.31867291145026688 0.097373346205800779
0.50721240630373354 0.46257212050259111 0.31867291145026688 0.097373346205800779
0.50721240630373354 0.30826765261590483 0.42573683895170689 0.097373346205800779
0.50721240630373354 0.30826765261590483 0.31867291145026688 0.040179119734093549
0.62437755186110733 0.46257212050259111 0.42573683895170689 0.040179119734093549
0.25370990517549213 0.14612431377172472 0.27901810631155965 0.013517839347943664
0.14940269654616711 0.14612431377172472 0.27901810631155965 0.013517839347943664
0.25370990517549213 0.14413437917828562 0.27901810631155965 0.013517839347943664
0.25370990517549213 0.14612431377172472 0.10664217919111252 0.013517839347943664
0.25370990517549213 0.14612431377172472 0.27901810631155965 0.070779362083412706
0.14940269654616711 0.14413437917828562 0.10664217919111252 0.070779362083412706
0.050745714129880076 0.41435604095458989 0.48629004731774328 0.052249440822750334
0.3076126487459987 0.41435604095458989 0.48629004731774328 0.052249440822750334
0.050745714129880076 0.20573379732668401 0.48629004731774328 0.052249440822750334
0.050745714129880076 0.41435604095458989 0.34225237742066383 0.052249440822750334
0.050745714129880076 0.41435604095458989 0.48629004731774328 0.099775583108887081
0.3076126487459987 0.20573379732668401 0.34225237742066383 0.099775583108887081
0.62989394031465051 0.22812222354114056 0.12241706512868405 0.037323827905580406
0.4572509047109633 0.22812222354114056 0.12241706512868405 0.037323827905580406
0.62989394031465051 0.38690352663397787 0.12241706512868405 0.037323827905580406
0.62989394031465051 0.22812222354114056 0.2237448062747717 0.037323827905580406
0.62989394031465051 0.22812222354114056 0.12241706512868405 0.018916325145401064
0.4572509047109633 0.38690352663397787 0.2237448062747717 0.018916325145401064
0.63621689788997171 0.49781632497906692 0.48921019025146961 0.072144951697438953
0.59260056149214502 0.49781632497906692 0.48921019025146961 0.072144951697438953
0.63621689788997171 0.48091701008379462 0.48921019025146961 0.072144951697438953
0.63621689788997171 0.49781632497906692 0.25084606334567072 0.072144951697438953
0.63621689788997171 0.49781632497906692 0.48921019025146961 0.020307481802068653
0.59260056149214502 0.48091701008379462 0.25084606334567072 0.020307481802068653
0.057078396202996373 0.25989784039556985 0.10074004232883454 0.04376149264536798
0.092233240883797404 0.25989784039556985 0.10074004232883454 0.04376149264536798
0.057078396202996373 0.11247776970267297 0.10074004232883454 0.04376149264536798
0.057078396202996373 0.25989784039556985 0.38233885876834395 0.04376149264536798
0.057078396202996373 0.25989784039556985 0.10074004232883454 0.087942842070013294
0.092233240883797404 0.11247776970267297 0.38233885876834395 0.087942842070013294
0.26003286275081333 0.37949639447033412 0.3090984061360359 0.079231476459652186
0.26059997580014166 0.37949639447033412 0.3090984061360359 0.079231476459652186
0.26003286275081333 0.23814576752483846 0.3090984061360359 0.079231476459652186
0.26003286275081333 0.37949639447033412 0.16870436854660512 0.079231476459652186
0.26003286275081333 0.37949639447033412 0.3090984061360359 0.067433392553590238
0.26059997580014166 0.23814576752483846 0.16870436854660512 0.067433392553590238
0.51354508837684987 0.16591272279620173 0.29484643675386907 0.0083961135577410462
0.43562945728190239 0.16591272279620173 0.29484643675386907 0.0083961135577410462
0.51354508837684987 0.36931704357266426 0.29484643675386907 0.0083961135577410462
0.51354508837684987 0.16591272279620173 0.49961238801479346 0.0083961135577410462
0.51354508837684987 0.16591272279620173 0.29484643675386907 0.048552611883729696
0.43562945728190239 0.36931704357266426 0.49961238801479346 0.048552611883729696
0.42810522518120697 0.31819372326135636 0.170310702547431 0.014678969147615135
0.50993611379526549 0.31819372326135636 0.170310702547431 0.014678969147615135
0.42810522518120697 0.43586625866591933 0.170310702547431 0.014678969147615135
0.42810522518120697 0.31819372326135636 0.13606203980743886 0.014678969147615135
0.42810522518120697 0.31819372326135636 0.170310702547431 0.055565211227163673
0.50993611379526549 0.43586625866591933 0.13606203980743886 0.055565211227163673
0.33630821974948044 0.13034247420728207 0.4337812818586827 0.097759044383652516
0.33490786966867742 0.13034247420728207 0.4337812818586827 0.097759044383652516
0.33630821974948044 0.15430586487054826 0.4337812818586827 0.097759044383652516
0.33630821974948044 0.13034247420728207 0.40495986640453341 0.097759044383652516
0.33630821974948044 0.13034247420728207 0.4337812818586827 0.036636090897955005
0.33490786966867742 0.15430586487054826 0.40495986640453341 0.036636090897955005
0.13302769195288419 0.41229454092681406 0.22532446011900903 0.037708251128904524
0.17796690631657835 0.41229454092681406 0.22532446011900903 0.037708251128904524
0.13302769195288419 0.29583091698586939 0.22532446011900903 0.037708251128904524
0.13302769195288419 0.41229454092681406 0.24437560960650445 0.037708251128904524
0.13302769195288419 0.41229454092681406 0.22532446011900903 0.0099876742940396071
0.17796690631657835 0.29583091698586939 0.24437560960650445 0.0099876742940396071
0.5491987990681082 0.24854597747325899 0.36457609944045544 0.053411939990706744
0.67833298956975341 0.24854597747325899 0.36457609944045544 0.053411939990706744
0.5491987990681082 0.3146592378616333 0.36457609944045544 0.053411939990706744
0.5491987990681082 0.24854597747325899 0.31307696215808389 0.053411939990706744
0.5491987990681082 0.24854597747325899 0.36457609944045544 0.077574694902636118
0.67833298956975341 0.3146592378616333 0.31307696215808389 0.077574694902636118
0.58504018094390631 0.35767325758934021 0.22068259716033936 0.090295040511526176
0.07579942983575165 0.35767325758934021 0.22068259716033936 0.090295040511526176
0.58504018094390631 0.37812202423810959 0.22068259716033936 0.090295040511526176
0.58504018094390631 0.35767325758934021 0.12298796847462655 0.090295040511526176
0.58504018094390631 0.35767325758934021 0.22068259716033936 0.057070397113449876
0.07579942983575165 0.37812202423810959 0.12298796847462655 0.057070397113449876
0.18855257728137076 0.1939864229410887 0.38182178027927882 0.025575101925991477
0.57614569603465493 0.1939864229410887 0.38182178027927882 0.025575101925991477
0.18855257728137076 0.20904945842921735 0.38182178027927882 0.025575101925991477
0.18855257728137076 0.1939864229410887 0.44149554334580898 0.025575101925991477
0.18855257728137076 0.1939864229410887 0.38182178027927882 0.026430099727585914
0.57614569603465493 0.20904945842921735 0.44149554334580898 0.026430099727585914
0.3112093133386224 0.4634011682122946 0.17806547321379185 0.061069326103664938
0.40907777240499849 0.4634011682122946 0.17806547321379185 0.061069326103664938
0.3112093133386224 0.14120633900165558 0.17806547321379185 0.061069326103664938
0.3112093133386224 0.4634011682122946 0.20901034213602543 0.061069326103664938
0.3112093133386224 0.4634011682122946 0.17806547321379185 0.0051961352648213508
0.40907777240499849 0.14120633900165558 0.20901034213602543 0.0051961352648213508
0.38207101868465537 0.27556281536817551 0.41342283338308339 0.026618736109696332
0.23402967248111961 0.27556281536817551 0.41342283338308339 0.026618736109696332
0.38207101868465537 0.47252249382436273 0.41342283338308339 0.026618736109696332
0.38207101868465537 0.27556281536817551 0.328105004131794 0.026618736109696332
0.38207101868465537 0.27556281536817551 0.41342283338308339 0.086039696941152224
0.23402967248111961 0.47252249382436273 0.328105004131794 0.086039696941152224
0.45802039313130072 0.42787956818938255 0.33883755281567574 0.045182933436706665
0.32103160275146359 0.42787956818938255 0.33883755281567574 0.045182933436706665
0.45802039313130072 0.33243793770670893 0.33883755281567574 0.045182933436706665
0.45802039313130072 0.42787956818938255 0.28931047059595583 0.045182933436706665
0.45802039313130072 0.42787956818938255 0.33883755281567574 0.018029601924121383
0.32103160275146359 0.33243793770670893 0.28931047059595583 0.018029601924121383
0.22419129079207778 0.21421113796532154 0.2526987131685019 0.06719470231235028
0.49608094003051512 0.21421113796532154 0.2526987131685019 0.06719470231235028
0.22419129079207778 0.251510888710618 0.2526987131685019 0.06719470231235028
0.22419129079207778 0.21421113796532154 0.37041227370500562 0.06719470231235028
0.22419129079207778 0.21421113796532154 0.2526987131685019 0.098921503628604121
0.49608094003051512 0.251510888710618 0.37041227370500562 0.098921503628604121
0.10311279036104679 0.3463700208812952 0.45635817758738995 0.0071680092755705121
0.65426213522441679 0.3463700208812952 0.45635817758738995 0.0071680092755705121
0.10311279036104679 0.19903635159134866 0.45635817758738995 0.0071680092755705121
0.10311279036104679 0.3463700208812952 0.17867872193455697 0.0071680092755705121
0.10311279036104679 0.3463700208812952 0.45635817758738995 0.071452261194586753
0.65426213522441679 0.19903635159134866 0.17867872193455697 0.071452261194586753
0.66131561663933092 0.10841560736298561 0.14600039646029472 0.083988389335572719
0.15391463167034089 0.10841560736298561 0.14600039646029472 0.083988389335572719
0.66131561663933092 0.41771982498466975 0.14600039646029472 0.083988389335572719
0.66131561663933092 0.10841560736298561 0.45997468791902063 0.083988389335572719
0.66131561663933092 0.10841560736298561 0.14600039646029472 0.040860303836874667
0.15391463167034089 0.41771982498466975 0.45997468791902063 0.040860303836874667
0.68480216632597146 0.32548666149377825 0.3985435355454684 0.032441628158092504
0.44230411066673692 0.32548666149377825 0.3985435355454684 0.032441628158092504
0.68480216632597146 0.2625182870775461 0.3985435355454684 0.032441628158092504
0.68480216632597146 0.32548666149377825 0.39005816355347633 0.032441628158092504
0.68480216632597146 0.32548666149377825 0.3985435355454684 0.073218676578253511
0.44230411066673692 0.2625182870775461 0.39005816355347633 0.073218676578253511
0.12659920928999779 0.11328238509595395 0.21006055474281313 0.053651170345023279
0.29264603522606192 0.11328238509595395 0.21006055474281313 0.053651170345023279
0.12659920928999779 0.34409079477190974 0.21006055474281313 0.053651170345023279
0.12659920928999779 0.11328238509595395 0.27126372717320923 0.053651170345023279
0.12659920928999779 0.11328238509595395 0.21006055474281313 0.04257226608600468
0.29264603522606192 0.34409079477190974 0.27126372717320923 0.04257226608600468
0.24894707873463628 0.44407478384673593 0.40602882355451586 0.018400198049843313
0.1255692781880498 0.44407478384673593 0.40602882355451586 0.018400198049843313
0.24894707873463628 0.4056778687983752 0.40602882355451586 0.018400198049843313
0.24894707873463628 0.44407478384673593 0.47940200008451939 0.018400198049843313
0.24894707873463628 0.44407478384673593 0.40602882355451586 0.01361060916259885
0.1255692781880498 0.4056778687983752 0.47940200008451939 0.01361060916259885
0.4827760115731507 0.20777983367443087 0.19176516570150853 0.095971457729116083
0.60052428012713788 0.20777983367443087 0.19176516570150853 0.095971457729116083
0.4827760115731507 0.18686165586113931 0.19176516570150853 0.095971457729116083
0.4827760115731507 0.20777983367443087 0.16080172508955004 0.095971457729116083
0.4827760115731507 0.20777983367443087 0.19176516570150853 0.094448057732544846
0.60052428012713788 0.18686165586113931 0.16080172508955004 0.094448057732544846
0.39540085587650531 0.45850434377789495 0.26713165007531647 0.07753717225696892
0.68498842399567361 0.45850434377789495 0.26713165007531647 0.07753717225696892
0.39540085587650531 0.22070230357348919 0.26713165007531647 0.07753717225696892
0.39540085587650531 0.45850434377789495 0.42225248254835612 0.07753717225696892
0.39540085587650531 0.45850434377789495 0.26713165007531647 0.0034343107501044871
0.68498842399567361 0.22070230357348919 0.42225248254835612 0.0034343107501044871
0.32453932003118091 0.29647697247564797 0.33061419203877451 0.01202405742648989
0.21003218470141288 0.29647697247564797 0.33061419203877451 0.01202405742648989
0.32453932003118091 0.38912943452596671 0.33061419203877451 0.01202405742648989
0.32453932003118091 0.29647697247564797 0.14065629690885545 0.01202405742648989
0.32453932003118091 0.29647697247564797 0.33061419203877451 0.084320098979398614
0.21003218470141288 0.38912943452596671 0.14065629690885545 0.084320098979398614
0.20315227746032177 0.36413460858166224 0.13474286124110224 0.072290899968706079
0.36822221330367022 0.36413460858166224 0.13474286124110224 0.072290899968706079
0.20315227746032177 0.46034778617322447 0.13474286124110224 0.072290899968706079
0.20315227746032177 0.36413460858166224 0.30829927101731303 0.072290899968706079
0.20315227746032177 0.36413460858166224 0.13474286124110224 0.061497025587596003
0.36822221330367022 0.46034778617322447 0.30829927101731303 0.061497025587596003
0.59964001188054683 0.17776040956377984 0.47400684468448162 0.038588155076839034
0.51788152609951787 0.17776040956377984 0.47400684468448162 0.038588155076839034
0.59964001188054683 0.12916439473628999 0.47400684468448162 0.038588155076839034
0.59964001188054683 0.17776040956377984 0.22729017399251461 0.038588155076839034
0.59964001188054683 0.17776040956377984 0.47400684468448162 0.030898954754695299
0.51788152609951787 0.12916439473628999 0.22729017399251461 0.030898954754695299
0.57395441993139684 0.41599526032805445 0.11751591861248017 0.0011249985592439772
0.22546933097764849 0.41599526032805445 0.11751591861248017 0.0011249985592439772
0.57395441993139684 0.16594270020723345 0.11751591861248017 0.0011249985592439772
0.57395441993139684 0.41599526032805445 0.43691344484686856 0.0011249985592439772
0.57395441993139684 0.41599526032805445 0.11751591861248017 0.011705953413620591
0.22546933097764849 0.16594270020723345 0.43691344484686856 0.011705953413620591
0.15778348231688141 0.22960954494774344 0.47864236421883111 0.085004102217964839
0.37510882671922441 0.22960954494774344 0.47864236421883111 0.085004102217964839
0.15778348231688141 0.44688204936683185 0.47864236421883111 0.085004102217964839
0.15778348231688141 0.22960954494774344 0.10570751242339611 0.085004102217964839
0.15778348231688141 0.22960954494774344 0.47864236421883111 0.079335200575180356
0.37510882671922441 0.44688204936683185 0.10570751242339611 0.079335200575180356
0.35979463625699276 0.30980309583246712 0.28749586679041383 0.049680597660131755
0.54346548845060161 0.30980309583246712 0.28749586679041383 0.049680597660131755
0.35979463625699276 0.30247004628181462 0.28749586679041383 0.049680597660131755
0.35979463625699276 0.30980309583246712 0.34520259983837609 0.049680597660131755
0.35979463625699276 0.30980309583246712 0.28749586679041383 0.051097675042226912
0.54346548845060161 0.30247004628181462 0.34520259983837609 0.051097675042226912
0.4515917724464088 0.1477153815329075 0.32284163385629655 0.06463058629166335
0.06848939335905016 0.1477153815329075 0.32284163385629655 0.06463058629166335
0.4515917724464088 0.28379887901246548 0.32284163385629655 0.06463058629166335
0.4515917724464088 0.1477153815329075 0.21380019187927246 0.06463058629166335
0.4515917724464088 0.1477153815329075 0.32284163385629655 0.032210781265981495
0.06848939335905016 0.28379887901246548 0.21380019187927246 0.032210781265981495
0.52814491689205167 0.3984516084194184 0.44815847650170326 0.058604534646496183
0.14533631098456679 0.3984516084194184 0.44815847650170326 0.058604534646496183
0.52814491689205167 0.1234935723245144 0.44815847650170326 0.058604534646496183
0.52814491689205167 0.3984516084194184 0.35000686533749104 0.058604534646496183
0.52814491689205167 0.3984516084194184 0.44815847650170326 0.065719727906398476
0.14533631098456679 0.1234935723245144 0.35000686533749104 0.065719727906398476
0.27463256050832568 0.16219397298991681 0.16203169487416746 0.031017072450369599
0.62031116872094572 0.16219397298991681 0.16203169487416746 0.031017072450369599
0.27463256050832568 0.49255383349955084 0.16203169487416746 0.031017072450369599
0.27463256050832568 0.16219397298991681 0.28160341978073122 0.031017072450369599
0.27463256050832568 0.16219397298991681 0.16203169487416746 0.046784494102001195
0.62031116872094572 0.49255383349955084 0.28160341978073122 0.046784494102001195
0.070408405316993591 0.48042463622987275 0.35327655486762521 0.091211428461596369
0.46338027855381364 0.48042463622987275 0.35327655486762521 0.091211428461596369
0.070408405316993591 0.35728501752018926 0.35327655486762521 0.091211428461596369
0.070408405316993591 0.48042463622987275 0.46788958534598357 0.091211428461596369
0.070408405316993591 0.48042463622987275 0.35327655486762521 0.024782630096189681
0.46338027855381364 0.35728501752018926 0.46788958534598357 0.024782630096189681
0.64954673750326031 0.26830649822950364 0.24293121322989464 0.019631418723613025
0.31374202016741032 0.26830649822950364 0.24293121322989464 0.019631418723613025
0.64954673750326031 0.22595656402409078 0.24293121322989464 0.019631418723613025
0.64954673750326031 0.26830649822950364 0.19890136532485486 0.019631418723613025
0.64954673750326031 0.26830649822950364 0.24293121322989464 0.092363537229597573
0.31374202016741032 0.22595656402409078 0.19890136532485486 0.092363537229597573
0.64683393980376414 0.38233624026179314 0.18460595756769183 0.040515197766013443
0.66127564050257204 0.38233624026179314 0.18460595756769183 0.040515197766013443
0.64683393980376414 0.27796780653297903 0.18460595756769183 0.040515197766013443
0.64683393980376414 0.38233624026179314 0.4861432675272227 0.040515197766013443
0.64683393980376414 0.38233624026179314 0.18460595756769183 0.081239896984770896
0.66127564050257204 0.27796780653297903 0.4861432675272227 0.081239896984770896
0.088474906515330076 0.16952161081135275 0.42385773994028575 0.074968982706777751
0.18630576366558671 0.16952161081135275 0.42385773994028575 0.074968982706777751
0.088474906515330076 0.30910082235932351 0.42385773994028575 0.074968982706777751
0.088474906515330076 0.16952161081135275 0.1548419699072838 0.074968982706777751
0.088474906515330076 0.16952161081135275 0.42385773994028575 0.012702012007124723
0.18630576366558671 0.30910082235932351 0.1548419699072838 0.012702012007124723
0.29207262098789211 0.48874173797667031 0.21708553619682791 0.011679224823601543
0.35466234791092571 0.48874173797667031 0.21708553619682791 0.011679224823601543
0.29207262098789211 0.44105536378920085 0.21708553619682791 0.011679224823601543
0.29207262098789211 0.48874173797667031 0.39426076188683512 0.011679224823601543
0.29207262098789211 0.48874173797667031 0.21708553619682791 0.034006348649039869
0.35466234791092571 0.44105536378920085 0.39426076188683512 0.034006348649039869
0.52605794002301987 0.25002979710698126 0.38055587708950045 0.076396309974603366
0.50429562539793549 0.25002979710698126 0.38055587708950045 0.076396309974603366
0.52605794002301987 0.17258091494441033 0.38055587708950045 0.076396309974603366
0.52605794002301987 0.25002979710698126 0.26315514110028748 0.076396309974603366
0.52605794002301987 0.25002979710698126 0.38055587708950045 0.052202133906073873
0.50429562539793549 0.17258091494441033 0.26315514110028748 0.052202133906073873
0.43852409292012445 0.40243602097034459 0.4558735154569149 0.09479434351436794
0.41602413724176579 0.40243602097034459 0.4558735154569149 0.09479434351436794
0.43852409292012445 0.23258734606206419 0.4558735154569149 0.09479434351436794
0.43852409292012445 0.40243602097034459 0.3011676646769047 0.09479434351436794
0.43852409292012445 0.40243602097034459 0.4558735154569149 0.045679659242741769
0.41602413724176579 0.23258734606206419 0.3011676646769047 0.045679659242741769
0.36782355369068676 0.23945650272071362 0.14162207059562207 0.017970767769962551
0.26638961755670604 0.23945650272071362 0.14162207059562207 0.017970767769962551
0.36782355369068676 0.35145393908023836 0.14162207059562207 0.017970767769962551
0.36782355369068676 0.23945650272071362 0.23207834027707577 0.017970767769962551
0.36782355369068676 0.23945650272071362 0.14162207059562207 0.063923784159123906
0.26638961755670604 0.35145393908023836 0.23207834027707577 0.063923784159123906
0.16518666609190402 0.32181139849126339 0.34849122427403928 0.056389674937352544
0.10945880487561226 0.32181139849126339 0.34849122427403928 0.056389674937352544
0.16518666609190402 0.49919205419719226 0.34849122427403928 0.056389674937352544
0.16518666609190402 0.32181139849126339 0.41844079531729228 0.056389674937352544
0.16518666609190402 0.32181139849126339 0.34849122427403928 0.091367855000309653
0.10945880487561226 0.49919205419719226 0.41844079531729228 0.091367855000309653
0.56151309395208948 0.13316669017076493 0.26002045646309857 0.034380758758634333
0.58442992391064763 0.13316669017076493 0.26002045646309857 0.034380758758634333
0.56151309395208948 0.11766688078641892 0.26002045646309857 0.034380758758634333
0.56151309395208948 0.13316669017076493 0.14993704408407213 0.034380758758634333
0.56151309395208948 0.13316669017076493 0.26002045646309857 0.022878309682011606
0.58442992391064763 0.11766688078641892 0.14993704408407213 0.022878309682011606
0.61708013652823868 0.47306475490331656 0.30313278473913674 0.022343959532678131
0.16971190520562229 0.47306475490331656 0.30313278473913674 0.022343959532678131
0.61708013652823868 0.18096190690994263 0.30313278473913674 0.022343959532678131
0.61708013652823868 0.47306475490331656 0.33924221284687517 0.022343959532678131
0.61708013652823868 0.47306475490331656 0.30313278473913674 0.043704293582588434
0.16971190520562229 0.18096190690994263 0.33924221284687517 0.043704293582588434
0.20106523642316459 0.2844573613256216 0.29277524203062055 0.093176522845402371
0.64466320718638592 0.2844573613256216 0.29277524203062055 0.093176522845402371
0.20106523642316459 0.41234070025384428 0.29277524203062055 0.093176522845402371
0.20106523642316459 0.2844573613256216 0.22054161429405214 0.093176522845402371
0.20106523642316459 0.2844573613256216 0.29277524203062055 0.074987430638633668
0.64466320718638592 0.41234070025384428 0.22054161429405214 0.074987430638633668
0.32182654533535238 0.35425051562488086 0.49811922907829287 0.029814183279871943
0.47758652763441201 0.35425051562488086 0.49811922907829287 0.029814183279871943
0.32182654533535238 0.33818627744913099 0.49811922907829287 0.029814183279871943
0.32182654533535238 0.35425051562488086 0.4288050137460232 0.029814183279871943
0.32182654533535238 0.35425051562488086 0.49811922907829287 0.095470929648727179
0.47758652763441201 0.33818627744913099 0.4288050137460232 0.095470929648727179
0.4134673340711742 0.19135713577270508 0.1119802463799715 0.05820087932236493
0.3279321521520614 0.19135713577270508 0.1119802463799715 0.05820087932236493
0.4134673340711742 0.2691732984036207 0.1119802463799715 0.05820087932236493
0.4134673340711742 0.19135713577270508 0.10990947894752026 0.05820087932236493
0.4134673340711742 0.19135713577270508 0.1119802463799715 0.015487736939452591
0.3279321521520614 0.2691732984036207 0.10990947894752026 0.015487736939452591
0.49017916992306704 0.34372586980462072 0.23734589926898481 0.064263188800774515
0.25235601523891088 0.34372586980462072 0.23734589926898481 0.064263188800774515
0.49017916992306704 0.13582720831036568 0.23734589926898481 0.064263188800774515
0.49017916992306704 0.34372586980462072 0.47267781123518948 0.064263188800774515
0.49017916992306704 0.34372586980462072 0.23734589926898481 0.082442592256702488
0.25235601523891088 0.13582720831036568 0.47267781123518948 0.082442592256702488
0.23650577818043528 0.10500241257250309 0.372703879326582 0.048562300265766682
0.4020091485232114 0.10500241257250309 0.372703879326582 0.048562300265766682
0.23650577818043528 0.45444805510342123 0.372703879326582 0.048562300265766682
0.23650577818043528 0.10500241257250309 0.19176903180778027 0.048562300265766682
0.23650577818043528 0.10500241257250309 0.372703879326582 0.0024110595192760229
0.4020091485232114 0.45444805510342123 0.19176903180778027 0.0024110595192760229
0.11353146801702678 0.43675846047699451 0.16745826676487924 0.086908768846653411
0.5601990996394306 0.43675846047699451 0.16745826676487924 0.086908768846653411
0.11353146801702678 0.39578442797064783 0.16745826676487924 0.086908768846653411
0.11353146801702678 0.43675846047699451 0.35928688533604147 0.086908768846653411
0.11353146801702678 0.43675846047699451 0.16745826676487924 0.029130580008961262
0.5601990996394306 0.39578442797064783 0.35928688533604147 0.029130580008961262
0.69283114550635216 0.22388348802924157 0.42859692536294458 0.0038254573578014972
0.085249039856716988 0.22388348802924157 0.42859692536294458 0.0038254573578014972
0.69283114550635216 0.21479780413210392 0.42859692536294458 0.0038254573578014972
0.69283114550635216 0.22388348802924157 0.27779179215431216 0.0038254573578014972
0.69283114550635216 0.22388348802924157 0.42859692536294458 0.060365377036854628
0.085249039856716988 0.21479780413210392 0.27779179215431216 0.060365377036854628
0.67950113154947756 0.44123835861682892 0.2752730116248131 0.050734898016788071
0.5363615236710757 0.44123835861682892 0.2752730116248131 0.050734898016788071
0.67950113154947756 0.46590387113392351 0.2752730116248131 0.050734898016788071
0.67950113154947756 0.44123835861682892 0.17192406244575978 0.050734898016788071
0.67950113154947756 0.44123835861682892 0.2752730116248131 0.027368390378542246
0.5363615236710757 0.46590387113392351 0.17192406244575978 0.027368390378542246
0.10020163324661552 0.20417436771094799 0.31453685201704507 0.035781678295694293
0.36131716244854029 0.20417436771094799 0.31453685201704507 0.035781678295694293
0.10020163324661552 0.14702516272664071 0.31453685201704507 0.035781678295694293
0.10020163324661552 0.20417436771094799 0.49092372953891761 0.035781678295694293
0.10020163324661552 0.20417436771094799 0.31453685201704507 0.058645413959398866
0.36131716244854029 0.14702516272664071 0.49092372953891761 0.058645413959398866
0.22190594482235609 0.33456393145024776 0.12015473134815693 0.098900752701796601
0.19424931630492209 0.33456393145024776 0.12015473134815693 0.098900752701796601
0.22190594482235609 0.20242339707911017 0.12015473134815693 0.098900752701796601
0.22190594482235609 0.33456393145024776 0.25855755135416986 0.098900752701796601
0.22190594482235609 0.33456393145024776 0.12015473134815693 0.086869587321765723
0.19424931630492209 0.20242339707911017 0.25855755135416986 0.086869587321765723
0.47557947700843206 0.12315310984849931 0.48363751173019409 0.015024466334842147
0.69459184380248185 0.12315310984849931 0.48363751173019409 0.015024466334842147
0.47557947700843206 0.38393646106123924 0.48363751173019409 0.015024466334842147
0.47557947700843206 0.12315310984849931 0.37697090618312357 0.015024466334842147
0.47557947700843206 0.12315310984849931 0.48363751173019409 0.0068802811373025186
0.69459184380248185 0.38393646106123924 0.37697090618312357 0.0068802811373025186
0.38998092240653925 0.37399044558405881 0.35905296728014946 0.0088262025211006401
0.61647536344826215 0.37399044558405881 0.35905296728014946 0.0088262025211006401
0.38998092240653925 0.4235386427491904 0.35905296728014946 0.0088262025211006401
0.38998092240653925 0.37399044558405881 0.23998375460505486 0.0088262025211006401
0.38998092240653925 0.37399044558405881 0.35905296728014946 0.097237733751535424
0.61647536344826215 0.4235386427491904 0.23998375460505486 0.097237733751535424
0.29833999322727317 0.18684720285236836 0.24478878490626813 0.08040944261103869
0.11613407814875244 0.18684720285236836 0.24478878490626813 0.08040944261103869
0.29833999322727317 0.19241773486137392 0.24478878490626813 0.08040944261103869
0.29833999322727317 0.18684720285236836 0.32137470953166486 0.08040944261103869
0.29833999322727317 0.18684720285236836 0.24478878490626813 0.017200087907724083
0.11613407814875244 0.19241773486137392 0.32137470953166486 0.017200087907724083
0.17630962040275333 0.45488324798643587 0.43907243572175503 0.041822837801650171
0.27431519585661585 0.45488324798643587 0.43907243572175503 0.041822837801650171
0.17630962040275333 0.2573253195732832 0.43907243572175503 0.041822837801650171
0.17630962040275333 0.45488324798643587 0.12952214069664481 0.041822837801650171
0.17630962040275333 0.45488324798643587 0.43907243572175503 0.039284910626709461
0.27431519585661585 0.2573253195732832 0.12952214069664481 0.039284910626709461
0.59232434132136402 0.2936493344604969 0.15059007480740549 0.069407481968402865
0.44935831488110117 0.2936493344604969 0.15059007480740549 0.069407481968402865
0.59232434132136402 0.3258118823170662 0.15059007480740549 0.069407481968402865
0.59232434132136402 0.2936493344604969 0.4107181578874588 0.069407481968402865
0.59232434132136402 0.2936493344604969 0.15059007480740549 0.070513594548217956
0.44935831488110117 0.3258118823170662 0.4107181578874588 0.070513594548217956
0.54691339861601584 0.3001429535448551 0.40629986263811591 0.082024337191134694
0.29398304531350727 0.3001429535448551 0.40629986263811591 0.082024337191134694
0.54691339861601584 0.36266638934612272 0.40629986263811591 0.082024337191134694
0.54691339861601584 0.3001429535448551 0.2003223154693842 0.082024337191134694
0.54691339861601584 0.3001429535448551 0.40629986263811591 0.089653801633976404
0.29398304531350727 0.36266638934612272 0.2003223154693842 0.089653801633976404
0.15058683031238615 0.13882428146898748 0.19595428258180619 0.0044559368472546343
0.46900634728372093 0.13882428146898748 0.19595428258180619 0.0044559368472546343
0.15058683031238615 0.24403324387967587 0.19595428258180619 0.0044559368472546343
0.15058683031238615 0.13882428146898748 0.33132454305887227 0.0044559368472546343
0.15058683031238615 0.13882428146898748 0.19595428258180619 0.021109803181141615
0.46900634728372093 0.24403324387967587 0.33132454305887227 0.021109803181141615
0.3544937213417142 0.41942066140472889 0.38868844807147984 0.067599205147475014
0.63737300471402702 0.41942066140472889 0.38868844807147984 0.067599205147475014
0.3544937213417142 0.10583493560552598 0.38868844807147984 0.067599205147475014
0.3544937213417142 0.41942066140472889 0.11761986091732979 0.067599205147475014
0.3544937213417142 0.41942066140472889 0.38868844807147984 0.050155197731219237
0.63737300471402702 0.10583493560552598 0.11761986091732979 0.050155197731219237
0.42519408138468856 0.23224148973822595 0.20256180949509145 0.04638648571632803
0.13701186361722648 0.23224148973822595 0.20256180949509145 0.04638648571632803
0.42519408138468856 0.48680925481021409 0.20256180949509145 0.04638648571632803
0.42519408138468856 0.23224148973822595 0.44920766316354277 0.04638648571632803
0.42519408138468856 0.23224148973822595 0.20256180949509145 0.068344869513064621
0.13701186361722648 0.48680925481021409 0.44920766316354277 0.068344869513064621
0.50130214723758393 0.48306612819433215 0.12802537493407729 0.027737690712325277
0.051278234506025915 0.48306612819433215 0.12802537493407729 0.027737690712325277
0.50130214723758393 0.32054673209786416 0.12802537493407729 0.027737690712325277
0.50130214723758393 0.48306612819433215 0.18697640970349313 0.027737690712325277
0.50130214723758393 0.48306612819433215 0.12802537493407729 0.035724992884323001
0.051278234506025915 0.32054673209786416 0.18697640970349313 0.035724992884323001
0.26731700738891956 0.27171703539788727 0.4633705221116543 0.061437577006407083
0.55164061780087648 0.27171703539788727 0.4633705221116543 0.061437577006407083
0.26731700738891956 0.28918024487793448 0.4633705221116543 0.061437577006407083
0.26731700738891956 0.27171703539788727 0.45558356009423739 0.061437577006407083
0.26731700738891956 0.27171703539788727 0.4633705221116543 0.053963004694320263
0.55164061780087648 0.28918024487793448 0.45558356009423739 0.053963004694320263
0.064988351985812182 0.38956927172839639 0.27053950205445287 0.022875117409043015
0.39469973193481561 0.38956927172839639 0.27053950205445287 0.022875117409043015
0.064988351985812182 0.16019812747836115 0.27053950205445287 0.022875117409043015
0.064988351985812182 0.38956927172839639 0.29506948925554755 0.022875117409043015
0.064988351985812182 0.38956927172839639 0.27053950205445287 0.076771994208917033
0.39469973193481561 0.16019812747836115 0.29506948925554755 0.076771994208917033
0.62334752571769059 0.15251817703247073 0.33166647218167783 0.088391410221345723
0.21967518776655193 0.15251817703247073 0.33166647218167783 0.088391410221345723
0.62334752571769059 0.42922340668737891 0.33166647218167783 0.088391410221345723
0.62334752571769059 0.15251817703247073 0.36387231498956685 0.088391410221345723
0.62334752571769059 0.15251817703247073 0.33166647218167783 0.0082763357842341075
0.21967518776655193 0.42922340668737891 0.36387231498956685 0.0082763357842341075
0.6215160027612 0.38986836336553099 0.42485505938529966 0.03459613866731525
0.10408002738840877 0.38986836336553099 0.42485505938529966 0.03459613866731525
0.6215160027612 0.24491975270211697 0.42485505938529966 0.03459613866731525
0.6215160027612 0.38986836336553099 0.23063768595457079 0.03459613866731525
0.6215160027612 0.38986836336553099 0.42485505938529966 0.040314041511155668
0.10408002738840877 0.24491975270211697 0.23063768595457079 0.040314041511155668
0.063313776999711996 0.15202397853136063 0.18521304018795492 0.056573145946487789
0.57905488512478764 0.15202397853136063 0.18521304018795492 0.056573145946487789
0.063313776999711996 0.36334562301635742 0.18521304018795492 0.056573145946487789
0.063313776999711996 0.15202397853136063 0.31193441785871984 0.056573145946487789
0.063313776999711996 0.15202397853136063 0.18521304018795492 0.070836486740037799
0.57905488512478764 0.36334562301635742 0.31193441785871984 0.070836486740037799
0.2666093516163528 0.48436589539051056 0.3799002770334482 0.017793342191725972
0.42084502009674901 0.48436589539051056 0.3799002770334482 0.017793342191725972
0.2666093516163528 0.4861273508518934 0.3799002770334482 0.017793342191725972
0.2666093516163528 0.48436589539051056 0.1389264550060034 0.017793342191725972
0.2666093516163528 0.48436589539051056 0.3799002770334482 0.099827223100699483
0.42084502009674901 0.4861273508518934 0.1389264550060034 0.099827223100699483
0.50043777595274141 0.27061199359595778 0.21603893488645554 0.094597088096663368
0.27120676171034575 0.27061199359595778 0.21603893488645554 0.094597088096663368
0.50043777595274141 0.10494499355554582 0.21603893488645554 0.094597088096663368
0.50043777595274141 0.27061199359595778 0.42002748623490338 0.094597088096663368
0.50043777595274141 0.27061199359595778 0.21603893488645554 0.019059357469901443
0.27120676171034575 0.10494499355554582 0.42002748623490338 0.019059357469901443
0.42353625306859605 0.41989093460142612 0.14072129204869271 0.076205099987797439
0.34924265658482906 0.41989093460142612 0.14072129204869271 0.076205099987797439
0.42353625306859605 0.28985911495983602 0.14072129204869271 0.076205099987797439
0.42353625306859605 0.41989093460142612 0.15628252886235716 0.076205099987797439
0.42353625306859605 0.41989093460142612 0.14072129204869271 0.085058651518076664
0.34924265658482906 0.28985911495983602 0.15628252886235716 0.085058651518076664
0.35267522572539739 0.23196711018681526 0.45536375008523466 0.011471583892591296
0.49888215232640498 0.23196711018681526 0.45536375008523466 0.011471583892591296
0.35267522572539739 0.32143360450863839 0.45536375008523466 0.011471583892591296
0.35267522572539739 0.23196711018681526 0.47537641897797589 0.011471583892591296
0.35267522572539739 0.23196711018681526 0.45536375008523466 0.0042424462279304865
0.49888215232640498 0.32143360450863839 0.47537641897797589 0.0042424462279304865
0.14970571235753594 0.30117426440119743 0.26057955138385297 0.075170578206889341
0.66597874579019845 0.30117426440119743 0.26057955138385297 0.075170578206889341
0.14970571235753594 0.42833386398851869 0.26057955138385297 0.075170578206889341
0.14970571235753594 0.30117426440119743 0.27416563481092454 0.075170578206889341
0.14970571235753594 0.30117426440119743 0.26057955138385297 0.027093843746930364
0.66597874579019845 0.42833386398851869 0.27416563481092454 0.027093843746930364
0.54619271550327531 0.13759745843708515 0.34944056794047357 0.040688283261843025
0.19100265069864691 0.13759745843708515 0.34944056794047357 0.040688283261843025
0.54619271550327531 0.15951582416892052 0.34944056794047357 0.040688283261843025
0.54619271550327531 0.13759745843708515 0.3926739756017924 0.040688283261843025
0.54619271550327531 0.13759745843708515 0.34944056794047357 0.057567949316464369
0.19100265069864691 0.15951582416892052 0.3926739756017924 0.057567949316464369
0.5916019147727638 0.4561957735568285 0.29343760795891283 0.0039984926963225007
0.56502120289951563 0.4561957735568285 0.29343760795891283 0.0039984926963225007
0.5916019147727638 0.14771320000290872 0.29343760795891283 0.0039984926963225007
0.5916019147727638 0.4561957735568285 0.19633432626724245 0.0039984926963225007
0.5916019147727638 0.4561957735568285 0.29343760795891283 0.077076764675788584
0.56502120289951563 0.14771320000290872 0.19633432626724245 0.077076764675788584
0.17543024588376283 0.2925326846539974 0.30418616235256196 0.087110320090316246
0.090064963605254886 0.2925326846539974 0.30418616235256196 0.087110320090316246
0.17543024588376283 0.46677547283470633 0.30418616235256196 0.087110320090316246
0.17543024588376283 0.2925326846539974 0.46503646261990073 0.087110320090316246
0.17543024588376283 0.2925326846539974 0.30418616235256196 0.0093235522508621216
0.090064963605254886 0.46677547283470633 0.46503646261990073 0.0093235522508621216
0.29652347350493069 0.37430171743035323 0.1109759584069252 0.048354709492065016
0.24697601734660563 0.37430171743035323 0.1109759584069252 0.048354709492065016
0.29652347350493069 0.38306829258799557 0.1109759584069252 0.048354709492065016
0.29652347350493069 0.37430171743035323 0.28567778877913952 0.048354709492065016
0.29652347350493069 0.37430171743035323 0.1109759584069252 0.037590157221071424
0.24697601734660563 0.38306829258799557 0.28567778877913952 0.037590157221071424
0.38832111819647247 0.18634043671190739 0.49750519134104254 0.064072023070417344
0.39663533014245328 0.18634043671190739 0.49750519134104254 0.064072023070417344
0.38832111819647247 0.20173803009092808 0.49750519134104254 0.064072023070417344
0.38832111819647247 0.18634043671190739 0.3545748375356198 0.064072023070417344
0.38832111819647247 0.18634043671190739 0.49750519134104254 0.056546633936464787
0.39663533014245328 0.20173803009092808 0.3545748375356198 0.056546633936464787
0.47471312982961528 0.33560780398547652 0.37213953398168087 0.058003674061968928
0.48228837377391748 0.33560780398547652 0.37213953398168087 0.058003674061968928
0.47471312982961528 0.19328894913196565 0.37213953398168087 0.058003674061968928
0.47471312982961528 0.33560780398547652 0.2159764152020216 0.058003674061968928
0.47471312982961528 0.33560780398547652 0.37213953398168087 0.047523234361782671
0.48228837377391748 0.19328894913196565 0.2159764152020216 0.047523234361782671
0.2212002649437636 0.12191410064697267 0.2363913156092167 0.029636801958084109
0.33263029833324248 0.12191410064697267 0.2363913156092167 0.029636801958084109
0.2212002649437636 0.42422706745564942 0.2363913156092167 0.029636801958084109
0.2212002649437636 0.12191410064697267 0.34688365682959554 0.029636801958084109
0.2212002649437636 0.12191410064697267 0.2363913156092167 0.066528051105327904
0.33263029833324248 0.42422706745564942 0.34688365682959554 0.066528051105327904
0.098528801696375012 0.44172024577856062 0.42950313314795496 0.093359943697229039
0.16429347302764652 0.44172024577856062 0.42950313314795496 0.093359943697229039
0.098528801696375012 0.32512689083814622 0.42950313314795496 0.093359943697229039
0.098528801696375012 0.44172024577856062 0.10202357769012452 0.093359943697229039
0.098528801696375012 0.44172024577856062 0.42950313314795496 0.088558239238336681
0.16429347302764652 0.32512689083814622 0.10202357769012452 0.088558239238336681
0.67766786515712729 0.20388723574578763 0.16797347478568553 0.022559295184910299
0.63924847496673465 0.20388723574578763 0.16797347478568553 0.022559295184910299
0.67766786515712729 0.2564567755907774 0.16797347478568553 0.022559295184910299
0.67766786515712729 0.20388723574578763 0.4335171569138766 0.022559295184910299
0.67766786515712729 0.20388723574578763 0.16797347478568553 0.020853366841562092
0.63924847496673465 0.2564567755907774 0.4335171569138766 0.020853366841562092
0.69480631789192548 0.43643527664244175 0.31543686687946321 0.069223825082182888
0.27976586585864421 0.43643527664244175 0.31543686687946321 0.069223825082182888
0.69480631789192548 0.41164647601544857 0.31543686687946321 0.069223825082182888
0.69480631789192548 0.43643527664244175 0.3167118757963181 0.069223825082182888
0.69480631789192548 0.43643527664244175 0.31543686687946321 0.093418973317369827
0.27976586585864421 0.41164647601544857 0.3167118757963181 0.093418973317369827
0.11566738518886267 0.22440256550908089 0.2757820148020983 0.041607643770053986
0.45481520313769574 0.22440256550908089 0.2757820148020983 0.041607643770053986
0.11566738518886267 0.18008428514003755 0.2757820148020983 0.041607643770053986
0.11566738518886267 0.22440256550908089 0.24772287793457509 0.041607643770053986
0.11566738518886267 0.22440256550908089 0.2757820148020983 0.025659647786058486
0.45481520313769574 0.18008428514003755 0.24772287793457509 0.025659647786058486
0.23706947457976635 0.3424500517547131 0.48307918049395082 0.08060650625079871
0.61173633006401362 0.3424500517547131 0.48307918049395082 0.08060650625079871
0.23706947457976635 0.27004748694598679 0.48307918049395082 0.08060650625079871
0.23706947457976635 0.3424500517547131 0.40273462645709512 0.08060650625079871
0.23706947457976635 0.3424500517547131 0.48307918049395082 0.046197421429678802
0.61173633006401362 0.27004748694598679 0.40273462645709512 0.046197421429678802
0.49058250896632666 0.10608271844685078 0.11920614987611772 0.0090038198772817851
0.11138882650993764 0.10608271844685078 0.11920614987611772 0.0090038198772817851
0.49058250896632666 0.33887783139944078 0.11920614987611772 0.0090038198772817851
0.49058250896632666 0.10608271844685078 0.13433196470141412 0.0090038198772817851
0.49058250896632666 0.10608271844685078 0.11920614987611772 0.065147785038687289
0.11138882650993764 0.33887783139944078 0.13433196470141412 0.065147785038687289
0.41561627858318384 0.35380497835576541 0.24379070177674295 0.015232293142937125
0.19958220873959359 0.35380497835576541 0.24379070177674295 0.015232293142937125
0.41561627858318384 0.45357079692184932 0.24379070177674295 0.015232293142937125
0.41561627858318384 0.35380497835576541 0.49558665864169604 0.015232293142937125
0.41561627858318384 0.35380497835576541 0.24379070177674295 0.032734014010988181
0.19958220873959359 0.45357079692184932 0.49558665864169604 0.032734014010988181
0.32381846439093348 0.19160756617784502 0.35844512246549132 0.099091776811517776
0.69992847493849686 0.19160756617784502 0.35844512246549132 0.099091776811517776
0.32381846439093348 0.13513262048363686 0.35844512246549132 0.099091776811517776
0.32381846439093348 0.19160756617784502 0.16418503448367119 0.099091776811517776
0.32381846439093348 0.19160756617784502 0.35844512246549132 0.051732717279344802
0.69992847493849686 0.13513262048363686 0.16418503448367119 0.051732717279344802
0.20145554812625049 0.47200856506824496 0.15124643854796888 0.035608784577809277
0.53158157644793391 0.47200856506824496 0.15124643854796888 0.035608784577809277
0.20145554812625049 0.2154889587312937 0.15124643854796888 0.035608784577809277
0.20145554812625049 0.47200856506824496 0.38495453298091886 0.035608784577809277
0.20145554812625049 0.47200856506824496 0.15124643854796888 0.078410213320516051
0.53158157644793391 0.2154889587312937 0.38495453298091886 0.078410213320516051
0.61762708625756202 0.28570827655494213 0.44011979922652245 0.050533110738731922
0.35653347652405493 0.28570827655494213 0.44011979922652245 0.050533110738731922
0.61762708625756202 0.39665901586413388 0.44011979922652245 0.050533110738731922
0.61762708625756202 0.28570827655494213 0.25374782271683216 0.050533110738731922
0.61762708625756202 0.28570827655494213 0.44011979922652245 0.010699227448552846
0.35653347652405493 0.39665901586413388 0.25374782271683216 0.010699227448552846
0.5620620970614254 0.3205237280577421 0.19651939161121845 0.088189673100598165
0.3899594394024461 0.3205237280577421 0.19651939161121845 0.088189673100598165
0.5620620970614254 0.30822054818272593 0.19651939161121845 0.088189673100598165
0.5620620970614254 0.3205237280577421 0.45712179690599442 0.088189673100598165
0.5620620970614254 0.3205237280577421 0.19651939161121845 0.0319060580059886
0.3899594394024461 0.30822054818272593 0.45712179690599442 0.0319060580059886
0.1655749244149774 0.13425922393798828 0.40725520849227903 0.022702267947606745
0.21493119527585802 0.13425922393798828 0.40725520849227903 0.022702267947606745
0.1655749244149774 0.27729454524815084 0.40725520849227903 0.022702267947606745
0.1655749244149774 0.13425922393798828 0.17611192800104619 0.022702267947606745
0.1655749244149774 0.13425922393798828 0.40725520849227903 0.062422390128485862
0.21493119527585802 0.27729454524815084 0.17611192800104619 0.062422390128485862
0.36981380679644638 0.40210003703832631 0.20165483802556994 0.061628550958819694
0.056730163656175142 0.40210003703832631 0.20165483802556994 0.061628550958819694
0.36981380679644638 0.17325684651732445 0.20165483802556994 0.061628550958819694
0.36981380679644638 0.40210003703832631 0.37498049102723596 0.061628550958819694
0.36981380679644638 0.40210003703832631 0.20165483802556994 0.083684678718447689
0.056730163656175142 0.17325684651732445 0.37498049102723596 0.083684678718447689
0.44067470338195558 0.23998724184930326 0.3881724778562784 0.02794547326397151
0.55709624690935011 0.23998724184930326 0.3881724778562784 0.02794547326397151
0.44067470338195558 0.44193907119333742 0.3881724778562784 0.02794547326397151
0.44067470338195558 0.23998724184930326 0.29338507130742075 0.02794547326397151
0.44067470338195558 0.23998724184930326 0.3881724778562784 0.0029106999812647701
0.55709624690935011 0.44193907119333742 0.29338507130742075 0.0029106999812647701
0.52646294501610091 0.48767389245331294 0.46270891986787321 0.046564052915200597
0.63259427789598699 0.48767389245331294 0.46270891986787321 0.046564052915200597
0.52646294501610091 0.35078106522560126 0.46270891986787321 0.046564052915200597
0.52646294501610091 0.48767389245331294 0.32978621087968352 0.046564052915200597
0.52646294501610091 0.48767389245331294 0.46270891986787321 0.09501962331403048
0.63259427789598699 0.35078106522560126 0.32978621087968352 0.09501962331403048
0.29263465143740175 0.25129351839423181 0.12697275951504708 0.067796224530786278
0.13222695728763939 0.25129351839423181 0.12697275951504708 0.067796224530786278
0.29263465143740175 0.23170668445527554 0.12697275951504708 0.067796224530786278
0.29263465143740175 0.25129351839423181 0.2111867018043995 0.067796224530786278
0.29263465143740175 0.25129351839423181 0.12697275951504708 0.014197304548695684
0.13222695728763939 0.23170668445527554 0.2111867018043995 0.014197304548695684
0.090608770307153461 0.38187846913933754 0.33266999647021295 0.0042407929729670283
0.29931471734307702 0.38187846913933754 0.33266999647021295 0.0042407929729670283
0.090608770307153461 0.1185502126812935 0.33266999647021295 0.0042407929729670283
0.090608770307153461 0.38187846913933754 0.43809939175844193 0.0042407929729670283
0.090608770307153461 0.38187846913933754 0.33266999647021295 0.041695626419968906
0.29931471734307702 0.1185502126812935 0.43809939175844193 0.041695626419968906
0.64881116556935003 0.16978388763964175 0.27115277759730816 0.081840724561363459
0.47434419882483775 0.16978388763964175 0.27115277759730816 0.081840724561363459
0.64881116556935003 0.4998683612793684 0.27115277759730816 0.081840724561363459
0.64881116556935003 0.16978388763964175 0.11930418349802495 0.081840724561363459
0.64881116556935003 0.16978388763964175 0.27115277759730816 0.072163618514314298
0.47434419882483775 0.4998683612793684 0.11930418349802495 0.072163618514314298
0.65168323582038279 0.4807604413479567 0.10130398906767368 0.053220918831415477
0.17251249761320647 0.4807604413479567 0.10130398906767368 0.053220918831415477
0.65168323582038279 0.44775946848094461 0.10130398906767368 0.053220918831415477
0.65168323582038279 0.4807604413479567 0.40654614679515366 0.053220918831415477
0.65168323582038279 0.4807604413479567 0.10130398906767368 0.061027514547109606
0.17251249761320647 0.44775946848094461 0.40654614679515366 0.061027514547109606
0.072382996557280421 0.26777558028697968 0.49016514867544181 0.037500421370379629
0.67287488090805703 0.26777558028697968 0.49016514867544181 0.037500421370379629
0.072382996557280421 0.16663674563169478 0.49016514867544181 0.037500421370379629
0.072382996557280421 0.26777558028697968 0.12505181357264519 0.037500421370379629
0.072382996557280421 0.26777558028697968 0.49016514867544181 0.029626714530400933
0.67287488090805703 0.16663674563169478 0.12505181357264519 0.029626714530400933
0.27503524092026049 0.39973907619714744 0.2939405679702759 0.097960828711278744
0.51467392677441237 0.39973907619714744 0.2939405679702759 0.097960828711278744
0.27503524092026049 0.28310750387609007 0.2939405679702759 0.097960828711278744
0.27503524092026049 0.39973907619714744 0.32384407818317418 0.097960828711278744
0.27503524092026049 0.39973907619714744 0.2939405679702759 0.001431620605289936
0.51467392677441237 0.28310750387609007 0.32384407818317418 0.001431620605289936
0.52870927192270756 0.16110123656690123 0.30858278758823876 0.014851865815930069
0.33964938260614869 0.16110123656690123 0.30858278758823876 0.014851865815930069
0.52870927192270756 0.30159606039524078 0.30858278758823876 0.014851865815930069
0.52870927192270756 0.16110123656690123 0.24293454475700857 0.014851865815930069
0.52870927192270756 0.16110123656690123 0.30858278758823876 0.081490320901386443
0.33964938260614869 0.30159606039524078 0.24293454475700857 0.081490320901386443
0.45358435013331466 0.31026106961071492 0.43311851732432849 0.0086113046389073127
0.25526582421734928 0.31026106961071492 0.43311851732432849 0.0086113046389073127
0.45358435013331466 0.49324826635420327 0.43311851732432849 0.0086113046389073127
0.45358435013331466 0.31026106961071492 0.38075248301029208 0.0086113046389073127
0.45358435013331466 0.31026106961071492 0.43311851732432849 0.016392041680403053
0.25526582421734928 0.49324826635420327 0.38075248301029208 0.016392041680403053
0.36194292213767759 0.14745330736041071 0.16925769969820975 0.079415136296302091
0.43028912618756288 0.14745330736041071 0.16925769969820975 0.079415136296302091
0.36194292213767759 0.12437060400843621 0.16925769969820975 0.079415136296302091
0.36194292213767759 0.14745330736041071 0.26185619421303274 0.079415136296302091
0.36194292213767759 0.14745330736041071 0.16925769969820975 0.096499081635847694
0.43028912618756288 0.12437060400843621 0.26185619421303274 0.096499081635847694
0.15832985090091822 0.41706328466534615 0.3655807264149189 0.043583878239616757
0.59737680875696242 0.41706328466534615 0.3655807264149189 0.043583878239616757
0.15832985090091822 0.2250822026282549 0.3655807264149189 0.043583878239616757
0.15832985090091822 0.41706328466534615 0.48884517662227156 0.043583878239616757
0.15832985090091822 0.41706328466534615 0.3655807264149189 0.074442583044059582
0.59737680875696242 0.2250822026282549 0.48884517662227156 0.074442583044059582
0.5743453127797693 0.22834600247442724 0.22593808732926846 0.071947885107249032
0.097015667660161842 0.22834600247442724 0.22593808732926846 0.071947885107249032
0.5743453127797693 0.35659401789307599 0.22593808732926846 0.071947885107249032
0.5743453127797693 0.22834600247442724 0.17014533802866938 0.071947885107249032
0.5743453127797693 0.22834600247442724 0.22593808732926846 0.043090122686699033
0.097015667660161842 0.35659401789307599 0.17014533802866938 0.043090122686699033
0.60002768905833359 0.36541060544550419 0.38272220641374588 0.083791372902691369
0.65899868905544279 0.36541060544550419 0.38272220641374588 0.083791372902691369
0.60002768905833359 0.3447638295590878 0.38272220641374588 0.083791372902691369
0.60002768905833359 0.36541060544550419 0.36569982729852202 0.083791372902691369
0.60002768905833359 0.36541060544550419 0.38272220641374588 0.023492103291675451
0.65899868905544279 0.3447638295590878 0.36569982729852202 0.023492103291675451
0.2037018617149442 0.17668028250336648 0.22119278647005558 0.0069904391262680292
0.15865740375593304 0.17668028250336648 0.22119278647005558 0.0069904391262680292
0.2037018617149442 0.26339840628206734 0.22119278647005558 0.0069904391262680292
0.2037018617149442 0.17668028250336648 0.29719681814312937 0.0069904391262680292
0.2037018617149442 0.17668028250336648 0.22119278647005558 0.091912325308658185
0.15865740375593304 0.26339840628206734 0.29719681814312937 0.091912325308658185
0.32669058912433679 0.45882773026823997 0.41286412663757799 0.0673783119916916
0.31557845319621258 0.45882773026823997 0.41286412663757799 0.0673783119916916
0.32669058912433679 0.18597810342907906 0.41286412663757799 0.0673783119916916
0.32669058912433679 0.45882773026823997 0.45233369022607806 0.0673783119916916
0.32669058912433679 0.45882773026823997 0.41286412663757799 0.062896010195836419
0.31557845319621258 0.18597810342907906 0.45233369022607806 0.062896010195836419
0.39739045035094017 0.29595809765160086 0.17711576521396638 0.045398080261424188
0.49062157222069791 0.29595809765160086 0.17711576521396638 0.045398080261424188
0.39739045035094017 0.40500216372311115 0.17711576521396638 0.045398080261424188
0.39739045035094017 0.29595809765160086 0.1832436177879572 0.045398080261424188
0.39739045035094017 0.29595809765160086 0.17711576521396638 0.044775732525624334
0.49062157222069791 0.40500216372311115 0.1832436177879572 0.044775732525624334
0.48333738339133553 0.44513077102601528 0.25170104131102566 0.026791582620702685
0.41385524007491764 0.44513077102601528 0.25170104131102566 0.026791582620702685
0.48333738339133553 0.39000991731882095 0.25170104131102566 0.026791582620702685
0.48333738339133553 0.44513077102601528 0.44620808511972432 0.026791582620702685
0.48333738339133553 0.44513077102601528 0.25170104131102566 0.053154782547615471
0.41385524007491764 0.39000991731882095 0.44620808511972432 0.053154782547615471
0.24935274235904215 0.20652871578931808 0.33823089413344865 0.061271066174842424
0.23881087885238228 0.20652871578931808 0.33823089413344865 0.061271066174842424
0.24935274235904215 0.22137497477233412 0.33823089413344865 0.061271066174842424
0.24935274235904215 0.20652871578931808 0.11510171629488469 0.061271066174842424
0.24935274235904215 0.20652871578931808 0.33823089413344865 0.03498616484925151
0.23881087885238228 0.22137497477233412 0.11510171629488469 0.03498616484925151
0.12857701620087025 0.32593201994895937 0.14665638469159603 0.025367322324775163
0.070464057847857475 0.32593201994895937 0.14665638469159603 0.025367322324775163
0.12857701620087025 0.12848829030990602 0.14665638469159603 0.025367322324775163
0.12857701620087025 0.32593201994895937 0.33574609719216825 0.025367322324775163
0.12857701620087025 0.32593201994895937 0.14665638469159603 0.012205499461852013
0.070464057847857475 0.12848829030990602 0.33574609719216825 0.012205499461852013
0.68693544897250824 0.11303177587687969 0.45740441456437109 0.090104063608683657
0.57080658534541728 0.11303177587687969 0.45740441456437109 0.090104063608683657
0.68693544897250824 0.45946463309228425 0.45740441456437109 0.090104063608683657
0.68693544897250824 0.11303177587687969 0.20444554165005685 0.090104063608683657
0.68693544897250824 0.11303177587687969 0.45740441456437109 0.080577381450682883
0.57080658534541728 0.45946463309228425 0.20444554165005685 0.080577381450682883
0.65964046050794423 0.34605895169079304 0.21072255708277227 0.038795793057419363
0.37359973164275284 0.34605895169079304 0.21072255708277227 0.038795793057419363
0.65964046050794423 0.2083703797310591 0.21072255708277227 0.038795793057419363
0.65964046050794423 0.34605895169079304 0.145466473326087 0.038795793057419363
0.65964046050794423 0.34605895169079304 0.21072255708277227 0.0073497449709102516
0.37359973164275284 0.2083703797310591 0.145466473326087 0.0073497449709102516
0.10128184854984283 0.10892257615923882 0.39959577471017838 0.072482112905941906
0.52325286492705336 0.10892257615923882 0.39959577471017838 0.072482112905941906
0.10128184854984283 0.37723574191331866 0.39959577471017838 0.072482112905941906
0.10128184854984283 0.10892257615923882 0.41426855102181437 0.072482112905941906
0.10128184854984283 0.10892257615923882 0.39959577471017838 0.075763853512704371
0.52325286492705336 0.37723574191331866 0.41426855102181437 0.075763853512704371
0.22332757813856002 0.42656722143292425 0.19076130092144014 0.011850974881090225
0.68016384118236595 0.42656722143292425 0.19076130092144014 0.011850974881090225
0.22332757813856002 0.47341220937669282 0.19076130092144014 0.011850974881090225
0.22332757813856002 0.42656722143292425 0.23502889722585679 0.011850974881090225
0.22332757813856002 0.42656722143292425 0.19076130092144014 0.054487840997986502
0.68016384118236595 0.47341220937669282 0.23502889722585679 0.054487840997986502
0.4573120787274092 0.21532796658575537 0.40541596002876756 0.07733557380642743
0.20521378139965235 0.21532796658575537 0.40541596002876756 0.07733557380642743
0.4573120787274092 0.14188808798789979 0.40541596002876756 0.07733557380642743
0.4573120787274092 0.21532796658575537 0.30363678969442842 0.07733557380642743
0.4573120787274092 0.21532796658575537 0.40541596002876756 0.036361449852585798
0.20521378139965235 0.14188808798789979 0.30363678969442842 0.036361449852585798
0.38025186443701381 0.46291910223662858 0.33004948310554028 0.095787989670410759
0.13098523081280289 0.46291910223662858 0.33004948310554028 0.095787989670410759
0.38025186443701381 0.25062421895563602 0.33004948310554028 0.095787989670410759
0.38025186443701381 0.46291910223662858 0.26645364612340927 0.095787989670410759
0.38025186443701381 0.46291910223662858 0.33004948310554028 0.067756379159167407
0.13098523081280289 0.25062421895563602 0.26645364612340927 0.067756379159167407
0.30955214365385469 0.27584976851940157 0.26617592796683309 0.018184815190732482
0.60593653279356652 0.27584976851940157 0.26617592796683309 0.018184815190732482
0.30955214365385469 0.33175924643874166 0.26617592796683309 0.018184815190732482
0.30955214365385469 0.27584976851940157 0.39804219044744971 0.018184815190732482
0.30955214365385469 0.27584976851940157 0.26617592796683309 0.049581648354418577
0.60593653279356652 0.33175924643874166 0.39804219044744971 0.049581648354418577
0.18783247531391678 0.35662918239831931 0.47491347566246989 0.053848422812297944
0.43759978497400875 0.35662918239831931 0.47491347566246989 0.053848422812297944
0.18783247531391678 0.41840194948017595 0.47491347566246989 0.053848422812297944
0.18783247531391678 0.35662918239831931 0.1530630972236395 0.053848422812297944
0.18783247531391678 0.35662918239831931 0.47491347566246989 0.022166656950488688
0.43759978497400875 0.41840194948017595 0.1530630972236395 0.022166656950488688
0.58415848184376951 0.19522522948682308 0.13525924347341062 0.032619056686758997
0.2879454094916582 0.19522522948682308 0.13525924347341062 0.032619056686758997
0.58415848184376951 0.19992569163441659 0.13525924347341062 0.032619056686758997
0.58415848184376951 0.19522522948682308 0.48406457677483561 0.032619056686758997
0.58415848184376951 0.19522522948682308 0.13525924347341062 0.090532425832934679
0.2879454094916582 0.19992569163441659 0.48406457677483561 0.090532425832934679
0.5483200056944042 0.41099457107484338 0.47964079827070238 0.019808797094970944
0.45855691614560778 0.41099457107484338 0.47964079827070238 0.019808797094970944
0.5483200056944042 0.11160634681582451 0.47964079827070238 0.019808797094970944
0.5483200056944042 0.41099457107484338 0.27991936616599561 0.019808797094970944
0.5483200056944042 0.41099457107484338 0.47964079827070238 0.069635348373092709
0.45855691614560778 0.11160634681582451 0.27991936616599561 0.069635348373092709
0.13230468425899744 0.24965081661939623 0.11812334097921849 0.0914086366724223
0.30892239646054798 0.24965081661939623 0.11812334097921849 0.0914086366724223
0.13230468425899744 0.48022917546331889 0.11812334097921849 0.0914086366724223
0.13230468425899744 0.24965081661939623 0.36111462935805327 0.0914086366724223
0.13230468425899744 0.24965081661939623 0.11812334097921849 0.038228434881195428
0.30892239646054798 0.48022917546331889 0.36111462935805327 0.038228434881195428
0.33464775690808884 0.3178944528102875 0.32218488343060014 0.030801739748567345
0.15071260891854762 0.3178944528102875 0.32218488343060014 0.030801739748567345
0.33464775690808884 0.37000220790505411 0.32218488343060014 0.030801739748567345
0.33464775690808884 0.3178944528102875 0.1880364716053009 0.030801739748567345
0.33464775690808884 0.3178944528102875 0.32218488343060014 0.017773259998299182
0.15071260891854762 0.37000220790505411 0.1880364716053009 0.017773259998299182
0.42628936409018925 0.13083649389445784 0.28644886612892151 0.058421110844239593
0.62568372795358296 0.13083649389445784 0.28644886612892151 0.058421110844239593
0.42628936409018925 0.23901375718414786 0.28644886612892151 0.058421110844239593
0.42628936409018925 0.13083649389445784 0.46942818649113183 0.058421110844239593
0.42628936409018925 0.13083649389445784 0.28644886612892151 0.097825846819207071
0.62568372795358296 0.23901375718414786 0.46942818649113183 0.097825846819207071
0.51284006712958208 0.37846526242792611 0.16113203093409539 0.06442903799843043
0.53875990360975257 0.37846526242792611 0.16113203093409539 0.06442903799843043
0.51284006712958208 0.15361766666173937 0.16113203093409539 0.06442903799843043
0.51284006712958208 0.37846526242792611 0.10739147067070008 0.06442903799843043
0.51284006712958208 0.37846526242792611 0.16113203093409539 0.0062434461452066901
0.53875990360975257 0.15361766666173937 0.10739147067070008 0.0062434461452066901
0.25916585694067179 0.16713972464203836 0.4476490508764982 0.049507559371180836
0.063790026772767308 0.16713972464203836 0.4476490508764982 0.049507559371180836
0.25916585694067179 0.43499519936740405 0.4476490508764982 0.049507559371180836
0.25916585694067179 0.16713972464203836 0.4258055854588747 0.049507559371180836
0.25916585694067179 0.16713972464203836 0.4476490508764982 0.08634437299426645
0.063790026772767308 0.43499519936740405 0.4258055854588747 0.08634437299426645
0.055244548665359619 0.49734625443816183 0.24348915778100491 0.085195264997892081
0.23088654275052245 0.49734625443816183 0.24348915778100491 0.085195264997892081
0.055244548665359619 0.31552762687206271 0.24348915778100491 0.085195264997892081
0.055244548665359619 0.49734625443816183 0.22466499023139477 0.085195264997892081
0.055244548665359619 0.49734625443816183 0.24348915778100491 0.059653931941837074
0.23088654275052245 0.31552762687206271 0.22466499023139477 0.059653931941837074
0.63454464748501771 0.26017242260277273 0.35422549918293955 0.0013325922833755614
0.38051982023753222 0.26017242260277273 0.35422549918293955 0.0013325922833755614
0.63454464748501771 0.29651568196713929 0.35422549918293955 0.0013325922833755614
0.63454464748501771 0.26017242260277273 0.34366390332579611 0.0013325922833755614
0.63454464748501771 0.26017242260277273 0.35422549918293955 0.02829535847809166
0.38051982023753222 0.29651568196713929 0.34366390332579611 0.02829535847809166
0.63076094612479205 0.41547297984361653 0.23430602550506593 0.091795904110185803
0.67963902764022344 0.41547297984361653 0.23430602550506593 0.091795904110185803
0.63076094612479205 0.18995414674282074 0.23430602550506593 0.091795904110185803
0.63076094612479205 0.41547297984361653 0.38169641457498071 0.091795904110185803
0.63076094612479205 0.41547297984361653 0.23430602550506593 0.035487355024553836
0.67963902764022344 0.18995414674282074 0.38169641457498071 0.035487355024553836
0.051450735377147797 0.22680979631841183 0.36966395862400536 0.020968452048487962
0.1792766467668116 0.22680979631841183 0.36966395862400536 0.020968452048487962
0.051450735377147797 0.42133323214948182 0.36966395862400536 0.020968452048487962
0.051450735377147797 0.22680979631841183 0.25069493129849435 0.020968452048487962
0.051450735377147797 0.22680979631841183 0.36966395862400536 0.053621889172121885
0.1792766467668116 0.42133323214948182 0.25069493129849435 0.053621889172121885
0.25538215558044608 0.30877451114356519 0.16444204486906527 0.059579018774442376
0.33621775540523224 0.30877451114356519 0.16444204486906527 0.059579018774442376
0.25538215558044608 0.32843423932790761 0.16444204486906527 0.059579018774442376
0.25538215558044608 0.30877451114356519 0.4987990275025368 0.059579018774442376
0.25538215558044608 0.30877451114356519 0.16444204486906527 0.0764242669576779
0.33621775540523224 0.32843423932790761 0.4987990275025368 0.0764242669576779
0.50904625384137026 0.145813325047493 0.42558065503835685 0.031190659795887771
0.51124229715205727 0.145813325047493 0.42558065503835685 0.031190659795887771
0.50904625384137026 0.25942078940570357 0.42558065503835685 0.031190659795887771
0.50904625384137026 0.145813325047493 0.16721048094332219 0.031190659795887771
0.50904625384137026 0.145813325047493 0.42558065503835685 0.0080426601674407731
0.51124229715205727 0.25942078940570357 0.16721048094332219 0.0080426601674407731
0.43262204616330557 0.39508022740483284 0.30011723116040234 0.049893835280090573
0.43447469617240125 0.39508022740483284 0.30011723116040234 0.049893835280090573
0.43262204616330557 0.14481937661767008 0.30011723116040234 0.049893835280090573
0.43262204616330557 0.39508022740483284 0.4060049548745156 0.049893835280090573
0.43262204616330557 0.39508022740483284 0.30011723116040234 0.089887662943452601
0.43447469617240125 0.14481937661767008 0.4060049548745156 0.089887662943452601
0.34097071448341004 0.15638662017881871 0.28975964151322842 0.065589589698240164
0.25945139178074894 0.15638662017881871 0.28975964151322842 0.065589589698240164
0.34097071448341004 0.46344065852463245 0.28975964151322842 0.065589589698240164
0.34097071448341004 0.15638662017881871 0.13739706017076969 0.065589589698240164
0.34097071448341004 0.15638662017881871 0.28975964151322842 0.021457716493867341
0.25945139178074894 0.46344065852463245 0.13739706017076969 0.021457716493867341
0.13863736633211374 0.47599782235920429 0.49507849924266345 0.0024948902688920497
0.091084492206573484 0.47599782235920429 0.49507849924266345 0.0024948902688920497
0.13863736633211374 0.38603231832385065 0.49507849924266345 0.0024948902688920497
0.13863736633211374 0.47599782235920429 0.31351171694695951 0.0024948902688920497
0.13863736633211374 0.47599782235920429 0.49507849924266345 0.050496127191931015
0.091084492206573484 0.38603231832385065 0.31351171694695951 0.050496127191931015
0.5546429632697254 0.26316471621394155 0.10893946811556816 0.085579889034852391
0.59144563572481268 0.26316471621394155 0.10893946811556816 0.085579889034852391
0.5546429632697254 0.20504536665976048 0.10893946811556816 0.085579889034852391
0.5546429632697254 0.26316471621394155 0.24470963552594185 0.085579889034852391
0.5546429632697254 0.26316471621394155 0.10893946811556816 0.068582321680150923
0.59144563572481268 0.20504536665976048 0.24470963552594185 0.068582321680150923
0.58037458676844833 0.33059087023139 0.45283285565674303 0.073639749580994257
0.15252787494100628 0.33059087023139 0.45283285565674303 0.073639749580994257
0.58037458676844833 0.29319391734898093 0.45283285565674303 0.073639749580994257
0.58037458676844833 0.33059087023139 0.44134456627070906 0.073639749580994257
0.58037458676844833 0.33059087023139 0.45283285565674303 0.096999526458792396
0.15252787494100628 0.29319391734898093 0.44134456627070906 0.096999526458792396
0.18403885574080048 0.11774639077484608 0.13858145773410799 0.039184983991086483
0.65286916266195472 0.11774639077484608 0.13858145773410799 0.039184983991086483
0.18403885574080048 0.324327439814806 0.13858145773410799 0.039184983991086483
0.18403885574080048 0.11774639077484608 0.12234565541148186 0.039184983991086483
0.18403885574080048 0.11774639077484608 0.13858145773410799 0.016859913572669031
0.65286916266195472 0.324327439814806 0.12234565541148186 0.016859913572669031
0.30576824857853346 0.44989338852465155 0.34547574073076248 0.077723112868145108
0.49468811275437469 0.44989338852465155 0.34547574073076248 0.077723112868145108
0.30576824857853346 0.42502651549875736 0.34547574073076248 0.077723112868145108
0.30576824857853346 0.44989338852465155 0.32661124765872956 0.077723112868145108
0.30576824857853346 0.44989338852465155 0.34547574073076248 0.038936242188327017
0.49468811275437469 0.42502651549875736 0.32661124765872956 0.038936242188327017
0.37645824486389751 0.21113958135247232 0.2570050213485956 0.013010357841849327
0.31964499130845064 0.21113958135247232 0.2570050213485956 0.013010357841849327
0.37645824486389751 0.15655181035399438 0.2570050213485956 0.013010357841849327
0.37645824486389751 0.21113958135247232 0.20819713659584524 0.013010357841849327
0.37645824486389751 0.21113958135247232 0.2570050213485956 0.070280488364398486
0.31964499130845064 0.15655181035399438 0.20819713659584524 0.070280488364398486
0.46364495451562099 0.46041803359985356 0.18158961795270445 0.019347597599960867
0.2352602415718138 0.46041803359985356 0.18158961795270445 0.019347597599960867
0.46364495451562099 0.24781357608735563 0.18158961795270445 0.019347597599960867
0.46364495451562099 0.46041803359985356 0.3717475205659867 0.019347597599960867
0.46364495451562099 0.46041803359985356 0.18158961795270445 0.027601310500875116
0.2352602415718138 0.24781357608735563 0.3717475205659867 0.027601310500875116
0.2296503419987857 0.29749430529773235 0.42084144726395611 0.096172129652462898
0.41030460037291044 0.29749430529773235 0.42084144726395611 0.096172129652462898
0.2296503419987857 0.3666804373264313 0.42084144726395611 0.096172129652462898
0.2296503419987857 0.29749430529773235 0.29035580940544603 0.096172129652462898
0.2296503419987857 0.29749430529773235 0.42084144726395611 0.058993896705098456
0.41030460037291044 0.3666804373264313 0.29035580940544603 0.058993896705098456
0.10761472433805465 0.36689716540277006 0.2140455447137356 0.033004849278368061
0.57737235934473574 0.36689716540277006 0.2140455447137356 0.033004849278368061
0.10761472433805465 0.48316332511603832 0.2140455447137356 0.033004849278368061
0.10761472433805465 0.36689716540277006 0.46030896417796618 0.033004849278368061
0.10761472433805465 0.36689716540277006 0.2140455447137356 0.087209947349503644
0.57737235934473574 0.48316332511603832 0.46030896417796618 0.087209947349503644
0.6659632243681699 0.17832026332616807 0.37751593403518202 0.05500945819821209
0.07702983426861465 0.17832026332616807 0.37751593403518202 0.05500945819821209
0.6659632243681699 0.10163765698671341 0.37751593403518202 0.05500945819821209
0.6659632243681699 0.17832026332616807 0.17911370322108269 0.05500945819821209
0.6659632243681699 0.17832026332616807 0.37751593403518202 0.0071186744915321476
0.07702983426861465 0.10163765698671341 0.17911370322108269 0.0071186744915321476
0.68056305530481032 0.36124615147709849 0.13123700320720674 0.0058282351857051259
0.51918648178689175 0.36124615147709849 0.13123700320720674 0.0058282351857051259
0.68056305530481032 0.35367183685302739 0.13123700320720674 0.0058282351857051259
0.68056305530481032 0.36124615147709849 0.27090217284858231 0.0058282351857051259
0.68056305530481032 0.36124615147709849 0.13123700320720674 0.082403594857081777
0.51918648178689175 0.35367183685302739 0.27090217284858231 0.082403594857081777
0.12221442451700568 0.19998174346983433 0.46658219881355767 0.083406654820777484
0.36953334608115251 0.19998174346983433 0.46658219881355767 0.083406654820777484
0.12221442451700568 0.2350384470075369 0.46658219881355767 0.083406654820777484
0.12221442451700568 0.19998174346983433 0.38960201367735869 0.083406654820777484
0.12221442451700568 0.19998174346983433 0.46658219881355767 0.0022580104852095249
0.36953334608115251 0.2350384470075369 0.38960201367735869 0.0022580104852095249
0.24298034869134422 0.46762761361896998 0.27377478219568729 0.045012087224982684
0.21134315282106397 0.46762761361896998 0.27377478219568729 0.045012087224982684
0.24298034869134422 0.11558313518762589 0.27377478219568729 0.045012087224982684
0.24298034869134422 0.46762761361896998 0.15948802828788758 0.045012087224982684
0.24298034869134422 0.46762761361896998 0.27377478219568729 0.028981505019590261
0.21134315282106397 0.11558313518762589 0.15948802828788758 0.028981505019590261
0.47697479170747092 0.28051472231745722 0.33490179926156999 0.066217477419413626
0.68629321502521634 0.28051472231745722 0.33490179926156999 0.066217477419413626
0.47697479170747092 0.49655797295272353 0.33490179926156999 0.066217477419413626
0.47697479170747092 0.28051472231745722 0.47838432081043725 0.066217477419413626
0.47697479170747092 0.28051472231745722 0.33490179926156999 0.060319779709912841
0.68629321502521634 0.49655797295272353 0.47838432081043725 0.060319779709912841
0.40121386330574743 0.42820109874010093 0.40953581109642989 0.060112874634563926
0.59937060140073295 0.42820109874010093 0.40953581109642989 0.060112874634563926
0.40121386330574743 0.31155229881405833 0.40953581109642989 0.060112874634563926
0.40121386330574743 0.42820109874010093 0.14217770695686341 0.060112874634563926
0.40121386330574743 0.42820109874010093 0.40953581109642989 0.043750088772736492
0.59937060140073295 0.31155229881405833 0.14217770695686341 0.043750088772736492
0.33052403652109202 0.21682063005864621 0.199190279468894 0.026402946183457971
0.12441930184140801 0.21682063005864621 0.199190279468894 0.026402946183457971
0.33052403652109202 0.28018532879650593 0.199190279468894 0.026402946183457971
0.33052403652109202 0.21682063005864621 0.42308724410831933 0.026402946183457971
0.33052403652109202 0.21682063005864621 0.199190279468894 0.075136703122407208
0.12441930184140801 0.28018532879650593 0.42308724410831933 0.075136703122407208
0.20752527466975151 0.34760126285254955 0.3918992202728987 0.089716701388359077
0.29149620416574179 0.34760126285254955 0.3918992202728987 0.089716701388359077
0.20752527466975151 0.16994644626975058 0.3918992202728987 0.089716701388359077
0.20752527466975151 0.34760126285254955 0.2274199765175581 0.089716701388359077
0.20752527466975151 0.34760126285254955 0.3918992202728987 0.095623781188391155
0.29149620416574179 0.16994644626975058 0.2274199765175581 0.095623781188391155
0.60386113645508888 0.11050677597522736 0.2057726286351681 0.024207762153819205
0.44115057722665363 0.11050677597522736 0.2057726286351681 0.024207762153819205
0.60386113645508888 0.43897200562059879 0.2057726286351681 0.024207762153819205
0.60386113645508888 0.11050677597522736 0.30891431197524072 0.024207762153819205
0.60386113645508888 0.11050677597522736 0.2057726286351681 0.015526536475867034
0.44115057722665363 0.43897200562059879 0.30891431197524072 0.015526536475867034
0.56797280288301411 0.49571237564086912 0.36226385720074183 0.037114723561331629
0.31235418105497953 0.49571237564086912 0.36226385720074183 0.037114723561331629
0.56797280288301411 0.45068002529442308 0.36226385720074183 0.037114723561331629
0.56797280288301411 0.49571237564086912 0.105251207575202 0.037114723561331629
0.56797280288301411 0.49571237564086912 0.36226385720074183 0.045641614831984048
0.31235418105497953 0.45068002529442308 0.105251207575202 0.045641614831984048
0.15196737544611094 0.25867976061999798 0.24799962639808656 0.052059788662940268
0.46198869831860057 0.25867976061999798 0.24799962639808656 0.052059788662940268
0.15196737544611094 0.13180085793137553 0.24799962639808656 0.052059788662940268
0.15196737544611094 0.25867976061999798 0.43655175939202306 0.052059788662940268
0.15196737544611094 0.25867976061999798 0.24799962639808656 0.063770177493803204
0.46198869831860057 0.13180085793137553 0.43655175939202306 0.063770177493803204
0.3555704122409224 0.37692295275628573 0.44230850189924242 0.013689367016777396
0.61891942382790144 0.37692295275628573 0.44230850189924242 0.013689367016777396
0.3555704122409224 0.21845603622496129 0.44230850189924242 0.013689367016777396
0.3555704122409224 0.37692295275628573 0.21278238147497178 0.013689367016777396
0.3555704122409224 0.37692295275628573 0.44230850189924242 0.091219337642192852
0.61891942382790144 0.21845603622496129 0.21278238147497178 0.091219337642192852
0.44722187467850738 0.16555552333593371 0.1538260940462351 0.097576405119150889
0.14394830721430479 0.16555552333593371 0.1538260940462351 0.097576405119150889
0.44722187467850738 0.39996940419077875 0.1538260940462351 0.097576405119150889
0.44722187467850738 0.16555552333593371 0.34388874806463721 0.097576405119150889
0.44722187467850738 0.16555552333593371 0.1538260940462351 0.022831759366206825
0.14394830721430479 0.39996940419077875 0.34388874806463721 0.022831759366206825
0.53253280110657208 0.31327748522162435 0.27850822173058987 0.079027314362116158
0.069721044832840556 0.31327748522162435 0.27850822173058987 0.079027314362116158
0.53253280110657208 0.40831472538411617 0.27850822173058987 0.079027314362116158
0.53253280110657208 0.31327748522162435 0.28243795484304429 0.079027314362116158
0.53253280110657208 0.31327748522162435 0.27850822173058987 0.081286249806173147
0.069721044832840556 0.40831472538411617 0.28243795484304429 0.081286249806173147
0.2788685720879584 0.12607997842133045 0.31777201369404795 0.0074522045506164435
0.54469092409126452 0.12607997842133045 0.31777201369404795 0.0074522045506164435
0.2788685720879584 0.17719350159168246 0.31777201369404795 0.0074522045506164435
0.2788685720879584 0.12607997842133045 0.35152802504599101 0.0074522045506164435
0.2788685720879584 0.12607997842133045 0.31777201369404795 0.01285033150203526
0.54469092409126452 0.17719350159168246 0.35152802504599101 0.01285033150203526
0.076206525741145018 0.40628605820238595 0.12336628958582879 0.070790154387243093
0.37633440764620896 0.40628605820238595 0.12336628958582879 0.070790154387243093
0.076206525741145018 0.27335788719356058 0.12336628958582879 0.070790154387243093
0.076206525741145018 0.40628605820238595 0.19951615594327451 0.070790154387243093
0.076206525741145018 0.40628605820238595 0.12336628958582879 0.034160153177566828
0.37633440764620896 0.27335788719356058 0.19951615594327451 0.034160153177566828
0.6555165669880807 0.24498586431145669 0.48684902302920818 0.043194781350903218
0.22670112773776052 0.24498586431145669 0.48684902302920818 0.043194781350903218
0.6555165669880807 0.34184489697217946 0.48684902302920818 0.043194781350903218
0.6555165669880807 0.24498586431145669 0.46801916137337685 0.043194781350903218
0.6555165669880807 0.24498586431145669 0.48684902302920818 0.05224037581123412
0.22670112773776052 0.34184489697217946 0.46801916137337685 0.05224037581123412
0.64243861692957571 0.30593771636486056 0.3418538693338633 0.023864436483010652
0.58566049542278054 0.30593771636486056 0.3418538693338633 0.023864436483010652
0.64243861692957571 0.3933432057499886 0.3418538693338633 0.023864436483010652
0.64243861692957571 0.30593771636486056 0.15606715679168703 0.023864436483010652
0.64243861692957571 0.30593771636486056 0.3418538693338633 0.065869000390172003
0.58566049542278054 0.3933432057499886 0.15606715679168703 0.065869000390172003
0.084246333595365291 0.14220748953521253 0.25571507662534715 0.088574332173913722
0.11068564010784029 0.14220748953521253 0.25571507662534715 0.088574332173913722
0.084246333595365291 0.22427032403647901 0.25571507662534715 0.088574332173913722
0.084246333595365291 0.14220748953521253 0.4872738707810641 0.088574332173913722
0.084246333595365291 0.14220748953521253 0.25571507662534715 0.046830289292149246
0.11068564010784029 0.22427032403647901 0.4872738707810641 0.046830289292149246
0.28626210279762743 0.42455061934888361 0.45939814448356631 0.028331501705572013
0.26761628813110289 0.42455061934888361 0.45939814448356631 0.028331501705572013
0.28626210279762743 0.12518247961997986 0.45939814448356631 0.028331501705572013
0.28626210279762743 0.42455061934888361 0.26337936930358408 0.028331501705572013
0.28626210279762743 0.42455061934888361 0.45939814448356631 0.024821429632604124
0.26761628813110289 0.12518247961997986 0.26337936930358408 0.024821429632604124
0.52010050830431276 0.23668089061975481 0.14904041178524496 0.062789444539695982
0.41725454409606749 0.23668089061975481 0.14904041178524496 0.062789444539695982
0.52010050830431276 0.45649908147752283 0.14904041178524496 0.062789444539695982
0.52010050830431276 0.23668089061975481 0.39478099569678304 0.062789444539695982
0.52010050830431276 0.23668089061975481 0.14904041178524496 0.092516388769261548
0.41725454409606749 0.45649908147752283 0.39478099569678304 0.092516388769261548
0.44449827130883923 0.48585328981280329 0.22372323386371137 0.068954475079663097
0.502908875932917 0.48585328981280329 0.22372323386371137 0.068954475079663097
0.44449827130883923 0.34765919074416163 0.22372323386371137 0.068954475079663097
0.44449827130883923 0.48585328981280329 0.23201262764632702 0.068954475079663097
0.44449827130883923 0.48585328981280329 0.22372323386371137 0.011552904379554092
0.502908875932917 0.34765919074416163 0.23201262764632702 0.011552904379554092
0.37364709922112521 0.27225113995373251 0.38486246392130852 0.046952724757604307
0.3532693777699023 0.27225113995373251 0.38486246392130852 0.046952724757604307
0.37364709922112521 0.26673168279230597 0.38486246392130852 0.046952724757604307
0.37364709922112521 0.27225113995373251 0.30041529163718228 0.046952724757604307
0.37364709922112521 0.27225113995373251 0.38486246392130852 0.079296203175559646
0.3532693777699023 0.26673168279230597 0.30041529163718228 0.079296203175559646
0.16939849234186111 0.39145950116217143 0.18108093217015267 0.082228027773089712
0.18491293881088494 0.39145950116217143 0.18108093217015267 0.082228027773089712
0.16939849234186111 0.18301256373524666 0.18108093217015267 0.082228027773089712
0.16939849234186111 0.39145950116217143 0.14852854013442995 0.082228027773089712
0.16939849234186111 0.39145950116217143 0.18108093217015267 0.051052077715285124
0.18491293881088494 0.18301256373524666 0.14852854013442995 0.051052077715285124
0.56589538948610418 0.15355935171246529 0.41643834076821806 0.0054003177387639883
0.65988903632387519 0.15355935171246529 0.41643834076821806 0.0054003177387639883
0.56589538948610418 0.40169634111225605 0.41643834076821806 0.0054003177387639883
0.56589538948610418 0.15355935171246529 0.41751754172146327 0.0054003177387639883
0.56589538948610418 0.15355935171246529 0.41643834076821806 0.032061706276610494
0.65988903632387519 0.40169634111225605 0.41751754172146327 0.032061706276610494
0.61125473133288322 0.44023285284638403 0.17332627922296523 0.041993400587700312
0.084094281168654555 0.44023285284638403 0.17332627922296523 0.041993400587700312
0.61125473133288322 0.48991497792303562 0.17332627922296523 0.041993400587700312
0.61125473133288322 0.44023285284638403 0.22167234867811203 0.041993400587700312
0.61125473133288322 0.44023285284638403 0.17332627922296523 0.0035826302450150255
0.084094281168654555 0.48991497792303562 0.22167234867811203 0.0035826302450150255
0.19509291769936676 0.20224808789789678 0.43679681159555916 0.07038499065581709
0.55905052288435397 0.20224808789789678 0.43679681159555916 0.07038499065581709
0.19509291769936676 0.12147525474429131 0.43679681159555916 0.07038499065581709
0.19509291769936676 0.20224808789789678 0.34046755470335488 0.07038499065581709
0.19509291769936676 0.20224808789789678 0.43679681159555916 0.084366451800800865
0.55905052288435397 0.12147525474429131 0.34046755470335488 0.084366451800800865
0.31744610946625468 0.33401666469871999 0.22836521454155445 0.010166259667836131
0.40086040711030357 0.33401666469871999 0.22836521454155445 0.010166259667836131
0.31744610946625468 0.22838801331818104 0.22836521454155445 0.010166259667836131
0.31744610946625468 0.33401666469871999 0.11042986772954465 0.010166259667836131
0.31744610946625468 0.33401666469871999 0.22836521454155445 0.06153526749275625
0.40086040711030357 0.22838801331818104 0.11042986772954465 0.06153526749275625
0.40925364815630011 0.12037872895598412 0.36761680543422703 0.080990894437767566
0.25120109189301726 0.12037872895598412 0.36761680543422703 0.080990894437767566
0.40925364815630011 0.3595595695078373 0.36761680543422703 0.080990894437767566
0.40925364815630011 0.12037872895598412 0.42902937307953837 0.080990894437767566
0.40925364815630011 0.12037872895598412 0.36761680543422703 0.031052759283222261
0.25120109189301726 0.3595595695078373 0.42902937307953837 0.031052759283222261
0.49440588317811485 0.36953826397657397 0.49225008711218832 0.099479563340544711
0.32923819748684757 0.36953826397657397 0.49225008711218832 0.099479563340544711
0.49440588317811485 0.44486410729587078 0.49225008711218832 0.099479563340544711
0.49440588317811485 0.36953826397657397 0.19101690910756589 0.099479563340544711
0.49440588317811485 0.36953826397657397 0.49225008711218832 0.073065069912932823
0.32923819748684757 0.44486410729587078 0.19101690910756589 0.073065069912932823
0.2409029607195407 0.18173040710389615 0.10377989225089551 0.016391334222629669
0.47889627050608391 0.18173040710389615 0.10377989225089551 0.016391334222629669
0.2409029607195407 0.16330346912145616 0.10377989225089551 0.016391334222629669
0.2409029607195407 0.18173040710389615 0.47261232510209084 0.016391334222629669
0.2409029607195407 0.18173040710389615 0.10377989225089551 0.04253422167524696
0.47889627050608391 0.16330346912145616 0.47261232510209084 0.04253422167524696
0.11949075940065085 0.45153609029948716 0.31211465261876581 0.051690876863896847
0.64597309534437952 0.45153609029948716 0.31211465261876581 0.051690876863896847
0.11949075940065085 0.28607304356992247 0.31211465261876581 0.051690876863896847
0.11949075940065085 0.45153609029948716 0.27686876505613328 0.051690876863896847
0.11949075940065085 0.45153609029948716 0.31211465261876581 0.013564058846794069
0.64597309534437952 0.28607304356992247 0.27686876505613328 0.013564058846794069
0.6986398040316999 0.28781890273094179 0.2978626348078251 0.035997940475121143
0.17101809582673011 0.28781890273094179 0.2978626348078251 0.035997940475121143
0.6986398040316999 0.30490188300609589 0.2978626348078251 0.035997940475121143
0.6986398040316999 0.28781890273094179 0.35787863172590739 0.035997940475121143
0.6986398040316999 0.28781890273094179 0.2978626348078251 0.094299540374428045
0.17101809582673011 0.30490188300609589 0.35787863172590739 0.094299540374428045
0.67388400882482524 0.47046708986163144 0.44492329098284245 0.086723111661151056
0.45058997361920766 0.47046708986163144 0.44492329098284245 0.086723111661151056
0.67388400882482524 0.150725357234478 0.44492329098284245 0.086723111661151056
0.67388400882482524 0.47046708986163144 0.49186831265687947 0.086723111661151056
0.67388400882482524 0.47046708986163144 0.44492329098284245 0.018377515236847105
0.45058997361920766 0.150725357234478 0.49186831265687947 0.018377515236847105
0.094735143380239611 0.28412324078381063 0.15879646092653277 0.0028388731479644779
0.27554063391871747 0.28412324078381063 0.15879646092653277 0.0028388731479644779
0.094735143380239611 0.43166497461497788 0.15879646092653277 0.0028388731479644779
0.094735143380239611 0.28412324078381063 0.17335996963083744 0.0028388731479644779
0.094735143380239611 0.28412324078381063 0.15879646092653277 0.099155364938080318
0.27554063391871747 0.43166497461497788 0.17335996963083744 0.099155364938080318
0.2174164086114615 0.35217193402349956 0.3500650197267533 0.062914056131616242
0.11735966149717569 0.35217193402349956 0.3500650197267533 0.062914056131616242
0.2174164086114615 0.31849621832370756 0.3500650197267533 0.062914056131616242
0.2174164086114615 0.35217193402349956 0.37769575677812106 0.062914056131616242
0.2174164086114615 0.35217193402349956 0.3500650197267533 0.071689713361673055
0.11735966149717569 0.31849621832370756 0.37769575677812106 0.071689713361673055
0.4709194715134799 0.19011406973004341 0.23971963115036488 0.047965754039585591
0.61770716747269028 0.19011406973004341 0.23971963115036488 0.047965754039585591
0.4709194715134799 0.29982455633580685 0.23971963115036488 0.047965754039585591
0.4709194715134799 0.19011406973004341 0.25860186293721199 0.047965754039585591
0.4709194715134799 0.19011406973004341 0.23971963115036488 0.041201233297586445
0.61770716747269028 0.29982455633580685 0.25860186293721199 0.041201233297586445
0.39465395524166519 0.33774237334728241 0.11430505327880383 0.029250490644015373
0.69320400711148977 0.33774237334728241 0.11430505327880383 0.029250490644015373
0.39465395524166519 0.10827611014246941 0.11430505327880383 0.029250490644015373
0.39465395524166519 0.33774237334728241 0.32083315216004848 0.029250490644015373
0.39465395524166519 0.33774237334728241 0.11430505327880383 0.056729281591251499
0.69320400711148977 0.10827611014246941 0.32083315216004848 0.056729281591251499
0.30284627610817549 0.10141693167388439 0.47543145045638091 0.056843063353560867
0.19285774333402511 0.10141693167388439 0.47543145045638091 0.056843063353560867
0.30284627610817549 0.47733687795698643 0.47543145045638091 0.056843063353560867
0.30284627610817549 0.10141693167388439 0.23973211720585824 0.056843063353560867
0.30284627610817549 0.10141693167388439 0.47543145045638091 0.026192461867816749
0.19285774333402511 0.47733687795698643 0.23973211720585824 0.026192461867816749
0.18176308292895554 0.43181914351880557 0.28425982370972636 0.021397032604552807
0.3599254248198121 0.43181914351880557 0.28425982370972636 0.021397032604552807
0.18176308292895554 0.37331107035279276 0.28425982370972636 0.021397032604552807
0.18176308292895554 0.43181914351880557 0.40961508303880689 0.021397032604552807
0.18176308292895554 0.43181914351880557 0.28425982370972636 0.0049624596480280165
0.3599254248198121 0.37331107035279276 0.40961508303880689 0.0049624596480280165
0.59792471737600861 0.21964521557092667 0.31960554383695128 0.092975378668867056
0.53497352232225237 0.21964521557092667 0.31960554383695128 0.092975378668867056
0.59792471737600861 0.2419823605567217 0.31960554383695128 0.092975378668867056
0.59792471737600861 0.21964521557092667 0.12831834889948368 0.092975378668867056
0.59792471737600861 0.21964521557092667 0.31960554383695128 0.085691969689913106
0.53497352232225237 0.2419823605567217 0.12831834889948368 0.085691969689913106
0.54240897540003052 0.38658614605665209 0.26389567703008654 0.055415473866276446
0.21852151630446315 0.38658614605665209 0.26389567703008654 0.055415473866276446
0.54240897540003052 0.2535165283828974 0.26389567703008654 0.055415473866276446
0.54240897540003052 0.38658614605665209 0.33276031911373138 0.055415473866276446
0.54240897540003052 0.38658614605665209 0.26389567703008654 0.055913693972863263
0.21852151630446315 0.2535165283828974 0.33276031911373138 0.055913693972863263
0.14591193781234324 0.17444967590272425 0.32737826742231846 0.034206888725049796
0.3935497580096125 0.17444967590272425 0.32737826742231846 0.034206888725049796
0.14591193781234324 0.33508947119116783 0.32737826742231846 0.034206888725049796
0.14591193781234324 0.17444967590272425 0.20126674361526967 0.034206888725049796
0.14591193781234324 0.17444967590272425 0.32737826742231846 0.036869011020287876
0.3935497580096125 0.33508947119116783 0.20126674361526967 0.036869011020287876
0.34889148562215261 0.49229002706706526 0.1315320659428835 0.094209584440104674
0.55049078916199501 0.49229002706706526 0.1315320659428835 0.094209584440104674
0.34889148562215261 0.4154333580285311 0.1315320659428835 0.094209584440104674
0.34889148562215261 0.49229002706706526 0.44925181977450845 0.094209584440104674
0.34889148562215261 0.49229002706706526 0.1315320659428835 0.010226067648269235
0.55049078916199501 0.4154333580285311 0.44925181977450845 0.010226067648269235
0.41974247852340335 0.25605086684226991 0.4707960963249207 0.016634018239565194
0.050124708330258727 0.25605086684226991 0.4707960963249207 0.016634018239565194
0.41974247852340335 0.19661681726574898 0.4707960963249207 0.016634018239565194
0.41974247852340335 0.25605086684226991 0.1183445803821087 0.016634018239565194
0.41974247852340335 0.25605086684226991 0.4707960963249207 0.077915054930374025
0.050124708330258727 0.19661681726574898 0.1183445803821087 0.077915054930374025
0.50677049676887687 0.40364151373505597 0.39533188268542296 0.010308860491961242
0.13831682172603904 0.40364151373505597 0.39533188268542296 0.010308860491961242
0.50677049676887687 0.21170061640441418 0.39533188268542296 0.010308860491961242
0.50677049676887687 0.40364151373505597 0.45533167235553262 0.010308860491961242
0.50677049676887687 0.40364151373505597 0.39533188268542296 0.019967307467013598
0.13831682172603904 0.21170061640441418 0.45533167235553262 0.019967307467013598
0.27293227044865487 0.24157227613031865 0.20684895031154157 0.075820995410904299
0.63868414475582536 0.24157227613031865 0.20684895031154157 0.075820995410904299
0.27293227044865487 0.38012803941965101 0.20684895031154157 0.075820995410904299
0.27293227044865487 0.24157227613031865 0.18643462583422662 0.075820995410904299
0.27293227044865487 0.24157227613031865 0.20684895031154157 0.087704634777270266
0.63868414475582536 0.38012803941965101 0.18643462583422662 0.087704634777270266
0.069646497815847391 0.32215677089989186 0.40279352031648163 0.040302431661635642
0.47031732266768805 0.32215677089989186 0.40279352031648163 0.040302431661635642
0.069646497815847391 0.47010334692895417 0.40279352031648163 0.040302431661635642
0.069646497815847391 0.32215677089989186 0.36266829669475553 0.040302431661635642
0.069646497815847391 0.32215677089989186 0.40279352031648163 0.067200286369770768
0.47031732266768805 0.47010334692895417 0.36266829669475553 0.067200286369770768
0.62783892159350208 0.13575272187590601 0.18852990940213205 0.074009507415816189
0.29528783876448866 0.13575272187590601 0.18852990940213205 0.074009507415816189
0.62783892159350208 0.13891948461532594 0.18852990940213205 0.074009507415816189
0.62783892159350208 0.13575272187590601 0.29396616406738763 0.074009507415816189
0.62783892159350208 0.13575272187590601 0.18852990940213205 0.048203943445347251
0.29528783876448866 0.13891948461532594 0.29396616406738763 0.048203943445347251
0.62563226511701941 0.4569662157446146 0.39274352453649042 0.048737111855298283
0.50750918569974601 0.4569662157446146 0.39274352453649042 0.048737111855298283
0.62563226511701941 0.30135736577212813 0.39274352453649042 0.048737111855298283
0.62563226511701941 0.4569662157446146 0.44495799764990807 0.048737111855298283
0.62563226511701941 0.4569662157446146 0.39274352453649042 0.033820199110545221
0.50750918569974601 0.30135736577212813 0.44495799764990807 0.033820199110545221
0.066795100597664719 0.2948901124298573 0.203479490429163 0.063688818005844958
0.33724540309049184 0.2948901124298573 0.203479490429163 0.063688818005844958
0.066795100597664719 0.28268620818853379 0.203479490429163 0.063688818005844958
0.066795100597664719 0.2948901124298573 0.1140446525067091 0.063688818005844958
0.066795100597664719 0.2948901124298573 0.203479490429163 0.052773489361628893
0.33724540309049184 0.28268620818853379 0.1140446525067091 0.052773489361628893
0.27070544702000915 0.36259656473994262 0.41182568296790123 0.0036136416606605054
0.18063182793557642 0.36259656473994262 0.41182568296790123 0.0036136416606605054
0.27070544702000915 0.16796169541776179 0.41182568296790123 0.0036136416606605054
0.27070544702000915 0.36259656473994262 0.33706024773418908 0.0036136416606605054
0.27070544702000915 0.36259656473994262 0.41182568296790123 0.081043174580670896
0.18063182793557642 0.16796169541776179 0.33706024773418908 0.081043174580670896
0.50389896892011166 0.17617344148457051 0.19834309034049513 0.087494462838396431
0.67559868404641743 0.17617344148457051 0.19834309034049513 0.087494462838396431
0.50389896892011166 0.448901054263115 0.19834309034049513 0.087494462838396431
0.50389896892011166 0.17617344148457051 0.20556056499481201 0.087494462838396431
0.50389896892011166 0.17617344148457051 0.19834309034049513 0.013286964518949389
0.67559868404641743 0.448901054263115 0.20556056499481201 0.013286964518949389
0.41751571320928627 0.32702480219304564 0.27302625961601734 0.093750128741376101
0.58994439095258711 0.32702480219304564 0.27302625961601734 0.093750128741376101
0.41751571320928627 0.35919967927038676 0.27302625961601734 0.093750128741376101
0.41751571320928627 0.32702480219304564 0.36774337179958827 0.093750128741376101
0.41751571320928627 0.32702480219304564 0.27302625961601734 0.090782903779298069
0.58994439095258711 0.35919967927038676 0.36774337179958827 0.090782903779298069
0.34602005463093516 0.11486925631761552 0.33728986680507661 0.022168402221985163
0.094978777039796111 0.11486925631761552 0.33728986680507661 0.022168402221985163
0.34602005463093516 0.22787123844027521 0.33728986680507661 0.022168402221985163
0.34602005463093516 0.11486925631761552 0.29904733896255498 0.022168402221985163
0.34602005463093516 0.11486925631761552 0.33728986680507661 0.023075033745728436
0.094978777039796111 0.22787123844027521 0.29904733896255498 0.023075033745728436
0.14370530070737003 0.44561281502246863 0.12884528785943986 0.057614426332525913
0.26301814313046634 0.44561281502246863 0.12884528785943986 0.057614426332525913
0.14370530070737003 0.12228990979492665 0.12884528785943986 0.057614426332525913
0.14370530070737003 0.44561281502246863 0.45025049671530726 0.057614426332525913
0.14370530070737003 0.44561281502246863 0.12884528785943986 0.045108302127569916
0.26301814313046634 0.12228990979492665 0.45025049671530726 0.045108302127569916
0.53955771378241479 0.2093667905777693 0.46732821799814706 0.030025247354991735
0.43328068354167038 0.2093667905777693 0.46732821799814706 0.030025247354991735
0.53955771378241479 0.49135018363595007 0.46732821799814706 0.030025247354991735
0.53955771378241479 0.2093667905777693 0.18135955147445204 0.030025247354991735
0.53955771378241479 0.2093667905777693 0.46732821799814706 0.064109932406805459
0.43328068354167038 0.49135018363595007 0.18135955147445204 0.064109932406805459
0.59571778969839217 0.39691346995532517 0.12421590760350228 0.017408396557904781
0.3233704921789467 0.39691346995532517 0.12421590760350228 0.017408396557904781
0.59571778969839217 0.40454460009932525 0.12421590760350228 0.017408396557904781
0.59571778969839217 0.39691346995532517 0.37964582815766335 0.017408396557904781
0.59571778969839217 0.39691346995532517 0.12421590760350228 0.096057463775388902
0.3233704921789467 0.40454460009932525 0.37964582815766335 0.096057463775388902
0.17891149199567735 0.16060709953308105 0.48456129990518093 0.094981325811706485
0.49365288838744159 0.16060709953308105 0.48456129990518093 0.094981325811706485
0.17891149199567735 0.18572837449610236 0.48456129990518093 0.094981325811706485
0.17891149199567735 0.16060709953308105 0.26055804155766965 0.094981325811706485
0.17891149199567735 0.16060709953308105 0.48456129990518093 0.015286411680281164
0.49365288838744159 0.18572837449610236 0.26055804155766965 0.015286411680281164
0.30061980136670169 0.47888660281896589 0.28079272620379925 0.034978635259903967
0.65152655118145042 0.47888660281896589 0.28079272620379925 0.034978635259903967
0.30061980136670169 0.26450296118855476 0.28079272620379925 0.034978635259903967
0.30061980136670169 0.47888660281896589 0.48991213478147988 0.034978635259903967
0.30061980136670169 0.47888660281896589 0.28079272620379925 0.044280251893214884
0.65152655118145042 0.26450296118855476 0.48991213478147988 0.044280251893214884
0.39178285356611009 0.26671954356133942 0.31691955849528314 0.056189847021363676
0.15658075432293117 0.26671954356133942 0.31691955849528314 0.056189847021363676
0.39178285356611009 0.34607545621693137 0.31691955849528314 0.056189847021363676
0.39178285356611009 0.26671954356133942 0.17140989750623703 0.056189847021363676
0.39178285356611009 0.26671954356133942 0.31691955849528314 0.074799699485301976
0.15658075432293117 0.34607545621693137 0.17140989750623703 0.074799699485301976
0.46869297740049654 0.41753338761627679 0.44155308604240417 0.074781236985698343
0.078543609986081717 0.41753338761627679 0.44155308604240417 0.074781236985698343
0.46869297740049654 0.4622418597340584 0.44155308604240417 0.074781236985698343
0.46869297740049654 0.41753338761627679 0.40844625867903239 0.074781236985698343
0.46869297740049654 0.41753338761627679 0.44155308604240417 0.029318309502676131
0.078543609986081717 0.4622418597340584 0.40844625867903239 0.029318309502676131
0.21454517133533951 0.23119640573859215 0.15620736964046955 0.041076821781694889
0.57349064904265101 0.23119640573859215 0.15620736964046955 0.041076821781694889
0.21454517133533951 0.13105845861136914 0.15620736964046955 0.041076821781694889
0.21454517133533951 0.23119640573859215 0.12714342325925829 0.041076821781694889
0.21454517133533951 0.23119640573859215 0.15620736964046955 0.05978941743541509
0.57349064904265101 0.13105845861136914 0.12714342325925829 0.05978941743541509
0.092528157588094462 0.31134114041924477 0.35987898148596287 0.076595380367711186
0.40673027718439692 0.31134114041924477 0.35987898148596287 0.076595380367711186
0.092528157588094462 0.21946431994438173 0.35987898148596287 0.076595380367711186
0.092528157588094462 0.31134114041924477 0.32200807705521584 0.076595380367711186
0.092528157588094462 0.31134114041924477 0.35987898148596287 0.082643918806687006
0.40673027718439692 0.21946431994438173 0.32200807705521584 0.082643918806687006
0.67103232103399924 0.14930234886705876 0.24875258654356003 0.01108059522509575
0.23644663877785205 0.14930234886705876 0.24875258654356003 0.01108059522509575
0.67103232103399924 0.38789144121110442 0.24875258654356003 0.01108059522509575
0.67103232103399924 0.14930234886705876 0.2409009423106909 0.01108059522509575
0.67103232103399924 0.14930234886705876 0.24875258654356003 0.0018245270522311331
0.23644663877785205 0.38789144121110442 0.2409009423106909 0.0018245270522311331
0.69578840439207845 0.31660686396062376 0.49581577144563205 0.062011283032596114
0.68733099400997155 0.31660686396062376 0.49581577144563205 0.062011283032596114
0.69578840439207845 0.14232126288115979 0.49581577144563205 0.062011283032596114
0.69578840439207845 0.31660686396062376 0.109254939109087 0.062011283032596114
0.69578840439207845 0.31660686396062376 0.49581577144563205 0.087450007973238833
0.68733099400997155 0.14232126288115979 0.109254939109087 0.087450007973238833
0.11728410050272942 0.12880434542894365 0.10656417682766915 0.027562032902613283
0.20762021141126752 0.12880434542894365 0.10656417682766915 0.027562032902613283
0.11728410050272942 0.47363740354776385 0.10656417682766915 0.027562032902613283
0.11728410050272942 0.12880434542894365 0.42786055169999604 0.027562032902613283
0.11728410050272942 0.12880434542894365 0.10656417682766915 0.0066850693533197052
0.20762021141126752 0.47363740354776385 0.42786055169999604 0.0066850693533197052
0.23803143529221416 0.41070757210254671 0.30249578878283501 0.087804868534207353
0.36548287118785078 0.41070757210254671 0.30249578878283501 0.087804868534207353
0.23803143529221416 0.37610679827630522 0.30249578878283501 0.087804868534207353
0.23803143529221416 0.41070757210254671 0.22284117080271246 0.087804868534207353
0.23803143529221416 0.41070757210254671 0.30249578878283501 0.027938235213980082
0.36548287118785078 0.37610679827630522 0.22284117080271246 0.027938235213980082
0.49217906217090779 0.2470079343765974 0.28902525417506697 0.02308626981265843
0.52053149291314182 0.2470079343765974 0.28902525417506697 0.02308626981265843
0.49217906217090779 0.20703421831130983 0.28902525417506697 0.02308626981265843
0.49217906217090779 0.2470079343765974 0.3416424825787544 0.02308626981265843
0.49217906217090779 0.2470079343765974 0.28902525417506697 0.058463796281255788
0.52053149291314182 0.20703421831130983 0.3416424825787544 0.058463796281255788
0.40638221958652132 0.4994031969457865 0.16361052282154559 0.0046308371340855956
0.44503469201736146 0.4994031969457865 0.16361052282154559 0.0046308371340855956
0.40638221958652132 0.19712393023073674 0.16361052282154559 0.0046308371340855956
0.40638221958652132 0.4994031969457865 0.27882494069635866 0.0046308371340855956
0.40638221958652132 0.4994031969457865 0.16361052282154559 0.039466527014039458
0.44503469201736146 0.19712393023073674 0.27882494069635866 0.039466527014039458
0.31521934657357631 0.26143598034977911 0.42786253690719611 0.081449878067709508
0.28998482809402043 0.26143598034977911 0.42786253690719611 0.081449878067709508
0.31521934657357631 0.41580739244818687 0.42786253690719611 0.081449878067709508
0.31521934657357631 0.26143598034977911 0.35982870608568196 0.081449878067709508
0.31521934657357631 0.26143598034977911 0.42786253690719611 0.069943748053163293
0.28998482809402043 0.41580739244818687 0.35982870608568196 0.069943748053163293
0.19224165366031226 0.38108335062861443 0.23202779144048691 0.046174569888971749
0.12323545925319195 0.38108335062861443 0.23202779144048691 0.046174569888971749
0.19224165366031226 0.33364536650478838 0.23202779144048691 0.046174569888971749
0.19224165366031226 0.38108335062861443 0.18906683400273325 0.046174569888971749
0.19224165366031226 0.38108335062861443 0.23202779144048691 0.097432947195135067
0.12323545925319195 0.33364536650478838 0.18906683400273325 0.097432947195135067
0.60904809180647135 0.16745075471699239 0.37049798406660561 0.068184999638237057
0.60294748404994603 0.16745075471699239 0.37049798406660561 0.068184999638237057
0.60904809180647135 0.25271830633282666 0.37049798406660561 0.068184999638237057
0.60904809180647135 0.16745075471699239 0.47065615020692353 0.068184999638237057
0.60904809180647135 0.16745075471699239 0.37049798406660561 0.016619668547064068
0.60294748404994603 0.25271830633282666 0.47065615020692353 0.016619668547064068
0.56304379613138733 0.42629269547760484 0.21478817835450173 0.080221797388978305
0.14292305917479098 0.42629269547760484 0.21478817835450173 0.080221797388978305
0.56304379613138733 0.23927670046687127 0.21478817835450173 0.080221797388978305
0.56304379613138733 0.42629269547760484 0.26846054717898371 0.080221797388978305
0.56304379613138733 0.42629269547760484 0.21478817835450173 0.049962934717535976
0.14292305917479098 0.23927670046687127 0.26846054717898371 0.049962934717535976
0.16719156224280596 0.2126729987561703 0.37514591477811343 0.0093877264065668001
0.6226549397688359 0.2126729987561703 0.37514591477811343 0.0093877264065668001
0.16719156224280596 0.37044798769056797 0.37514591477811343 0.0093877264065668001
0.16719156224280596 0.2126729987561703 0.3998560678213835 0.0093877264065668001
0.16719156224280596 0.2126729987561703 0.37514591477811343 0.068922338443808268
0.6226549397688359 0.37044798769056797 0.3998560678213835 0.068922338443808268
0.37077599996700877 0.34478306546807291 0.18396285586059094 0.06960646403301507
0.46603160137310617 0.34478306546807291 0.18396285586059094 0.06960646403301507
0.37077599996700877 0.47892847433686259 0.18396285586059094 0.06960646403301507
0.37077599996700877 0.34478306546807291 0.15099208541214468 0.06960646403301507
0.37077599996700877 0.34478306546807291 0.18396285586059094 0.089450965754687792
0.46603160137310617 0.47892847433686259 0.15099208541214468 0.089450965754687792
0.44227179898880414 0.10687757469713688 0.4201016508042813 0.041224296900443734
0.31100155450403688 0.10687757469713688 0.4201016508042813 0.041224296900443734
0.44227179898880414 0.11048924513161183 0.4201016508042813 0.041224296900443734
0.44227179898880414 0.10687757469713688 0.48219269216060645 0.041224296900443734
0.44227179898880414 0.10687757469713688 0.4201016508042813 0.021700869168154897
0.31100155450403688 0.11048924513161183 0.48219269216060645 0.021700869168154897
0.51722927344962955 0.35926011912524702 0.34463737308979037 0.035219395412132148
0.22280940236523744 0.35926011912524702 0.34463737308979037 0.035219395412132148
0.51722927344962955 0.29393450468778615 0.34463737308979037 0.035219395412132148
0.51722927344962955 0.35926011912524702 0.14422861523926259 0.035219395412132148
0.51722927344962955 0.35926011912524702 0.34463737308979037 0.076180929881520573
0.22280940236523744 0.29393450468778615 0.14422861523926259 0.076180929881520573
0.28403561110608277 0.19552454948425294 0.25927996821701527 0.05092179161682725
0.37783820703625676 0.19552454948425294 0.25927996821701527 0.05092179161682725
0.28403561110608277 0.31276283971965313 0.25927996821701527 0.05092179161682725
0.28403561110608277 0.19552454948425294 0.4132237166166306 0.05092179161682725
0.28403561110608277 0.19552454948425294 0.25927996821701527 0.0084791729543358084
0.37783820703625676 0.31276283971965313 0.4132237166166306 0.0084791729543358084
0.081394643383100623 0.46498813480138779 0.45056150890886781 0.015622242337092758
0.54588733636774123 0.46498813480138779 0.45056150890886781 0.015622242337092758
0.081394643383100623 0.43710037767887122 0.45056150890886781 0.015622242337092758
0.081394643383100623 0.46498813480138779 0.23630645200610162 0.015622242337092758
0.081394643383100623 0.46498813480138779 0.45056150890886781 0.03514752266276628
0.54588733636774123 0.43710037767887122 0.23630645200610162 0.03514752266276628
0.64023162871599193 0.27710086070001128 0.13942228108644486 0.09870102491602302
0.066156697971746323 0.27710086070001128 0.13942228108644486 0.09870102491602302
0.64023162871599193 0.15553999803960325 0.13942228108644486 0.09870102491602302
0.64023162871599193 0.27710086070001128 0.30471521727740769 0.09870102491602302
0.64023162871599193 0.27710086070001128 0.13942228108644486 0.054155266048386698
0.066156697971746323 0.15553999803960325 0.30471521727740769 0.054155266048386698
0.65774331171996891 0.37245241291821007 0.28187858685851097 0.066995633025653659
0.41876843846403056 0.37245241291821007 0.28187858685851097 0.066995633025653659
0.65774331171996891 0.10459698997437955 0.28187858685851097 0.066995633025653659
0.65774331171996891 0.37245241291821007 0.2178635571151972 0.066995633025653659
0.65774331171996891 0.37245241291821007 0.28187858685851097 0.066860525555908684
0.41876843846403056 0.10459698997437955 0.2178635571151972 0.066860525555908684
0.079077972471714025 0.18526024743914604 0.32036099247634409 0.045781561928801243
0.26373469163663682 0.18526024743914604 0.32036099247634409 0.045781561928801243
0.079077972471714025 0.48557131886482241 0.32036099247634409 0.045781561928801243
0.079077972471714025 0.18526024743914604 0.34896382242441182 0.045781561928801243
0.079077972471714025 0.18526024743914604 0.32036099247634409 0.048737250248901548
0.26373469163663682 0.48557131886482241 0.34896382242441182 0.048737250248901548
0.28107515228912233 0.45334510877728462 0.11355210803449155 0.084176136163063353
0.10711127575486898 0.45334510877728462 0.11355210803449155 0.084176136163063353
0.28107515228912233 0.36456050090491776 0.11355210803449155 0.084176136163063353
0.28107515228912233 0.45334510877728462 0.10017613247036934 0.084176136163063353
0.28107515228912233 0.45334510877728462 0.11355210803449155 0.019724038988351823
0.10711127575486898 0.36456050090491776 0.10017613247036934 0.019724038988351823
0.53538412447087458 0.29206246174871919 0.4778163351118565 0.0066063841534778475
0.58684685630723832 0.29206246174871919 0.4778163351118565 0.0066063841534778475
0.53538412447087458 0.24592736512422564 0.4778163351118565 0.0066063841534778475
0.53538412447087458 0.29206246174871919 0.43147058449685571 0.0066063841534778475
0.53538412447087458 0.29206246174871919 0.4778163351118565 0.088141074541024864
0.58684685630723832 0.24592736512422564 0.43147058449685571 0.088141074541024864
0.44942859048023814 0.44277640394866469 0.35235278159379957 0.024977225055918099
0.66361441854387515 0.44277640394866469 0.35235278159379957 0.024977225055918099
0.44942859048023814 0.16218283660709859 0.35235278159379957 0.024977225055918099
0.44942859048023814 0.44277640394866469 0.19521622732281685 0.024977225055918099
0.44942859048023814 0.44277640394866469 0.35235278159379957 0.0097894405322149387
0.66361441854387515 0.16218283660709859 0.19521622732281685 0.0097894405322149387
0.35842175497673445 0.2057613343000412 0.23887004591524602 0.090494868796318781
0.18387760063633324 0.2057613343000412 0.23887004591524602 0.090494868796318781
0.35842175497673445 0.43120812848210333 0.23887004591524602 0.090494868796318781
0.35842175497673445 0.2057613343000412 0.46372533999383447 0.090494868796318781
0.35842175497673445 0.2057613343000412 0.23887004591524602 0.078158136056736119
0.18387760063633324 0.43120812848210333 0.46372533999383447 0.078158136056736119
0.15419421703554689 0.33610205799341203 0.44577576108276851 0.027181106952950361
0.35192680745385579 0.33610205799341203 0.44577576108276851 0.027181106952950361
0.15419421703554689 0.31941349841654298 0.44577576108276851 0.027181106952950361
0.15419421703554689 0.33610205799341203 0.28673177696764474 0.027181106952950361
0.15419421703554689 0.33610205799341203 0.44577576108276851 0.055380574521608654
0.35192680745385579 0.31941349841654298 0.28673177696764474 0.055380574521608654
0.57084430772811168 0.1247399713844061 0.1565119653940201 0.060882344175130131
0.50696179163642219 0.1247399713844061 0.1565119653940201 0.060882344175130131
0.57084430772811168 0.28804702386260034 0.1565119653940201 0.060882344175130131
0.57084430772811168 0.1247399713844061 0.35582795292139058 0.060882344175130131
0.57084430772811168 0.1247399713844061 0.1565119653940201 0.037208959186449647
0.50696179163642219 0.28804702386260034 0.35582795292139058 0.037208959186449647
0.60608768747188146 0.48152808509767053 0.40040543787181382 0.098345496267080307
0.24969973331317302 0.48152808509767053 0.40040543787181382 0.098345496267080307
0.60608768747188146 0.20121979489922526 0.40040543787181382 0.098345496267080307
0.60608768747188146 0.48152808509767053 0.15831310339272023 0.098345496267080307
0.60608768747188146 0.48152808509767053 0.40040543787181382 0.0053959489818662405
0.24969973331317302 0.20121979489922526 0.15831310339272023 0.0053959489818662405
0.21039645019918679 0.27013006657361982 0.18927842304110529 0.014467906178906562
0.40475457329303022 0.27013006657361982 0.18927842304110529 0.014467906178906562
0.21039645019918679 0.38273284621536729 0.18927842304110529 0.014467906178906562
0.21039645019918679 0.27013006657361982 0.47721549570560462 0.014467906178906562
0.21039645019918679 0.27013006657361982 0.18927842304110529 0.085451651641167706
0.40475457329303022 0.38273284621536729 0.47721549570560462 0.085451651641167706
0.33273104289546607 0.38803114295005803 0.39458582475781445 0.052838332988321787
0.56261731055565178 0.38803114295005803 0.39458582475781445 0.052838332988321787
0.33273104289546607 0.4678185932338238 0.39458582475781445 0.052838332988321787
0.33273104289546607 0.38803114295005803 0.27207099720835687 0.052838332988321787
0.33273104289546607 0.38803114295005803 0.39458582475781445 0.057259637964889414
0.56261731055565178 0.4678185932338238 0.27207099720835687 0.057259637964889414
0.40406553535722189 0.1509313177317381 0.20924063287675382 0.037883809546008708
0.082900309702381492 0.1509313177317381 0.20924063287675382 0.037883809546008708
0.40406553535722189 0.14893987216055393 0.20924063287675382 0.037883809546008708
0.40406553535722189 0.1509313177317381 0.39077693931758406 0.037883809546008708
0.40406553535722189 0.1509313177317381 0.20924063287675382 0.025855651483871044
0.082900309702381492 0.14893987216055393 0.39077693931758406 0.025855651483871044
0.47918170122429721 0.30168098546564581 0.13382518924772741 0.043973308711312713
0.16728509818203746 0.30168098546564581 0.13382518924772741 0.043973308711312713
0.47918170122429721 0.25934437215328221 0.13382518924772741 0.043973308711312713
0.47918170122429721 0.30168098546564581 0.22937615439295769 0.043973308711312713
0.47918170122429721 0.30168098546564581 0.13382518924772741 0.072026711097918458
0.16728509818203746 0.25934437215328221 0.22937615439295769 0.072026711097918458
0.24583196262829005 0.14041123762726784 0.46995178312063224 0.071559257336892196
0.64700086168013504 0.14041123762726784 0.46995178312063224 0.071559257336892196
0.24583196262829005 0.32783092521131041 0.46995178312063224 0.071559257336892196
0.24583196262829005 0.14041123762726784 0.31086438409984113 0.071559257336892196
0.24583196262829005 0.14041123762726784 0.46995178312063224 0.040671064276248219
0.64700086168013504 0.32783092521131041 0.31086438409984113 0.040671064276248219
0.12444083993323146 0.42095880135893826 0.26474282741546629 0.0082213023370131845
0.48025141535326832 0.42095880135893826 0.26474282741546629 0.0082213023370131845
0.12444083993323146 0.42242601960897452 0.26474282741546629 0.0082213023370131845
0.12444083993323146 0.42095880135893826 0.14022763557732107 0.0082213023370131845
0.12444083993323146 0.42095880135893826 0.26474282741546629 0.018617645933292806
0.48025141535326832 0.42242601960897452 0.14022763557732107 0.018617645933292806
0.68343421146273609 0.23382836170494559 0.32508836276829245 0.07980584688577802
0.32519781272858378 0.23382836170494559 0.32508836276829245 0.07980584688577802
0.68343421146273609 0.19130510203540327 0.32508836276829245 0.07980584688577802
0.68343421146273609 0.23382836170494559 0.42113106548786161 0.07980584688577802
0.68343421146273609 0.23382836170494559 0.32508836276829245 0.098721688251942399
0.32519781272858378 0.19130510203540327 0.42113106548786161 0.098721688251942399
0.66883467352017756 0.40084906630218031 0.17880595251917841 0.030419296079315247
0.61381540093570941 0.40084906630218031 0.17880595251917841 0.030419296079315247
0.66883467352017756 0.33942045830190182 0.17880595251917841 0.030419296079315247
0.66883467352017756 0.40084906630218031 0.3285613227635622 0.030419296079315247
0.66883467352017756 0.40084906630218031 0.17880595251917841 0.013804309773258864
0.61381540093570941 0.33942045830190182 0.3285613227635622 0.013804309773258864
0.10984147149138151 0.23791846930980684 0.41727666966617105 0.058804262801073495
0.11886342456564307 0.23791846930980684 0.41727666966617105 0.058804262801073495
0.10984147149138151 0.2704074651002884 0.41727666966617105 0.058804262801073495
0.10984147149138151 0.23791846930980684 0.21015331149101257 0.058804262801073495
0.10984147149138151 0.23791846930980684 0.41727666966617105 0.093866125538945203
0.11886342456564307 0.2704074651002884 0.21015331149101257 0.093866125538945203
0.23250166294164953 0.32022452503442767 0.22288240157067776 0.020193701238371435
0.27673716484569011 0.32022452503442767 0.22288240157067776 0.020193701238371435
0.23250166294164953 0.17906555645167829 0.22288240157067776 0.020193701238371435
0.23250166294164953 0.32022452503442767 0.43938839063048363 0.020193701238371435
0.23250166294164953 0.32022452503442767 0.22288240157067776 0.073401804323308173
0.27673716484569011 0.17906555645167829 0.43938839063048363 0.073401804323308173
0.4658515322953462 0.13162855170667173 0.38713379576802254 0.091024535230360928
0.44702574056573208 0.13162855170667173 0.38713379576802254 0.091024535230360928
0.4658515322953462 0.4104443356394768 0.38713379576802254 0.091024535230360928
0.4658515322953462 0.13162855170667173 0.12039558105170728 0.091024535230360928
0.4658515322953462 0.13162855170667173 0.38713379576802254 0.042003930948674682
0.44702574056573208 0.4104443356394768 0.12039558105170728 0.042003930948674682
0.3793095851782709 0.38392320759594445 0.46176813095808034 0.084805121259763847
0.53394831544719634 0.38392320759594445 0.46176813095808034 0.084805121259763847
0.3793095851782709 0.39379595108330256 0.46176813095808034 0.084805121259763847
0.3793095851782709 0.38392320759594445 0.45914014205336573 0.084805121259763847
0.3793095851782709 0.38392320759594445 0.46176813095808034 0.06206536201573909
0.53394831544719634 0.39379595108330256 0.45914014205336573 0.06206536201573909
0.30797496195882557 0.17105965539813042 0.14829773940145971 0.0017235383540391922
0.36366097708232697 0.17105965539813042 0.14829773940145971 0.0017235383540391922
0.30797496195882557 0.21280931606888773 0.14829773940145971 0.0017235383540391922
0.30797496195882557 0.17105965539813042 0.17793877534568311 0.0017235383540391922
0.30797496195882557 0.17105965539813042 0.14829773940145971 0.030715828669257466
0.36366097708232697 0.21280931606888773 0.17793877534568311 0.030715828669257466
0.18691036300733682 0.490328598767519 0.34259365685284138 0.064818232620134947
0.19690052773803468 0.490328598767519 0.34259365685284138 0.064818232620134947
0.18691036300733682 0.13695820011198523 0.34259365685284138 0.064818232620134947
0.18691036300733682 0.490328598767519 0.37292244918644435 0.064818232620134947
0.18691036300733682 0.490328598767519 0.34259365685284138 0.0040162412840873008
0.19690052773803468 0.13695820011198523 0.37292244918644435 0.0040162412840873008
0.58260143077932292 0.25156792439520359 0.25334182381629944 0.049119072668254375
0.69185126675292841 0.25156792439520359 0.25334182381629944 0.049119072668254375
0.58260143077932292 0.45557903572916991 0.25334182381629944 0.049119072668254375
0.58260143077932292 0.25156792439520359 0.29152463078498841 0.049119072668254375
0.58260143077932292 0.25156792439520359 0.25334182381629944 0.084126397077925505
0.69185126675292841 0.45557903572916991 0.29152463078498841 0.084126397077925505
0.55751414122059939 0.34213890172541139 0.30983277969062328 0.012235973622649908
0.054008859442546964 0.34213890172541139 0.30983277969062328 0.012235973622649908
0.55751414122059939 0.44226282909512526 0.30983277969062328 0.012235973622649908
0.55751414122059939 0.34213890172541139 0.49450520314276225 0.012235973622649908
0.55751414122059939 0.34213890172541139 0.30983277969062328 0.050518694938160483
0.054008859442546964 0.44226282909512526 0.49450520314276225 0.050518694938160483
0.14086391977034507 0.10346436873078346 0.29869417175650598 0.076951377397403126
0.54897945425473149 0.10346436873078346 0.29869417175650598 0.076951377397403126
0.14086391977034507 0.17378839142620564 0.29869417175650598 0.076951377397403126
0.14086391977034507 0.10346436873078346 0.16291055530309678 0.076951377397403126
0.14086391977034507 0.10346436873078346 0.29869417175650598 0.032401532737538222
0.54897945425473149 0.17378839142620564 0.16291055530309678 0.032401532737538222
0.34382238411344584 0.43517160043120384 0.49141609445214274 0.038413255158811811
0.39236580161377782 0.43517160043120384 0.49141609445214274 0.038413255158811811
0.34382238411344584 0.27605542168021202 0.49141609445214274 0.038413255158811811
0.34382238411344584 0.43517160043120384 0.38599633947014811 0.038413255158811811
0.34382238411344584 0.43517160043120384 0.49141609445214274 0.011116397493518889
0.39236580161377782 0.27605542168021202 0.38599633947014811 0.011116397493518889
0.4348290501162409 0.22234535999596119 0.10605816505849362 0.072865358723327528
0.22209828030318018 0.22234535999596119 0.10605816505849362 0.072865358723327528
0.4348290501162409 0.30718844868242745 0.10605816505849362 0.072865358723327528
0.4348290501162409 0.22234535999596119 0.25498875640332697 0.072865358723327528
0.4348290501162409 0.22234535999596119 0.10605816505849362 0.079539546152576815
0.22209828030318018 0.30718844868242745 0.25498875640332697 0.079539546152576815
0.51189786535687742 0.474651711806655 0.2307405147701502 0.054237710925750436
0.29632558142766352 0.474651711806655 0.2307405147701502 0.054237710925750436
0.51189786535687742 0.49717686176300047 0.2307405147701502 0.054237710925750436
0.51189786535687742 0.474651711806655 0.31858678832650189 0.054237710925750436
0.51189786535687742 0.474651711806655 0.2307405147701502 0.0245782828591764
0.29632558142766352 0.49717686176300047 0.31858678832650189 0.0245782828591764
0.2575890626758337 0.2859953925013542 0.36687954813241963 0.032230476860888306
0.46659434009343381 0.2859953925013542 0.36687954813241963 0.032230476860888306
0.2575890626758337 0.11565170250833035 0.36687954813241963 0.032230476860888306
0.2575890626758337 0.2859953925013542 0.2497908141463995 0.032230476860888306
0.2575890626758337 0.2859953925013542 0.36687954813241963 0.092953091858886186
0.46659434009343381 0.11565170250833035 0.2497908141463995 0.092953091858886186
0.054321893956512213 0.35583738684654243 0.17406069934368135 0.09539775059651584
0.63463378367014223 0.35583738684654243 0.17406069934368135 0.09539775059651584
0.054321893956512213 0.23370230346918108 0.17406069934368135 0.09539775059651584
0.054321893956512213 0.35583738684654243 0.40092377699911597 0.09539775059651584
0.054321893956512213 0.35583738684654243 0.17406069934368135 0.065528977725654844
0.63463378367014223 0.23370230346918108 0.40092377699911597 0.065528977725654844
0.63298736396245658 0.19289527647197247 0.43441829271614552 0.018575856965966524
0.1396619515027851 0.19289527647197247 0.43441829271614552 0.018575856965966524
0.63298736396245658 0.35256891064345841 0.43441829271614552 0.018575856965966524
0.63298736396245658 0.19289527647197247 0.13232198804616929 0.018575856965966524
0.63298736396245658 0.19289527647197247 0.43441829271614552 0.04736347586568445
0.1396619515027851 0.35256891064345841 0.13232198804616929 0.04736347586568445
0.6367810222785919 0.33138598874211311 0.15200144313275815 0.078114100429229449
0.26970538375899195 0.33138598874211311 0.15200144313275815 0.078114100429229449
0.6367810222785919 0.45930072218179707 0.15200144313275815 0.078114100429229449
0.6367810222785919 0.33138598874211311 0.19233029671013357 0.078114100429229449
0.6367810222785919 0.33138598874211311 0.15200144313275815 0.041355793320573868
0.26970538375899195 0.45930072218179707 0.19233029671013357 0.041355793320573868
0.05810575028881431 0.12007952369749547 0.43773745670914654 0.0126200785683468
0.42473912816494697 0.12007952369749547 0.43773745670914654 0.0126200785683468
0.05810575028881431 0.12777706198394301 0.43773745670914654 0.0126200785683468
0.05810575028881431 0.12007952369749547 0.47372811138629911 0.0126200785683468
0.05810575028881431 0.12007952369749547 0.43773745670914654 0.072696994652971636
0.42473912816494697 0.12777706198394301 0.47372811138629911 0.072696994652971636
0.26138272099196908 0.43816408403217799 0.24617592915892603 0.073251209954731167
0.58262176965363321 0.43816408403217799 0.24617592915892603 0.073251209954731167
0.26138272099196908 0.22238408327102663 0.24617592915892603 0.073251209954731167
0.26138272099196908 0.43816408403217799 0.2756194405257702 0.073251209954731167
0.26138272099196908 0.43816408403217799 0.24617592915892603 0.094776285500265664
0.58262176965363321 0.22238408327102663 0.2756194405257702 0.094776285500265664
0.51568172168917947 0.20099711939692499 0.35769338421523578 0.039574326318688693
0.10288619152270256 0.20099711939692499 0.35769338421523578 0.039574326318688693
0.51568172168917947 0.39124914370477204 0.35769338421523578 0.039574326318688693
0.51568172168917947 0.20099711939692499 0.35682080499827862 0.039574326318688693
0.51568172168917947 0.20099711939692499 0.35769338421523578 0.01463381659798324
0.10288619152270256 0.39124914370477204 0.35682080499827862 0.01463381659798324
0.42850624751299615 0.45181049853563315 0.48222915120422838 0.033388148572295905
0.1872697111684829 0.45181049853563315 0.48222915120422838 0.033388148572295905
0.42850624751299615 0.40126319155097012 0.48222915120422838 0.033388148572295905
0.42850624751299615 0.45181049853563315 0.21958991810679437 0.033388148572295905
0.42850624751299615 0.45181049853563315 0.48222915120422838 0.083247982267290355
0.1872697111684829 0.40126319155097012 0.21958991810679437 0.083247982267290355
0.33748954706825313 0.29047361277043821 0.12149280607700348 0.054626961236819628
0.66700653149746358 0.29047361277043821 0.12149280607700348 0.054626961236819628
0.33748954706825313 0.18278724886476994 0.12149280607700348 0.054626961236819628
0.33748954706825313 0.29047361277043821 0.33858272545039658 0.054626961236819628
0.33748954706825313 0.29047361277043821 0.12149280607700348 0.0031538533931598067
0.66700653149746358 0.18278724886476994 0.33858272545039658 0.0031538533931598067
0.13454111716710032 0.3708140294998884 0.31315271407365797 0.018963360253721476
0.50023716157302256 0.3708140294998884 0.31315271407365797 0.018963360253721476
0.13454111716710032 0.26786065176129342 0.31315271407365797 0.018963360253721476
0.13454111716710032 0.3708140294998884 0.11247264929115773 0.018963360253721476
0.13454111716710032 0.3708140294998884 0.31315271407365797 0.031372866269201043
0.50023716157302256 0.26786065176129342 0.11247264929115773 0.031372866269201043
0.55118130417540667 0.18377514183521271 0.27663569189608095 0.096557074917480348
0.34520217496901745 0.18377514183521271 0.27663569189608095 0.096557074917480348
0.55118130417540667 0.34899523146450517 0.27663569189608095 0.096557074917480348
0.55118130417540667 0.18377514183521271 0.43088065683841703 0.096557074917480348
0.55118130417540667 0.18377514183521271 0.27663569189608095 0.062762407629750674
0.34520217496901745 0.34899523146450517 0.43088065683841703 0.062762407629750674
0.58639520532451572 0.4224934101104737 0.33341968134045602 0.059190574483945969
0.39814897268079213 0.4224934101104737 0.33341968134045602 0.059190574483945969
0.58639520532451572 0.36214081682264809 0.33341968134045602 0.059190574483945969
0.58639520532451572 0.4224934101104737 0.2330788228660822 0.059190574483945969
0.58639520532451572 0.4224934101104737 0.33341968134045602 0.078843633319251247
0.39814897268079213 0.36214081682264809 0.2330788228660822 0.078843633319251247
0.1906941031105816 0.23541721217334272 0.26876502595841889 0.031579906418919564
0.24309413027949628 0.23541721217334272 0.26876502595841889 0.031579906418919564
0.1906941031105816 0.23115263506770134 0.26876502595841889 0.031579906418919564
0.1906941031105816 0.23541721217334272 0.30168061405420304 0.031579906418919564
0.1906941031105816 0.23541721217334272 0.26876502595841889 0.010458981685340405
0.24309413027949628 0.23115263506770134 0.30168061405420304 0.010458981685340405
0.31176873650401826 0.30331937037408352 0.46509950868785388 0.092186798179522161
0.086490773595869541 0.30331937037408352 0.46509950868785388 0.092186798179522161
0.31176873650401826 0.11937014646828176 0.46509950868785388 0.092186798179522161
0.31176873650401826 0.30331937037408352 0.14742264822125437 0.092186798179522161
0.31176873650401826 0.30331937037408352 0.46509950868785388 0.033264298099093141
0.086490773595869541 0.11937014646828176 0.14742264822125437 0.033264298099093141
0.38309332528151568 0.14189634174108506 0.12622629329562188 0.02057826589792967
0.56620777687057855 0.14189634174108506 0.12622629329562188 0.02057826589792967
0.38309332528151568 0.48799248114228255 0.12622629329562188 0.02057826589792967
0.38309332528151568 0.14189634174108506 0.41621862612664706 0.02057826589792967
0.38309332528151568 0.14189634174108506 0.12622629329562188 0.051395976230502134
0.56620777687057855 0.48799248114228255 0.41621862612664706 0.051395976230502134
0.45952861346304408 0.39274721369147303 0.20081169605255128 0.0021107471520081162
0.64297414775937789 0.39274721369147303 0.20081169605255128 0.0021107471520081162
0.45952861346304408 0.30463877432048325 0.20081169605255128 0.0021107471520081162
0.45952861346304408 0.39274721369147303 0.15423191860318186 0.0021107471520081162
0.45952861346304408 0.39274721369147303 0.20081169605255128 0.046534346880391243
0.64297414775937789 0.30463877432048325 0.15423191860318186 0.046534346880391243
0.22616894212551414 0.15559176392853261 0.39046593196690083 0.085964740439318121
0.16325838668271897 0.15559176392853261 0.39046593196690083 0.085964740439318121
0.22616894212551414 0.28562733381986616 0.39046593196690083 0.085964740439318121
0.22616894212551414 0.15559176392853261 0.48523950539529326 0.085964740439318121
0.22616894212551414 0.15559176392853261 0.39046593196690083 0.064617685352452103
0.16325838668271897 0.28562733381986616 0.48523950539529326 0.064617685352452103
0.10351855265907943 0.4861404035240412 0.19422839321196081 0.050277039975859229
0.33128751493059094 0.4861404035240412 0.19422839321196081 0.050277039975859229
0.10351855265907943 0.16460400484502316 0.19422839321196081 0.050277039975859229
0.10351855265907943 0.4861404035240412 0.26527871824800969 0.050277039975859229
0.10351855265907943 0.4861404035240412 0.19422839321196081 0.093659034678712491
0.33128751493059094 0.16460400484502316 0.26527871824800969 0.093659034678712491
0.66250195270404211 0.2748942829668522 0.4081019505858422 0.065207187703810635
0.48634111513383682 0.2748942829668522 0.4081019505858422 0.065207187703810635
0.66250195270404211 0.44598127901554108 0.4081019505858422 0.065207187703810635
0.66250195270404211 0.2748942829668522 0.39687336832284925 0.065207187703810635
0.66250195270404211 0.2748942829668522 0.4081019505858422 0.025226043385453523
0.48634111513383682 0.44598127901554108 0.39687336832284925 0.025226043385453523
0.68979664817452424 0.49181980639696121 0.26141680441796777 0.014080119281075894
0.11527311322279274 0.49181980639696121 0.26141680441796777 0.014080119281075894
0.68979664817452424 0.29721896499395373 0.26141680441796777 0.014080119281075894
0.68979664817452424 0.49181980639696121 0.45350861586630342 0.014080119281075894
0.68979664817452424 0.49181980639696121 0.26141680441796777 0.088798562450334434
0.11527311322279274 0.29721896499395373 0.45350861586630342 0.088798562450334434
0.13081338857300578 0.25320020578801633 0.34716516211628912 0.097186455556191514
0.61022509201429787 0.25320020578801633 0.34716516211628912 0.097186455556191514
0.13081338857300578 0.315707017108798 0.34716516211628912 0.097186455556191514
0.13081338857300578 0.25320020578801633 0.18441244214773178 0.097186455556191514
0.13081338857300578 0.25320020578801633 0.34716516211628912 0.020419882670976223
0.61022509201429787 0.315707017108798 0.18441244214773178 0.020419882670976223
0.2521943993400782 0.38550595454871661 0.14299381300807001 0.036726043052040046
0.45363118862733237 0.38550595454871661 0.14299381300807001 0.036726043052040046
0.2521943993400782 0.43374573886394507 0.14299381300807001 0.036726043052040046
0.2521943993400782 0.38550595454871661 0.36453100219368939 0.036726043052040046
0.2521943993400782 0.38550595454871661 0.14299381300807001 0.047860038107261062
0.45363118862733237 0.43374573886394507 0.36453100219368939 0.047860038107261062
0.48555424986407153 0.17260036766529085 0.45452323071658618 0.052449177459813659
0.28334261048585174 0.17260036766529085 0.45452323071658618 0.052449177459813659
0.48555424986407153 0.1526232745498419 0.45452323071658618 0.052449177459813659
0.48555424986407153 0.17260036766529085 0.29602189324796202 0.052449177459813659
0.48555424986407153 0.17260036766529085 0.45452323071658618 0.065997688093222678
0.28334261048585174 0.1526232745498419 0.29602189324796202 0.065997688093222678
0.40023224293254311 0.32498263791203497 0.37915652878582484 0.071173500150442132
0.35757112232968208 0.32498263791203497 0.37915652878582484 0.071173500150442132
0.40023224293254311 0.24222088977694511 0.37915652878582484 0.071173500150442132
0.40023224293254311 0.32498263791203497 0.33378991857171059 0.071173500150442132
0.40023224293254311 0.32498263791203497 0.37915652878582484 0.038120321079157297
0.35757112232968208 0.24222088977694511 0.33378991857171059 0.038120321079157297
0.32890747496858236 0.13624697364866734 0.2184084951877594 0.042812143506482249
0.52785845827311273 0.13624697364866734 0.2184084951877594 0.042812143506482249
0.32890747496858236 0.37373243607580664 0.2184084951877594 0.042812143506482249
0.32890747496858236 0.13624697364866734 0.20249547027051451 0.042812143506482249
0.32890747496858236 0.13624697364866734 0.2184084951877594 0.056209631036967043
0.52785845827311273 0.37373243607580664 0.20249547027051451 0.056209631036967043
0.20656315777450796 0.40551561601459984 0.42248299568891523 0.078643406726419937
0.69587813322432335 0.40551561601459984 0.42248299568891523 0.078643406726419937
0.20656315777450796 0.47601176276803014 0.42248299568891523 0.078643406726419937
0.20656315777450796 0.40551561601459984 0.44815815724432473 0.078643406726419937
0.20656315777450796 0.40551561601459984 0.42248299568891523 0.077510448000393806
0.69587813322432335 0.47601176276803014 0.44815815724432473 0.077510448000393806
0.60226411954499781 0.24262843653559685 0.1859531406313181 0.0078369145188480621
0.20092739663086828 0.24262843653559685 0.1859531406313181 0.0078369145188480621
0.60226411954499781 0.10713459439575673 0.1859531406313181 0.0078369145188480621
0.60226411954499781 0.24262843653559685 0.11705789417028428 0.0078369145188480621
0.60226411954499781 0.24262843653559685 0.1859531406313181 0.0090834281928837309
0.20092739663086828 0.10713459439575673 0.11705789417028428 0.0090834281928837309
0.57720693815499546 0.35107927545905115 0.43033501878380775 0.044623311748728162
0.55320469345897438 0.35107927545905115 0.43033501878380775 0.044623311748728162
0.57720693815499546 0.19383946992456913 0.43033501878380775 0.044623311748728162
0.57720693815499546 0.35107927545905115 0.31876290328800683 0.044623311748728162
0.57720693815499546 0.35107927545905115 0.43033501878380775 0.026560530304908753
0.55320469345897438 0.19383946992456913 0.31876290328800683 0.026560530304908753
0.1605665719602257 0.18827685303986075 0.16569280289113522 0.066606960814446212
0.058234101068228489 0.18827685303986075 0.16569280289113522 0.066606960814446212
0.1605665719602257 0.412863215059042 0.16569280289113522 0.066606960814446212
0.1605665719602257 0.18827685303986075 0.23785946965217591 0.066606960814446212
0.1605665719602257 0.18827685303986075 0.16569280289113522 0.057907703491859142
0.058234101068228489 0.412863215059042 0.23785946965217591 0.057907703491859142
0.36478438540361818 0.46998516060411932 0.37441736869513986 0.0062190813105553388
0.21612743563018738 0.46998516060411932 0.37441736869513986 0.0062190813105553388
0.36478438540361818 0.33700000531971452 0.37441736869513986 0.0062190813105553388
0.36478438540361818 0.46998516060411932 0.41162122115492827 0.0062190813105553388
0.36478438540361818 0.46998516060411932 0.37441736869513986 0.084622216917574405
0.21612743563018738 0.33700000531971452 0.41162122115492827 0.084622216917574405
0.45580094540491695 0.28128542676568036 0.23555621132254601 0.083016611028462653
0.3863949545193463 0.28128542676568036 0.23555621132254601 0.083016611028462653
0.45580094540491695 0.25563502982258801 0.23555621132254601 0.083016611028462653
0.45580094540491695 0.28128542676568036 0.13013298921287061 0.083016611028462653
0.45580094540491695 0.28128542676568036 0.23555621132254601 0.0044857198698446156
0.3863949545193463 0.25563502982258801 0.13013298921287061 0.0044857198698446156
0.53155063833110028 0.43368039131164549 0.11023904979228974 0.089332700629718612
0.47331881760619576 0.43368039131164549 0.11023904979228974 0.089332700629718612
0.53155063833110028 0.13937707357108595 0.11023904979228974 0.089332700629718612
0.53155063833110028 0.43368039131164549 0.49314510449767113 0.089332700629718612
0.53155063833110028 0.43368039131164549 0.11023904979228974 0.099584148612804721
0.47331881760619576 0.13937707357108595 0.49314510449767113 0.099584148612804721
0.27725177807733414 0.2207130800932646 0.49988169260323045 0.0245925656137988
0.30305005651898675 0.2207130800932646 0.49988169260323045 0.0245925656137988
0.27725177807733414 0.47035295516252518 0.49988169260323045 0.0245925656137988
0.27725177807733414 0.2207130800932646 0.17443916015326977 0.0245925656137988
0.27725177807733414 0.2207130800932646 0.49988169260323045 0.019495991224423054
0.30305005651898675 0.47035295516252518 0.17443916015326977 0.019495991224423054
0.075244486331939697 0.34055615626275537 0.29105865098536016 0.060496316102333372
0.13626999352127311 0.34055615626275537 0.29105865098536016 0.060496316102333372
0.075244486331939697 0.37902350984513766 0.29105865098536016 0.060496316102333372
0.075244486331939697 0.34055615626275537 0.3764586616307497 0.060496316102333372
0.075244486331939697 0.34055615626275537 0.29105865098536016 0.039974088181741536
0.13626999352127311 0.37902350984513766 0.3764586616307497 0.039974088181741536
0.65391993750818067 0.10192365497350693 0.304919470846653 0.026020213003270329
0.63124182811006901 0.10192365497350693 0.304919470846653 0.026020213003270329
0.65391993750818067 0.21038886904716492 0.304919470846653 0.026020213003270329
0.65391993750818067 0.10192365497350693 0.25755626559257505 0.026020213003270329
0.65391993750818067 0.10192365497350693 0.304919470846653 0.071369601028040061
0.63124182811006901 0.21038886904716492 0.25755626559257505 0.071369601028040061
0.64659422039985648 0.44725050851702697 0.4726199887692929 0.0097755487095564607
0.34337494159117338 0.44725050851702697 0.4726199887692929 0.0097755487095564607
0.64659422039985648 0.26228397190570829 0.4726199887692929 0.0097755487095564607
0.64659422039985648 0.44725050851702697 0.36989931240677831 0.0097755487095564607
0.64659422039985648 0.44725050851702697 0.4726199887692929 0.059313908539712433
0.34337494159117338 0.26228397190570829 0.36989931240677831 0.059313908539712433
0.087767037050798524 0.21085258610546589 0.13610234670341015 0.081380897108465439
0.51363872177898884 0.21085258610546589 0.13610234670341015 0.081380897108465439
0.087767037050798524 0.33111385963857176 0.13610234670341015 0.081380897108465439
0.087767037050798524 0.21085258610546589 0.28830999992787842 0.081380897108465439
0.087767037050798524 0.21085258610546589 0.13610234670341015 0.028828544314019384
0.51363872177898884 0.33111385963857176 0.28830999992787842 0.028828544314019384
0.29039820278994738 0.32855871953070165 0.32920273207128048 0.042382027989253404
0.67153213382698596 0.32855871953070165 0.32920273207128048 0.042382027989253404
0.29039820278994738 0.41950777024030683 0.32920273207128048 0.042382027989253404
0.29039820278994738 0.32855871953070165 0.46219686903059487 0.042382027989253404
0.29039820278994738 0.32855871953070165 0.32920273207128048 0.0060002986341714864
0.67153213382698596 0.41950777024030683 0.46219686903059487 0.0060002986341714864
0.52360166711732736 0.11645879819989205 0.26846691146492963 0.069995560552924871
0.1765652801375836 0.11645879819989205 0.26846691146492963 0.069995560552924871
0.52360166711732736 0.18794588558375835 0.26846691146492963 0.069995560552924871
0.52360166711732736 0.11645879819989205 0.18119310587644577 0.069995560552924871
0.52360166711732736 0.11645879819989205 0.26846691146492963 0.086781075346283626
0.1765652801375836 0.18794588558375835 0.18119310587644577 0.086781075346283626
0.43843835159204891 0.3672081917524338 0.19314901977777482 0.051307489794678987
0.098529424006119359 0.3672081917524338 0.19314901977777482 0.051307489794678987
0.43843835159204891 0.20450271740555764 0.19314901977777482 0.051307489794678987
0.43843835159204891 0.3672081917524338 0.44239931739866734 0.051307489794678987
0.43843835159204891 0.3672081917524338 0.19314901977777482 0.017336753849871458
0.098529424006119359 0.20450271740555764 0.44239931739866734 0.017336753849871458
0.36695258701220151 0.18093834929168226 0.40466623641550548 0.03638052521180362
0.59349504034034906 0.18093834929168226 0.40466623641550548 0.03638052521180362
0.36695258701220151 0.3856724578887224 0.40466623641550548 0.03638052521180362
0.36695258701220151 0.18093834929168226 0.12359800785779954 0.03638052521180362
0.36695258701220151 0.18093834929168226 0.40466623641550548 0.098069190533831715
0.59349504034034906 0.3856724578887224 0.12359800785779954 0.098069190533831715
0.16335811484605073 0.46168159507215023 0.21146901436150076 0.09986352408397943
0.42671489985659711 0.46168159507215023 0.21146901436150076 0.09986352408397943
0.16335811484605073 0.46445936486124995 0.21146901436150076 0.09986352408397943
0.16335811484605073 0.46168159507215023 0.32549238577485085 0.09986352408397943
0.16335811484605073 0.46168159507215023 0.21146901436150076 0.069101966333575557
0.42671489985659711 0.46445936486124995 0.32549238577485085 0.069101966333575557
0.55922038317658007 0.29955125004053118 0.39720517098903663 0.016006665560416879
0.25645235702395436 0.29955125004053118 0.39720517098903663 0.016006665560416879
0.55922038317658007 0.14602163471281529 0.39720517098903663 0.016006665560416879
0.55922038317658007 0.29955125004053118 0.20688677690923216 0.016006665560416879
0.55922038317658007 0.29955125004053118 0.39720517098903663 0.038568262079730631
0.25645235702395436 0.14602163471281529 0.20688677690923216 0.038568262079730631
0.61541056726127863 0.30672951191663744 0.24120251052081587 0.02872022407408804
0.48688875134102994 0.30672951191663744 0.24120251052081587 0.02872022407408804
0.61541056726127863 0.15924323685467245 0.24120251052081587 0.02872022407408804
0.61541056726127863 0.30672951191663744 0.40390955433249476 0.02872022407408804
0.61541056726127863 0.30672951191663744 0.24120251052081587 0.022600267251953486
0.48688875134102994 0.15924323685467245 0.40390955433249476 0.022600267251953486
0.19861416355706751 0.14453744255006315 0.35507554337382319 0.062399919838644569
0.31660635271109638 0.14453744255006315 0.35507554337382319 0.062399919838644569
0.19861416355706751 0.42792519405484197 0.35507554337382319 0.062399919838644569
0.19861416355706751 0.14453744255006315 0.13550078682601452 0.062399919838644569
0.19861416355706751 0.14453744255006315 0.35507554337382319 0.090292370372451844
0.31660635271109638 0.42792519405484197 0.13550078682601452 0.090292370372451844
0.32158182202838359 0.4128180097788573 0.16027838662266733 0.023473631664179269
0.1600123718380928 0.4128180097788573 0.16027838662266733 0.023473631664179269
0.32158182202838359 0.32233174778521062 0.16027838662266733 0.023473631664179269
0.32158182202838359 0.4128180097788573 0.31554305441677571 0.023473631664179269
0.32158182202838359 0.4128180097788573 0.16027838662266733 0.068286472944542764
0.1600123718380928 0.32233174778521062 0.31554305441677571 0.068286472944542764
0.41275472948327657 0.22653526663780213 0.44993324242532251 0.088964429073967038
0.65495817111805077 0.22653526663780213 0.44993324242532251 0.088964429073967038
0.41275472948327657 0.29140624031424522 0.44993324242532251 0.088964429073967038
0.41275472948327657 0.22653526663780213 0.24654794931411744 0.088964429073967038
0.41275472948327657 0.22653526663780213 0.44993324242532251 0.049244717002846307
0.65495817111805077 0.29140624031424522 0.24654794931411744 0.049244717002846307
0.48834573100320988 0.4772489108145237 0.32456723488867284 0.082612081639468676
0.56930508874356744 0.4772489108145237 0.32456723488867284 0.082612081639468676
0.48834573100320988 0.10131406746804715 0.32456723488867284 0.082612081639468676
0.48834573100320988 0.4772489108145237 0.38299835808575156 0.082612081639468676
0.48834573100320988 0.4772489108145237 0.32456723488867284 0.054824576145969334
0.56930508874356744 0.10131406746804715 0.38299835808575156 0.054824576145969334
0.23420790610834952 0.26523374654352666 0.28569387644529343 0.0050155555848032237
0.074358052108436823 0.26523374654352666 0.28569387644529343 0.0050155555848032237
0.23420790610834952 0.48263170719146731 0.28569387644529343 0.0050155555848032237
0.23420790610834952 0.26523374654352666 0.25179774761199952 0.0050155555848032237
0.23420790610834952 0.26523374654352666 0.28569387644529343 0.035831159863621002
0.074358052108436823 0.48263170719146731 0.25179774761199952 0.035831159863621002
0.11345076933503151 0.39537955112755296 0.4803925693035126 0.068570992305874823
0.24237780454568564 0.39537955112755296 0.4803925693035126 0.068570992305874823
0.11345076933503151 0.36791972927749161 0.4803925693035126 0.068570992305874823
0.11345076933503151 0.39537955112755296 0.49753673300147061 0.068570992305874823
0.11345076933503151 0.39537955112755296 0.4803925693035126 0.0075899966349825265
0.24237780454568564 0.36791972927749161 0.49753673300147061 0.0075899966349825265
0.69196487520821393 0.15901755914092064 0.11573815234005452 0.047335404830053454
0.41266144053079185 0.15901755914092064 0.11573815234005452 0.047335404830053454
0.69196487520821393 0.24884560257196428 0.11573815234005452 0.047335404830053454
0.69196487520821393 0.15901755914092064 0.1661412101238966 0.047335404830053454
0.69196487520821393 0.15901755914092064 0.11573815234005452 0.075330439414829017
0.41266144053079185 0.24884560257196428 0.1661412101238966 0.075330439414829017
0.67482613432221106 0.37641610801219938 0.36320426389575011 0.093818543771281848
0.20418843650259078 0.37641610801219938 0.36320426389575011 0.093818543771281848
0.67482613432221106 0.49389088749885557 0.36320426389575011 0.093818543771281848
0.67482613432221106 0.37641610801219938 0.28372771665453911 0.093818543771281848
0.67482613432221106 0.37641610801219938 0.36320426389575011 0.012445629420690239
0.20418843650259078 0.49389088749885557 0.28372771665453911 0.012445629420690239
0.096311858948320145 0.16274148039519787 0.22667502872645856 0.017024256207048893
0.68389922152273352 0.16274148039519787 0.22667502872645856 0.017024256207048893
0.096311858948320145 0.11270903907716275 0.22667502872645856 0.017024256207048893
0.096311858948320145 0.16274148039519787 0.35261865966022021 0.017024256207048893
0.096311858948320145 0.16274148039519787 0.22667502872645856 0.08014370402693749
0.68389922152273352 0.11270903907716275 0.35261865966022021 0.08014370402693749
0.21833898462355134 0.49464439414441586 0.43238522373139865 0.055804054798558357
0.52729578735306859 0.49464439414441586 0.43238522373139865 0.055804054798558357
0.21833898462355134 0.23705848008394242 0.43238522373139865 0.055804054798558357
0.21833898462355134 0.49464439414441586 0.19829050488770009 0.055804054798558357
0.21833898462355134 0.49464439414441586 0.43238522373139865 0.053491779546253386
0.52729578735306859 0.23705848008394242 0.19829050488770009 0.053491779546253386
0.47247667876072219 0.25681824833154676 0.17163666561245919 0.033817599505186084
0.37224716320633883 0.25681824833154676 0.17163666561245919 0.033817599505186084
0.47247667876072219 0.35548409633338451 0.17163666561245919 0.033817599505186084
0.47247667876072219 0.25681824833154676 0.46698653399944312 0.033817599505186084
0.47247667876072219 0.25681824833154676 0.17163666561245919 0.034455995090305808
0.37224716320633883 0.35548409633338451 0.46698653399944312 0.034455995090305808
0.38545989599078889 0.40912413522601132 0.29622127860784531 0.039919185475446289
0.28405381971970195 0.40912413522601132 0.29622127860784531 0.039919185475446289
0.38545989599078889 0.43932017758488662 0.29622127860784531 0.039919185475446289
0.38545989599078889 0.40912413522601132 0.10319240279495717 0.039919185475446289
0.38545989599078889 0.40912413522601132 0.29622127860784531 0.063426367307081816
0.28405381971970195 0.43932017758488662 0.10319240279495717 0.063426367307081816
0.29428711929358536 0.24546791203320029 0.30775093473494053 0.074392045683227478
0.43910368122160426 0.24546791203320029 0.30775093473494053 0.074392045683227478
0.29428711929358536 0.1705024052411318 0.30775093473494053 0.074392045683227478
0.29428711929358536 0.24546791203320029 0.43469208180904395 0.074392045683227478
0.29428711929358536 0.24546791203320029 0.30775093473494053 0.044438922879286115
0.43910368122160426 0.1705024052411318 0.43469208180904395 0.044438922879286115
0.17258853442035615 0.31511496342718603 0.10213910825550557 0.010693056532181801
0.60713288695551448 0.31511496342718603 0.10213910825550557 0.010693056532181801
0.17258853442035615 0.27897061929106715 0.10213910825550557 0.010693056532181801
0.17258853442035615 0.31511496342718603 0.21480148956179621 0.010693056532181801
0.17258853442035615 0.31511496342718603 0.10213910825550557 0.023925593363121153
0.60713288695551448 0.27897061929106715 0.21480148956179621 0.023925593363121153
0.58938510762527585 0.12717275694012642 0.48788732290267944 0.07543599703814835
0.12742086458019913 0.12717275694012642 0.48788732290267944 0.07543599703814835
0.58938510762527585 0.31054461337625983 0.48788732290267944 0.07543599703814835
0.58938510762527585 0.12717275694012642 0.34571483246982099 0.07543599703814835
0.58938510762527585 0.12717275694012642 0.48788732290267944 0.091672007997520275
0.12742086458019913 0.31054461337625983 0.34571483246982099 0.091672007997520275
0.5433513333555311 0.46657157316803932 0.14428680948913097 0.063302541728131476
0.62672133259475227 0.46657157316803932 0.14428680948913097 0.063302541728131476
0.5433513333555311 0.39708192534744746 0.14428680948913097 0.063302541728131476
0.5433513333555311 0.46657157316803932 0.14322027638554574 0.063302541728131476
0.5433513333555311 0.46657157316803932 0.14428680948913097 0.073909462855197491
0.62672133259475227 0.39708192534744746 0.14322027638554574 0.073909462855197491
0.14748919578269123 0.27864088155329225 0.45814815387129781 0.047576560524292294
0.14698945442214606 0.27864088155329225 0.45814815387129781 0.047576560524292294
0.14748919578269123 0.21575197950005531 0.45814815387129781 0.047576560524292294
0.14748919578269123 0.27864088155329225 0.42432741485536096 0.047576560524292294
0.14748919578269123 0.27864088155329225 0.45814815387129781 0.043430070115253329
0.14698945442214606 0.21575197950005531 0.42432741485536096 0.043430070115253329
0.34981367420405146 0.36075201816856861 0.25096090212464334 0.086332164484076213
0.30487217339687045 0.36075201816856861 0.25096090212464334 0.086332164484076213
0.34981367420405146 0.13360202349722386 0.25096090212464334 0.086332164484076213
0.34981367420405146 0.36075201816856861 0.2263377580791712 0.086332164484076213
0.34981367420405146 0.36075201816856861 0.25096090212464334 0.015955413826741278
0.30487217339687045 0.13360202349722386 0.2263377580791712 0.015955413826741278
0.42129960828460744 0.19715613946318628 0.3406029250472784 0.0032290179925039413
0.45990221784450108 0.19715613946318628 0.3406029250472784 0.0032290179925039413
0.42129960828460744 0.4526638500392437 0.3406029250472784 0.0032290179925039413
0.42129960828460744 0.19715613946318628 0.30764059573411939 0.0032290179925039413
0.42129960828460744 0.19715613946318628 0.3406029250472784 0.096742162024602299
0.45990221784450108 0.4526638500392437 0.30764059573411939 0.096742162024602299
0.49757620505988592 0.34945030659437182 0.4151395175606013 0.021781134415417912
0.38440414811484508 0.34945030659437182 0.4151395175606013 0.021781134415417912
0.49757620505988592 0.34236310981214046 0.4151395175606013 0.021781134415417912
0.49757620505988592 0.34945030659437182 0.26909056045114998 0.021781134415417912
0.49757620505988592 0.34945030659437182 0.4151395175606013 0.0011883528642356396
0.38440414811484508 0.34236310981214046 0.26909056045114998 0.0011883528642356396
0.2643725712317973 0.11158685050904751 0.17627850323915484 0.092590474156662828
0.2293753410223871 0.11158685050904751 0.17627850323915484 0.092590474156662828
0.2643725712317973 0.27369345128536227 0.17627850323915484 0.092590474156662828
0.2643725712317973 0.11158685050904751 0.38759279996156693 0.092590474156662828
0.2643725712317973 0.11158685050904751 0.17627850323915484 0.08192676140274853
0.2293753410223871 0.27369345128536227 0.38759279996156693 0.08192676140274853
0.060472336737439042 0.43105149976909163 0.38356268703937535 0.028867339055985215
0.062605893611907965 0.43105149976909163 0.38356268703937535 0.028867339055985215
0.060472336737439042 0.1761503588408232 0.38356268703937535 0.028867339055985215
0.060472336737439042 0.43105149976909163 0.16136370375752451 0.028867339055985215
0.060472336737439042 0.43105149976909163 0.38356268703937535 0.060687754470855004
0.062605893611907965 0.1761503588408232 0.16136370375752451 0.060687754470855004
0.61929938932880757 0.2172907292842865 0.21892023272812366 0.057225506654009224
0.54233653442934149 0.2172907292842865 0.21892023272812366 0.057225506654009224
0.61929938932880757 0.40708817094564442 0.21892023272812366 0.057225506654009224
0.61929938932880757 0.2172907292842865 0.48045149408280852 0.057225506654009224
0.61929938932880757 0.2172907292842865 0.21892023272812366 0.030160022071562709
0.54233653442934149 0.40708817094564442 0.48045149408280852 0.030160022071562709
