0.52873899326659735 0.16460343860089779 0.45907836258411405 0.73468216676264997
0.65448199217207725 0.16460343860089779 0.45907836258411405 0.73468216676264997
0.52873899326659735 0.45384189337491987 0.45907836258411405 0.73468216676264997
0.52873899326659735 0.16460343860089779 0.18471871502697468 0.73468216676264997
0.52873899326659735 0.16460343860089779 0.45907836258411405 0.46742859905585649
0.65448199217207725 0.45384189337491987 0.18471871502697468 0.46742859905585649
0.1614947638940066 0.40612276531755931 0.28480073437094688 0.27352586230263115
0.13414492076262829 0.40612276531755931 0.28480073437094688 0.27352586230263115
0.1614947638940066 0.25075098574161531 0.28480073437094688 0.27352586230263115
0.1614947638940066 0.40612276531755931 0.32024624496698384 0.27352586230263115
0.1614947638940066 0.40612276531755931 0.28480073437094688 0.68688406361266974
0.13414492076262829 0.25075098574161531 0.32024624496698384 0.68688406361266974
0.35677958852611474 0.254314124584198 0.39843695312738425 0.88213075818493958
0.3098113980144262 0.254314124584198 0.39843695312738425 0.88213075818493958
0.35677958852611474 0.15107075981795789 0.39843695312738425 0.88213075818493958
0.35677958852611474 0.254314124584198 0.21279100365936757 0.88213075818493958
0.35677958852611474 0.254314124584198 0.39843695312738425 0.85752706276252866
0.3098113980144262 0.15107075981795789 0.21279100365936757 0.85752706276252866
0.65865257647819808 0.31319171115756039 0.17102851048111917 0.11855628609657287
0.48007515217177565 0.31319171115756039 0.17102851048111917 0.11855628609657287
0.65865257647819808 0.35410807095468044 0.17102851048111917 0.11855628609657287
0.65865257647819808 0.31319171115756039 0.47950956672430045 0.11855628609657287
0.65865257647819808 0.31319171115756039 0.17102851048111917 0.020442340914160015
0.48007515217177565 0.35410807095468044 0.47950956672430045 0.020442340914160015
0.59085539067164061 0.23790222294628621 0.20257025472819806 0.23189675347879526
0.44399040844291443 0.23790222294628621 0.20257025472819806 0.23189675347879526
0.59085539067164061 0.44140795357525353 0.20257025472819806 0.23189675347879526
0.59085539067164061 0.23790222294628621 0.29072666615247728 0.23189675347879526
0.59085539067164061 0.23790222294628621 0.20257025472819806 0.92588536743074656
0.44399040844291443 0.44140795357525353 0.29072666615247728 0.92588536743074656
0.21859284341335294 0.37960437647998335 0.42841632254421713 0.81554931953549381
0.26354553489945826 0.37960437647998335 0.42841632254421713 0.81554931953549381
0.21859284341335294 0.23836806751787665 0.42841632254421713 0.81554931953549381
0.21859284341335294 0.37960437647998335 0.40135415382683282 0.81554931953549381
0.21859284341335294 0.37960437647998335 0.42841632254421713 0.22848988246172666
0.26354553489945826 0.23836806751787665 0.40135415382683282 0.22848988246172666
0.094094309024512768 0.13102773204445839 0.14153794012963772 0.43676742617040876
0.099294990906491881 0.13102773204445839 0.14153794012963772 0.43676742617040876
0.094094309024512768 0.13805153742432597 0.14153794012963772 0.43676742617040876
0.094094309024512768 0.13102773204445839 0.10629477053880693 0.43676742617040876
0.094094309024512768 0.13102773204445839 0.14153794012963772 0.2747347949445248
0.099294990906491881 0.13805153742432597 0.10629477053880693 0.2747347949445248
0.39079029252752656 0.48969770818948744 0.31425299085676672 0.58784563666209577
0.60950053157284856 0.48969770818948744 0.31425299085676672 0.58784563666209577
0.39079029252752656 0.34113853499293328 0.31425299085676672 0.58784563666209577
0.39079029252752656 0.48969770818948744 0.39810868985950953 0.58784563666209577
0.39079029252752656 0.48969770818948744 0.31425299085676672 0.603299123570323
0.60950053157284856 0.34113853499293328 0.39810868985950953 0.603299123570323
0.41885001189075405 0.2885033767670393 0.12129177115857602 0.83191898450255397
0.20246768891811368 0.2885033767670393 0.12129177115857602 0.83191898450255397
0.41885001189075405 0.3813061326742172 0.12129177115857602 0.83191898450255397
0.41885001189075405 0.2885033767670393 0.25123004950582983 0.83191898450255397
0.41885001189075405 0.2885033767670393 0.12129177115857602 0.94992430930957195
0.20246768891811368 0.3813061326742172 0.25123004950582983 0.94992430930957195
0.065561034949496388 0.32827080078423021 0.34713647700846195 0.19078096138313411
0.66759921493940055 0.32827080078423021 0.34713647700846195 0.19078096138313411
0.065561034949496388 0.18441954702138902 0.34713647700846195 0.19078096138313411
0.065561034949496388 0.32827080078423021 0.44065545499324799 0.19078096138313411
0.065561034949496388 0.32827080078423021 0.34713647700846195 0.17405962182208895
0.66759921493940055 0.18441954702138902 0.44065545499324799 0.17405962182208895
0.26609224067069587 0.18006648272275927 0.23525997810065746 0.56962359284982089
0.50780205992050464 0.18006648272275927 0.23525997810065746 0.56962359284982089
0.26609224067069587 0.28566380105912687 0.23525997810065746 0.56962359284982089
0.26609224067069587 0.18006648272275927 0.14823279120028021 0.56962359284982089
0.26609224067069587 0.18006648272275927 0.23525997810065746 0.3750893561728299
0.50780205992050464 0.28566380105912687 0.14823279120028021 0.3750893561728299
0.54383450965397051 0.43992653563618667 0.40797329135239124 0.47591121051460505
0.36354432730004188 0.43992653563618667 0.40797329135239124 0.47591121051460505
0.54383450965397051 0.48260093145072458 0.40797329135239124 0.47591121051460505
0.54383450965397051 0.43992653563618667 0.35636597871780396 0.47591121051460505
0.54383450965397051 0.43992653563618667 0.40797329135239124 0.53332466954365376
0.36354432730004188 0.48260093145072458 0.35636597871780396 0.53332466954365376
0.68169147055596113 0.11521688140928746 0.36529569476842882 0.36448388746008276
0.23587952875532209 0.11521688140928746 0.36529569476842882 0.36448388746008276
0.68169147055596113 0.32028812505304816 0.36529569476842882 0.36448388746008276
0.68169147055596113 0.11521688140928746 0.17012596726417542 0.36448388746008276
0.68169147055596113 0.11521688140928746 0.36529569476842882 0.42832213941961528
0.23587952875532209 0.32028812505304816 0.17012596726417542 0.42832213941961528
0.33357948353514072 0.45477690063416965 0.19101975634694102 0.63811817217618227
0.39027840280905363 0.45477690063416965 0.19101975634694102 0.63811817217618227
0.33357948353514072 0.12335509546101094 0.19101975634694102 0.63811817217618227
0.33357948353514072 0.45477690063416965 0.3346436772495508 0.63811817217618227
0.33357948353514072 0.45477690063416965 0.19101975634694102 0.69560661923140288
0.39027840280905363 0.12335509546101094 0.3346436772495508 0.69560661923140288
0.20381472194567318 0.20336497649550439 0.47965404391288757 0.029454378187656401
0.54119899217039347 0.20336497649550439 0.47965404391288757 0.029454378187656401
0.20381472194567318 0.22210760042071342 0.47965404391288757 0.029454378187656401
0.20381472194567318 0.20336497649550439 0.22962984144687654 0.029454378187656401
0.20381472194567318 0.20336497649550439 0.47965404391288757 0.77223628088831897
0.54119899217039347 0.22210760042071342 0.22962984144687654 0.77223628088831897
0.48657528460025778 0.36340843737125395 0.25224691554903989 0.98067049892619251
0.086238364642485965 0.36340843737125395 0.25224691554903989 0.98067049892619251
0.48657528460025778 0.41899657025933268 0.25224691554903989 0.98067049892619251
0.48657528460025778 0.36340843737125395 0.46286603845655916 0.98067049892619251
0.48657528460025778 0.36340843737125395 0.25224691554903989 0.13612076155841349
0.086238364642485965 0.41899657025933268 0.46286603845655916 0.13612076155841349
0.46872708760201925 0.21789749152958393 0.33049976304173467 0.40494378052651886
0.46135951047763224 0.21789749152958393 0.33049976304173467 0.40494378052651886
0.46872708760201925 0.10369645319879056 0.33049976304173467 0.40494378052651886
0.46872708760201925 0.21789749152958393 0.30166441388428211 0.40494378052651886
0.46872708760201925 0.21789749152958393 0.33049976304173467 0.80903569662943486
0.46135951047763224 0.10369645319879056 0.30166441388428211 0.80903569662943486
0.18088294686749579 0.35278217308223248 0.10009580701589585 0.6172757878340781
0.32725748424418266 0.35278217308223248 0.10009580701589585 0.6172757878340781
0.18088294686749579 0.30051189474761486 0.10009580701589585 0.6172757878340781
0.18088294686749579 0.35278217308223248 0.19354114383459092 0.6172757878340781
0.18088294686749579 0.35278217308223248 0.10009580701589585 0.099557801652699715
0.32725748424418266 0.30051189474761486 0.19354114383459092 0.099557801652699715
0.29557234449312086 0.10145340338349343 0.41360845491290099 0.26132776988670231
0.15730399931780992 0.10145340338349343 0.41360845491290099 0.26132776988670231
0.29557234449312086 0.40082841217517851 0.41360845491290099 0.26132776988670231
0.29557234449312086 0.10145340338349343 0.49848211891949179 0.26132776988670231
0.29557234449312086 0.10145340338349343 0.41360845491290099 0.38828883869573477
0.15730399931780992 0.40082841217517851 0.49848211891949179 0.38828883869573477
0.67923602033406494 0.46619662791490557 0.24257348179817201 0.78372665595263247
0.63259246908128253 0.46619662791490557 0.24257348179817201 0.78372665595263247
0.67923602033406494 0.20396585911512377 0.24257348179817201 0.78372665595263247
0.67923602033406494 0.46619662791490557 0.20904679447412491 0.78372665595263247
0.67923602033406494 0.46619662791490557 0.24257348179817201 0.7353959909640253
0.63259246908128253 0.20396585911512377 0.20904679447412491 0.7353959909640253
0.57152794706635179 0.19129080437123777 0.18739887811243536 0.91347123710438605
0.59647797434590755 0.19129080437123777 0.18739887811243536 0.91347123710438605
0.57152794706635179 0.19165391251444819 0.18739887811243536 0.91347123710438605
0.57152794706635179 0.19129080437123777 0.42065608054399495 0.91347123710438605
0.57152794706635179 0.19129080437123777 0.18739887811243536 0.35064151547849182
0.59647797434590755 0.19165391251444819 0.42065608054399495 0.35064151547849182
0.27854648926295339 0.42635846473276617 0.35687122605741028 0.088650445006787773
0.11104805078357458 0.42635846473276617 0.35687122605741028 0.088650445006787773
0.27854648926295339 0.38851884976029394 0.35687122605741028 0.088650445006787773
0.27854648926295339 0.42635846473276617 0.28743438012897971 0.088650445006787773
0.27854648926295339 0.42635846473276617 0.35687122605741028 0.55801457002758981
0.11104805078357458 0.38851884976029394 0.28743438012897971 0.55801457002758981
0.07341291313059628 0.27807251811027528 0.2701164621859789 0.70477730043232445
0.29243731023743746 0.27807251811027528 0.2701164621859789 0.70477730043232445
0.07341291313059628 0.48819908834993841 0.2701164621859789 0.70477730043232445
0.07341291313059628 0.27807251811027528 0.37997873276472094 0.70477730043232445
0.07341291313059628 0.27807251811027528 0.2701164621859789 0.97114562135189775
0.29243731023743746 0.48819908834993841 0.37997873276472094 0.97114562135189775
0.45209796815179282 0.34260790869593621 0.49895799569785593 0.30486719915643334
0.41636813045479348 0.34260790869593621 0.49895799569785593 0.30486719915643334
0.45209796815179282 0.29138774760067465 0.49895799569785593 0.30486719915643334
0.45209796815179282 0.34260790869593621 0.1154465276747942 0.30486719915643334
0.45209796815179282 0.34260790869593621 0.49895799569785593 0.15260372314602136
0.41636813045479348 0.29138774760067465 0.1154465276747942 0.15260372314602136
0.3981736998073756 0.14145867861807349 0.2936158049851656 0.058880736194550989
0.33467250945977861 0.14145867861807349 0.2936158049851656 0.058880736194550989
0.3981736998073756 0.23145691566169263 0.2936158049851656 0.058880736194550989
0.3981736998073756 0.14145867861807349 0.43731333948671824 0.058880736194550989
0.3981736998073756 0.14145867861807349 0.2936158049851656 0.29598134303465484
0.33467250945977861 0.23145691566169263 0.43731333948671824 0.29598134303465484
0.12686354685574769 0.47536051236093047 0.46308989040553572 0.94885065374895927
0.53540431261062615 0.47536051236093047 0.46308989040553572 0.94885065374895927
0.12686354685574769 0.43466550670564175 0.46308989040553572 0.94885065374895927
0.12686354685574769 0.47536051236093047 0.27058180570602419 0.94885065374895927
0.12686354685574769 0.47536051236093047 0.46308989040553572 0.58180864648893471
0.53540431261062615 0.43466550670564175 0.27058180570602419 0.58180864648893471
0.2467597302049398 0.22667780146002769 0.15133391059935095 0.33266490021720529
0.68060212461277836 0.22667780146002769 0.15133391059935095 0.33266490021720529
0.2467597302049398 0.33591301292181019 0.15133391059935095 0.33266490021720529
0.2467597302049398 0.22667780146002769 0.36556756533682344 0.33266490021720529
0.2467597302049398 0.22667780146002769 0.15133391059935095 0.90140481753274804
0.68060212461277836 0.33591301292181019 0.36556756533682344 0.90140481753274804
0.60379329742863774 0.39317254722118378 0.38017680607736115 0.66754550494253639
0.19073434439487752 0.39317254722118378 0.38017680607736115 0.66754550494253639
0.60379329742863774 0.132748481631279 0.38017680607736115 0.66754550494253639
0.60379329742863774 0.39317254722118378 0.13005300462245942 0.66754550494253639
0.60379329742863774 0.39317254722118378 0.38017680607736115 0.25320688819512727
0.19073434439487752 0.132748481631279 0.13005300462245942 0.25320688819512727
0.62048937086947253 0.26807751469314101 0.44922163709998131 0.53971406811848288
0.063059628847986465 0.26807751469314101 0.44922163709998131 0.53971406811848288
0.62048937086947253 0.27004903331398966 0.44922163709998131 0.53971406811848288
0.62048937086947253 0.26807751469314101 0.3434178024530411 0.53971406811848288
0.62048937086947253 0.26807751469314101 0.44922163709998131 0.81752834044396883
0.063059628847986465 0.27004903331398966 0.3434178024530411 0.81752834044396883
0.35415786295197899 0.30177207179367543 0.21881636679172517 0.5072553657740354
0.56310822092927992 0.30177207179367543 0.21881636679172517 0.5072553657740354
0.35415786295197899 0.47320965453982355 0.21881636679172517 0.5072553657740354
0.35415786295197899 0.30177207179367543 0.15159243978559972 0.5072553657740354
0.35415786295197899 0.30177207179367543 0.21881636679172517 0.060206476598978043
0.56310822092927992 0.47320965453982355 0.15159243978559972 0.060206476598978043
0.14379765498451888 0.15007102340459824 0.30733008757233621 0.86326412182301282
0.40901401168666773 0.15007102340459824 0.30733008757233621 0.86326412182301282
0.14379765498451888 0.37196538932621481 0.30733008757233621 0.86326412182301282
0.14379765498451888 0.15007102340459824 0.4591701328754425 0.86326412182301282
0.14379765498451888 0.15007102340459824 0.30733008757233621 0.50420090954750774
0.40901401168666773 0.37196538932621481 0.4591701328754425 0.50420090954750774
0.5059685538057237 0.41674892976880074 0.13629342466592789 0.16087230188772081
0.218413426913321 0.41674892976880074 0.13629342466592789 0.16087230188772081
0.5059685538057237 0.16875422336161139 0.13629342466592789 0.16087230188772081
0.5059685538057237 0.41674892976880074 0.24855409003794193 0.16087230188772081
0.5059685538057237 0.41674892976880074 0.13629342466592789 0.65035381291061645
0.218413426913321 0.16875422336161139 0.24855409003794193 0.65035381291061645
0.50842775967903431 0.2620878856629133 0.22937345542013646 0.31297141136601569
0.60725860805250698 0.2620878856629133 0.22937345542013646 0.31297141136601569
0.50842775967903431 0.13037879057228566 0.22937345542013646 0.31297141136601569
0.50842775967903431 0.2620878856629133 0.4933880556374789 0.31297141136601569
0.50842775967903431 0.2620878856629133 0.22937345542013646 0.5894839061237872
0.60725860805250698 0.13037879057228566 0.4933880556374789 0.5894839061237872
0.14117856151424346 0.32041009254753594 0.40199076496064667 0.709113085269928
0.10149697037413716 0.32041009254753594 0.40199076496064667 0.709113085269928
0.14117856151424346 0.32733909524977212 0.40199076496064667 0.709113085269928
0.14117856151424346 0.32041009254753594 0.20162218958139422 0.709113085269928
0.14117856151424346 0.32041009254753594 0.40199076496064667 0.31893200339749456
0.10149697037413716 0.32733909524977212 0.20162218958139422 0.31893200339749456
0.33646335224620993 0.16898216456174853 0.11560066230595112 0.10823996681720019
0.26130423005670306 0.16898216456174853 0.11560066230595112 0.10823996681720019
0.33646335224620993 0.42760831192135818 0.11560066230595112 0.10823996681720019
0.33646335224620993 0.16898216456174853 0.3091022271662951 0.10823996681720019
0.33646335224620993 0.16898216456174853 0.11560066230595112 0.24553134379908442
0.26130423005670306 0.42760831192135818 0.3091022271662951 0.24553134379908442
0.63834128961898384 0.41028781607747078 0.34134916178882124 0.93694858154281979
0.44619176923297338 0.41028781607747078 0.34134916178882124 0.93694858154281979
0.63834128961898384 0.23069550022482874 0.34134916178882124 0.93694858154281979
0.63834128961898384 0.41028781607747078 0.19862199872732164 0.93694858154281979
0.63834128961898384 0.41028781607747078 0.34134916178882124 0.87845444193109867
0.44619176923297338 0.23069550022482874 0.19862199872732164 0.87845444193109867
0.61117158820852635 0.13538351692259312 0.4853940583765507 0.76030853454023595
0.4924331467598676 0.13538351692259312 0.4853940583765507 0.76030853454023595
0.61117158820852635 0.16799585968255998 0.4853940583765507 0.76030853454023595
0.61117158820852635 0.13538351692259312 0.38737971037626273 0.76030853454023595
0.61117158820852635 0.13538351692259312 0.4853940583765507 0.067880860045552258
0.4924331467598676 0.16799585968255998 0.38737971037626273 0.067880860045552258
0.23890409152954817 0.49388875328004367 0.25808298140764241 0.24167807584628462
0.29741407926194369 0.49388875328004367 0.25808298140764241 0.24167807584628462
0.23890409152954817 0.36490514278411867 0.25808298140764241 0.24167807584628462
0.23890409152954817 0.49388875328004367 0.12051543779671192 0.24167807584628462
0.23890409152954817 0.49388875328004367 0.25808298140764241 0.84047800779342652
0.29741407926194369 0.36490514278411867 0.12051543779671192 0.84047800779342652
0.1144055813550949 0.24569891318678858 0.37123092040419581 0.61299922602251178
0.14650353644974529 0.24569891318678858 0.37123092040419581 0.61299922602251178
0.1144055813550949 0.46463878862559793 0.37123092040419581 0.61299922602251178
0.1144055813550949 0.24569891318678858 0.41559885293245313 0.61299922602251178
0.1144055813550949 0.24569891318678858 0.37123092040419581 0.64267926152795551
0.14650353644974529 0.46463878862559793 0.41559885293245313 0.64267926152795551
0.4111065336503088 0.38679677546024327 0.19705123603343966 0.39677939608693125
0.64208405232056975 0.38679677546024327 0.19705123603343966 0.39677939608693125
0.4111065336503088 0.26767629049718378 0.19705123603343966 0.39677939608693125
0.4111065336503088 0.38679677546024327 0.28002172000706194 0.39677939608693125
0.4111065336503088 0.38679677546024327 0.19705123603343966 0.48125141013413669
0.64208405232056975 0.26767629049718378 0.28002172000706194 0.48125141013413669
0.43916373471729453 0.1847701694816351 0.39162358567118649 0.15085273480042813
0.073880250193178648 0.1847701694816351 0.39162358567118649 0.15085273480042813
0.43916373471729453 0.20789194144308568 0.39162358567118649 0.15085273480042813
0.43916373471729453 0.1847701694816351 0.37063852585852153 0.15085273480042813
0.43916373471729453 0.1847701694816351 0.39162358567118649 0.091912208292633302
0.073880250193178648 0.20789194144308568 0.37063852585852153 0.091912208292633302
0.085869788983836765 0.4452345225960016 0.16431419849395751 0.85701274845749142
0.5535971281584352 0.4452345225960016 0.16431419849395751 0.85701274845749142
0.085869788983836765 0.41095872111618525 0.16431419849395751 0.85701274845749142
0.085869788983836765 0.4452345225960016 0.13745193183422089 0.85701274845749142
0.085869788983836765 0.4452345225960016 0.16431419849395751 0.78605534078553319
0.5535971281584352 0.41095872111618525 0.13745193183422089 0.78605534078553319
0.28640104797668753 0.29664796590805054 0.45246020630002026 0.48575235828757285
0.37792090945877127 0.29664796590805054 0.45246020630002026 0.48575235828757285
0.28640104797668753 0.31225047931075101 0.45246020630002026 0.48575235828757285
0.28640104797668753 0.29664796590805054 0.42989862896502018 0.48575235828757285
0.28640104797668753 0.29664796590805054 0.45246020630002026 0.74304141638800503
0.37792090945877127 0.31225047931075101 0.42989862896502018 0.74304141638800503
0.56414826638065274 0.33658014461398122 0.27828183621168134 0.51432300435379141
0.24827704364433884 0.33658014461398122 0.27828183621168134 0.51432300435379141
0.56414826638065274 0.10913925841450692 0.27828183621168134 0.51432300435379141
0.56414826638065274 0.33658014461398122 0.26552662849426267 0.51432300435379141
0.56414826638065274 0.33658014461398122 0.27828183621168134 0.41126936247572304
0.24827704364433884 0.10913925841450692 0.26552662849426267 0.41126936247572304
0.66138270199298854 0.2114866364747286 0.14810719080269338 0.69287616282701492
0.36578551349230104 0.2114866364747286 0.14810719080269338 0.69287616282701492
0.66138270199298854 0.29682750105857847 0.14810719080269338 0.69287616282701492
0.66138270199298854 0.2114866364747286 0.45174300074577334 0.69287616282701492
0.66138270199298854 0.2114866364747286 0.14810719080269338 0.55036985285580164
0.36578551349230104 0.29682750105857847 0.45174300074577334 0.55036985285580164
0.31326576555147762 0.3717437636107207 0.32072313837707045 0.35422736437991265
0.50560027537867425 0.3717437636107207 0.32072313837707045 0.35422736437991265
0.31326576555147762 0.49994072467088702 0.32072313837707045 0.35422736437991265
0.31326576555147762 0.3717437636107207 0.24346255399286748 0.35422736437991265
0.31326576555147762 0.3717437636107207 0.32072313837707045 0.3276621526479721
0.50560027537867425 0.49994072467088702 0.24346255399286748 0.3276621526479721
0.18350096037611363 0.11994350925087929 0.20933491922914982 0.95504162123426795
0.66984101980924604 0.11994350925087929 0.20933491922914982 0.95504162123426795
0.18350096037611363 0.39864610694348812 0.20933491922914982 0.95504162123426795
0.18350096037611363 0.11994350925087929 0.34850118458271029 0.95504162123426795
0.18350096037611363 0.11994350925087929 0.20933491922914982 0.16024815555661914
0.66984101980924604 0.39864610694348812 0.34850118458271029 0.16024815555661914
0.46626649182289831 0.46005889326334004 0.43508168123662472 0.068959759958088396
0.20026528569869695 0.46005889326334004 0.43508168123662472 0.068959759958088396
0.46626649182289831 0.1955830466002226 0.43508168123662472 0.068959759958088396
0.46626649182289831 0.46005889326334004 0.15902772583067418 0.068959759958088396
0.46626649182289831 0.46005889326334004 0.43508168123662472 0.99412526894360775
0.20026528569869695 0.1955830466002226 0.15902772583067418 0.99412526894360775
0.48903584647923704 0.10869467295706273 0.15707394890487195 0.58165420187637207
0.43443870814517133 0.10869467295706273 0.15707394890487195 0.58165420187637207
0.48903584647923704 0.4802342914044857 0.15707394890487195 0.58165420187637207
0.48903584647923704 0.10869467295706273 0.22019233889877798 0.58165420187637207
0.48903584647923704 0.10869467295706273 0.15707394890487195 0.19704768082126975
0.43443870814517133 0.4802342914044857 0.22019233889877798 0.19704768082126975
0.20119667453691359 0.4736514803022146 0.38601284809410574 0.42668793510645631
0.27432678849436337 0.4736514803022146 0.38601284809410574 0.42668793510645631
0.20119667453691359 0.27709903791546819 0.38601284809410574 0.42668793510645631
0.20119667453691359 0.4736514803022146 0.48457730859518056 0.42668793510645631
0.20119667453691359 0.4736514803022146 0.38601284809410574 0.95756219951435928
0.27432678849436337 0.27709903791546819 0.48457730859518056 0.95756219951435928
0.31588609637692566 0.22194199785590174 0.29955105446279051 0.79021819435060026
0.12911924957297743 0.22194199785590174 0.29955105446279051 0.79021819435060026
0.31588609637692566 0.17736540473997595 0.29955105446279051 0.79021819435060026
0.31588609637692566 0.22194199785590174 0.17966112978756429 0.79021819435060026
0.31588609637692566 0.22194199785590174 0.29955105446279051 0.51033689530566329
0.12911924957297743 0.17736540473997595 0.17966112978756429 0.51033689530566329
0.69954482279717922 0.35738215148448949 0.46912134625017643 0.21033382201567291
0.57836683150380852 0.35738215148448949 0.46912134625017643 0.21033382201567291
0.69954482279717922 0.38055387325584888 0.46912134625017643 0.21033382201567291
0.69954482279717922 0.35738215148448949 0.31283475309610365 0.21033382201567291
0.69954482279717922 0.35738215148448949 0.46912134625017643 0.36745118120685222
0.57836683150380852 0.38055387325584888 0.31283475309610365 0.36745118120685222
0.55121423392556601 0.28209113888442516 0.30144358873367311 0.14005882628262042
0.62463796730153254 0.28209113888442516 0.30144358873367311 0.14005882628262042
0.55121423392556601 0.4182412590831518 0.30144358873367311 0.14005882628262042
0.55121423392556601 0.28209113888442516 0.10120030194520951 0.14005882628262042
0.55121423392556601 0.28209113888442516 0.30144358873367311 0.71859368521720168
0.62463796730153254 0.4182412590831518 0.10120030194520951 0.71859368521720168
0.25823772554285823 0.34723072238266472 0.13031087443232536 0.90752135464921591
0.16521917693316934 0.34723072238266472 0.13031087443232536 0.90752135464921591
0.25823772554285823 0.21505650989711286 0.13031087443232536 0.90752135464921591
0.25823772554285823 0.34723072238266472 0.39068520553410058 0.90752135464921591
0.25823772554285823 0.34723072238266472 0.13031087443232536 0.43595915343612435
0.16521917693316934 0.21505650989711286 0.39068520553410058 0.43595915343612435
0.053104115510359408 0.19855797141790391 0.44353055208921432 0.2835449620895088
0.319303601142019 0.19855797141790391 0.44353055208921432 0.2835449620895088
0.053104115510359408 0.11478728055953979 0.44353055208921432 0.2835449620895088
0.053104115510359408 0.19855797141790391 0.29816488474607472 0.2835449620895088
0.053104115510359408 0.19855797141790391 0.44353055208921432 0.11313386350870133
0.319303601142019 0.11478728055953979 0.29816488474607472 0.11313386350870133
0.43178420173935583 0.43379046991467474 0.21302902773022653 0.74093307282775644
0.46927406941540534 0.43379046991467474 0.21302902773022653 0.74093307282775644
0.43178420173935583 0.31792453676462173 0.21302902773022653 0.74093307282775644
0.43178420173935583 0.43379046991467474 0.40643388815224168 0.74093307282775644
0.43178420173935583 0.43379046991467474 0.21302902773022653 0.76459909893572331
0.46927406941540534 0.31792453676462173 0.40643388815224168 0.76459909893572331
0.37785749258473511 0.23191102035343647 0.42017768174409864 0.98494659343734381
0.22636781609617174 0.23191102035343647 0.42017768174409864 0.98494659343734381
0.37785749258473511 0.35804330781102178 0.42017768174409864 0.98494659343734381
0.37785749258473511 0.23191102035343647 0.14080525375902653 0.98494659343734381
0.37785749258473511 0.23191102035343647 0.42017768174409864 0.66392615279182787
0.22636781609617174 0.35804330781102178 0.14080525375902653 0.66392615279182787
0.10655230842530727 0.39824091903865344 0.24904365316033364 0.037618295326828956
0.40109964404255144 0.39824091903865344 0.24904365316033364 0.037618295326828956
0.10655230842530727 0.161204119771719 0.24904365316033364 0.037618295326828956
0.10655230842530727 0.39824091903865344 0.35127556324005127 0.037618295326828956
0.10655230842530727 0.39824091903865344 0.24904365316033364 0.45976058987900614
0.40109964404255144 0.161204119771719 0.35127556324005127 0.45976058987900614
0.22644844818860288 0.14994044676423074 0.33726440370082855 0.66153582628816365
0.57106322878971694 0.14994044676423074 0.33726440370082855 0.66153582628816365
0.22644844818860288 0.262498726323247 0.33726440370082855 0.66153582628816365
0.22644844818860288 0.14994044676423074 0.25631383694708348 0.66153582628816365
0.22644844818860288 0.14994044676423074 0.33726440370082855 0.043400419671088458
0.57106322878971694 0.262498726323247 0.25631383694708348 0.043400419671088458
0.58347706599161031 0.48323807269334795 0.10676118955016137 0.38413311420008539
0.055144642526283864 0.48323807269334795 0.10676118955016137 0.38413311420008539
0.58347706599161031 0.45928775109350684 0.10676118955016137 0.38413311420008539
0.58347706599161031 0.48323807269334795 0.44808962047100065 0.38413311420008539
0.58347706599161031 0.48323807269334795 0.10676118955016137 0.86519490400329235
0.055144642526283864 0.45928775109350684 0.44808962047100065 0.86519490400329235
0.64080061414279044 0.15852689407765866 0.26330307088792326 0.45632122140377762
0.17266303179785608 0.15852689407765866 0.26330307088792326 0.45632122140377762
0.64080061414279044 0.34658744446933271 0.26330307088792326 0.45632122140377762
0.64080061414279044 0.15852689407765866 0.23470115959644319 0.45632122140377762
0.64080061414279044 0.15852689407765866 0.26330307088792326 0.20553296465426682
0.17266303179785608 0.34658744446933271 0.23470115959644319 0.20553296465426682
0.37447405564598735 0.42464933730661869 0.4922437075525522 0.54614578111097223
0.69871283886022861 0.42464933730661869 0.4922437075525522 0.54614578111097223
0.37447405564598735 0.14979622624814512 0.4922437075525522 0.54614578111097223
0.37447405564598735 0.42464933730661869 0.47026379741728308 0.54614578111097223
0.37447405564598735 0.42464933730661869 0.4922437075525522 0.91821823444217443
0.69871283886022861 0.14979622624814512 0.47026379741728308 0.91821823444217443
0.16411390095017847 0.27333661913871765 0.18078069798648358 0.18267628187313675
0.5173336211126297 0.27333661913871765 0.18078069798648358 0.18267628187313675
0.16411390095017847 0.24850447922945024 0.18078069798648358 0.18267628187313675
0.16411390095017847 0.27333661913871765 0.16271089911460879 0.18267628187313675
0.16411390095017847 0.27333661913871765 0.18078069798648358 0.6262563261389732
0.5173336211126297 0.24850447922945024 0.16271089911460879 0.6262563261389732
0.52627983097918329 0.30681760832667349 0.35035235174000268 0.82758273236453539
0.35278260260820382 0.30681760832667349 0.35035235174000268 0.82758273236453539
0.52627983097918329 0.44534013867378242 0.35035235174000268 0.82758273236453539
0.52627983097918329 0.30681760832667349 0.32958966828882696 0.82758273236453539
0.52627983097918329 0.30681760832667349 0.35035235174000268 0.28240164317190647
0.35278260260820382 0.44534013867378242 0.32958966828882696 0.28240164317190647
0.52203589947894213 0.24862205348908903 0.18859756998717786 0.045875670723617076
0.10605751588009298 0.24862205348908903 0.18859756998717786 0.045875670723617076
0.52203589947894213 0.32276331521570684 0.18859756998717786 0.045875670723617076
0.52203589947894213 0.24862205348908903 0.37785801663994789 0.045875670723617076
0.52203589947894213 0.24862205348908903 0.18859756998717786 0.36254622172564271
0.10605751588009298 0.32276331521570684 0.37785801663994789 0.36254622172564271
0.16819599680602548 0.38387287296354777 0.36753820963203909 0.99343563301488758
0.6013206465169787 0.38387287296354777 0.36753820963203909 0.99343563301488758
0.16819599680602548 0.11972629316151143 0.36753820963203909 0.99343563301488758
0.16819599680602548 0.38387287296354777 0.11734134070575238 0.99343563301488758
0.16819599680602548 0.38387287296354777 0.36753820963203909 0.52409392837435009
0.6013206465169787 0.11972629316151143 0.11734134070575238 0.52409392837435009
0.36919371206313367 0.1320575624704361 0.25548926256597043 0.37707074278965591
0.4519871165044605 0.1320575624704361 0.25548926256597043 0.37707074278965591
0.36919371206313367 0.21921121999621393 0.25548926256597043 0.37707074278965591
0.36919371206313367 0.1320575624704361 0.42463216856122021 0.37707074278965591
0.36919371206313367 0.1320575624704361 0.25548926256597043 0.96677379779517647
0.4519871165044605 0.21921121999621393 0.42463216856122021 0.96677379779517647
0.64623659206554285 0.49721546992659571 0.47506091333925726 0.65472007267177101
0.25665066377259788 0.49721546992659571 0.47506091333925726 0.65472007267177101
0.64623659206554285 0.42230183854699133 0.47506091333925726 0.65472007267177101
0.64623659206554285 0.49721546992659571 0.28290275149047373 0.65472007267177101
0.64623659206554285 0.49721546992659571 0.47506091333925726 0.19429650530219078
0.25665066377259788 0.42230183854699133 0.28290275149047373 0.19429650530219078
0.57915599592961364 0.17192064113914968 0.34507849216461184 0.55272846499457962
0.30179112693294879 0.17192064113914968 0.34507849216461184 0.55272846499457962
0.57915599592961364 0.38498977124691014 0.34507849216461184 0.55272846499457962
0.57915599592961364 0.17192064113914968 0.49685501269996168 0.55272846499457962
0.57915599592961364 0.17192064113914968 0.34507849216461184 0.75969414127990609
0.30179112693294879 0.38498977124691014 0.49685501269996168 0.75969414127990609
0.23029533880762754 0.40735468082129955 0.12394446656107903 0.46265728749334811
0.48699604650028044 0.40735468082129955 0.12394446656107903 0.46265728749334811
0.23029533880762754 0.18190172761678697 0.12394446656107903 0.46265728749334811
0.23029533880762754 0.40735468082129955 0.21124145463109018 0.46265728749334811
0.23029533880762754 0.40735468082129955 0.12394446656107903 0.12689089840278028
0.48699604650028044 0.18190172761678697 0.21124145463109018 0.12689089840278028
0.10135344504378735 0.25877097323536874 0.41236052960157399 0.81884520944207906
0.64774551461450747 0.25877097323536874 0.41236052960157399 0.81884520944207906
0.10135344504378735 0.28241355977952481 0.41236052960157399 0.81884520944207906
0.10135344504378735 0.25877097323536874 0.30612345449626444 0.81884520944207906
0.10135344504378735 0.25877097323536874 0.41236052960157399 0.44517075354233387
0.64774551461450747 0.28241355977952481 0.30612345449626444 0.44517075354233387
0.38353425716049966 0.32372166365385058 0.23185731247067454 0.17370709476992485
0.14230125732719898 0.32372166365385058 0.23185731247067454 0.17370709476992485
0.38353425716049966 0.4854544918984175 0.23185731247067454 0.17370709476992485
0.38353425716049966 0.32372166365385058 0.18929560557007791 0.17370709476992485
0.38353425716049966 0.32372166365385058 0.23185731247067454 0.71584251152351497
0.14230125732719898 0.4854544918984175 0.18929560557007791 0.71584251152351497
0.42611177880316964 0.12326032035052777 0.42634746581315996 0.41963467605412008
0.5477870137430727 0.12326032035052777 0.42634746581315996 0.41963467605412008
0.42611177880316964 0.43895140774548058 0.42634746581315996 0.41963467605412008
0.42611177880316964 0.12326032035052777 0.46116699203848843 0.41963467605412008
0.42611177880316964 0.12326032035052777 0.42634746581315996 0.87536306988447909
0.5477870137430727 0.43895140774548058 0.46116699203848843 0.87536306988447909
0.05829740716144443 0.45674742348492148 0.20521474853157998 0.57483260700479155
0.078528660023584967 0.45674742348492148 0.20521474853157998 0.57483260700479155
0.05829740716144443 0.24201475121080876 0.20521474853157998 0.57483260700479155
0.05829740716144443 0.45674742348492148 0.24673416577279569 0.57483260700479155
0.05829740716144443 0.45674742348492148 0.20521474853157998 0.041605811752378943
0.078528660023584967 0.24201475121080876 0.24673416577279569 0.041605811752378943
0.2543852535076439 0.20854824930429461 0.31862973868846894 0.21858582345768807
0.243731497740373 0.20854824930429461 0.31862973868846894 0.21858582345768807
0.2543852535076439 0.14096579924225808 0.31862973868846894 0.21858582345768807
0.2543852535076439 0.20854824930429461 0.33937007114291196 0.21858582345768807
0.2543852535076439 0.20854824930429461 0.31862973868846894 0.4538990627974272
0.243731497740373 0.14096579924225808 0.33937007114291196 0.4538990627974272
0.55553963594138622 0.37467680945992476 0.13812821730971336 0.79871681358665225
0.38386364001780743 0.37467680945992476 0.13812821730971336 0.79871681358665225
0.55553963594138622 0.33785191103816037 0.13812821730971336 0.79871681358665225
0.55553963594138622 0.37467680945992476 0.15624430440366269 0.79871681358665225
0.55553963594138622 0.37467680945992476 0.13812821730971336 0.67672661826014524
0.38386364001780743 0.33785191103816037 0.15624430440366269 0.67672661826014524
0.69411319135688243 0.29997402168810372 0.28236538730561733 0.89879341138526803
0.49993396657519035 0.29997402168810372 0.28236538730561733 0.89879341138526803
0.69411319135688243 0.45015258044004447 0.28236538730561733 0.89879341138526803
0.69411319135688243 0.29997402168810372 0.36726917885243893 0.89879341138526803
0.69411319135688243 0.29997402168810372 0.28236538730561733 0.29256981087848544
0.49993396657519035 0.45015258044004447 0.36726917885243893 0.29256981087848544
0.32116086338646704 0.33325332663953305 0.46130428351461894 0.13108426522463559
0.36997271552681915 0.33325332663953305 0.46130428351461894 0.13108426522463559
0.32116086338646704 0.25326236784458162 0.46130428351461894 0.13108426522463559
0.32116086338646704 0.33325332663953305 0.12773486897349359 0.13108426522463559
0.32116086338646704 0.33325332663953305 0.46130428351461894 0.62446172004565592
0.36997271552681915 0.25326236784458162 0.12773486897349359 0.62446172004565592
0.19710899242199953 0.18184693977236749 0.17425655238330365 0.74750991545617584
0.19589331699535251 0.18184693977236749 0.17425655238330365 0.74750991545617584
0.19710899242199953 0.1543145637959242 0.17425655238330365 0.74750991545617584
0.19710899242199953 0.18184693977236749 0.43297491632401941 0.74750991545617584
0.19710899242199953 0.18184693977236749 0.17425655238330365 0.91235670918598766
0.19589331699535251 0.1543145637959242 0.43297491632401941 0.91235670918598766
0.49328411477617912 0.44815851449966437 0.39382684715092187 0.28989014053717255
0.67529280972667038 0.44815851449966437 0.39382684715092187 0.28989014053717255
0.49328411477617912 0.35124883614480495 0.39382684715092187 0.28989014053717255
0.49328411477617912 0.44815851449966437 0.27475531920790675 0.28989014053717255
0.49328411477617912 0.44815851449966437 0.39382684715092187 0.21833343194797633
0.67529280972667038 0.35124883614480495 0.27475531920790675 0.21833343194797633
0.46019268999807528 0.19562261290848257 0.22339862622320653 0.85066791683435439
0.278540195338428 0.19562261290848257 0.22339862622320653 0.85066791683435439
0.46019268999807528 0.27300640121102338 0.22339862622320653 0.85066791683435439
0.46019268999807528 0.19562261290848257 0.11091697290539743 0.85066791683435439
0.46019268999807528 0.19562261290848257 0.22339862622320653 0.89101564958691593
0.278540195338428 0.27300640121102338 0.11091697290539743 0.89101564958691593
0.18941300646401943 0.43672659210860731 0.44601457677781586 0.14427600534632801
0.42882804884575298 0.43672659210860731 0.44601457677781586 0.14427600534632801
0.18941300646401943 0.46986771747469902 0.44601457677781586 0.14427600534632801
0.18941300646401943 0.43672659210860731 0.39405418448150165 0.14427600534632801
0.18941300646401943 0.43672659210860731 0.44601457677781586 0.23943055890500545
0.42882804884575298 0.46986771747469902 0.39405418448150165 0.23943055890500545
0.30854576346464452 0.28540487363934519 0.13404042012989523 0.52329838683828711
0.58387455181218684 0.28540487363934519 0.13404042012989523 0.52329838683828711
0.30854576346464452 0.36935587413609028 0.13404042012989523 0.52329838683828711
0.30854576346464452 0.28540487363934519 0.28893658891320229 0.52329838683828711
0.30854576346464452 0.28540487363934519 0.13404042012989523 0.31737665329128506
0.58387455181218684 0.36935587413609028 0.28893658891320229 0.31737665329128506
0.66625826335512095 0.34391622394323351 0.30978717915713788 0.49448088932782414
0.12477314667776226 0.34391622394323351 0.30978717915713788 0.49448088932782414
0.66625826335512095 0.17254166938364507 0.30978717915713788 0.49448088932782414
0.66625826335512095 0.34391622394323351 0.40335797183215616 0.49448088932782414
0.66625826335512095 0.34391622394323351 0.30978717915713788 0.59989132981747395
0.12477314667776226 0.17254166938364507 0.40335797183215616 0.59989132981747395
0.55783855468034738 0.21901574097573759 0.46652745977044108 0.34572933292016389
0.16992352684028444 0.21901574097573759 0.46652745977044108 0.34572933292016389
0.55783855468034738 0.23484148196876051 0.46652745977044108 0.34572933292016389
0.55783855468034738 0.21901574097573759 0.21692112199962141 0.34572933292016389
0.55783855468034738 0.21901574097573759 0.46652745977044108 0.49381261961534623
0.16992352684028444 0.23484148196876051 0.21692112199962141 0.49381261961534623
0.29223650032654402 0.36030306853353977 0.28921807557344437 0.68462498281151052
0.61885372838005415 0.36030306853353977 0.28921807557344437 0.68462498281151052
0.29223650032654402 0.43165330253541467 0.28921807557344437 0.68462498281151052
0.29223650032654402 0.36030306853353977 0.47515368834137917 0.68462498281151052
0.29223650032654402 0.36030306853353977 0.28921807557344437 0.63657847845926885
0.61885372838005415 0.43165330253541467 0.47515368834137917 0.63657847845926885
0.08139003356918692 0.11202380359172821 0.37755939587950704 0.075781468003988259
0.47524299509823315 0.11202380359172821 0.37755939587950704 0.075781468003988259
0.08139003356918692 0.33216838687658312 0.37755939587950704 0.075781468003988259
0.08139003356918692 0.11202380359172821 0.18244415931403637 0.075781468003988259
0.08139003356918692 0.11202380359172821 0.37755939587950704 0.83892265951260925
0.47524299509823315 0.33216838687658312 0.18244415931403637 0.83892265951260925
0.44412146639078848 0.47032768949866299 0.15338102281093599 0.96209522711113094
0.31481369505636392 0.47032768949866299 0.15338102281093599 0.96209522711113094
0.44412146639078848 0.13530296981334688 0.15338102281093599 0.96209522711113094
0.44412146639078848 0.47032768949866299 0.32196549847722056 0.96209522711113094
0.44412146639078848 0.47032768949866299 0.15338102281093599 0.07828828556463123
0.31481369505636392 0.13530296981334688 0.32196549847722056 0.07828828556463123
0.40614322540350251 0.27000758983194828 0.36029487177729613 0.7180826264992356
0.3955969954375177 0.27000758983194828 0.36029487177729613 0.7180826264992356
0.40614322540350251 0.18870298191905022 0.36029487177729613 0.7180826264992356
0.40614322540350251 0.27000758983194828 0.22508228942751884 0.7180826264992356
0.40614322540350251 0.27000758983194828 0.36029487177729613 0.40875744476914405
0.3955969954375177 0.18870298191905022 0.22508228942751884 0.40875744476914405
0.11888968325220048 0.31014129780232907 0.18298379182815552 0.32170905476436018
0.23072859654203054 0.31014129780232907 0.18298379182815552 0.32170905476436018
0.11888968325220048 0.39186646118760116 0.18298379182815552 0.32170905476436018
0.11888968325220048 0.31014129780232907 0.466797211393714 0.32170905476436018
0.11888968325220048 0.31014129780232907 0.18298379182815552 0.75249227248132233
0.23072859654203054 0.39186646118760116 0.466797211393714 0.75249227248132233
0.23307297597639259 0.16145306155085565 0.49632704332470901 0.9306133295781911
0.050926396436989312 0.16145306155085565 0.49632704332470901 0.9306133295781911
0.23307297597639259 0.49081427790224552 0.49632704332470901 0.9306133295781911
0.23307297597639259 0.16145306155085565 0.17203690037131308 0.9306133295781911
0.23307297597639259 0.16145306155085565 0.49632704332470901 0.79957311604171988
0.050926396436989312 0.49081427790224552 0.17203690037131308 0.79957311604171988
0.61747571364976461 0.42172850966453557 0.27214736193418504 0.10165786340832711
0.57665882310830052 0.42172850966453557 0.27214736193418504 0.10165786340832711
0.61747571364976461 0.28760673888027666 0.27214736193418504 0.10165786340832711
0.61747571364976461 0.42172850966453557 0.33256807290017609 0.10165786340832711
0.61747571364976461 0.42172850966453557 0.27214736193418504 0.08676799099892378
0.57665882310830052 0.28760673888027666 0.33256807290017609 0.08676799099892378
0.63346015652641652 0.14662661068141461 0.10466795749962331 0.24849440993741154
0.69275890067219725 0.14662661068141461 0.10466795749962331 0.24849440993741154
0.63346015652641652 0.10029400549829007 0.10466795749962331 0.24849440993741154
0.63346015652641652 0.14662661068141461 0.14397895894944668 0.24849440993741154
0.63346015652641652 0.14662661068141461 0.10466795749962331 0.99161335306242104
0.69275890067219725 0.10029400549829007 0.14397895894944668 0.99161335306242104
0.34118769597262139 0.48655267246067524 0.32728526405990122 0.76737172007560728
0.17715769964270295 0.48655267246067524 0.32728526405990122 0.76737172007560728
0.34118769597262139 0.30350545458495615 0.32728526405990122 0.76737172007560728
0.34118769597262139 0.48655267246067524 0.36079688891768458 0.76737172007560728
0.34118769597262139 0.48655267246067524 0.32728526405990122 0.16969901347532867
0.17715769964270295 0.30350545458495615 0.36079688891768458 0.16969901347532867
0.13527084738016126 0.234846468269825 0.24030922390520573 0.38829047698527575
0.34806349766440686 0.234846468269825 0.24030922390520573 0.38829047698527575
0.13527084738016126 0.4045543938875199 0.24030922390520573 0.38829047698527575
0.13527084738016126 0.234846468269825 0.25343320034444333 0.38829047698527575
0.13527084738016126 0.234846468269825 0.24030922390520573 0.34117992972955108
0.34806349766440686 0.4045543938875199 0.25343320034444333 0.34117992972955108
0.51449598008766761 0.3953047074377537 0.41605772636830807 0.60474220475181939
0.52311271084472533 0.3953047074377537 0.41605772636830807 0.60474220475181939
0.51449598008766761 0.20139348953962327 0.41605772636830807 0.60474220475181939
0.51449598008766761 0.3953047074377537 0.43905667588114738 0.60474220475181939
0.51449598008766761 0.3953047074377537 0.41605772636830807 0.54522563738748431
0.52311271084472533 0.20139348953962327 0.43905667588114738 0.54522563738748431
0.50172218633815646 0.1280938755720854 0.32451308444142346 0.9425052380003035
0.14005933622829614 0.1280938755720854 0.32451308444142346 0.9425052380003035
0.50172218633815646 0.29935142397880554 0.32451308444142346 0.9425052380003035
0.50172218633815646 0.1280938755720854 0.29399803653359413 0.9425052380003035
0.50172218633815646 0.1280938755720854 0.32451308444142346 0.72953434705734255
0.14005933622829614 0.29935142397880554 0.29399803653359413 0.72953434705734255
0.14788723308593033 0.49263538010418417 0.14410781711339951 0.052303656265139581
0.64994749166071408 0.49263538010418417 0.14410781711339951 0.052303656265139581
0.14788723308593033 0.4962631896138191 0.14410781711339951 0.052303656265139581
0.14788723308593033 0.49263538010418417 0.41077780835330491 0.052303656265139581
0.14788723308593033 0.49263538010418417 0.14410781711339951 0.40108942098915579
0.64994749166071408 0.4962631896138191 0.41077780835330491 0.40108942098915579
0.34888491444289677 0.2412145033478737 0.43203560039401057 0.67652030330151325
0.48475474407896391 0.2412145033478737 0.43203560039401057 0.67652030330151325
0.34888491444289677 0.39579865001142023 0.43203560039401057 0.67652030330151325
0.34888491444289677 0.2412145033478737 0.10351177528500558 0.67652030330151325
0.34888491444289677 0.2412145033478737 0.43203560039401057 0.1097260843589902
0.48475474407896391 0.39579865001142023 0.10351177528500558 0.1097260843589902
0.62592282565310597 0.37628828063607223 0.21099893450737001 0.34139308078214525
0.30399248530156908 0.37628828063607223 0.21099893450737001 0.34139308078214525
0.62592282565310597 0.19883939139544965 0.21099893450737001 0.34139308078214525
0.62592282565310597 0.37628828063607223 0.38897809796035288 0.34139308078214525
0.62592282565310597 0.37628828063607223 0.21099893450737001 0.80724097188562161
0.30399248530156908 0.19883939139544965 0.38897809796035288 0.80724097188562161
0.59946475480683148 0.25138932205736642 0.16851966716349126 0.49875698383897543
0.26900866078212854 0.25138932205736642 0.16851966716349126 0.49875698383897543
0.59946475480683148 0.21152684725821019 0.16851966716349126 0.49875698383897543
0.59946475480683148 0.25138932205736642 0.17500217370688917 0.49875698383897543
0.59946475480683148 0.25138932205736642 0.16851966716349126 0.14674208106473088
0.26900866078212854 0.21152684725821019 0.17500217370688917 0.14674208106473088
0.25060906647704539 0.3161142256110907 0.38799375556409366 0.53146230397745964
0.43958979533053927 0.3161142256110907 0.38799375556409366 0.53146230397745964
0.25060906647704539 0.40848963446915154 0.38799375556409366 0.53146230397745964
0.25060906647704539 0.3161142256110907 0.3168773241341114 0.53146230397745964
0.25060906647704539 0.3161142256110907 0.38799375556409366 0.98394620547071099
0.43958979533053927 0.40848963446915154 0.3168773241341114 0.98394620547071099
0.12166719692759215 0.16793106719851494 0.2764330882579088 0.16769365945830941
0.61367926462553435 0.16793106719851494 0.2764330882579088 0.16769365945830941
0.12166719692759215 0.30895131453871727 0.2764330882579088 0.16769365945830941
0.12166719692759215 0.16793106719851494 0.22201935760676861 0.16769365945830941
0.12166719692759215 0.16793106719851494 0.2764330882579088 0.56818285455927253
0.61367926462553435 0.30895131453871727 0.22201935760676861 0.56818285455927253
0.40384305962361389 0.40279742479324343 0.45527598075568676 0.87031714357435708
0.093659573607146746 0.40279742479324343 0.45527598075568676 0.87031714357435708
0.40384305962361389 0.11204174235463144 0.45527598075568676 0.87031714357435708
0.40384305962361389 0.40279742479324343 0.4825856126844883 0.87031714357435708
0.40384305962361389 0.40279742479324343 0.45527598075568676 0.34884679256007078
0.093659573607146746 0.11204174235463144 0.4825856126844883 0.34884679256007078
0.44642302207648749 0.20003744922578337 0.26229970343410969 0.62624474493786697
0.66293469769880176 0.20003744922578337 0.26229970343410969 0.62624474493786697
0.44642302207648749 0.16549058109521866 0.26229970343410969 0.62624474493786697
0.44642302207648749 0.20003744922578337 0.16695239767432213 0.62624474493786697
0.44642302207648749 0.20003744922578337 0.26229970343410969 0.26241860330104827
0.66293469769880176 0.16549058109521866 0.16695239767432213 0.26241860330104827
0.07861359985545277 0.36673367656767375 0.48177204839885235 0.41368107344955207
0.20829145056195553 0.36673367656767375 0.48177204839885235 0.41368107344955207
0.07861359985545277 0.36860055923461921 0.48177204839885235 0.41368107344955207
0.07861359985545277 0.36673367656767375 0.32512241564691069 0.41368107344955207
0.07861359985545277 0.36673367656767375 0.48177204839885235 0.89865352518856523
0.20829145056195553 0.36860055923461921 0.32512241564691069 0.89865352518856523
0.27470149947330352 0.11814159452915192 0.195212597027421 0.77739081986248493
0.35761522459797557 0.11814159452915192 0.195212597027421 0.77739081986248493
0.27470149947330352 0.46750412695109844 0.195212597027421 0.77739081986248493
0.27470149947330352 0.11814159452915192 0.23251054212450983 0.77739081986248493
0.27470149947330352 0.11814159452915192 0.195212597027421 0.57690357018262151
0.35761522459797557 0.46750412695109844 0.23251054212450983 0.57690357018262151
0.57585091311484571 0.4518544755876065 0.37405413351953032 0.25474531600251793
0.51233147904276843 0.4518544755876065 0.37405413351953032 0.25474531600251793
0.57585091311484571 0.26443859003484249 0.37405413351953032 0.25474531600251793
0.57585091311484571 0.4518544755876065 0.47189911864697931 0.25474531600251793
0.57585091311484571 0.4518544755876065 0.37405413351953032 0.30973849292844535
0.51233147904276843 0.26443859003484249 0.47189911864697931 0.30973849292844535
0.67379698413424194 0.17675410099327565 0.40579425320029261 0.095466428622603419
0.3861048286315053 0.17675410099327565 0.40579425320029261 0.095466428622603419
0.67379698413424194 0.12673821039497854 0.40579425320029261 0.095466428622603419
0.67379698413424194 0.17675410099327565 0.26084907911717892 0.095466428622603419
0.67379698413424194 0.17675410099327565 0.40579425320029261 0.65956552984192973
0.3861048286315053 0.12673821039497854 0.26084907911717892 0.65956552984192973
0.30084962495602663 0.44324273280799387 0.22539029419422152 0.92053383851423864
0.24152971077710389 0.44324273280799387 0.22539029419422152 0.92053383851423864
0.30084962495602663 0.32980174459517003 0.22539029419422152 0.92053383851423864
0.30084962495602663 0.44324273280799387 0.44412208124995234 0.92053383851423864
0.30084962495602663 0.44324273280799387 0.22539029419422152 0.50144961902871721
0.24152971077710389 0.32980174459517003 0.44412208124995234 0.50144961902871721
0.17679771040566267 0.29143732264637945 0.3383170045912266 0.29637792957946657
0.080770467314869171 0.29143732264637945 0.3383170045912266 0.29637792957946657
0.17679771040566267 0.43090103939175606 0.3383170045912266 0.29637792957946657
0.17679771040566267 0.29143732264637945 0.1389068301767111 0.29637792957946657
0.17679771040566267 0.29143732264637945 0.3383170045912266 0.055301402118057008
0.080770467314869171 0.43090103939175606 0.1389068301767111 0.055301402118057008
0.47296788333915168 0.32533303946256642 0.1172820344567299 0.69651969503611322
0.54558460810221732 0.32533303946256642 0.1172820344567299 0.69651969503611322
0.47296788333915168 0.22778734192252159 0.1172820344567299 0.69651969503611322
0.47296788333915168 0.32533303946256642 0.35338773354887965 0.69651969503611322
0.47296788333915168 0.32533303946256642 0.1172820344567299 0.83128549216315151
0.54558460810221732 0.22778734192252159 0.35338773354887965 0.83128549216315151
0.48050888753496102 0.28099415637552738 0.49059018194675452 0.19903775265440343
0.33288427032530304 0.28099415637552738 0.49059018194675452 0.19903775265440343
0.48050888753496102 0.34959354512393476 0.49059018194675452 0.19903775265440343
0.48050888753496102 0.28099415637552738 0.41718906238675124 0.19903775265440343
0.48050888753496102 0.28099415637552738 0.49059018194675452 0.033960232995450493
0.33288427032530304 0.34959354512393476 0.41718906238675124 0.033960232995450493
0.2097242545802146 0.3396824564784765 0.2663142465054989 0.84040767360478641
0.45713247577659777 0.3396824564784765 0.2663142465054989 0.84040767360478641
0.2097242545802146 0.14640555642545225 0.2663142465054989 0.84040767360478641
0.2097242545802146 0.3396824564784765 0.27781498245894909 0.84040767360478641
0.2097242545802146 0.3396824564784765 0.2663142465054989 0.85238272864371534
0.45713247577659777 0.14640555642545225 0.27781498245894909 0.85238272864371534
0.32885703579522663 0.18796630427241326 0.35436259657144553 0.46884825497865679
0.63692492474801832 0.18796630427241326 0.35436259657144553 0.46884825497865679
0.32885703579522663 0.24594388753175736 0.35436259657144553 0.46884825497865679
0.32885703579522663 0.18796630427241326 0.38295737281441689 0.46884825497865679
0.32885703579522663 0.18796630427241326 0.35436259657144553 0.68437202908098693
0.63692492474801832 0.24594388753175736 0.38295737281441689 0.68437202908098693
0.68657450447790325 0.42968677878379824 0.17695546522736549 0.56280748875811692
0.15181238641962408 0.42968677878379824 0.17695546522736549 0.56280748875811692
0.68657450447790325 0.44907866120338447 0.17695546522736549 0.56280748875811692
0.68657450447790325 0.42968677878379824 0.12477285973727703 0.56280748875811692
0.68657450447790325 0.42968677878379824 0.17695546522736549 0.47687957197427749
0.15181238641962408 0.44907866120338447 0.12477285973727703 0.47687957197427749
0.53752732109278434 0.10439042560756207 0.24619259350001813 0.64470050558447833
0.11681864247657359 0.10439042560756207 0.24619259350001813 0.64470050558447833
0.53752732109278434 0.36137914136052129 0.24619259350001813 0.64470050558447833
0.53752732109278434 0.10439042560756207 0.31118607036769391 0.64470050558447833
0.53752732109278434 0.10439042560756207 0.24619259350001813 0.61681701747700568
0.11681864247657359 0.36137914136052129 0.31118607036769391 0.61681701747700568
0.27192029794678091 0.46326189525425432 0.42203730233013637 0.37081936942413452
0.59178973184898498 0.46326189525425432 0.42203730233013637 0.37081936942413452
0.27192029794678091 0.15824064835906029 0.42203730233013637 0.37081936942413452
0.27192029794678091 0.46326189525425432 0.19671508446335795 0.37081936942413452
0.27192029794678091 0.46326189525425432 0.42203730233013637 0.26959046265110376
0.59178973184898498 0.15824064835906029 0.19671508446335795 0.26959046265110376
0.061073797289282084 0.21458208113908769 0.11035611592233181 0.97193262552842496
0.42087416332215066 0.21458208113908769 0.11035611592233181 0.97193262552842496
0.061073797289282084 0.25870517678558824 0.11035611592233181 0.97193262552842496
0.061073797289282084 0.21458208113908769 0.48944864682853229 0.97193262552842496
0.061073797289282084 0.21458208113908769 0.11035611592233181 0.22597784975543617
0.42087416332215066 0.25870517678558824 0.48944864682853229 0.22597784975543617
0.42381017953157418 0.35609529390931127 0.3330694261938334 0.020484606958925726
0.28645475669763981 0.35609529390931127 0.3330694261938334 0.020484606958925726
0.42381017953157418 0.46189116276800635 0.3330694261938334 0.020484606958925726
0.42381017953157418 0.35609529390931127 0.20616572573781014 0.020484606958925726
0.42381017953157418 0.35609529390931127 0.3330694261938334 0.93533634217455985
0.28645475669763981 0.46189116276800635 0.20616572573781014 0.93533634217455985
0.38583445684052997 0.15338633246719838 0.12747411988675594 0.26647201912477614
0.53106709760613735 0.15338633246719838 0.12747411988675594 0.26647201912477614
0.38583445684052997 0.41524159573018549 0.12747411988675594 0.26647201912477614
0.38583445684052997 0.15338633246719838 0.34678711816668512 0.26647201912477614
0.38583445684052997 0.15338633246719838 0.12747411988675594 0.53176920261234051
0.53106709760613735 0.41524159573018549 0.34678711816668512 0.53176920261234051
0.098575965268537402 0.41343591026961801 0.30332018472254274 0.72786022141575812
0.34014913244172923 0.41343591026961801 0.30332018472254274 0.72786022141575812
0.098575965268537402 0.21845285408198833 0.30332018472254274 0.72786022141575812
0.098575965268537402 0.41343591026961801 0.16130935214459896 0.72786022141575812
0.098575965268537402 0.41343591026961801 0.30332018472254274 0.38549689669162035
0.34014913244172923 0.21845285408198833 0.16130935214459896 0.38549689669162035
0.21275921440683304 0.26514058187603951 0.21663711480796338 0.12680770341306924
0.18511270508170125 0.26514058187603951 0.21663711480796338 0.12680770341306924
0.21275921440683304 0.11735354661941529 0.21663711480796338 0.12680770341306924
0.21275921440683304 0.26514058187603951 0.45609369501471519 0.12680770341306924
0.21275921440683304 0.26514058187603951 0.21663711480796338 0.18662094630300996
0.18511270508170125 0.11735354661941529 0.45609369501471519 0.18662094630300996
0.59716692087240519 0.30470671504735947 0.43935216851532466 0.89062902694568036
0.68484391677193335 0.30470671504735947 0.43935216851532466 0.89062902694568036
0.59716692087240519 0.31419245153665543 0.43935216851532466 0.89062902694568036
0.59716692087240519 0.30470671504735947 0.23932536803185941 0.89062902694568036
0.59716692087240519 0.30470671504735947 0.43935216851532466 0.9438234075903893
0.68484391677193335 0.31419245153665543 0.23932536803185941 0.9438234075903893
0.65377387935295694 0.23000240288674834 0.38436981290578842 0.8068210257962346
0.55858750808984037 0.23000240288674834 0.38436981290578842 0.8068210257962346
0.65377387935295694 0.47688057646155357 0.38436981290578842 0.8068210257962346
0.65377387935295694 0.23000240288674834 0.42788929305970669 0.8068210257962346
0.65377387935295694 0.23000240288674834 0.38436981290578842 0.13456529645249246
0.55858750808984037 0.47688057646155357 0.42788929305970669 0.13456529645249246
0.36149645000696179 0.38984413184225564 0.16009218171238901 0.22292160829529165
0.069037113105878234 0.38984413184225564 0.16009218171238901 0.22292160829529165
0.36149645000696179 0.28004386499524114 0.16009218171238901 0.22292160829529165
0.36149645000696179 0.38984413184225564 0.26731006726622586 0.22292160829529165
0.36149645000696179 0.38984413184225564 0.16009218171238901 0.7826438232325017
0.069037113105878234 0.28004386499524114 0.26731006726622586 0.7826438232325017
0.15557965468615292 0.13853695094585419 0.47314246296882634 0.59442212881520395
0.21265790262259543 0.13853695094585419 0.47314246296882634 0.59442212881520395
0.15557965468615292 0.18114030994474889 0.47314246296882634 0.59442212881520395
0.15557965468615292 0.13853695094585419 0.37469855211675174 0.59442212881520395
0.15557965468615292 0.13853695094585419 0.47314246296882634 0.70816794553771611
0.21265790262259543 0.18114030994474889 0.37469855211675174 0.70816794553771611
0.53480973681434985 0.47828605398535728 0.29573402330279353 0.44311202049255372
0.41370709100738162 0.47828605398535728 0.29573402330279353 0.44311202049255372
0.53480973681434985 0.37793258018791676 0.29573402330279353 0.44311202049255372
0.53480973681434985 0.47828605398535728 0.1328363709151745 0.44311202049255372
0.53480973681434985 0.47828605398535728 0.29573402330279353 0.4222212395258248
0.41370709100738162 0.37793258018791676 0.1328363709151745 0.4222212395258248
0.53581396616064003 0.29443336166441442 0.37613404020667074 0.56572119172662494
0.254202532954514 0.29443336166441442 0.37613404020667074 0.56572119172662494
0.53581396616064003 0.22927745468914509 0.37613404020667074 0.56572119172662494
0.53581396616064003 0.29443336166441442 0.4502093758434057 0.56572119172662494
0.53581396616064003 0.29443336166441442 0.37613404020667074 0.334059629496187
0.254202532954514 0.22927745468914509 0.4502093758434057 0.334059629496187
0.15207607564516365 0.33572048507630825 0.1550013452768326 0.47179569302126767
0.45464260480366642 0.33572048507630825 0.1550013452768326 0.47179569302126767
0.15207607564516365 0.42609060741961002 0.1550013452768326 0.47179569302126767
0.15207607564516365 0.33572048507630825 0.24208509251475335 0.47179569302126767
0.15207607564516365 0.33572048507630825 0.1550013452768326 0.54396727038547399
0.45464260480366642 0.42609060741961002 0.24208509251475335 0.54396727038547399
0.36238660053350025 0.18743604049086571 0.46802525892853741 0.83555035868659611
0.59888800927437835 0.18743604049086571 0.46802525892853741 0.83555035868659611
0.36238660053350025 0.32562740221619607 0.46802525892853741 0.83555035868659611
0.36238660053350025 0.18743604049086571 0.34720268808305266 0.83555035868659611
0.36238660053350025 0.18743604049086571 0.46802525892853741 0.98521161483600739
0.59888800927437835 0.32562740221619607 0.34720268808305266 0.98521161483600739
0.65030495594255622 0.44573980867862706 0.28752375990152357 0.19420675076544283
0.10867766449227928 0.44573980867862706 0.28752375990152357 0.19420675076544283
0.65030495594255622 0.12876408621668817 0.28752375990152357 0.19420675076544283
0.65030495594255622 0.44573980867862706 0.15776837691664697 0.19420675076544283
0.65030495594255622 0.44573980867862706 0.28752375990152357 0.16915944213047623
0.10867766449227928 0.12876408621668817 0.15776837691664697 0.16915944213047623
0.59551302921026938 0.12103692702949048 0.13254221566021443 0.032998849097639324
0.14479704690165818 0.12103692702949048 0.13254221566021443 0.032998849097639324
0.59551302921026938 0.26607596129179001 0.13254221566021443 0.032998849097639324
0.59551302921026938 0.12103692702949048 0.36881536468863485 0.032998849097639324
0.59551302921026938 0.12103692702949048 0.13254221566021443 0.7943715221062303
0.14479704690165818 0.26607596129179001 0.36881536468863485 0.7943715221062303
0.2169124557636678 0.46214121170341971 0.31148113720118997 0.98442060939967635
0.64513907982036467 0.46214121170341971 0.31148113720118997 0.98442060939967635
0.2169124557636678 0.46293708384037024 0.31148113720118997 0.98442060939967635
0.2169124557636678 0.46214121170341971 0.13559420071542264 0.98442060939967635
0.2169124557636678 0.46214121170341971 0.31148113720118997 0.083600205294787885
0.64513907982036467 0.46293708384037024 0.13559420071542264 0.083600205294787885
0.09704610938206315 0.21082009524106982 0.22482433952391148 0.36024968843907118
0.48945773616433136 0.21082009524106982 0.22482433952391148 0.36024968843907118
0.09704610938206315 0.36340315155684955 0.22482433952391148 0.36024968843907118
0.09704610938206315 0.21082009524106982 0.42830372974276543 0.36024968843907118
0.09704610938206315 0.21082009524106982 0.22482433952391148 0.40427260205149651
0.48945773616433136 0.36340315155684955 0.42830372974276543 0.40427260205149651
0.38994308561086649 0.36933146193623545 0.44439465962350366 0.63409703476354484
0.29919894593767821 0.36933146193623545 0.44439465962350366 0.63409703476354484
0.38994308561086649 0.16658647023141385 0.44439465962350366 0.63409703476354484
0.38994308561086649 0.36933146193623545 0.26377098821103573 0.63409703476354484
0.38994308561086649 0.36933146193623545 0.44439465962350366 0.75004147164523605
0.29919894593767821 0.16658647023141385 0.26377098821103573 0.75004147164523605
0.42228524521924549 0.17121091969311236 0.23881136514246465 0.87811056815087796
0.38121318952180439 0.17121091969311236 0.23881136514246465 0.87811056815087796
0.42228524521924549 0.10742549039423466 0.23881136514246465 0.87811056815087796
0.42228524521924549 0.17121091969311236 0.38566641025245196 0.87811056815087796
0.42228524521924549 0.17121091969311236 0.23881136514246465 0.83156391924247142
0.38121318952180439 0.10742549039423466 0.38566641025245196 0.83156391924247142
0.065177429420873526 0.41113714091479781 0.41775198243558409 0.11432303810492159
0.246174590755254 0.41113714091479781 0.41775198243558409 0.11432303810492159
0.065177429420873526 0.31063789613544945 0.41775198243558409 0.11432303810492159
0.065177429420873526 0.41113714091479781 0.11893846467137337 0.11432303810492159
0.065177429420873526 0.41113714091479781 0.41775198243558409 0.076791712176054711
0.246174590755254 0.31063789613544945 0.11893846467137337 0.076791712176054711
0.27028132355771955 0.25943149104714391 0.10609334893524647 0.73843506826087835
0.075903628580272192 0.25943149104714391 0.10609334893524647 0.73843506826087835
0.27028132355771955 0.40953707620501523 0.10609334893524647 0.73843506826087835
0.27028132355771955 0.25943149104714391 0.41369877569377422 0.73843506826087835
0.27028132355771955 0.25943149104714391 0.10609334893524647 0.48764932142570616
0.075903628580272192 0.40953707620501523 0.41369877569377422 0.48764932142570616
0.54166572508402167 0.31988998800516133 0.32566497735679151 0.27707312058657407
0.55022453381679948 0.31988998800516133 0.32566497735679151 0.27707312058657407
0.54166572508402167 0.20637788549065592 0.32566497735679151 0.27707312058657407
0.54166572508402167 0.31988998800516133 0.27818062677979472 0.27707312058657407
0.54166572508402167 0.31988998800516133 0.32566497735679151 0.63627711350098248
0.55022453381679948 0.20637788549065592 0.27818062677979472 0.63627711350098248
0.68746965164318674 0.24459506534039976 0.4949012942612171 0.44019416658207777
0.67789436168968675 0.24459506534039976 0.4949012942612171 0.44019416658207777
0.68746965164318674 0.194077405333519 0.4949012942612171 0.44019416658207777
0.68746965164318674 0.24459506534039976 0.49215960279107096 0.44019416658207777
0.68746965164318674 0.24459506534039976 0.4949012942612171 0.31193475011736155
0.67789436168968675 0.194077405333519 0.49215960279107096 0.31193475011736155
0.32538319081068034 0.38472870327532294 0.27376724332571034 0.59147795822471383
0.19340241025201976 0.38472870327532294 0.27376724332571034 0.59147795822471383
0.32538319081068034 0.39724031537771232 0.27376724332571034 0.59147795822471383
0.32538319081068034 0.38472870327532294 0.20033017508685591 0.59147795822471383
0.32538319081068034 0.38472870327532294 0.27376724332571034 0.59648346852511169
0.19340241025201976 0.39724031537771232 0.20033017508685591 0.59648346852511169
0.21074332129210233 0.13603533506393434 0.36179313585162165 0.22778402335941791
0.37256993432529267 0.13603533506393434 0.36179313585162165 0.22778402335941791
0.21074332129210233 0.49833827577531342 0.36179313585162165 0.22778402335941791
0.21074332129210233 0.13603533506393434 0.3076938636600971 0.22778402335941791
0.21074332129210233 0.13603533506393434 0.36179313585162165 0.88677111610770221
0.37256993432529267 0.49833827577531342 0.3076938636600971 0.88677111610770221
0.47699039122089737 0.49631043598055846 0.18128989338874818 0.81164970943704251
0.49746723910793655 0.49631043598055846 0.18128989338874818 0.81164970943704251
0.47699039122089737 0.29512787275016306 0.18128989338874818 0.81164970943704251
0.47699039122089737 0.49631043598055846 0.19708188585937025 0.81164970943704251
0.47699039122089737 0.49631043598055846 0.18128989338874818 0.2372198336571455
0.49746723910793655 0.29512787275016306 0.19708188585937025 0.2372198336571455
0.47453245176002379 0.14728407673537733 0.41086273044347765 0.32890455111861228
0.12233493528328836 0.14728407673537733 0.41086273044347765 0.32890455111861228
0.47453245176002379 0.3790284566581249 0.41086273044347765 0.32890455111861228
0.47453245176002379 0.14728407673537733 0.23600271306931975 0.32890455111861228
0.47453245176002379 0.14728407673537733 0.41086273044347765 0.91181611562147735
0.12233493528328836 0.3790284566581249 0.23600271306931975 0.91181611562147735
0.17273371238261459 0.48271794505417354 0.23355162814259531 0.66400569425895806
0.58650028426200151 0.48271794505417354 0.23355162814259531 0.66400569425895806
0.17273371238261459 0.17594288960099222 0.23355162814259531 0.66400569425895806
0.17273371238261459 0.48271794505417354 0.47153230533003809 0.66400569425895806
0.17273371238261459 0.48271794505417354 0.23355162814259531 0.21193090515211224
0.58650028426200151 0.17594288960099222 0.47153230533003809 0.21193090515211224
0.30244896523654458 0.23413979858160019 0.34650384783744814 0.062908373828977349
0.42638549217954269 0.23413979858160019 0.34650384783744814 0.062908373828977349
0.30244896523654458 0.27547683455049993 0.34650384783744814 0.062908373828977349
0.30244896523654458 0.23413979858160019 0.1642414774745703 0.062908373828977349
0.30244896523654458 0.23413979858160019 0.34650384783744814 0.29131246609613298
0.42638549217954269 0.27547683455049993 0.1642414774745703 0.29131246609613298
0.66961894603446126 0.39909021928906441 0.12232414409518243 0.95307645414024589
0.28119009980000553 0.39909021928906441 0.12232414409518243 0.95307645414024589
0.66961894603446126 0.47851796038448813 0.12232414409518243 0.95307645414024589
0.66961894603446126 0.39909021928906441 0.33095797821879391 0.95307645414024589
0.66961894603446126 0.39909021928906441 0.12232414409518243 0.61734220838174225
0.28119009980000553 0.47851796038448813 0.33095797821879391 0.61734220838174225
0.57491613184101875 0.27398841418325903 0.25406354926526548 0.86736934592947368
0.31727972878143185 0.27398841418325903 0.25406354926526548 0.86736934592947368
0.57491613184101875 0.31621834002435212 0.25406354926526548 0.86736934592947368
0.57491613184101875 0.27398841418325903 0.1423971049487591 0.86736934592947368
0.57491613184101875 0.27398841418325903 0.25406354926526548 0.45144905053079132
0.31727972878143185 0.31621834002435212 0.1423971049487591 0.45144905053079132
0.27813571034930645 0.30923931561410428 0.47668083049356935 0.16477941799908874
0.4726464797277003 0.30923931561410428 0.47668083049356935 0.16477941799908874
0.27813571034930645 0.11317921690642835 0.47668083049356935 0.16477941799908874
0.27813571034930645 0.30923931561410428 0.35302205346524718 0.16477941799908874
0.27813571034930645 0.30923931561410428 0.47668083049356935 0.67224279776215556
0.4726464797277003 0.11317921690642835 0.35302205346524718 0.67224279776215556
0.077634167252108449 0.15742302164435387 0.19009577445685866 0.53629483371973041
0.62134517389349631 0.15742302164435387 0.19009577445685866 0.53629483371973041
0.077634167252108449 0.21364240944385529 0.19009577445685866 0.53629483371973041
0.077634167252108449 0.15742302164435387 0.25814005360007286 0.53629483371973041
0.077634167252108449 0.15742302164435387 0.19009577445685866 0.87219449561089279
0.62134517389349631 0.21364240944385529 0.25814005360007286 0.87219449561089279
0.44998115249909454 0.42258128821849827 0.36584425158798695 0.5036155381985008
0.16732142642140385 0.42258128821849827 0.36584425158798695 0.5036155381985008
0.44998115249909454 0.41673169583082204 0.36584425158798695 0.5036155381985008
0.44998115249909454 0.42258128821849827 0.44995651207864285 0.5036155381985008
0.44998115249909454 0.42258128821849827 0.36584425158798695 0.036403195597231389
0.16732142642140385 0.41673169583082204 0.44995651207864285 0.036403195597231389
0.40287854187190525 0.22460789345204832 0.17283116094768047 0.25768888968974352
0.57403812604025006 0.22460789345204832 0.17283116094768047 0.25768888968974352
0.40287854187190525 0.45766762271523476 0.17283116094768047 0.25768888968974352
0.40287854187190525 0.22460789345204832 0.10309732668101788 0.25768888968974352
0.40287854187190525 0.22460789345204832 0.17283116094768047 0.44487046921625734
0.57403812604025006 0.45766762271523476 0.10309732668101788 0.44487046921625734
0.12521048756316305 0.35788741447031502 0.39544713385403163 0.78030837258324026
0.05335957244969905 0.35788741447031502 0.39544713385403163 0.78030837258324026
0.12521048756316305 0.26078027412295346 0.39544713385403163 0.78030837258324026
0.12521048756316305 0.35788741447031502 0.39251714125275616 0.78030837258324026
0.12521048756316305 0.35788741447031502 0.39544713385403163 0.70968006031587716
0.05335957244969905 0.26078027412295346 0.39251714125275616 0.70968006031587716
0.24967920435592528 0.10648009181022644 0.28386324606835844 0.4088536876626313
0.22807381167076524 0.10648009181022644 0.28386324606835844 0.4088536876626313
0.24967920435592528 0.1596823025494814 0.28386324606835844 0.4088536876626313
0.24967920435592528 0.10648009181022644 0.29988123588263993 0.4088536876626313
0.24967920435592528 0.10648009181022644 0.28386324606835844 0.7581964872591197
0.22807381167076524 0.1596823025494814 0.29988123588263993 0.7581964872591197
0.6028939666226506 0.47279179617762568 0.45961002744734292 0.62138379931449894
0.39804443251341576 0.47279179617762568 0.45961002744734292 0.62138379931449894
0.6028939666226506 0.35661714412271983 0.45961002744734292 0.62138379931449894
0.6028939666226506 0.47279179617762568 0.40802001431584356 0.62138379931449894
0.6028939666226506 0.47279179617762568 0.45961002744734292 0.11953131115064025
0.39804443251341576 0.35661714412271983 0.40802001431584356 0.11953131115064025
0.62753700572066007 0.19789140708744526 0.31713147461414337 0.70900405185297133
0.52570434580557046 0.19789140708744526 0.31713147461414337 0.70900405185297133
0.62753700572066007 0.44392968825995927 0.31713147461414337 0.70900405185297133
0.62753700572066007 0.19789140708744526 0.22160375192761422 0.70900405185297133
0.62753700572066007 0.19789140708744526 0.31713147461414337 0.96456222556531435
0.52570434580557046 0.44392968825995927 0.22160375192761422 0.96456222556531435
0.3446919614914804 0.43137819282710554 0.13982211574912073 0.30889578416943553
0.34560234434902665 0.43137819282710554 0.13982211574912073 0.30889578416943553
0.3446919614914804 0.24699131809175015 0.13982211574912073 0.30889578416943553
0.3446919614914804 0.43137819282710554 0.48612657599151132 0.30889578416943553
0.3446919614914804 0.43137819282710554 0.13982211574912073 0.19005089119076726
0.34560234434902665 0.24699131809175015 0.48612657599151132 0.19005089119076726
0.14945680056698618 0.28318453207612038 0.42777321487665176 0.90993421379476791
0.1797648354433477 0.28318453207612038 0.42777321487665176 0.90993421379476791
0.14945680056698618 0.14809214919805527 0.42777321487665176 0.90993421379476791
0.14945680056698618 0.28318453207612038 0.18088652864098551 0.90993421379476791
0.14945680056698618 0.28318453207612038 0.42777321487665176 0.35913920741528271
0.1797648354433477 0.14809214919805527 0.18088652864098551 0.35913920741528271
0.49765326916240149 0.3493130639195442 0.2035948671400547 0.084892886932939296
0.69026241977699099 0.3493130639195442 0.2035948671400547 0.084892886932939296
0.49765326916240149 0.34497730433940887 0.2035948671400547 0.084892886932939296
0.49765326916240149 0.3493130639195442 0.31411761157214646 0.084892886932939296
0.49765326916240149 0.3493130639195442 0.2035948671400547 0.51865310583263635
0.69026241977699099 0.34497730433940887 0.31411761157214646 0.51865310583263635
0.51550512979738405 0.17897444851696492 0.11207368932664395 0.4821116034127772
0.30651895329356188 0.17897444851696492 0.11207368932664395 0.4821116034127772
0.51550512979738405 0.35581605583429343 0.11207368932664395 0.4821116034127772
0.51550512979738405 0.17897444851696492 0.17167166136205197 0.4821116034127772
0.51550512979738405 0.17897444851696492 0.11207368932664395 0.70200479337945576
0.30651895329356188 0.35581605583429343 0.17167166136205197 0.70200479337945576
0.13176227048970757 0.43784588687121873 0.33154605664312842 0.5109028426557779
0.48217775034718208 0.43784588687121873 0.33154605664312842 0.5109028426557779
0.13176227048970757 0.15267698764801027 0.33154605664312842 0.5109028426557779
0.13176227048970757 0.43784588687121873 0.33605866953730584 0.5109028426557779
0.13176227048970757 0.43784588687121873 0.33154605664312842 0.42191978694871068
0.48217775034718208 0.15267698764801027 0.33605866953730584 0.42191978694871068
0.34207292613573365 0.28916853442788126 0.244596291705966 0.15476079281419514
0.65245846849866207 0.28916853442788126 0.244596291705966 0.15476079281419514
0.34207292613573365 0.25216668359935285 0.244596291705966 0.15476079281419514
0.34207292613573365 0.28916853442788126 0.23091627918183805 0.15476079281419514
0.34207292613573365 0.28916853442788126 0.244596291705966 0.12720687745139003
0.65245846849866207 0.25216668359935285 0.23091627918183805 0.12720687745139003
0.62999623096548019 0.33068143278360368 0.42343785054981709 0.86111891446635125
0.13751767976209522 0.33068143278360368 0.42343785054981709 0.86111891446635125
0.62999623096548019 0.45534981153905396 0.42343785054981709 0.86111891446635125
0.62999623096548019 0.33068143278360368 0.46408786401152613 0.86111891446635125
0.62999623096548019 0.33068143278360368 0.42343785054981709 0.78114687016233797
0.13751767976209522 0.45534981153905396 0.46408786401152613 0.78114687016233797
0.61582681983709331 0.20558115504682065 0.35595925599336631 0.95926649432629352
0.091241503739729529 0.20558115504682065 0.35595925599336631 0.95926649432629352
0.61582681983709331 0.34266254492104053 0.35595925599336631 0.95926649432629352
0.61582681983709331 0.20558115504682065 0.25306604132056237 0.95926649432629352
0.61582681983709331 0.20558115504682065 0.35595925599336631 0.18237650044262407
0.091241503739729529 0.34266254492104053 0.25306604132056237 0.18237650044262407
0.23722129696980115 0.36426957584917552 0.17555532231926918 0.072986470293253655
0.61636357167735689 0.36426957584917552 0.17555532231926918 0.072986470293253655
0.23722129696980115 0.13947550691664221 0.17555532231926918 0.072986470293253655
0.23722129696980115 0.36426957584917552 0.44254842959344387 0.072986470293253655
0.23722129696980115 0.36426957584917552 0.17555532231926918 0.94161253631114961
0.61636357167735689 0.13947550691664221 0.44254842959344387 0.94161253631114961
0.1173548295162618 0.11254943609237672 0.48887220323085789 0.68933729404583577
0.43720582295209165 0.11254943609237672 0.48887220323085789 0.68933729404583577
0.1173548295162618 0.23998905494809153 0.48887220323085789 0.68933729404583577
0.1173548295162618 0.11254943609237672 0.14981486722826959 0.68933729404583577
0.1173548295162618 0.11254943609237672 0.48887220323085789 0.52632767912000422
0.43720582295209165 0.23998905494809153 0.14981486722826959 0.52632767912000422
0.41025677453726522 0.4542701356112957 0.26783725842833517 0.3504679571837187
0.27167871645651753 0.4542701356112957 0.26783725842833517 0.3504679571837187
0.41025677453726522 0.4431255482137203 0.26783725842833517 0.3504679571837187
0.41025677453726522 0.4542701356112957 0.35808638595044617 0.3504679571837187
0.41025677453726522 0.4542701356112957 0.26783725842833517 0.38208871413022283
0.27167871645651753 0.4431255482137203 0.35808638595044617 0.38208871413022283
0.44260152992792423 0.25541935600340371 0.47473870515823369 0.10448148144409061
0.51490359236486249 0.25541935600340371 0.47473870515823369 0.10448148144409061
0.44260152992792423 0.48401264548301703 0.47473870515823369 0.10448148144409061
0.44260152992792423 0.25541935600340371 0.29247720651328568 0.10448148144409061
0.44260152992792423 0.25541935600340371 0.47473870515823369 0.21957649121060965
0.51490359236486249 0.48401264548301703 0.29247720651328568 0.21957649121060965
0.085488745337352151 0.31526145301759245 0.29433341547846792 0.93341063093394039
0.35509363701567048 0.31526145301759245 0.29433341547846792 0.93341063093394039
0.085488745337352151 0.28717574626207354 0.29433341547846792 0.93341063093394039
0.085488745337352151 0.31526145301759245 0.4029419489204884 0.93341063093394039
0.085488745337352151 0.31526145301759245 0.29433341547846792 0.93479644956067209
0.35509363701567048 0.28717574626207354 0.4029419489204884 0.93479644956067209
0.29059252808801828 0.16395023688673974 0.38265227526426315 0.3170009382814169
0.21083814240992066 0.16395023688673974 0.38265227526426315 0.3170009382814169
0.29059252808801828 0.18612507842481138 0.38265227526426315 0.3170009382814169
0.29059252808801828 0.16395023688673974 0.10815760605037213 0.3170009382814169
0.29059252808801828 0.16395023688673974 0.38265227526426315 0.60969680486246947
0.21083814240992066 0.18612507842481138 0.10815760605037213 0.60969680486246947
0.56198187903501096 0.40369941294193268 0.16161558702588083 0.71334077859297396
0.66041868547908955 0.40369941294193268 0.16161558702588083 0.71334077859297396
0.56198187903501096 0.38291486613452441 0.16161558702588083 0.71334077859297396
0.56198187903501096 0.40369941294193268 0.39993895664811141 0.71334077859297396
0.56198187903501096 0.40369941294193268 0.16161558702588083 0.26833194961771367
0.66041868547908955 0.38291486613452441 0.39993895664811141 0.26833194961771367
0.6671583308838307 0.12880055122077466 0.21835505776107311 0.61710631020367146
0.54290533643215888 0.12880055122077466 0.21835505776107311 0.61710631020367146
0.6671583308838307 0.42061505354940898 0.21835505776107311 0.61710631020367146
0.6671583308838307 0.12880055122077466 0.18598364368081094 0.61710631020367146
0.6671583308838307 0.12880055122077466 0.21835505776107311 0.67988750763237482
0.54290533643215888 0.42061505354940898 0.18598364368081094 0.67988750763237482
0.30506692063063379 0.48884986229240901 0.43782912082970149 0.40068837592378259
0.083183501800522197 0.48884986229240901 0.43782912082970149 0.40068837592378259
0.30506692063063379 0.22382765002548696 0.43782912082970149 0.40068837592378259
0.30506692063063379 0.48884986229240901 0.32155137173831461 0.40068837592378259
0.30506692063063379 0.48884986229240901 0.43782912082970149 0.47442839145660404
0.083183501800522197 0.22382765002548696 0.32155137173831461 0.47442839145660404
0.1904271528124809 0.24055704325437546 0.12587752006947994 0.75689119307324293
0.23885477469302713 0.24055704325437546 0.12587752006947994 0.75689119307324293
0.1904271528124809 0.12487507686018945 0.12587752006947994 0.75689119307324293
0.1904271528124809 0.24055704325437546 0.21416288688778878 0.75689119307324293
0.1904271528124809 0.24055704325437546 0.12587752006947994 0.028758785091340541
0.23885477469302713 0.12487507686018945 0.21416288688778878 0.028758785091340541
0.45667919153347603 0.38012300208210947 0.30472038723528383 0.2380401375517249
0.38849368141964075 0.38012300208210947 0.30472038723528383 0.2380401375517249
0.45667919153347603 0.32171607688069348 0.30472038723528383 0.2380401375517249
0.45667919153347603 0.38012300208210947 0.48103656582534315 0.2380401375517249
0.45667919153347603 0.38012300208210947 0.30472038723528383 0.84921485532075169
0.38849368141964075 0.32171607688069348 0.48103656582534315 0.84921485532075169
0.49484376283362502 0.22602462433278561 0.27802939005196092 0.65751374697312714
0.15432893740944564 0.22602462433278561 0.27802939005196092 0.65751374697312714
0.49484376283362502 0.20556764267385008 0.27802939005196092 0.65751374697312714
0.49484376283362502 0.22602462433278561 0.34212831817567346 0.65751374697312714
0.49484376283362502 0.22602462433278561 0.27802939005196092 0.053803660478442913
0.15432893740944564 0.20556764267385008 0.34212831817567346 0.053803660478442913
0.1930499922484159 0.39074917174875734 0.45387543253600604 0.37989797327667474
0.63437768444418907 0.39074917174875734 0.45387543253600604 0.37989797327667474
0.1930499922484159 0.40252871029078963 0.45387543253600604 0.37989797327667474
0.1930499922484159 0.39074917174875734 0.1503614626824856 0.37989797327667474
0.1930499922484159 0.39074917174875734 0.45387543253600604 0.82392605094239113
0.63437768444418907 0.40252871029078963 0.1503614626824856 0.82392605094239113
0.32276512403041119 0.142563933134079 0.16680209375917912 0.98869763121008869
0.45965336961671704 0.142563933134079 0.16680209375917912 0.98869763121008869
0.32276512403041119 0.30201514959335329 0.16680209375917912 0.98869763121008869
0.32276512403041119 0.142563933134079 0.45762749575078487 0.98869763121008869
0.32276512403041119 0.142563933134079 0.16680209375917912 0.65926486583426591
0.45965336961671704 0.30201514959335329 0.45762749575078487 0.65926486583426591
0.68993015540763736 0.47743022963404658 0.38951712511479852 0.041163693536072965
0.33031286043114955 0.47743022963404658 0.38951712511479852 0.041163693536072965
0.68993015540763736 0.10510462671518327 0.38951712511479852 0.041163693536072965
0.68993015540763736 0.47743022963404658 0.24714825674891472 0.041163693536072965
0.68993015540763736 0.47743022963404658 0.38951712511479852 0.49528748909011483
0.33031286043114955 0.10510462671518327 0.24714825674891472 0.49528748909011483
0.55459985681809487 0.15272582061588766 0.43375357910990719 0.1861011293530464
0.28406644025817512 0.15272582061588766 0.43375357910990719 0.1861011293530464
0.55459985681809487 0.29280395731329922 0.43375357910990719 0.1861011293530464
0.55459985681809487 0.15272582061588766 0.43573431894183157 0.1861011293530464
0.55459985681809487 0.15272582061588766 0.43375357910990719 0.57349640984088179
0.28406644025817512 0.29280395731329922 0.43573431894183157 0.57349640984088179
0.25782438474707303 0.4172675799578428 0.20947592258453371 0.83121316464617845
0.42354855337180192 0.4172675799578428 0.20947592258453371 0.83121316464617845
0.25782438474707303 0.48971858099102972 0.20947592258453371 0.83121316464617845
0.25782438474707303 0.4172675799578428 0.26887055896222589 0.83121316464617845
0.25782438474707303 0.4172675799578428 0.20947592258453371 0.30429775800555947
0.42354855337180192 0.48971858099102972 0.26887055896222589 0.30429775800555947
0.057322972407564524 0.26585030928254128 0.32291642501950268 0.45220663120970128
0.58937600604258478 0.26585030928254128 0.32291642501950268 0.45220663120970128
0.057322972407564524 0.39022889770567415 0.32291642501950268 0.45220663120970128
0.057322972407564524 0.26585030928254128 0.36372852548956869 0.45220663120970128
0.057322972407564524 0.26585030928254128 0.32291642501950268 0.26020670980215072
0.58937600604258478 0.39022889770567415 0.36372852548956869 0.26020670980215072
0.42966498886235049 0.30092424899339676 0.14550796002149582 0.54224430728703743
0.11949861515313387 0.30092424899339676 0.14550796002149582 0.54224430728703743
0.42966498886235049 0.19327021427452565 0.14550796002149582 0.54224430728703743
0.42966498886235049 0.30092424899339676 0.12815087996423247 0.54224430728703743
0.42966498886235049 0.30092424899339676 0.14550796002149582 0.89440829075872896
0.11949861515313387 0.19327021427452565 0.12815087996423247 0.89440829075872896
0.38256474155932657 0.10211858563125134 0.34003454223275187 0.78631764234974977
0.68738627424463628 0.10211858563125134 0.34003454223275187 0.78631764234974977
0.38256474155932657 0.13425572030246258 0.34003454223275187 0.78631764234974977
0.38256474155932657 0.10211858563125134 0.4187962960451842 0.78631764234974977
0.38256474155932657 0.10211858563125134 0.34003454223275187 0.56692518850788476
0.68738627424463628 0.13425572030246258 0.4187962960451842 0.56692518850788476
0.10490165604278445 0.46860723681747918 0.11575862914323808 0.20622014999389648
0.18260103692300617 0.46860723681747918 0.11575862914323808 0.20622014999389648
0.10490165604278445 0.33731715939939022 0.11575862914323808 0.20622014999389648
0.10490165604278445 0.46860723681747918 0.28561326637864115 0.20622014999389648
0.10490165604278445 0.46860723681747918 0.11575862914323808 0.34172766057774423
0.18260103692300617 0.33731715939939022 0.28561326637864115 0.34172766057774423
0.22937047453597187 0.21680548042058945 0.40419801101088526 0.58528745073825117
0.34272558013908561 0.21680548042058945 0.40419801101088526 0.58528745073825117
0.22937047453597187 0.4362697437405586 0.40419801101088526 0.58528745073825117
0.22937047453597187 0.21680548042058945 0.37822513990104201 0.58528745073825117
0.22937047453597187 0.21680548042058945 0.40419801101088526 0.14620134146884081
0.34272558013908561 0.4362697437405586 0.37822513990104201 0.14620134146884081
0.58258028738200662 0.35070149973034859 0.22679090201854707 0.43011560281738642
0.5285411659628152 0.35070149973034859 0.22679090201854707 0.43011560281738642
0.58258028738200662 0.23315470814704897 0.22679090201854707 0.43011560281738642
0.58258028738200662 0.35070149973034859 0.11384957507252694 0.43011560281738642
0.58258028738200662 0.35070149973034859 0.22679090201854707 0.97754376629367468
0.5285411659628152 0.23315470814704897 0.11384957507252694 0.97754376629367468
0.6478458517696708 0.27540504969656465 0.196809196844697 0.28709127847105265
0.41103773876093325 0.27540504969656465 0.196809196844697 0.28709127847105265
0.6478458517696708 0.17046677544713021 0.196809196844697 0.28709127847105265
0.6478458517696708 0.27540504969656465 0.3002894766628742 0.28709127847105265
0.6478458517696708 0.27540504969656465 0.196809196844697 0.1065571304038167
0.41103773876093325 0.17046677544713021 0.3002894766628742 0.1065571304038167
0.3650057569611817 0.34210116825997827 0.37265393100678923 0.74468503242358564
0.21504118125885724 0.34210116825997827 0.37265393100678923 0.74468503242358564
0.3650057569611817 0.37357923611998556 0.37265393100678923 0.74468503242358564
0.3650057569611817 0.34210116825997827 0.19200498871505262 0.74468503242358564
0.3650057569611817 0.34210116825997827 0.37265393100678923 0.80203867699950937
0.21504118125885724 0.37357923611998556 0.19200498871505262 0.80203867699950937
0.16977048465050754 0.19350695833563805 0.26058176048099996 0.13582650559023021
0.066352257598191494 0.19350695833563805 0.26058176048099996 0.13582650559023021
0.16977048465050754 0.47462989278137691 0.26058176048099996 0.13582650559023021
0.16977048465050754 0.19350695833563805 0.49722023978829388 0.13582650559023021
0.16977048465050754 0.19350695833563805 0.26058176048099996 0.72708424717187881
0.066352257598191494 0.47462989278137691 0.49722023978829388 0.72708424717187881
0.51796198445372277 0.42721962630748755 0.48329509608447552 0.90350209191441533
0.561006116727367 0.42721962630748755 0.48329509608447552 0.90350209191441533
0.51796198445372277 0.27156454361975191 0.48329509608447552 0.90350209191441533
0.51796198445372277 0.42721962630748755 0.20775082223117353 0.90350209191441533
0.51796198445372277 0.42721962630748755 0.48329509608447552 0.39660574652254582
0.561006116727367 0.27156454361975191 0.20775082223117353 0.39660574652254582
0.52276633251458404 0.11587778069078923 0.27151776142418382 0.2151955324783921
0.47765305666252966 0.11587778069078923 0.27151776142418382 0.2151955324783921
0.52276633251458404 0.19741323888301851 0.27151776142418382 0.2151955324783921
0.52276633251458404 0.11587778069078923 0.26219702363014219 0.2151955324783921
0.52276633251458404 0.11587778069078923 0.27151776142418382 0.50832674872130157
0.47765305666252966 0.19741323888301851 0.26219702363014219 0.50832674872130157
0.16512804729864 0.45094560645520687 0.49736249260604382 0.79504617339000105
0.31244333055801687 0.45094560645520687 0.49736249260604382 0.79504617339000105
0.16512804729864 0.39427684396505358 0.49736249260604382 0.79504617339000105
0.16512804729864 0.45094560645520687 0.44533179141581059 0.79504617339000105
0.16512804729864 0.45094560645520687 0.49736249260604382 0.65268510166555649
0.31244333055801687 0.39427684396505358 0.44533179141581059 0.65268510166555649
0.37099521281197662 0.20265563651919366 0.18587625958025455 0.42377077119424938
0.13168872776441276 0.20265563651919366 0.18587625958025455 0.42377077119424938
0.37099521281197662 0.49454472623765466 0.18587625958025455 0.42377077119424938
0.37099521281197662 0.20265563651919366 0.14039081633090975 0.42377077119424938
0.37099521281197662 0.20265563651919366 0.18587625958025455 0.82284968011081216
0.13168872776441276 0.49454472623765466 0.14039081633090975 0.82284968011081216
0.64170068167150018 0.36719127893447878 0.35858959816396241 0.57871072128415113
0.65712817609310148 0.36719127893447878 0.35858959816396241 0.57871072128415113
0.64170068167150018 0.29773128442466257 0.35858959816396241 0.57871072128415113
0.64170068167150018 0.36719127893447878 0.35481464304029942 0.57871072128415113
0.64170068167150018 0.36719127893447878 0.35858959816396241 0.063733032196760173
0.65712817609310148 0.29773128442466257 0.35481464304029942 0.063733032196760173
0.58762039034627378 0.29248153083026407 0.4151306681334973 0.75150674046948551
0.61197276539169254 0.29248153083026407 0.4151306681334973 0.75150674046948551
0.58762039034627378 0.11043159104883671 0.4151306681334973 0.75150674046948551
0.58762039034627378 0.29248153083026407 0.1685952190309763 0.75150674046948551
0.58762039034627378 0.29248153083026407 0.4151306681334973 0.90744755221530793
0.61197276539169254 0.11043159104883671 0.1685952190309763 0.90744755221530793
0.22480447595007713 0.32736614830791955 0.24085475206375123 0.29414488434791564
0.096714591421186921 0.32736614830791955 0.24085475206375123 0.29414488434791564
0.22480447595007713 0.30724722631275658 0.24085475206375123 0.29414488434791564
0.22480447595007713 0.32736614830791955 0.32682994306087498 0.29414488434791564
0.22480447595007713 0.32736614830791955 0.24085475206375123 0.25362694745883346
0.096714591421186921 0.30724722631275658 0.32682994306087498 0.25362694745883346
0.1106510201934725 0.17603987604379656 0.3290988214313984 0.89500406045466663
0.26603325987234711 0.17603987604379656 0.3290988214313984 0.89500406045466663
0.1106510201934725 0.40697648450732238 0.3290988214313984 0.89500406045466663
0.1106510201934725 0.17603987604379656 0.23428559042513372 0.89500406045466663
0.1106510201934725 0.17603987604379656 0.3290988214313984 0.30322138899937273
0.26603325987234711 0.40697648450732238 0.23428559042513372 0.30322138899937273
0.37633755612187081 0.44078274741768841 0.10169171541929245 0.12757532557472587
0.4413746716920286 0.44078274741768841 0.10169171541929245 0.12757532557472587
0.37633755612187081 0.21011640802025797 0.10169171541929245 0.12757532557472587
0.37633755612187081 0.44078274741768841 0.473804771900177 0.12757532557472587
0.37633755612187081 0.44078274741768841 0.10169171541929245 0.58342578338459139
0.4413746716920286 0.21011640802025797 0.473804771900177 0.58342578338459139
0.43589775087311855 0.24349170513451102 0.30885276570916176 0.37356272131204604
0.36090751434676344 0.24349170513451102 0.30885276570916176 0.37356272131204604
0.43589775087311855 0.26272224634885788 0.30885276570916176 0.37356272131204604
0.43589775087311855 0.24349170513451102 0.17695017307996752 0.37356272131204604
0.43589775087311855 0.24349170513451102 0.30885276570916176 0.97550990056246523
0.36090751434676344 0.26272224634885788 0.17695017307996752 0.97550990056246523
0.051569261774420741 0.37718605212867262 0.13457511216402054 0.65093164356425404
0.51022903583943835 0.37718605212867262 0.13457511216402054 0.65093164356425404
0.051569261774420741 0.46588191092014319 0.13457511216402054 0.65093164356425404
0.051569261774420741 0.37718605212867262 0.31867030449211597 0.65093164356425404
0.051569261774420741 0.37718605212867262 0.13457511216402054 0.15517321828752756
0.51022903583943835 0.46588191092014319 0.31867030449211597 0.15517321828752756
0.26238604653626679 0.1254874534904957 0.44782030209898949 0.050133234765380619
0.66495806640014044 0.1254874534904957 0.44782030209898949 0.050133234765380619
0.26238604653626679 0.36717805676162241 0.44782030209898949 0.050133234765380619
0.26238604653626679 0.1254874534904957 0.2236845448613167 0.050133234765380619
0.26238604653626679 0.1254874534904957 0.44782030209898949 0.35572441510856151
0.66495806640014044 0.36717805676162241 0.2236845448613167 0.35572441510856151
0.54956534011289471 0.49216524809598927 0.22041183412075044 0.99743527460843329
0.20491884653456505 0.49216524809598927 0.22041183412075044 0.99743527460843329
0.54956534011289471 0.16396517716348172 0.22041183412075044 0.99743527460843329
0.54956534011289471 0.49216524809598927 0.48421050794422626 0.99743527460843329
0.54956534011289471 0.49216524809598927 0.22041183412075044 0.56130291923880582
0.20491884653456505 0.16396517716348172 0.48421050794422626 0.56130291923880582
0.69608089723624289 0.16687566600739956 0.15273488797247411 0.82272424554452306
0.088823799509555101 0.16687566600739956 0.15273488797247411 0.82272424554452306
0.69608089723624289 0.22627779133617879 0.15273488797247411 0.82272424554452306
0.69608089723624289 0.16687566600739956 0.29545584805309777 0.82272424554452306
0.69608089723624289 0.16687566600739956 0.15273488797247411 0.39457188261672854
0.088823799509555101 0.22627779133617879 0.29545584805309777 0.39457188261672854
0.31677132654003792 0.40077779926359658 0.37858093343675137 0.17784410808235407
0.53872172296978527 0.40077779926359658 0.37858093343675137 0.17784410808235407
0.31677132654003792 0.42948695160448558 0.37858093343675137 0.17784410808235407
0.31677132654003792 0.40077779926359658 0.41226828247308733 0.17784410808235407
0.31677132654003792 0.40077779926359658 0.37858093343675137 0.73605612581595781
0.53872172296978527 0.42948695160448558 0.41226828247308733 0.73605612581595781
0.19768809764645989 0.25209111273288731 0.29209353215992451 0.54906064137816435
0.39288925915025169 0.25209111273288731 0.29209353215992451 0.54906064137816435
0.19768809764645989 0.32819366827607155 0.29209353215992451 0.54906064137816435
0.19768809764645989 0.25209111273288731 0.10469058938324452 0.54906064137816435
0.19768809764645989 0.25209111273288731 0.29209353215992451 0.81603543335571882
0.39288925915025169 0.32819366827607155 0.10469058938324452 0.81603543335571882
0.49004499618895347 0.31858588084578515 0.46480856053531172 0.45926981674507261
0.23339668419212101 0.31858588084578515 0.46480856053531172 0.45926981674507261
0.49004499618895347 0.12503200098872186 0.46480856053531172 0.45926981674507261
0.49004499618895347 0.31858588084578515 0.39031956046819694 0.45926981674507261
0.49004499618895347 0.31858588084578515 0.46480856053531172 0.10093486296012998
0.23339668419212101 0.12503200098872186 0.39031956046819694 0.10093486296012998
0.462192576797679 0.26253418438136578 0.14306055866181852 0.92634825952351096
0.63014062014408401 0.26253418438136578 0.14306055866181852 0.92634825952351096
0.462192576797679 0.44756459407508375 0.14306055866181852 0.92634825952351096
0.462192576797679 0.26253418438136578 0.42640835344791417 0.92634825952351096
0.462192576797679 0.26253418438136578 0.14306055866181852 0.77576385870575904
0.63014062014408401 0.44756459407508375 0.42640835344791417 0.77576385870575904
0.18507544822059568 0.3042365599423647 0.3125346187502146 0.097665727827698001
0.15994584886357188 0.3042365599423647 0.3125346187502146 0.097665727827698001
0.18507544822059568 0.24452223144471646 0.3125346187502146 0.097665727827698001
0.18507544822059568 0.3042365599423647 0.26589230932295327 0.097665727827698001
0.18507544822059568 0.3042365599423647 0.3125346187502146 0.14144288979470729
0.15994584886357188 0.24452223144471646 0.26589230932295327 0.14144288979470729
0.30907781044952565 0.15566355735063553 0.20116895548999311 0.72159815398976213
0.32483104467391966 0.15566355735063553 0.20116895548999311 0.72159815398976213
0.30907781044952565 0.14479298442602159 0.20116895548999311 0.72159815398976213
0.30907781044952565 0.15566355735063553 0.37334755063056946 0.72159815398976213
0.30907781044952565 0.15566355735063553 0.20116895548999311 0.4306524059548974
0.32483104467391966 0.14479298442602159 0.37334755063056946 0.4306524059548974
0.66299196169711649 0.41433365717530257 0.43001182563602924 0.32548997785896067
0.46399577739648512 0.41433365717530257 0.43001182563602924 0.32548997785896067
0.66299196169711649 0.34787978827953336 0.43001182563602924 0.32548997785896067
0.66299196169711649 0.41433365717530257 0.13161750175058842 0.32548997785896067
0.66299196169711649 0.41433365717530257 0.43001182563602924 0.69973166983574631
0.46399577739648512 0.34787978827953336 0.13161750175058842 0.69973166983574631
0.56757255783304572 0.13923871852457526 0.39983789473772047 0.39195085300132632
0.41885028127580876 0.13923871852457526 0.39983789473772047 0.39195085300132632
0.56757255783304572 0.46019154563546183 0.39983789473772047 0.39195085300132632
0.56757255783304572 0.13923871852457526 0.34500901438295839 0.39195085300132632
0.56757255783304572 0.13923871852457526 0.39983789473772047 0.37670570449903606
0.41885028127580876 0.46019154563546183 0.34500901438295839 0.37670570449903606
0.28547618370503186 0.48075773380696774 0.16943260207772254 0.60813712310045953
0.28982715732417996 0.48075773380696774 0.16943260207772254 0.60813712310045953
0.28547618370503186 0.25710273906588554 0.16943260207772254 0.60813712310045953
0.28547618370503186 0.48075773380696774 0.15939453840255738 0.60813712310045953
0.28547618370503186 0.48075773380696774 0.16943260207772254 0.54056369328871368
0.28982715732417996 0.25710273906588554 0.15939453840255738 0.54056369328871368
0.089417999982833868 0.22894697710871698 0.45755614936351774 0.24462282143533229
0.11352585875429212 0.22894697710871698 0.45755614936351774 0.24462282143533229
0.089417999982833868 0.15683484561741354 0.45755614936351774 0.24462282143533229
0.089417999982833868 0.22894697710871698 0.4544539216905833 0.24462282143533229
0.089417999982833868 0.22894697710871698 0.45755614936351774 0.9503451571427286
0.11352585875429212 0.15683484561741354 0.4544539216905833 0.9503451571427286
0.43819421911612144 0.38782452940940859 0.28651946410536766 0.76322725916281342
0.59389199102297419 0.38782452940940859 0.28651946410536766 0.76322725916281342
0.43819421911612144 0.35987348891794679 0.28651946410536766 0.76322725916281342
0.43819421911612144 0.38782452940940859 0.23762699067592621 0.76322725916281342
0.43819421911612144 0.38782452940940859 0.28651946410536766 0.18010337872430682
0.59389199102297419 0.35987348891794679 0.23762699067592621 0.18010337872430682
0.41465974370948966 0.19058451615273952 0.48105537891387939 0.51915484409779311
0.18808761201798913 0.19058451615273952 0.48105537891387939 0.51915484409779311
0.41465974370948966 0.31257775984704494 0.48105537891387939 0.51915484409779311
0.41465974370948966 0.19058451615273952 0.30951783210039141 0.51915484409779311
0.41465974370948966 0.19058451615273952 0.48105537891387939 0.27802206352353098
0.18808761201798913 0.31257775984704494 0.30951783210039141 0.27802206352353098
0.113431146601215 0.43014435805380347 0.25065144822001462 0.49061022264882925
0.68305885638110331 0.43014435805380347 0.25065144822001462 0.49061022264882925
0.113431146601215 0.11564186625182629 0.25065144822001462 0.49061022264882925
0.113431146601215 0.43014435805380347 0.19508103616535666 0.49061022264882925
0.113431146601215 0.43014435805380347 0.25065144822001462 0.6083811762183905
0.68305885638110331 0.11564186625182629 0.19508103616535666 0.6083811762183905
0.24234322276897724 0.27873036563396458 0.36377301663160322 0.85406565541401502
0.5327730834949761 0.27873036563396458 0.36377301663160322 0.85406565541401502
0.24234322276897724 0.21693513691425326 0.36377301663160322 0.85406565541401502
0.24234322276897724 0.27873036563396458 0.48750369995832443 0.85406565541401502
0.24234322276897724 0.27873036563396458 0.36377301663160322 0.92845594320446256
0.5327730834949761 0.21693513691425326 0.48750369995832443 0.92845594320446256
0.610231809085235 0.33877356275916104 0.19273806884884837 0.14793919794261454
0.33709391122683879 0.33877356275916104 0.19273806884884837 0.14793919794261454
0.610231809085235 0.41382353752851486 0.19273806884884837 0.14793919794261454
0.610231809085235 0.33877356275916104 0.20438190288841726 0.14793919794261454
0.610231809085235 0.33877356275916104 0.19273806884884837 0.2328550086542964
0.33709391122683879 0.41382353752851486 0.20438190288841726 0.2328550086542964
0.63415825366973877 0.21386783309280874 0.23678225092589855 0.079563312921673054
0.22102861762978132 0.21386783309280874 0.23678225092589855 0.079563312921673054
0.63415825366973877 0.37652317807078362 0.23678225092589855 0.079563312921673054
0.63415825366973877 0.21386783309280874 0.41601330228149891 0.079563312921673054
0.63415825366973877 0.21386783309280874 0.23678225092589855 0.85890497105196117
0.22102861762978132 0.37652317807078362 0.41601330228149891 0.85890497105196117
0.33806761289015408 0.35363533310592177 0.40625462122261524 0.96561167277395721
0.40652682306244964 0.35363533310592177 0.40625462122261524 0.96561167277395721
0.33806761289015408 0.1796383060514927 0.40625462122261524 0.96561167277395721
0.33806761289015408 0.35363533310592177 0.27648267596960069 0.96561167277395721
0.33806761289015408 0.35363533310592177 0.40625462122261524 0.027443158272653818
0.40652682306244964 0.1796383060514927 0.27648267596960069 0.027443158272653818
0.13711956134065983 0.10543460920453072 0.11989079378545285 0.34174001391977071
0.56568932142108674 0.10543460920453072 0.11989079378545285 0.34174001391977071
0.13711956134065983 0.27834217287600038 0.11989079378545285 0.34174001391977071
0.13711956134065983 0.10543460920453072 0.38149651177227495 0.34174001391977071
0.13711956134065983 0.10543460920453072 0.11989079378545285 0.46808788692578673
0.56568932142108674 0.27834217287600038 0.38149651177227495 0.46808788692578673
0.50998740773648021 0.46529502719640736 0.34873234964907174 0.68036273298785088
0.060586703708395362 0.46529502719640736 0.34873234964907174 0.68036273298785088
0.50998740773648021 0.47528025992214684 0.34873234964907174 0.68036273298785088
0.50998740773648021 0.46529502719640736 0.12327323108911514 0.68036273298785088
0.50998740773648021 0.46529502719640736 0.34873234964907174 0.69316602690145379
0.060586703708395362 0.47528025992214684 0.12327323108911514 0.69316602690145379
0.50245005749166005 0.20750542469322683 0.44183698743581779 0.77324541704729199
0.44869468146935099 0.20750542469322683 0.44183698743581779 0.77324541704729199
0.50245005749166005 0.42399961985647683 0.44183698743581779 0.77324541704729199
0.50245005749166005 0.20750542469322683 0.36593472361564638 0.77324541704729199
0.50245005749166005 0.20750542469322683 0.44183698743581779 0.63133907973766323
0.44869468146935099 0.42399961985647683 0.36593472361564638 0.63133907973766323
0.14481672169640658 0.37264537028968336 0.21452762559056282 0.2508727855980396
0.25875327163375911 0.37264537028968336 0.21452762559056282 0.2508727855980396
0.14481672169640658 0.22081544585525992 0.21452762559056282 0.2508727855980396
0.14481672169640658 0.37264537028968336 0.126561251655221 0.2508727855980396
0.14481672169640658 0.37264537028968336 0.21452762559056282 0.28569008000195029
0.25875327163375911 0.22081544585525992 0.126561251655221 0.28569008000195029
0.3506840179674327 0.12397316172719003 0.30306466221809392 0.62964059058576827
0.10403398252092302 0.12397316172719003 0.30306466221809392 0.62964059058576827
0.3506840179674327 0.12113045081496239 0.30306466221809392 0.62964059058576827
0.3506840179674327 0.12397316172719003 0.43147743046283726 0.62964059058576827
0.3506840179674327 0.12397316172719003 0.30306466221809392 0.20989692259579895
0.10403398252092302 0.12113045081496239 0.43147743046283726 0.20989692259579895
0.62138451803475614 0.4592057392001152 0.12888631746172907 0.41734237676486374
0.60469339583069082 0.4592057392001152 0.12888631746172907 0.41734237676486374
0.62138451803475614 0.32427056506276131 0.12888631746172907 0.41734237676486374
0.62138451803475614 0.4592057392001152 0.27329230941832067 0.41734237676486374
0.62138451803475614 0.4592057392001152 0.12888631746172907 0.92078810926526788
0.60469339583069082 0.32427056506276131 0.27329230941832067 0.92078810926526788
0.60793170141987496 0.18411232791841031 0.29793033860623841 0.30015791077166798
0.63969201776199036 0.18411232791841031 0.29793033860623841 0.30015791077166798
0.60793170141987496 0.48697001338005064 0.29793033860623841 0.30015791077166798
0.60793170141987496 0.18411232791841031 0.45953537262976174 0.30015791077166798
0.60793170141987496 0.18411232791841031 0.29793033860623841 0.050400068778544665
0.63969201776199036 0.48697001338005064 0.45953537262976174 0.050400068778544665
0.2451207558158785 0.44906886257231238 0.47054630853235724 0.70003428062424067
0.14916428774595258 0.44906886257231238 0.47054630853235724 0.70003428062424067
0.2451207558158785 0.28383380919694901 0.47054630853235724 0.70003428062424067
0.2451207558158785 0.44906886257231238 0.24506349265575411 0.70003428062424067
0.2451207558158785 0.44906886257231238 0.47054630853235724 0.86657211134210232
0.14916428774595258 0.28383380919694901 0.24506349265575411 0.86657211134210232
0.13096717898733912 0.29735426008701327 0.15876710824668408 0.091475220341235397
0.29500655112788077 0.29735426008701327 0.15876710824668408 0.091475220341235397
0.13096717898733912 0.18351556323468687 0.15876710824668408 0.091475220341235397
0.13096717898733912 0.29735426008701327 0.33758381344377997 0.091475220341235397
0.13096717898733912 0.29735426008701327 0.15876710824668408 0.67020881703123447
0.29500655112788077 0.18351556323468687 0.33758381344377997 0.67020881703123447
0.39664876549504691 0.33279424533247948 0.38451389260590074 0.91626969575881956
0.49512923774309447 0.33279424533247948 0.38451389260590074 0.91626969575881956
0.39664876549504691 0.38670231215655804 0.38451389260590074 0.91626969575881956
0.39664876549504691 0.33279424533247948 0.15430178642272951 0.91626969575881956
0.39664876549504691 0.33279424533247948 0.38451389260590074 0.46042104599997402
0.49512923774309447 0.38670231215655804 0.15430178642272951 0.46042104599997402
0.45620659692212934 0.13311434723436832 0.17915968410670757 0.67225711157545442
0.25083303987048566 0.13311434723436832 0.17915968410670757 0.67225711157545442
0.45620659692212934 0.33926009722054007 0.17915968410670757 0.67225711157545442
0.45620659692212934 0.13311434723436832 0.49494263380765913 0.67225711157545442
0.45620659692212934 0.13311434723436832 0.17915968410670757 0.11845482349395753
0.25083303987048566 0.33926009722054007 0.49494263380765913 0.11845482349395753
0.071883057244122028 0.4992367651313544 0.35177696831524374 0.33740281987935306
0.37541295941919084 0.4992367651313544 0.35177696831524374 0.33740281987935306
0.071883057244122028 0.14246906675398352 0.35177696831524374 0.33740281987935306
0.071883057244122028 0.4992367651313544 0.20946092195808888 0.33740281987935306
0.071883057244122028 0.4992367651313544 0.35177696831524374 0.76812597580254083
0.37541295941919084 0.14246906675398352 0.20946092195808888 0.76812597580254083
0.28269973061978815 0.24791887924075129 0.26499659977853296 0.94602261096239093
0.55615745754912493 0.24791887924075129 0.26499659977853296 0.94602261096239093
0.28269973061978815 0.24371503666043282 0.26499659977853296 0.94602261096239093
0.28269973061978815 0.24791887924075129 0.30442264825105669 0.94602261096239093
0.28269973061978815 0.24791887924075129 0.26499659977853296 0.72271943677216766
0.55615745754912493 0.24371503666043282 0.30442264825105669 0.72271943677216766
0.56987405540421598 0.38139954805374143 0.49074507392942912 0.056086428482085462
0.071348120877519253 0.38139954805374143 0.49074507392942912 0.056086428482085462
0.56987405540421598 0.44055317863821986 0.49074507392942912 0.056086428482085462
0.56987405540421598 0.38139954805374143 0.18765826709568501 0.056086428482085462
0.56987405540421598 0.38139954805374143 0.49074507392942912 0.43829058822244404
0.071348120877519253 0.44055317863821986 0.18765826709568501 0.43829058822244404
0.67576709692366421 0.25649534575641153 0.33557128012180326 0.17135591015219687
0.19759965157136317 0.25649534575641153 0.33557128012180326 0.17135591015219687
0.67576709692366421 0.35286512523889546 0.33557128012180326 0.17135591015219687
0.67576709692366421 0.25649534575641153 0.37643811590969567 0.17135591015219687
0.67576709692366421 0.25649534575641153 0.33557128012180326 0.51757662000134586
0.19759965157136317 0.35286512523889546 0.37643811590969567 0.51757662000134586
0.29646249501965938 0.32282537110149861 0.10826018080115318 0.87371394025161864
0.67223793719895175 0.32282537110149861 0.10826018080115318 0.87371394025161864
0.29646249501965938 0.15602459907531741 0.10826018080115318 0.87371394025161864
0.29646249501965938 0.32282537110149861 0.11586254984140397 0.87371394025161864
0.29646249501965938 0.32282537110149861 0.10826018080115318 0.36906869778409601
0.67223793719895175 0.15602459907531741 0.11586254984140397 0.36906869778409601
0.17737936782650648 0.17452548891305925 0.42179833799600608 0.49488724445924165
0.5029092221986502 0.17452548891305925 0.42179833799600608 0.49488724445924165
0.17737936782650648 0.25478187315166001 0.42179833799600608 0.49488724445924165
0.17737936782650648 0.17452548891305925 0.42341544814407828 0.49488724445924165
0.17737936782650648 0.17452548891305925 0.42179833799600608 0.20309026947245001
0.5029092221986502 0.25478187315166001 0.42341544814407828 0.20309026947245001
0.4697313169483095 0.40782333388924596 0.24761863127350808 0.52731968853622679
0.36818800382316108 0.40782333388924596 0.24761863127350808 0.52731968853622679
0.4697313169483095 0.45156880281865597 0.24761863127350808 0.52731968853622679
0.4697313169483095 0.40782333388924596 0.28154960721731187 0.52731968853622679
0.4697313169483095 0.40782333388924596 0.24761863127350808 0.95798234639689328
0.36818800382316108 0.45156880281865597 0.28154960721731187 0.95798234639689328
0.48250636742450292 0.16074991188943388 0.36960984691977505 0.12329783646389843
0.58089949958957732 0.16074991188943388 0.36960984691977505 0.12329783646389843
0.48250636742450292 0.17415041401982306 0.36960984691977505 0.12329783646389843
0.48250636742450292 0.16074991188943388 0.14547338783740998 0.12329783646389843
0.48250636742450292 0.16074991188943388 0.36960984691977505 0.16281881894916295
0.58089949958957732 0.17415041401982306 0.14547338783740998 0.16281881894916295
0.20538428942672904 0.41925516165792942 0.19847579300403595 0.88683874871581791
0.12655837172642348 0.41925516165792942 0.19847579300403595 0.88683874871581791
0.20538428942672904 0.37106141671538351 0.19847579300403595 0.88683874871581791
0.20538428942672904 0.41925516165792942 0.36225073970854282 0.88683874871581791
0.20538428942672904 0.41925516165792942 0.19847579300403595 0.99849024910479789
0.12655837172642348 0.37106141671538351 0.36225073970854282 0.99849024910479789
0.32938653058372436 0.27106439769268037 0.48708762302994735 0.2707277048379183
0.27683404479175805 0.27106439769268037 0.48708762302994735 0.2707277048379183
0.32938653058372436 0.47137965150177485 0.48708762302994735 0.2707277048379183
0.32938653058372436 0.27106439769268037 0.25477070212364195 0.2707277048379183
0.32938653058372436 0.27106439769268037 0.48708762302994735 0.553657501116395
0.27683404479175805 0.47137965150177485 0.25477070212364195 0.553657501116395
0.68330565062351523 0.31216256842017176 0.25658438354730606 0.73185798833146687
0.43188341534696512 0.31216256842017176 0.25658438354730606 0.73185798833146687
0.68330565062351523 0.27441810406744482 0.25658438354730606 0.73185798833146687
0.68330565062351523 0.31216256842017176 0.44023944474756715 0.73185798833146687
0.68330565062351523 0.31216256842017176 0.25658438354730606 0.33274388402700428
0.43188341534696512 0.27441810406744482 0.44023944474756715 0.33274388402700428
0.54726372146978974 0.23745129294693471 0.11390750296413898 0.59829931579530238
0.46687211543321605 0.23745129294693471 0.11390750296413898 0.59829931579530238
0.54726372146978974 0.13673091046512129 0.11390750296413898 0.59829931579530238
0.54726372146978974 0.23745129294693471 0.22687159515917302 0.59829931579530238
0.54726372146978974 0.23745129294693471 0.11390750296413898 0.74370085028931499
0.46687211543321605 0.13673091046512129 0.22687159515917302 0.74370085028931499
0.26516237854957581 0.39577338509261606 0.34284811727702619 0.44724718833342197
0.32199410828761754 0.39577338509261606 0.34284811727702619 0.44724718833342197
0.26516237854957581 0.33368835709989075 0.34284811727702619 0.44724718833342197
0.26516237854957581 0.39577338509261606 0.46874887943267829 0.44724718833342197
0.26516237854957581 0.39577338509261606 0.34284811727702619 0.41755123814567924
0.32199410828761754 0.33368835709989075 0.46874887943267829 0.41755123814567924
0.069104325585067267 0.14435095861554148 0.23099417127668859 0.80315132750198248
0.16282156822271643 0.14435095861554148 0.23099417127668859 0.80315132750198248
0.069104325585067267 0.43337336331605913 0.23099417127668859 0.80315132750198248
0.069104325585067267 0.14435095861554148 0.17366546429693699 0.80315132750198248
0.069104325585067267 0.14435095861554148 0.23099417127668859 0.093290437851101166
0.16282156822271643 0.43337336331605913 0.17366546429693699 0.093290437851101166
0.41788549413904541 0.48565640300512314 0.40056580267846587 0.21953225921839475
0.62730430243536828 0.48565640300512314 0.40056580267846587 0.21953225921839475
0.41788549413904541 0.23645997643470765 0.40056580267846587 0.21953225921839475
0.41788549413904541 0.48565640300512314 0.33422958552837373 0.21953225921839475
0.41788549413904541 0.48565640300512314 0.40056580267846587 0.7930557784624398
0.62730430243536828 0.23645997643470765 0.33422958552837373 0.7930557784624398
0.39434842295013361 0.28611773960292342 0.20764139033854009 0.46545985693112019
0.057710555754601961 0.28611773960292342 0.20764139033854009 0.46545985693112019
0.39434842295013361 0.28911464437842371 0.20764139033854009 0.46545985693112019
0.39434842295013361 0.28611773960292342 0.21862498074769976 0.46545985693112019
0.39434842295013361 0.28611773960292342 0.20764139033854009 0.64500984933227301
0.057710555754601961 0.28911464437842371 0.21862498074769976 0.64500984933227301
0.093114876421168447 0.34637451656162743 0.43658031485974791 0.55913873784244061
0.56852552532218392 0.34637451656162743 0.43658031485974791 0.55913873784244061
0.093114876421168447 0.49222996309399603 0.43658031485974791 0.55913873784244061
0.093114876421168447 0.34637451656162743 0.47680018432438376 0.55913873784244061
0.093114876421168447 0.34637451656162743 0.43658031485974791 0.48537608105689289
0.56852552532218392 0.49222996309399603 0.47680018432438376 0.48537608105689289
0.22202705428935587 0.19457981139421465 0.14972820468246939 0.2031757078692317
0.40365005643106994 0.19457981139421465 0.14972820468246939 0.2031757078692317
0.22202705428935587 0.39347270168364046 0.14972820468246939 0.2031757078692317
0.22202705428935587 0.19457981139421465 0.18435348719358446 0.2031757078692317
0.22202705428935587 0.19457981139421465 0.14972820468246939 0.071408583894371991
0.40365005643106994 0.39347270168364046 0.18435348719358446 0.071408583894371991
0.58992060939781366 0.43469512835144997 0.31929852180182938 0.84428765160962937
0.22386544020846483 0.43469512835144997 0.31929852180182938 0.84428765160962937
0.58992060939781366 0.19041097946465016 0.31929852180182938 0.84428765160962937
0.58992060939781366 0.43469512835144997 0.3237368781119585 0.84428765160962937
0.58992060939781366 0.43469512835144997 0.31929852180182938 0.84580004841089251
0.22386544020846483 0.19041097946465016 0.3237368781119585 0.84580004841089251
0.6544745383784174 0.10940401889383794 0.45083955004811294 0.97593133982270952
0.35008721505291757 0.10940401889383794 0.45083955004811294 0.97593133982270952
0.6544745383784174 0.20311109684407713 0.45083955004811294 0.97593133982270952
0.6544745383784174 0.10940401889383794 0.11213064379990101 0.97593133982270952
0.6544745383784174 0.10940401889383794 0.45083955004811294 0.24595257131382822
0.35008721505291757 0.20311109684407713 0.11213064379990101 0.24595257131382822
0.35837892880663269 0.46986863277852542 0.27970685809850693 0.024741243701428176
0.51974045550450676 0.46986863277852542 0.27970685809850693 0.024741243701428176
0.35837892880663269 0.40617539398372171 0.27970685809850693 0.024741243701428176
0.35837892880663269 0.46986863277852542 0.39539817422628409 0.024741243701428176
0.35837892880663269 0.46986863277852542 0.27970685809850693 0.88449787756428122
0.51974045550450676 0.40617539398372171 0.39539817422628409 0.88449787756428122
0.15743076587095856 0.22128110453486444 0.39331670925021178 0.64091301837936043
0.69605153910815709 0.22128110453486444 0.39331670925021178 0.64091301837936043
0.15743076587095856 0.30492941141128538 0.39331670925021178 0.64091301837936043
0.15743076587095856 0.22128110453486444 0.29035954363644123 0.64091301837936043
0.15743076587095856 0.22128110453486444 0.39331670925021178 0.59110034206882123
0.69605153910815709 0.30492941141128538 0.29035954363644123 0.59110034206882123
0.53030356168746939 0.36121343970298769 0.16281520724296572 0.36731228984892367
0.17505560512654483 0.36121343970298769 0.16281520724296572 0.36731228984892367
0.53030356168746939 0.10181800276041031 0.16281520724296572 0.36731228984892367
0.53030356168746939 0.36121343970298769 0.4048459187150002 0.36731228984892367
0.53030356168746939 0.36121343970298769 0.16281520724296572 0.32617088111117482
0.17505560512654483 0.10181800276041031 0.4048459187150002 0.32617088111117482
0.53135312641970811 0.22050039172172547 0.21547063104808331 0.91948812970891591
0.30082519506104288 0.22050039172172547 0.21547063104808331 0.91948812970891591
0.53135312641970811 0.49337759912014012 0.21547063104808331 0.91948812970891591
0.53135312641970811 0.22050039172172547 0.24085138328373434 0.91948812970891591
0.53135312641970811 0.22050039172172547 0.21547063104808331 0.10510253190994263
0.30082519506104288 0.49337759912014012 0.24085138328373434 0.10510253190994263
0.15904052318073808 0.3619952969253063 0.44128465540707118 0.090768299773335462
0.49171821093186729 0.3619952969253063 0.44128465540707118 0.090768299773335462
0.15904052318073808 0.29031072705984118 0.44128465540707118 0.090768299773335462
0.15904052318073808 0.3619952969253063 0.45141835957765586 0.090768299773335462
0.15904052318073808 0.3619952969253063 0.44128465540707118 0.8045091683417559
0.49171821093186729 0.29031072705984118 0.45141835957765586 0.8045091683417559
0.3592349116224795 0.11018514297902585 0.12943254671990873 0.69929862108081575
0.64549519233405583 0.11018514297902585 0.12943254671990873 0.69929862108081575
0.3592349116224795 0.18921447359025478 0.12943254671990873 0.69929862108081575
0.3592349116224795 0.11018514297902585 0.15656077452003958 0.69929862108081575
0.3592349116224795 0.11018514297902585 0.12943254671990873 0.72464927066117524
0.64549519233405583 0.18921447359025478 0.15656077452003958 0.72464927066117524
0.6560398404952138 0.4690871272236109 0.30212776102125649 0.30316816238686445
0.14578862483613192 0.4690871272236109 0.30212776102125649 0.30316816238686445
0.6560398404952138 0.39232540540397165 0.30212776102125649 0.30316816238686445
0.6560398404952138 0.4690871272236109 0.34843520373106007 0.30316816238686445
0.6560398404952138 0.4690871272236109 0.30212776102125649 0.39814072068780659
0.14578862483613192 0.39232540540397165 0.34843520373106007 0.39814072068780659
0.58855011686682701 0.19379611387848855 0.47117193043231964 0.41472910415381192
0.11078000720590353 0.19379611387848855 0.47117193043231964 0.41472910415381192
0.58855011686682701 0.40502814389765263 0.47117193043231964 0.41472910415381192
0.58855011686682701 0.19379611387848855 0.13446005433797836 0.41472910415381192
0.58855011686682701 0.19379611387848855 0.47117193043231964 0.56541357936337588
0.11078000720590353 0.40502814389765263 0.13446005433797836 0.56541357936337588
0.221375469956547 0.43547386676073074 0.29691413864493371 0.63093771887943151
0.60035504638217385 0.43547386676073074 0.29691413864493371 0.63093771887943151
0.221375469956547 0.20191463716328145 0.29691413864493371 0.63093771887943151
0.221375469956547 0.43547386676073074 0.36992554850876336 0.63093771887943151
0.221375469956547 0.43547386676073074 0.29691413864493371 0.34414114126935602
0.60035504638217385 0.20191463716328145 0.36992554850876336 0.34414114126935602
0.091312769707292324 0.28690178878605366 0.38552398830652235 0.25196126425638793
0.45547477216459803 0.28690178878605366 0.38552398830652235 0.25196126425638793
0.091312769707292324 0.10301413461565972 0.38552398830652235 0.25196126425638793
0.091312769707292324 0.28690178878605366 0.26265913397073748 0.25196126425638793
0.091312769707292324 0.28690178878605366 0.38552398830652235 0.14371122350916266
0.45547477216459803 0.10301413461565972 0.26265913397073748 0.14371122350916266
0.39309695865958921 0.34559618942439557 0.1581475891172886 0.77060293816030023
0.25440063448622818 0.34559618942439557 0.1581475891172886 0.77060293816030023
0.39309695865958921 0.30607709661126137 0.1581475891172886 0.77060293816030023
0.39309695865958921 0.34559618942439557 0.42943973429501059 0.77060293816030023
0.39309695865958921 0.34559618942439557 0.1581475891172886 0.97902359900996094
0.25440063448622818 0.30607709661126137 0.42943973429501059 0.97902359900996094
0.41655466598458579 0.14512970298528671 0.35240256637334821 0.5265305249206722
0.49901297539472572 0.14512970298528671 0.35240256637334821 0.5265305249206722
0.41655466598458579 0.37147661894559858 0.35240256637334821 0.5265305249206722
0.41655466598458579 0.14512970298528671 0.12004888691008092 0.5265305249206722
0.41655466598458579 0.14512970298528671 0.35240256637334821 0.57198666989803315
0.49901297539472572 0.37147661894559858 0.12004888691008092 0.57198666989803315
0.068333733594045043 0.48487269952893264 0.17814341261982919 0.49794866364449264
0.37474974128417665 0.48487269952893264 0.17814341261982919 0.49794866364449264
0.068333733594045043 0.1745164066553116 0.17814341261982919 0.49794866364449264
0.068333733594045043 0.48487269952893264 0.38453202545642851 0.49794866364449264
0.068333733594045043 0.48487269952893264 0.17814341261982919 0.30669815428555014
0.37474974128417665 0.1745164066553116 0.38453202545642851 0.30669815428555014
0.26332062925212085 0.23667297177016736 0.49175524115562441 0.87686624936759472
0.19367801961489017 0.23667297177016736 0.49175524115562441 0.87686624936759472
0.26332062925212085 0.27405168823897841 0.49175524115562441 0.87686624936759472
0.26332062925212085 0.23667297177016736 0.27931639291346078 0.87686624936759472
0.26332062925212085 0.23667297177016736 0.49175524115562441 0.25770350743085146
0.19367801961489017 0.27405168823897841 0.27931639291346078 0.25770350743085146
0.54613124788738787 0.39655742831528185 0.26437710449099538 0.1707174509204924
0.67880528150126329 0.39655742831528185 0.26437710449099538 0.1707174509204924
0.54613124788738787 0.47096478901803496 0.26437710449099538 0.1707174509204924
0.54613124788738787 0.39655742831528185 0.41258715987205508 0.1707174509204924
0.54613124788738787 0.39655742831528185 0.26437710449099538 0.89588999267667535
0.67880528150126329 0.47096478901803496 0.41258715987205508 0.89588999267667535
0.68431551223620768 0.27184624895453458 0.10920316241681577 0.05724149562418461
0.55256374650634821 0.27184624895453458 0.10920316241681577 0.05724149562418461
0.68431551223620768 0.33327354080975058 0.10920316241681577 0.05724149562418461
0.68431551223620768 0.27184624895453458 0.20153939723968506 0.05724149562418461
0.68431551223620768 0.27184624895453458 0.10920316241681577 0.052358407992869616
0.55256374650634821 0.33327354080975058 0.20153939723968506 0.052358407992869616
0.33111533429473633 0.31138186156749725 0.33501887656748297 0.94331214169040323
0.077607380691915751 0.31138186156749725 0.33501887656748297 0.94331214169040323
0.33111533429473633 0.13636454083025457 0.33501887656748297 0.94331214169040323
0.33111533429473633 0.31138186156749725 0.49092565514147279 0.94331214169040323
0.33111533429473633 0.31138186156749725 0.33501887656748297 0.82639093467965719
0.077607380691915751 0.13636454083025457 0.49092565514147279 0.82639093467965719
0.20627995356917378 0.15996840037405491 0.24816493205726148 0.33484258769080044
0.2472436377778649 0.15996840037405491 0.24816493205726148 0.33484258769080044
0.20627995356917378 0.2368260182440281 0.24816493205726148 0.33484258769080044
0.20627995356917378 0.15996840037405491 0.19831416308879854 0.33484258769080044
0.20627995356917378 0.15996840037405491 0.24816493205726148 0.65682428171858187
0.2472436377778649 0.2368260182440281 0.19831416308879854 0.65682428171858187
0.48395264009013766 0.42003629170358181 0.42086146064102647 0.67350260134786366
0.38164801574312146 0.42003629170358181 0.42086146064102647 0.67350260134786366
0.48395264009013766 0.4337886147201061 0.42086146064102647 0.67350260134786366
0.48395264009013766 0.42003629170358181 0.30648649968206887 0.67350260134786366
0.48395264009013766 0.42003629170358181 0.42086146064102647 0.49683180926367643
0.38164801574312146 0.4337886147201061 0.30648649968206887 0.49683180926367643
0.47133985506370657 0.17374409213662148 0.19949206449091436 0.222055342849344
0.16894767796620724 0.17374409213662148 0.19949206449091436 0.222055342849344
0.47133985506370657 0.14361669234931471 0.19949206449091436 0.222055342849344
0.47133985506370657 0.17374409213662148 0.47039770670235159 0.222055342849344
0.47133985506370657 0.17374409213662148 0.19949206449091436 0.68142154719680548
0.16894767796620724 0.14361669234931471 0.47039770670235159 0.68142154719680548
0.17842766977846619 0.40860434919595723 0.36898424886167047 0.80194345358759167
0.62360564623959358 0.40860434919595723 0.36898424886167047 0.80194345358759167
0.17842766977846619 0.34045616947114465 0.36898424886167047 0.80194345358759167
0.17842766977846619 0.40860434919595723 0.23711244314908983 0.80194345358759167
0.17842766977846619 0.40860434919595723 0.36898424886167047 0.47199248034507035
0.62360564623959358 0.34045616947114465 0.23711244314908983 0.47199248034507035
0.29802653435617682 0.2572771180421114 0.25720387883484364 0.44607038989663123
0.47300259466283018 0.2572771180421114 0.25720387883484364 0.44607038989663123
0.29802653435617682 0.43935668319463728 0.25720387883484364 0.44607038989663123
0.29802653435617682 0.2572771180421114 0.32984638698399071 0.44607038989663123
0.29802653435617682 0.2572771180421114 0.25720387883484364 0.03122647263109684
0.47300259466283018 0.43935668319463728 0.32984638698399071 0.03122647263109684
0.67662186054512852 0.32204474322497845 0.48607745580375195 0.6010329182632268
0.31827130429446693 0.32204474322497845 0.48607745580375195 0.6010329182632268
0.67662186054512852 0.24256775081157686 0.48607745580375195 0.6010329182632268
0.67662186054512852 0.32204474322497845 0.16537774354219437 0.6010329182632268
0.67662186054512852 0.32204474322497845 0.48607745580375195 0.84775745302438732
0.31827130429446693 0.24256775081157686 0.16537774354219437 0.84775745302438732
0.56922124945558605 0.24714044332504273 0.34340052083134653 0.72872880876064305
0.28329244493506844 0.24714044332504273 0.34340052083134653 0.72872880876064305
0.56922124945558605 0.15487736240029337 0.34340052083134653 0.72872880876064305
0.56922124945558605 0.24714044332504273 0.35178865343332288 0.72872880876064305
0.56922124945558605 0.24714044332504273 0.34340052083134653 0.2210535201244056
0.28329244493506844 0.15487736240029337 0.35178865343332288 0.2210535201244056
0.28132798257283864 0.38218370601534846 0.11296452134847641 0.27134443642571571
0.42785252686589947 0.38218370601534846 0.11296452134847641 0.27134443642571571
0.28132798257283864 0.35166867896914489 0.11296452134847641 0.27134443642571571
0.28132798257283864 0.38218370601534846 0.14360639937222006 0.27134443642571571
0.28132798257283864 0.38218370601534846 0.11296452134847641 0.93230352779850367
0.42785252686589947 0.35166867896914489 0.14360639937222006 0.93230352779850367
0.070630337437614793 0.13389317058026792 0.40150268003344536 0.88766553184017538
0.58733245404437184 0.13389317058026792 0.40150268003344536 0.88766553184017538
0.070630337437614793 0.45276492126286028 0.40150268003344536 0.88766553184017538
0.070630337437614793 0.13389317058026792 0.44874840825796125 0.88766553184017538
0.070630337437614793 0.13389317058026792 0.40150268003344536 0.61210935095325114
0.58733245404437184 0.45276492126286028 0.44874840825796125 0.61210935095325114
0.45440326859243207 0.4984529826790095 0.23044787049293519 0.12019926507025958
0.12253303439356386 0.4984529826790095 0.23044787049293519 0.12019926507025958
0.45440326859243207 0.25592954494059084 0.23044787049293519 0.12019926507025958
0.45440326859243207 0.4984529826790095 0.25937206931412221 0.12019926507025958
0.45440326859243207 0.4984529826790095 0.23044787049293519 0.26681940587237479
0.12253303439356386 0.25592954494059084 0.25937206931412221 0.26681940587237479
0.39587691072374576 0.29813841208815572 0.43713264688849451 0.366186662632972
0.69180815848521882 0.29813841208815572 0.43713264688849451 0.366186662632972
0.39587691072374576 0.22123066149652004 0.43713264688849451 0.366186662632972
0.39587691072374576 0.29813841208815572 0.39372667409479623 0.366186662632972
0.39587691072374576 0.29813841208815572 0.43713264688849451 0.18385913696140049
0.69180815848521882 0.22123066149652004 0.39372667409479623 0.18385913696140049
0.1296351316384971 0.33201581537723546 0.2066983848810196 0.64359311312437062
0.18194463998079297 0.33201581537723546 0.2066983848810196 0.64359311312437062
0.1296351316384971 0.42436562590301041 0.2066983848810196 0.64359311312437062
0.1296351316384971 0.33201581537723546 0.10186368823051453 0.64359311312437062
0.1296351316384971 0.33201581537723546 0.2066983848810196 0.93911026854068036
0.18194463998079297 0.42436562590301041 0.10186368823051453 0.93911026854068036
0.24398706303909418 0.18332853950560093 0.32023542299866681 0.027332785017788411
0.34587795613333577 0.18332853950560093 0.32023542299866681 0.027332785017788411
0.24398706303909418 0.32390413582324984 0.32023542299866681 0.027332785017788411
0.24398706303909418 0.18332853950560093 0.40925179161131386 0.027332785017788411
0.24398706303909418 0.18332853950560093 0.32023542299866681 0.52873087920248507
0.34587795613333577 0.32390413582324984 0.40925179161131386 0.52873087920248507
0.60608868934214111 0.44984769187867646 0.14918197542428971 0.974657344724983
0.52661526319570839 0.44984769187867646 0.14918197542428971 0.974657344724983
0.60608868934214111 0.12071557492017747 0.14918197542428971 0.974657344724983
0.60608868934214111 0.44984769187867646 0.29867337048053744 0.974657344724983
0.60608868934214111 0.44984769187867646 0.14918197542428971 0.38058177798986437
0.52661526319570839 0.12071557492017747 0.29867337048053744 0.38058177798986437
0.62311206622980531 0.12475418299436569 0.28072305805981157 0.84504644069820645
0.4003836476244032 0.12475418299436569 0.28072305805981157 0.84504644069820645
0.62311206622980531 0.28341898247599606 0.28072305805981157 0.84504644069820645
0.62311206622980531 0.12475418299436569 0.48723654448986053 0.84504644069820645
0.62311206622980531 0.12475418299436569 0.28072305805981157 0.70355191735550759
0.4003836476244032 0.28341898247599606 0.48723654448986053 0.70355191735550759
0.35169265796430405 0.45842433646321301 0.45021392814815042 0.20014372861012816
0.22977756136097011 0.45842433646321301 0.45021392814815042 0.20014372861012816
0.35169265796430405 0.48660363331437118 0.45021392814815042 0.20014372861012816
0.35169265796430405 0.45842433646321301 0.22046891488134862 0.20014372861012816
0.35169265796430405 0.45842433646321301 0.45021392814815042 0.41948200663551688
0.22977756136097011 0.48660363331437118 0.22046891488134862 0.41948200663551688
0.14626177274622021 0.20672480277717115 0.16343472637236117 0.55595792340114714
0.054428621893748641 0.20672480277717115 0.16343472637236117 0.55595792340114714
0.14626177274622021 0.38706836439669134 0.16343472637236117 0.55595792340114714
0.14626177274622021 0.20672480277717115 0.31525363922119143 0.55595792340114714
0.14626177274622021 0.20672480277717115 0.16343472637236117 0.12967269578948618
0.054428621893748641 0.38706836439669134 0.31525363922119143 0.12967269578948618
0.50334446611814199 0.37342713661491878 0.39230661354959018 0.46612962529063223
0.57447294984012842 0.37342713661491878 0.39230661354959018 0.46612962529063223
0.50334446611814199 0.18393082506954672 0.39230661354959018 0.46612962529063223
0.50334446611814199 0.37342713661491878 0.17977517582476141 0.46612962529063223
0.50334446611814199 0.37342713661491878 0.39230661354959018 0.77970255227759477
0.57447294984012842 0.18393082506954672 0.17977517582476141 0.77970255227759477
0.51104192188940933 0.10621383041143417 0.49827497974038126 0.13027736153453587
0.27251084507443007 0.10621383041143417 0.49827497974038126 0.13027736153453587
0.51104192188940933 0.11683831252157689 0.49827497974038126 0.13027736153453587
0.51104192188940933 0.10621383041143417 0.33726782090961938 0.13027736153453587
0.51104192188940933 0.10621383041143417 0.49827497974038126 0.9620980281755328
0.27251084507443007 0.11683831252157689 0.33726782090961938 0.9620980281755328
0.13872436922974885 0.46451160982251172 0.2709959462285042 0.8938555720262229
0.4374038857407867 0.46451160982251172 0.2709959462285042 0.8938555720262229
0.13872436922974885 0.31372499652206898 0.2709959462285042 0.8938555720262229
0.13872436922974885 0.46451160982251172 0.17043764144182205 0.8938555720262229
0.13872436922974885 0.46451160982251172 0.2709959462285042 0.1914972973242402
0.4374038857407867 0.31372499652206898 0.17043764144182205 0.1914972973242402
0.33891862691380076 0.21308827213943005 0.35911751613020904 0.29290784249082208
0.61846587564796207 0.21308827213943005 0.35911751613020904 0.29290784249082208
0.33891862691380076 0.41267586573958404 0.35911751613020904 0.29290784249082208
0.33891862691380076 0.21308827213943005 0.46532002277672291 0.29290784249082208
0.33891862691380076 0.21308827213943005 0.35911751613020904 0.35759373359382152
0.61846587564796207 0.41267586573958404 0.46532002277672291 0.35759373359382152
0.63572852457873519 0.35441832728683953 0.18495766818523407 0.75406040854752066
0.092708502104505902 0.35441832728683953 0.18495766818523407 0.75406040854752066
0.63572852457873519 0.21573901847004892 0.18495766818523407 0.75406040854752066
0.63572852457873519 0.35441832728683953 0.22970879524946214 0.75406040854752066
0.63572852457873519 0.35441832728683953 0.18495766818523407 0.52109300360083577
0.092708502104505902 0.21573901847004892 0.22970879524946214 0.52109300360083577
0.60886628534644838 0.27951250299811364 0.24149868525564672 0.57564092719927429
0.13787375353276729 0.27951250299811364 0.24149868525564672 0.57564092719927429
0.60886628534644838 0.17844223380088808 0.24149868525564672 0.57564092719927429
0.60886628534644838 0.27951250299811364 0.44365877956151967 0.57564092719927429
0.60886628534644838 0.27951250299811364 0.24149868525564672 0.44246889008209112
0.13787375353276729 0.17844223380088808 0.44365877956151967 0.44246889008209112
0.24168666964396834 0.33799333274364474 0.41409615837037561 0.42456645511090757
0.65345000769011674 0.33799333274364474 0.41409615837037561 0.42456645511090757
0.24168666964396834 0.3753755524754524 0.41409615837037561 0.42456645511090757
0.24168666964396834 0.33799333274364474 0.2519315857440233 0.42456645511090757
0.24168666964396834 0.33799333274364474 0.41409615837037561 0.71118908470496534
0.65345000769011674 0.3753755524754524 0.2519315857440233 0.71118908470496534
0.11162409046664834 0.18980195559561253 0.10273232944309713 0.79569302212446924
0.48380396072752768 0.18980195559561253 0.10273232944309713 0.79569302212446924
0.11162409046664834 0.47642754577100277 0.10273232944309713 0.79569302212446924
0.11162409046664834 0.18980195559561253 0.35922203212976456 0.79569302212446924
0.11162409046664834 0.18980195559561253 0.10273232944309713 0.75671550089493389
0.48380396072752768 0.47642754577100277 0.35922203212976456 0.75671550089493389
0.41341322883963577 0.43092424832284448 0.32844878546893597 0.2120367176644504
0.30877938931807869 0.43092424832284448 0.32844878546893597 0.2120367176644504
0.41341322883963577 0.27953866831958296 0.32844878546893597 0.2120367176644504
0.41341322883963577 0.43092424832284448 0.14870313294231893 0.2120367176644504
0.41341322883963577 0.43092424832284448 0.32844878546893597 0.12203569637611508
0.30877938931807869 0.27953866831958296 0.14870313294231893 0.12203569637611508
0.43686834038235239 0.22816674113273622 0.13521902151405812 0.45796431355178358
0.38956268969923252 0.22816674113273622 0.13521902151405812 0.45796431355178358
0.43686834038235239 0.24488861151039601 0.13521902151405812 0.45796431355178358
0.43686834038235239 0.22816674113273622 0.40180773176252849 0.45796431355178358
0.43686834038235239 0.22816674113273622 0.13521902151405812 0.44903438698500397
0.38956268969923252 0.24488861151039601 0.40180773176252849 0.44903438698500397
0.088642458571121102 0.38860667273402216 0.30781818442046643 0.55168043429031965
0.23928956217132508 0.38860667273402216 0.30781818442046643 0.55168043429031965
0.088642458571121102 0.4479794207960367 0.30781818442046643 0.55168043429031965
0.088642458571121102 0.38860667273402216 0.29358731806278227 0.55168043429031965
0.088642458571121102 0.38860667273402216 0.30781818442046643 0.67375369135290386
0.23928956217132508 0.4479794207960367 0.29358731806278227 0.67375369135290386
0.28362946561537677 0.14001860283315182 0.22145251967012883 0.18049497647210955
0.08552267574705183 0.14001860283315182 0.22145251967012883 0.18049497647210955
0.28362946561537677 0.34746452644467352 0.22145251967012883 0.18049497647210955
0.28362946561537677 0.14001860283315182 0.39882698394358163 0.18049497647210955
0.28362946561537677 0.14001860283315182 0.22145251967012883 0.87071537844836711
0.08552267574705183 0.34746452644467352 0.39882698394358163 0.87071537844836711
0.56644505304284387 0.47997517921030519 0.44717028997838504 0.82162926118820911
0.5446090498007834 0.47997517921030519 0.44717028997838504 0.82162926118820911
0.56644505304284387 0.14442693218588831 0.44717028997838504 0.82162926118820911
0.56644505304284387 0.47997517921030519 0.10929349064826965 0.82162926118820911
0.56644505304284387 0.47997517921030519 0.44717028997838504 0.038894496411085125
0.5446090498007834 0.14442693218588831 0.10929349064826965 0.038894496411085125
0.66400679210200897 0.15488014593720437 0.37949339672923088 0.99813376186415548
0.66069425609894095 0.15488014593720437 0.37949339672923088 0.99813376186415548
0.66400679210200897 0.25673673301935196 0.37949339672923088 0.99813376186415548
0.66400679210200897 0.15488014593720437 0.32031759023666384 0.99813376186415548
0.66400679210200897 0.15488014593720437 0.37949339672923088 0.90934631062671545
0.66069425609894095 0.25673673301935196 0.32031759023666384 0.90934631062671545
0.3108016453683376 0.41511287242174155 0.15221300125122073 0.046921379528939725
0.21174902347847818 0.41511287242174155 0.15221300125122073 0.046921379528939725
0.3108016453683376 0.4597763299942017 0.15221300125122073 0.046921379528939725
0.3108016453683376 0.41511287242174155 0.18719255663454534 0.046921379528939725
0.3108016453683376 0.41511287242174155 0.15221300125122073 0.21338665729388592
0.21174902347847818 0.4597763299942017 0.18719255663454534 0.21338665729388592
0.18596616294234991 0.26331718452274799 0.46533655002713203 0.64792983986437325
0.35663933455944058 0.26331718452274799 0.46533655002713203 0.64792983986437325
0.18596616294234991 0.36028836481273174 0.46533655002713203 0.64792983986437325
0.18596616294234991 0.26331718452274799 0.47982884347438814 0.64792983986437325
0.18596616294234991 0.26331718452274799 0.46533655002713203 0.28977633828297261
0.35663933455944058 0.36028836481273174 0.47982884347438814 0.28977633828297261
0.46364379888400431 0.30345699302852158 0.29117496460676195 0.37429181674495343
0.51708336058072746 0.30345699302852158 0.29117496460676195 0.37429181674495343
0.46364379888400431 0.15720127485692503 0.29117496460676195 0.37429181674495343
0.46364379888400431 0.30345699302852158 0.21539528407156469 0.37429181674495343
0.46364379888400431 0.30345699302852158 0.29117496460676195 0.6197764985449612
0.51708336058072746 0.15720127485692503 0.21539528407156469 0.6197764985449612
0.49164858488366003 0.25287402495741845 0.31356920003890992 0.76626574411988257
0.12033074619248509 0.25287402495741845 0.31356920003890992 0.76626574411988257
0.49164858488366003 0.46707837060093882 0.31356920003890992 0.76626574411988257
0.49164858488366003 0.25287402495741845 0.15147150345146657 0.76626574411988257
0.49164858488366003 0.25287402495741845 0.31356920003890992 0.3143737132847309
0.12033074619248509 0.46707837060093882 0.15147150345146657 0.3143737132847309
0.19874134901911017 0.31780640184879305 0.14241664931178094 0.2438556428439915
0.58957406640984111 0.31780640184879305 0.14241664931178094 0.2438556428439915
0.19874134901911017 0.26386949643492696 0.14241664931178094 0.2438556428439915
0.19874134901911017 0.31780640184879305 0.34099355190992353 0.2438556428439915
0.19874134901911017 0.31780640184879305 0.14241664931178094 0.59493706010282044
0.58957406640984111 0.26386949643492696 0.34099355190992353 0.59493706010282044
0.3183403346687555 0.16609235443174841 0.4306618377566338 0.60746083443984389
0.42565085976384576 0.16609235443174841 0.4306618377566338 0.60746083443984389
0.3183403346687555 0.16281749196350576 0.4306618377566338 0.60746083443984389
0.3183403346687555 0.16609235443174841 0.24828440435230734 0.60746083443984389
0.3183403346687555 0.16609235443174841 0.4306618377566338 0.88821471843868494
0.42565085976384576 0.16281749196350576 0.24828440435230734 0.88821471843868494
0.69693069206550717 0.40155691467225552 0.20012826994061472 0.39514004234224559
0.28553343620151278 0.40155691467225552 0.20012826994061472 0.39514004234224559
0.69693069206550717 0.36598192490637305 0.20012826994061472 0.39514004234224559
0.69693069206550717 0.40155691467225552 0.45651626139879231 0.39514004234224559
0.69693069206550717 0.40155691467225552 0.20012826994061472 0.23475283246487377
0.28553343620151278 0.36598192490637305 0.45651626139879231 0.23475283246487377
0.54890756537206464 0.12626742571592331 0.16995448879897596 0.32281644722446801
0.33066893662326036 0.12626742571592331 0.16995448879897596 0.32281644722446801
0.54890756537206464 0.42829086892306811 0.16995448879897596 0.32281644722446801
0.54890756537206464 0.12626742571592331 0.27008016258478162 0.32281644722446801
0.54890756537206464 0.12626742571592331 0.16995448879897596 0.83406550066545604
0.33066893662326036 0.42829086892306811 0.27008016258478162 0.83406550066545604
0.26101926728151736 0.49138260558247571 0.39892543144524095 0.72271533329039817
0.460644906386733 0.49138260558247571 0.39892543144524095 0.72271533329039817
0.26101926728151736 0.22513015531003477 0.39892543144524095 0.72271533329039817
0.26101926728151736 0.49138260558247571 0.4345007527619601 0.72271533329039817
0.26101926728151736 0.49138260558247571 0.39892543144524095 0.075307922009378678
0.460644906386733 0.22513015531003477 0.4345007527619601 0.075307922009378678
0.050321491388604048 0.24271136932075024 0.28743803165853021 0.098933144211769103
0.63600389724597328 0.24271136932075024 0.28743803165853021 0.098933144211769103
0.050321491388604048 0.12617929726839067 0.28743803165853021 0.098933144211769103
0.050321491388604048 0.24271136932075024 0.1293827757239342 0.098933144211769103
0.050321491388604048 0.24271136932075024 0.28743803165853021 0.48915741121396422
0.63600389724597328 0.12617929726839067 0.1293827757239342 0.48915741121396422
0.43408947312273077 0.37796829529106624 0.45702815987169743 0.92376515151932836
0.15658937101252376 0.37796829529106624 0.45702815987169743 0.92376515151932836
0.43408947312273077 0.3293901741504669 0.45702815987169743 0.92376515151932836
0.43408947312273077 0.37796829529106624 0.36252078004181387 0.92376515151932836
0.43408947312273077 0.37796829529106624 0.45702815987169743 0.63387459976598626
0.15658937101252376 0.3293901741504669 0.36252078004181387 0.63387459976598626
0.37556075192987914 0.17525723949074745 0.25117326341569424 0.67975256551057106
0.56207512742839749 0.17525723949074745 0.25117326341569424 0.67975256551057106
0.37556075192987914 0.39464321359992027 0.25117326341569424 0.67975256551057106
0.37556075192987914 0.17525723949074745 0.28437993861734867 0.67975256551057106
0.37556075192987914 0.17525723949074745 0.25117326341569424 0.7968637575209141
0.56207512742839749 0.39464321359992027 0.28437993861734867 0.7968637575209141
0.10932392226532101 0.44156271368265154 0.48014289177954195 0.34486074557527902
0.066787042655050755 0.44156271368265154 0.48014289177954195 0.34486074557527902
0.10932392226532101 0.19782805517315866 0.48014289177954195 0.34486074557527902
0.10932392226532101 0.44156271368265154 0.42000566124916083 0.34486074557527902
0.10932392226532101 0.44156271368265154 0.48014289177954195 0.082122022733092312
0.066787042655050755 0.19782805517315866 0.42000566124916083 0.082122022733092312
0.22367575196549294 0.29326377995312214 0.19365666024386885 0.9687036654539406
0.21738035762682556 0.29326377995312214 0.19365666024386885 0.9687036654539406
0.22367575196549294 0.2973160330206156 0.19365666024386885 0.9687036654539406
0.22367575196549294 0.29326377995312214 0.11264159120619298 0.9687036654539406
0.22367575196549294 0.29326377995312214 0.19365666024386885 0.40578629944473504
0.21738035762682556 0.2973160330206156 0.11264159120619298 0.40578629944473504
0.58577240947633979 0.32658580653369429 0.3632450986653567 0.078744963109493249
0.41274144970811899 0.32658580653369429 0.3632450986653567 0.078744963109493249
0.58577240947633979 0.49417868442833424 0.3632450986653567 0.078744963109493249
0.58577240947633979 0.32658580653369429 0.37945727407932284 0.078744963109493249
0.58577240947633979 0.32658580653369429 0.3632450986653567 0.74762961190193888
0.41274144970811899 0.49417868442833424 0.37945727407932284 0.74762961190193888
0.64342326107434922 0.20187615156173708 0.40728913098573682 0.14915357755497097
0.52881673900410531 0.20187615156173708 0.40728913098573682 0.14915357755497097
0.64342326107434922 0.30688123367726805 0.40728913098573682 0.14915357755497097
0.64342326107434922 0.20187615156173708 0.19087046086788179 0.14915357755497097
0.64342326107434922 0.20187615156173708 0.40728913098573682 0.33649672346189619
0.52881673900410531 0.30688123367726805 0.19087046086788179 0.33649672346189619
0.37200882160104803 0.36797419711947443 0.23613831773400307 0.85153418228030209
0.34363645878620441 0.36797419711947443 0.23613831773400307 0.85153418228030209
0.37200882160104803 0.11001638881862164 0.23613831773400307 0.85153418228030209
0.37200882160104803 0.36797419711947443 0.30139927901327612 0.85153418228030209
0.37200882160104803 0.36797419711947443 0.23613831773400307 0.5424339463748038
0.34363645878620441 0.11001638881862164 0.30139927901327612 0.5424339463748038
0.16657804776914414 0.11665689013898373 0.34938238561153412 0.48787009987980129
0.18414673688821492 0.11665689013898373 0.34938238561153412 0.48787009987980129
0.16657804776914414 0.21053127050399781 0.34938238561153412 0.48787009987980129
0.16657804776914414 0.11665689013898373 0.20663934946060181 0.48787009987980129
0.16657804776914414 0.11665689013898373 0.34938238561153412 0.98666830157861118
0.18414673688821492 0.21053127050399781 0.20663934946060181 0.98666830157861118
0.52365579172037535 0.45016230084002018 0.11885017976164819 0.52034001743420955
0.68956604003906241 0.45016230084002018 0.11885017976164819 0.52034001743420955
0.52365579172037535 0.40734290033578879 0.11885017976164819 0.52034001743420955
0.52365579172037535 0.45016230084002018 0.49835662581026552 0.52034001743420955
0.52365579172037535 0.45016230084002018 0.11885017976164819 0.16669057173654436
0.68956604003906241 0.40734290033578879 0.49835662581026552 0.16669057173654436
0.51957051046192637 0.19272663295269013 0.33218994140625002 0.35120428847149016
0.44299968346022062 0.19272663295269013 0.33218994140625002 0.35120428847149016
0.51957051046192637 0.33616949208080771 0.33218994140625002 0.35120428847149016
0.51957051046192637 0.19272663295269013 0.44653946533799171 0.35120428847149016
0.51957051046192637 0.19272663295269013 0.33218994140625002 0.24827072272077202
0.44299968346022062 0.33616949208080771 0.44653946533799171 0.24827072272077202
0.17081879870966077 0.42800185903906829 0.11103913113474846 0.68632777258753774
0.26829249244183301 0.42800185903906829 0.11103913113474846 0.68632777258753774
0.17081879870966077 0.13305960632860661 0.11103913113474846 0.68632777258753774
0.17081879870966077 0.42800185903906829 0.26096467487514019 0.68632777258753774
0.17081879870966077 0.42800185903906829 0.11103913113474846 0.88307038249447944
0.26829249244183301 0.13305960632860661 0.26096467487514019 0.88307038249447944
0.36656982777640218 0.2761850353330374 0.42447851151227955 0.069768299199640754
0.097069466579705471 0.2761850353330374 0.42447851151227955 0.069768299199640754
0.36656982777640218 0.23435116186738014 0.42447851151227955 0.069768299199640754
0.36656982777640218 0.2761850353330374 0.35604847148060803 0.069768299199640754
0.36656982777640218 0.2761850353330374 0.42447851151227955 0.59242503104731437
0.097069466579705471 0.23435116186738014 0.35604847148060803 0.59242503104731437
0.64870058391243213 0.34131851233541965 0.24394630268216133 0.95997361933812497
0.61296310112811625 0.34131851233541965 0.24394630268216133 0.95997361933812497
0.64870058391243213 0.43741698786616323 0.24394630268216133 0.95997361933812497
0.64870058391243213 0.34131851233541965 0.13918185643851758 0.95997361933812497
0.64870058391243213 0.34131851233541965 0.24394630268216133 0.3238246916793287
0.61296310112811625 0.43741698786616323 0.13918185643851758 0.3238246916793287
0.58192745479755104 0.21602215841412545 0.17646776251494886 0.86003069866448645
0.65922928145155302 0.21602215841412545 0.17646776251494886 0.86003069866448645
0.58192745479755104 0.37472652643918991 0.17646776251494886 0.86003069866448645
0.58192745479755104 0.21602215841412545 0.32794186882674692 0.86003069866448645
0.58192745479755104 0.21602215841412545 0.17646776251494886 0.6473924881964922
0.65922928145155302 0.37472652643918991 0.32794186882674692 0.6473924881964922
0.22799875312484796 0.3514806255698204 0.35543739385902884 0.15740347614511846
0.13315452267415823 0.3514806255698204 0.35543739385902884 0.15740347614511846
0.22799875312484796 0.1716632753610611 0.35543739385902884 0.15740347614511846
0.22799875312484796 0.3514806255698204 0.16745938137173655 0.15740347614511846
0.22799875312484796 0.3514806255698204 0.35543739385902884 0.48401307344436645
0.13315452267415823 0.1716632753610611 0.16745938137173655 0.48401307344436645
0.10364894350059331 0.10290148444473744 0.26836522482335567 0.51351678701117631
0.31327426056377583 0.10290148444473744 0.26836522482335567 0.51351678701117631
0.10364894350059331 0.27036847881972792 0.26836522482335567 0.51351678701117631
0.10364894350059331 0.10290148444473744 0.4749390374869108 0.51351678701117631
0.10364894350059331 0.10290148444473744 0.26836522482335567 0.072795891128480436
0.31327426056377583 0.27036847881972792 0.4749390374869108 0.072795891128480436
0.38076140596531327 0.46782777123153207 0.48795366026461129 0.4808152052760124
0.47784991599619381 0.46782777123153207 0.48795366026461129 0.4808152052760124
0.38076140596531327 0.47348227463662629 0.48795366026461129 0.4808152052760124
0.38076140596531327 0.46782777123153207 0.23317543044686317 0.4808152052760124
0.38076140596531327 0.46782777123153207 0.48795366026461129 0.84351647723466161
0.47784991599619381 0.47348227463662629 0.23317543044686317 0.84351647723466161
0.42889316556975238 0.26662942916154864 0.29524592719972131 0.23488855859264729
0.23494366267696021 0.26662942916154864 0.29524592719972131 0.23488855859264729
0.42889316556975238 0.40211345292627809 0.29524592719972131 0.23488855859264729
0.42889316556975238 0.26662942916154864 0.31753460988402371 0.23488855859264729
0.42889316556975238 0.26662942916154864 0.29524592719972131 0.74607414314523335
0.23494366267696021 0.40211345292627809 0.31753460988402371 0.74607414314523335
0.055990893580019477 0.30014093294739724 0.47421686686575415 0.75753032404929399
0.39507030346430833 0.30014093294739724 0.47421686686575415 0.75753032404929399
0.055990893580019477 0.20520159490406514 0.47421686686575415 0.75753032404929399
0.055990893580019477 0.30014093294739724 0.17806195579469206 0.75753032404929399
0.055990893580019477 0.30014093294739724 0.47421686686575415 0.41619383813813332
0.39507030346430833 0.20520159490406514 0.17806195579469206 0.41619383813813332
0.25669067986309524 0.15194634906947613 0.16214352957904341 0.40147774398326874
0.53899857453070577 0.15194634906947613 0.16214352957904341 0.40147774398326874
0.25669067986309524 0.10547101423144341 0.16214352957904341 0.40147774398326874
0.25669067986309524 0.15194634906947613 0.48310020491480832 0.40147774398326874
0.25669067986309524 0.15194634906947613 0.16214352957904341 0.094683352690190084
0.53899857453070577 0.10547101423144341 0.48310020491480832 0.094683352690190084
0.55275685684755438 0.4180504847317934 0.38173366077244286 0.61404515387490388
0.089735956676304338 0.4180504847317934 0.38173366077244286 0.61404515387490388
0.55275685684755438 0.30242998376488683 0.38173366077244286 0.61404515387490388
0.55275685684755438 0.4180504847317934 0.22481895349919798 0.61404515387490388
0.55275685684755438 0.4180504847317934 0.38173366077244286 0.79076286127790807
0.089735956676304338 0.30242998376488683 0.22481895349919798 0.79076286127790807
0.69165771086700256 0.14334617182612419 0.43847307711839678 0.71590121522545813
0.20725930142216381 0.14334617182612419 0.43847307711839678 0.71590121522545813
0.69165771086700256 0.49013346135616309 0.43847307711839678 0.71590121522545813
0.69165771086700256 0.14334617182612419 0.41103607676923282 0.71590121522545813
0.69165771086700256 0.14334617182612419 0.43847307711839678 0.1651351011544466
0.20725930142216381 0.49013346135616309 0.41103607676923282 0.1651351011544466
0.32377375676296649 0.4766498982906342 0.21732052341103555 0.31575571136549119
0.66666305586695662 0.4766498982906342 0.21732052341103555 0.31575571136549119
0.32377375676296649 0.293170391023159 0.21732052341103555 0.31575571136549119
0.32377375676296649 0.4766498982906342 0.29666337892413142 0.31575571136549119
0.32377375676296649 0.4766498982906342 0.21732052341103555 0.99707583844661718
0.66666305586695662 0.293170391023159 0.29666337892413142 0.99707583844661718
0.19449501666240393 0.22524197436869145 0.30576102435588837 0.93225629394873977
0.51129932506009934 0.22524197436869145 0.30576102435588837 0.93225629394873977
0.19449501666240393 0.19290421567857266 0.30576102435588837 0.93225629394873977
0.19449501666240393 0.22524197436869145 0.38911045752465723 0.93225629394873977
0.19449501666240393 0.22524197436869145 0.30576102435588837 0.55499527450650932
0.51129932506009934 0.19290421567857266 0.38911045752465723 0.55499527450650932
0.49573819809593256 0.39152915142476563 0.12522745952010156 0.10719262246042491
0.36134357792325311 0.39152915142476563 0.12522745952010156 0.10719262246042491
0.49573819809593256 0.38981368951499462 0.12522745952010156 0.10719262246042491
0.49573819809593256 0.39152915142476563 0.10592456087470055 0.10719262246042491
0.49573819809593256 0.39152915142476563 0.12522745952010156 0.33039582539349793
0.36134357792325311 0.38981368951499462 0.10592456087470055 0.33039582539349793
0.45772872478701165 0.23977449610829354 0.45439727082848547 0.54342177746817466
0.59551700036972754 0.23977449610829354 0.45439727082848547 0.54342177746817466
0.45772872478701165 0.28602806851267815 0.45439727082848547 0.54342177746817466
0.45772872478701165 0.23977449610829354 0.26700373366475105 0.54342177746817466
0.45772872478701165 0.23977449610829354 0.45439727082848547 0.51523136517032975
0.59551700036972754 0.28602806851267815 0.26700373366475105 0.51523136517032975
0.19203694160096346 0.38090287894010544 0.27711687833070753 0.44947375889867547
0.11578509374521673 0.38090287894010544 0.27711687833070753 0.44947375889867547
0.19203694160096346 0.48281652107834816 0.27711687833070753 0.44947375889867547
0.19203694160096346 0.38090287894010544 0.4252720158547163 0.44947375889867547
0.19203694160096346 0.38090287894010544 0.27711687833070753 0.37039432136341932
0.11578509374521673 0.48281652107834816 0.4252720158547163 0.37039432136341932
0.30592291555367407 0.1295826990157366 0.39043573960661893 0.8286903438717127
0.29018203006125981 0.1295826990157366 0.39043573960661893 0.8286903438717127
0.30592291555367407 0.38411133028566835 0.39043573960661893 0.8286903438717127
0.30592291555367407 0.1295826990157366 0.13275207653641702 0.8286903438717127
0.30592291555367407 0.1295826990157366 0.39043573960661893 0.20166557820513842
0.29018203006125981 0.38411133028566835 0.13275207653641702 0.20166557820513842
0.66872362089343362 0.48806962184607983 0.16627415120601655 0.18730920771136877
0.41984061943367118 0.48806962184607983 0.16627415120601655 0.18730920771136877
0.66872362089343362 0.18727233298122883 0.16627415120601655 0.18730920771136877
0.66872362089343362 0.48806962184607983 0.3722377013415098 0.18730920771136877
0.66872362089343362 0.48806962184607983 0.16627415120601655 0.96030330160632726
0.41984061943367118 0.18727233298122883 0.3722377013415098 0.96030330160632726
0.56061137923970816 0.16317066252231599 0.21051045693457127 0.040337173268198967
0.46609688033349805 0.16317066252231599 0.21051045693457127 0.040337173268198967
0.56061137923970816 0.22497495375573637 0.21051045693457127 0.040337173268198967
0.56061137923970816 0.16317066252231599 0.16060247533023359 0.040337173268198967
0.56061137923970816 0.16317066252231599 0.21051045693457127 0.11617405612021685
0.46609688033349805 0.22497495375573637 0.16060247533023359 0.11617405612021685
0.28994095101952549 0.40448242053389549 0.43310962282121179 0.99179640704765915
0.32629684200510378 0.40448242053389549 0.43310962282121179 0.99179640704765915
0.28994095101952549 0.42181156687438492 0.43310962282121179 0.99179640704765915
0.28994095101952549 0.40448242053389549 0.34377692714333535 0.99179640704765915
0.28994095101952549 0.40448242053389549 0.43310962282121179 0.76951608683913941
0.32629684200510378 0.42181156687438492 0.34377692714333535 0.76951608683913941
0.083686665259301657 0.25619856677949426 0.14615802057087424 0.38302782459184531
0.16077677644789218 0.25619856677949426 0.14615802057087424 0.38302782459184531
0.083686665259301657 0.32051999866962433 0.14615802057087424 0.38302782459184531
0.083686665259301657 0.25619856677949426 0.23886036686599255 0.38302782459184531
0.083686665259301657 0.25619856677949426 0.14615802057087424 0.72135736376047133
0.16077677644789218 0.32051999866962433 0.23886036686599255 0.72135736376047133
0.44135003900155417 0.31447804607450963 0.32187578789889815 0.65689774554222824
0.63033748189918692 0.31447804607450963 0.32187578789889815 0.65689774554222824
0.44135003900155417 0.12372744530439378 0.32187578789889815 0.65689774554222824
0.44135003900155417 0.31447804607450963 0.45324450805783278 0.65689774554222824
0.44135003900155417 0.31447804607450963 0.32187578789889815 0.44067416168749335
0.63033748189918692 0.12372744530439378 0.45324450805783278 0.44067416168749335
0.40892595848999913 0.113332449644804 0.11679318733513355 0.90091128075495364
0.062133679771795867 0.113332449644804 0.11679318733513355 0.90091128075495364
0.40892595848999913 0.15226174369454384 0.11679318733513355 0.90091128075495364
0.40892595848999913 0.113332449644804 0.19384909197688105 0.90091128075495364
0.40892595848999913 0.113332449644804 0.11679318733513355 0.048106216993182897
0.062133679771795867 0.15226174369454384 0.19384909197688105 0.048106216993182897
0.11658422541804611 0.45349055528640747 0.33939065746963026 0.13710117243230344
0.56787036815658209 0.45349055528640747 0.33939065746963026 0.13710117243230344
0.11658422541804611 0.35545002147555349 0.33939065746963026 0.13710117243230344
0.11658422541804611 0.45349055528640747 0.31072562597692011 0.13710117243230344
0.11658422541804611 0.45349055528640747 0.33939065746963026 0.86796409158036114
0.56787036815658209 0.35545002147555349 0.31072562597692011 0.86796409158036114
0.23537951619364317 0.20479775406420231 0.22744089104235174 0.74581086408346897
0.40680367220193142 0.20479775406420231 0.22744089104235174 0.74581086408346897
0.23537951619364317 0.45571618564426897 0.22744089104235174 0.74581086408346897
0.23537951619364317 0.20479775406420231 0.20317234620451929 0.74581086408346897
0.23537951619364317 0.20479775406420231 0.22744089104235174 0.66884861322119837
0.40680367220193142 0.45571618564426897 0.20317234620451929 0.66884861322119837
0.61469437773339453 0.36504878066480162 0.40315735004842279 0.28441144658252598
0.22194077721796929 0.36504878066480162 0.40315735004842279 0.28441144658252598
0.61469437773339453 0.25258150435984139 0.40315735004842279 0.28441144658252598
0.61469437773339453 0.36504878066480162 0.48873721919953828 0.28441144658252598
0.61469437773339453 0.36504878066480162 0.40315735004842279 0.4627915350534022
0.22194077721796929 0.25258150435984139 0.48873721919953828 0.4627915350534022
0.6310061192139983 0.28994840532541277 0.3731757931411267 0.43329662170261146
0.33943436369299884 0.28994840532541277 0.3731757931411267 0.43329662170261146
0.6310061192139983 0.13989037685096264 0.3731757931411267 0.43329662170261146
0.6310061192139983 0.28994840532541277 0.27534648142755036 0.43329662170261146
0.6310061192139983 0.28994840532541277 0.3731757931411267 0.62898821730166676
0.33943436369299884 0.13989037685096264 0.27534648142755036 0.62898821730166676
0.34380170321092002 0.32989889159798624 0.19589675664901735 0.58461794523522259
0.534478075383231 0.32989889159798624 0.19589675664901735 0.58461794523522259
0.34380170321092002 0.34302896820008755 0.19589675664901735 0.58461794523522259
0.34380170321092002 0.32989889159798624 0.41712458357214932 0.58461794523522259
0.34380170321092002 0.32989889159798624 0.19589675664901735 0.28702504958957437
0.534478075383231 0.34302896820008755 0.41712458357214932 0.28702504958957437
0.13265792736783621 0.17819420211017134 0.48421363905072212 0.20546209106221794
0.68412914318032558 0.17819420211017134 0.48421363905072212 0.20546209106221794
0.13265792736783621 0.44275956004858019 0.48421363905072212 0.20546209106221794
0.13265792736783621 0.17819420211017134 0.12216323874890805 0.20546209106221794
0.13265792736783621 0.17819420211017134 0.48421363905072212 0.20848157733678815
0.68412914318032558 0.44275956004858019 0.12216323874890805 0.20848157733678815
0.51695140972733489 0.43862804062664507 0.26005379408597951 0.78935029335319995
0.18852367801591752 0.43862804062664507 0.26005379408597951 0.78935029335319995
0.51695140972733489 0.2395738571882248 0.26005379408597951 0.78935029335319995
0.51695140972733489 0.43862804062664507 0.382631229609251 0.78935029335319995
0.51695140972733489 0.43862804062664507 0.26005379408597951 0.92310345686972139
0.18852367801591752 0.2395738571882248 0.382631229609251 0.92310345686972139
0.49925682637840502 0.28396336585283277 0.15562692023813726 0.63533387217670678
0.49596012900583442 0.28396336585283277 0.15562692023813726 0.63533387217670678
0.49925682637840502 0.25958376079797746 0.15562692023813726 0.63533387217670678
0.49925682637840502 0.28396336585283277 0.12532892599701884 0.63533387217670678
0.49925682637840502 0.28396336585283277 0.15562692023813726 0.86031866615638142
0.49596012900583442 0.25958376079797746 0.12532892599701884 0.86031866615638142
0.15051008341833949 0.34852927103638653 0.37511779330670836 0.35769575750455262
0.29520337171852584 0.34852927103638653 0.37511779330670836 0.35769575750455262
0.15051008341833949 0.45652031898498535 0.37511779330670836 0.35769575750455262
0.15051008341833949 0.34852927103638653 0.36714213602244861 0.35769575750455262
0.15051008341833949 0.34852927103638653 0.37511779330670836 0.025125693213194609
0.29520337171852584 0.45652031898498535 0.36714213602244861 0.025125693213194609
0.34626098172739145 0.19711298458278181 0.28853390403091905 0.98171784328296785
0.15126535436138511 0.19711298458278181 0.28853390403091905 0.98171784328296785
0.34626098172739145 0.3577647756785155 0.28853390403091905 0.98171784328296785
0.34626098172739145 0.19711298458278181 0.27208313420414926 0.98171784328296785
0.34626098172739145 0.19711298458278181 0.28853390403091905 0.47043712841346863
0.15126535436138511 0.3577647756785155 0.27208313420414926 0.47043712841346863
0.62838678844273088 0.4321623373776674 0.46740578822791579 0.034146665781736377
0.64115777392871676 0.4321623373776674 0.46740578822791579 0.034146665781736377
0.62838678844273088 0.1608783807605505 0.46740578822791579 0.034146665781736377
0.62838678844273088 0.4321623373776674 0.43271133117377758 0.034146665781736377
0.62838678844273088 0.4321623373776674 0.46740578822791579 0.69182896906509994
0.64115777392871676 0.1608783807605505 0.43271133117377758 0.69182896906509994
0.6022361846175045 0.10726185366511345 0.31242409422993661 0.19355917187407612
0.60504823224619031 0.10726185366511345 0.31242409422993661 0.19355917187407612
0.6022361846175045 0.24818744249641897 0.31242409422993661 0.19355917187407612
0.6022361846175045 0.10726185366511345 0.24392767958343031 0.19355917187407612
0.6022361846175045 0.10726185366511345 0.31242409422993661 0.27938061717897655
0.60504823224619031 0.24818744249641897 0.24392767958343031 0.27938061717897655
0.24831243236549194 0.47201117873191833 0.13198983520269394 0.83870850175619127
0.10502427951432763 0.47201117873191833 0.13198983520269394 0.83870850175619127
0.24831243236549194 0.44507736600935466 0.13198983520269394 0.83870850175619127
0.24831243236549194 0.47201117873191833 0.46064703539013863 0.83870850175619127
0.24831243236549194 0.47201117873191833 0.13198983520269394 0.60600856970995665
0.10502427951432763 0.44507736600935466 0.46064703539013863 0.60600856970995665
0.12396274381317197 0.22382648326456547 0.44494093582034111 0.47486528266221284
0.26037824465893206 0.22382648326456547 0.44494093582034111 0.47486528266221284
0.12396274381317197 0.34383004978299142 0.44494093582034111 0.47486528266221284
0.12396274381317197 0.22382648326456547 0.15319141261279584 0.47486528266221284
0.12396274381317197 0.22382648326456547 0.44494093582034111 0.93074817404150967
0.26037824465893206 0.34383004978299142 0.15319141261279584 0.93074817404150967
0.40107023748569187 0.35866844318807123 0.22388748526573182 0.5649252449534834
0.45095387529581776 0.35866844318807123 0.22388748526573182 0.5649252449534834
0.40107023748569187 0.14689568504691125 0.22388748526573182 0.5649252449534834
0.40107023748569187 0.35866844318807123 0.33871814981102943 0.5649252449534834
0.40107023748569187 0.35866844318807123 0.22388748526573182 0.23146094016730784
0.45095387529581776 0.14689568504691125 0.33871814981102943 0.23146094016730784
0.44920436041429634 0.15664241015911104 0.41869501098990447 0.80899857819080356
0.36925825430080289 0.15664241015911104 0.41869501098990447 0.80899857819080356
0.44920436041429634 0.17557646632194521 0.41869501098990447 0.80899857819080356
0.44920436041429634 0.15664241015911104 0.21057272776961328 0.80899857819080356
0.44920436041429634 0.15664241015911104 0.41869501098990447 0.37806986575946211
0.36925825430080289 0.17557646632194521 0.21057272776961328 0.37806986575946211
0.076307057216763494 0.42336304411292081 0.23825900852680207 0.22887880327180027
0.5033452470321208 0.42336304411292081 0.23825900852680207 0.22887880327180027
0.076307057216763494 0.37861358672380452 0.23825900852680207 0.22887880327180027
0.076307057216763494 0.42336304411292081 0.49380667768418796 0.22887880327180027
0.076307057216763494 0.42336304411292081 0.23825900852680207 0.53818174077197911
0.5033452470321208 0.37861358672380452 0.49380667768418796 0.53818174077197911
0.27700695488601917 0.2747694488614798 0.32621122971177102 0.59278278967365627
0.67457835334353144 0.2747694488614798 0.32621122971177102 0.59278278967365627
0.27700695488601917 0.47893315814435489 0.32621122971177102 0.59278278967365627
0.27700695488601917 0.2747694488614798 0.18879246041178704 0.59278278967365627
0.27700695488601917 0.2747694488614798 0.32621122971177102 0.95262804197147488
0.67457835334353144 0.47893315814435489 0.18879246041178704 0.95262804197147488
0.57306818244978786 0.30845789946615698 0.10515642315149308 0.43757364351302386
0.19930460229516028 0.30845789946615698 0.10515642315149308 0.43757364351302386
0.57306818244978786 0.27584282271564009 0.10515642315149308 0.43757364351302386
0.57306818244978786 0.30845789946615698 0.30331241749227045 0.43757364351302386
0.57306818244978786 0.30845789946615698 0.10515642315149308 0.17871491784229873
0.19930460229516028 0.27584282271564009 0.30331241749227045 0.17871491784229873
0.67134155207313595 0.23335599973797799 0.27439288981258869 0.28007425254210833
0.071624933695420626 0.23335599973797799 0.27439288981258869 0.28007425254210833
0.67134155207313595 0.11354525126516819 0.27439288981258869 0.28007425254210833
0.67134155207313595 0.23335599973797799 0.11707010529935361 0.28007425254210833
0.67134155207313595 0.23335599973797799 0.27439288981258869 0.77719063822180035
0.071624933695420626 0.11354525126516819 0.11707010529935361 0.77719063822180035
0.30346254738979039 0.39986905902624137 0.49388507120311265 0.73770524267107251
0.55706957597285511 0.39986905902624137 0.49388507120311265 0.73770524267107251
0.30346254738979039 0.31663358397781849 0.49388507120311265 0.73770524267107251
0.30346254738979039 0.39986905902624137 0.37520564720034599 0.73770524267107251
0.30346254738979039 0.39986905902624137 0.49388507120311265 0.13912355553358793
0.55706957597285511 0.31663358397781849 0.37520564720034599 0.13912355553358793
0.1741837055888027 0.14806821532547476 0.18230001367628576 0.11362428799271584
0.37695989916101091 0.14806821532547476 0.18230001367628576 0.11362428799271584
0.1741837055888027 0.41631687507033355 0.18230001367628576 0.11362428799271584
0.1741837055888027 0.14806821532547476 0.28278336487710476 0.11362428799271584
0.1741837055888027 0.14806821532547476 0.18230001367628576 0.43299977824091912
0.37695989916101091 0.41631687507033355 0.28278336487710476 0.43299977824091912
0.47542191823013119 0.48193952850997446 0.36117359362542634 0.88132221894338725
0.25301404544152317 0.48193952850997446 0.36117359362542634 0.88132221894338725
0.47542191823013119 0.21327603533864023 0.36117359362542634 0.88132221894338725
0.47542191823013119 0.48193952850997446 0.42220641598105435 0.88132221894338725
0.47542191823013119 0.48193952850997446 0.36117359362542634 0.69840769641101363
0.25301404544152317 0.21327603533864023 0.42220641598105435 0.69840769641101363
0.47804489326663308 0.13681939765810969 0.23410398475825789 0.50429162241518499
0.6281351912766695 0.13681939765810969 0.23410398475825789 0.50429162241518499
0.47804489326663308 0.30944139622151856 0.23410398475825789 0.50429162241518499
0.47804489326663308 0.13681939765810969 0.36111466363072398 0.50429162241518499
0.47804489326663308 0.13681939765810969 0.23410398475825789 0.39323575938120486
0.6281351912766695 0.30944139622151856 0.36111466363072398 0.39323575938120486
0.21234814128838475 0.49553209543228149 0.40991970188915727 0.53310538152232767
0.16301839123480022 0.49553209543228149 0.40991970188915727 0.53310538152232767
0.21234814128838475 0.10627820007503033 0.40991970188915727 0.53310538152232767
0.21234814128838475 0.49553209543228149 0.14658478908240796 0.53310538152232767
0.21234814128838475 0.49553209543228149 0.40991970188915727 0.73840630190446976
0.16301839123480022 0.10627820007503033 0.14658478908240796 0.73840630190446976
0.32623423631303006 0.24381137825548649 0.12326106987893581 0.16174020288512109
0.32409517248161135 0.24381137825548649 0.12326106987893581 0.16174020288512109
0.32623423631303006 0.20752550363540651 0.12326106987893581 0.16174020288512109
0.32623423631303006 0.24381137825548649 0.43912952318787579 0.16174020288512109
0.32623423631303006 0.24381137825548649 0.12326106987893581 0.81372077209874993
0.32409517248161135 0.20752550363540651 0.43912952318787579 0.81372077209874993
0.68903989107348018 0.38550743125379083 0.34595759548246863 0.86813585277646776
0.46833787402138105 0.38550743125379083 0.34595759548246863 0.86813585277646776
0.68903989107348018 0.41073314100503922 0.34595759548246863 0.86813585277646776
0.68903989107348018 0.38550743125379083 0.25590549223124981 0.86813585277646776
0.68903989107348018 0.38550743125379083 0.34595759548246863 0.1023513618670404
0.46833787402138105 0.41073314100503922 0.25590549223124981 0.1023513618670404
0.54030017470940939 0.2602126017212868 0.47769705355167391 0.95180830759927626
0.43223824934102589 0.2602126017212868 0.47769705355167391 0.95180830759927626
0.54030017470940939 0.3984364293515682 0.47769705355167391 0.95180830759927626
0.54030017470940939 0.2602126017212868 0.46751705519855025 0.95180830759927626
0.54030017470940939 0.2602126017212868 0.47769705355167391 0.97411863587796688
0.43223824934102589 0.3984364293515682 0.46751705519855025 0.97411863587796688
0.26962479706853626 0.31910849586129186 0.25343790277838707 0.0654908100888133
0.27782434420660135 0.31910849586129186 0.25343790277838707 0.0654908100888133
0.26962479706853626 0.19522507265210154 0.25343790277838707 0.0654908100888133
0.26962479706853626 0.31910849586129186 0.22807950749993325 0.0654908100888133
0.26962479706853626 0.31910849586129186 0.25343790277838707 0.15746825292706487
0.27782434420660135 0.19522507265210154 0.22807950749993325 0.15746825292706487
0.06337038055062294 0.17043019644916058 0.36646379381418226 0.66667902044951921
0.12818334233015777 0.17043019644916058 0.36646379381418226 0.66667902044951921
0.06337038055062294 0.29398062862455843 0.36646379381418226 0.66667902044951921
0.06337038055062294 0.17043019644916058 0.33302010111510755 0.66667902044951921
0.06337038055062294 0.17043019644916058 0.36646379381418226 0.35335274320095778
0.12818334233015777 0.29398062862455843 0.33302010111510755 0.35335274320095778
0.42103872308507556 0.41191900856792929 0.18908565416932108 0.32778710896149277
0.58315869583748281 0.41191900856792929 0.18908565416932108 0.32778710896149277
0.42103872308507556 0.49714182205498225 0.18908565416932108 0.32778710896149277
0.42103872308507556 0.41191900856792929 0.17489905431866648 0.32778710896149277
0.42103872308507556 0.41191900856792929 0.18908565416932108 0.56266240749508145
0.58315869583748281 0.49714182205498225 0.17489905431866648 0.56266240749508145
0.38861723835580048 0.21003859713673592 0.39646338075399401 0.081800631396472451
0.17612585318274793 0.21003859713673592 0.39646338075399401 0.081800631396472451
0.38861723835580048 0.42572417370975024 0.39646338075399401 0.081800631396472451
0.38861723835580048 0.21003859713673592 0.47800823971629147 0.081800631396472451
0.38861723835580048 0.21003859713673592 0.39646338075399401 0.90605815673246981
0.17612585318274793 0.42572417370975024 0.47800823971629147 0.90605815673246981
0.096270536491647352 0.37011257857084279 0.17220558598637581 0.91075235916301611
0.69648756636306641 0.37011257857084279 0.17220558598637581 0.91075235916301611
0.096270536491647352 0.2288625743240118 0.17220558598637581 0.91075235916301611
0.096270536491647352 0.37011257857084279 0.21739301346242429 0.91075235916301611
0.096270536491647352 0.37011257857084279 0.17220558598637581 0.25590889768674968
0.69648756636306641 0.2288625743240118 0.21739301346242429 0.25590889768674968
0.2150657255668193 0.12181878872215748 0.46022949814796454 0.30950527990236881
0.52208086922764774 0.12181878872215748 0.46022949814796454 0.30950527990236881
0.2150657255668193 0.12917929440736772 0.46022949814796454 0.30950527990236881
0.2150657255668193 0.12181878872215748 0.32497032508254053 0.30950527990236881
0.2150657255668193 0.12181878872215748 0.46022949814796454 0.30083663268014788
0.52208086922764774 0.12917929440736772 0.32497032508254053 0.30083663268014788
0.59438553652726112 0.46136049441993243 0.28285310193896296 0.70588259004056453
0.35179216819815334 0.46136049441993243 0.28285310193896296 0.70588259004056453
0.59438553652726112 0.32599340081214906 0.28285310193896296 0.70588259004056453
0.59438553652726112 0.46136049441993243 0.18314414583146574 0.70588259004056453
0.59438553652726112 0.46136049441993243 0.28285310193896296 0.58478714084252714
0.35179216819815334 0.32599340081214906 0.18314414583146574 0.58478714084252714
0.65131979361176484 0.18665770590305331 0.14037449620664122 0.62412325033918026
0.22414225060492754 0.18665770590305331 0.14037449620664122 0.62412325033918026
0.65131979361176484 0.46330313161015513 0.14037449620664122 0.62412325033918026
0.65131979361176484 0.18665770590305331 0.39650971852242944 0.62412325033918026
0.65131979361176484 0.18665770590305331 0.14037449620664122 0.50699997149407861
0.22414225060492754 0.46330313161015513 0.39650971852242944 0.50699997149407861
0.3641104281879961 0.4465238653123379 0.31618851758539679 0.40766778416931632
0.40456217727623872 0.4465238653123379 0.31618851758539679 0.40766778416931632
0.3641104281879961 0.26649121865630154 0.31618851758539679 0.40766778416931632
0.3641104281879961 0.4465238653123379 0.11099442467093468 0.40766778416931632
0.3641104281879961 0.4465238653123379 0.31618851758539679 0.65502967014908786
0.40456217727623872 0.26649121865630154 0.11099442467093468 0.65502967014908786
0.15296676373109219 0.29521209560334682 0.20453172139823439 0.77909373011440042
0.57007246264256539 0.29521209560334682 0.20453172139823439 0.77909373011440042
0.15296676373109219 0.16617163605988028 0.20453172139823439 0.77909373011440042
0.15296676373109219 0.29521209560334682 0.40598056577146058 0.77909373011440042
0.15296676373109219 0.29521209560334682 0.20453172139823439 0.82052941124886269
0.57007246264256539 0.16617163605988028 0.40598056577146058 0.82052941124886269
0.537265214882791 0.33493679203093052 0.42722693867981432 0.26022015837952495
0.059891563747078186 0.33493679203093052 0.42722693867981432 0.26022015837952495
0.537265214882791 0.36303676404058938 0.42722693867981432 0.26022015837952495
0.537265214882791 0.33493679203093052 0.28924976512789724 0.26022015837952495
0.537265214882791 0.33493679203093052 0.42722693867981432 0.065158877111971381
0.059891563747078186 0.36303676404058938 0.28924976512789724 0.065158877111971381
0.53320119869895277 0.13775401338934901 0.14462963230907919 0.87284790845587845
0.61041206885129207 0.13775401338934901 0.14462963230907919 0.87284790845587845
0.53320119869895277 0.21725677587091924 0.14462963230907919 0.87284790845587845
0.53320119869895277 0.13775401338934901 0.31913477443158628 0.87284790845587845
0.53320119869895277 0.13775401338934901 0.14462963230907919 0.20686417758464812
0.61041206885129207 0.21725677587091924 0.31913477443158628 0.20686417758464812
0.15453135273419319 0.4790655583143234 0.32360059730708601 0.16647857159376142
0.099572462355718011 0.4790655583143234 0.32360059730708601 0.16647857159376142
0.15453135273419319 0.41409396417438982 0.32360059730708601 0.16647857159376142
0.15453135273419319 0.4790655583143234 0.18585510179400444 0.16647857159376142
0.15453135273419319 0.4790655583143234 0.32360059730708601 0.91586361534893512
0.099572462355718011 0.41409396417438982 0.18585510179400444 0.91586361534893512
0.35993241067044429 0.23078568018972875 0.21191752590239049 0.53027782429009673
0.26572719910182058 0.23078568018972875 0.21191752590239049 0.53027782429009673
0.35993241067044429 0.31533975526690483 0.21191752590239049 0.53027782429009673
0.35993241067044429 0.23078568018972875 0.47837504111230378 0.53027782429009673
0.35993241067044429 0.23078568018972875 0.21191752590239049 0.62856795359402895
0.26572719910182058 0.31533975526690483 0.47837504111230378 0.62856795359402895
0.65291911573149264 0.3890650507062674 0.43150768242776394 0.50149780025705692
0.44553676703944795 0.3890650507062674 0.43150768242776394 0.50149780025705692
0.65291911573149264 0.11855005994439126 0.43150768242776394 0.50149780025705692
0.65291911573149264 0.3890650507062674 0.2139008067548275 0.50149780025705692
0.65291911573149264 0.3890650507062674 0.43150768242776394 0.28098257776349783
0.44553676703944795 0.11855005994439126 0.2139008067548275 0.28098257776349783
0.59781972682103512 0.2643606409430504 0.38902826532721524 0.33827117357403041
0.48051059585995964 0.2643606409430504 0.38902826532721524 0.33827117357403041
0.59781972682103512 0.28124032914638519 0.38902826532721524 0.33827117357403041
0.59781972682103512 0.2643606409430504 0.40014617070555691 0.33827117357403041
0.59781972682103512 0.2643606409430504 0.38902826532721524 0.66532185317948456
0.48051059585995964 0.28124032914638519 0.40014617070555691 0.66532185317948456
0.21413096245378255 0.3054893262684345 0.16787573397159578 0.67712929522618648
0.31088230712339276 0.3054893262684345 0.16787573397159578 0.67712929522618648
0.21413096245378255 0.47802783101797108 0.16787573397159578 0.67712929522618648
0.21413096245378255 0.3054893262684345 0.29195880256593232 0.67712929522618648
0.21413096245378255 0.3054893262684345 0.16787573397159578 0.45747045824304222
0.31088230712339276 0.47802783101797108 0.29195880256593232 0.45747045824304222
0.099828685075044638 0.1541666965931654 0.45592601671814925 0.053123167026788001
0.13585053011775017 0.1541666965931654 0.45592601671814925 0.053123167026788001
0.099828685075044638 0.37678490243852136 0.45592601671814925 0.053123167026788001
0.099828685075044638 0.1541666965931654 0.39687536284327507 0.053123167026788001
0.099828685075044638 0.1541666965931654 0.45592601671814925 0.045774665381759408
0.13585053011775017 0.37678490243852136 0.39687536284327507 0.045774665381759408
0.38763778517022723 0.41265363879501826 0.27539247423410418 0.93941440626978878
0.65682182717137039 0.41265363879501826 0.27539247423410418 0.93941440626978878
0.38763778517022723 0.17994418554008007 0.27539247423410418 0.93941440626978878
0.38763778517022723 0.41265363879501826 0.10750413797795773 0.93941440626978878
0.38763778517022723 0.41265363879501826 0.27539247423410418 0.86383845685049887
0.65682182717137039 0.17994418554008007 0.10750413797795773 0.86383845685049887
0.42458203430287533 0.21536469832062721 0.48280662968754773 0.69540180748328562
0.087228080490604043 0.21536469832062721 0.48280662968754773 0.69540180748328562
0.42458203430287533 0.14603956826031209 0.48280662968754773 0.69540180748328562
0.42458203430287533 0.21536469832062721 0.44188735298812387 0.69540180748328562
0.42458203430287533 0.21536469832062721 0.48280662968754773 0.71998003959655765
0.087228080490604043 0.14603956826031209 0.44188735298812387 0.71998003959655765
0.062405844638124111 0.35531534701585776 0.26165579408407214 0.29905075196176767
0.54155448721721766 0.35531534701585776 0.26165579408407214 0.29905075196176767
0.062405844638124111 0.34917834736406805 0.26165579408407214 0.29905075196176767
0.062405844638124111 0.35531534701585776 0.25002230480313303 0.29905075196176767
0.062405844638124111 0.35531534701585776 0.26165579408407214 0.4336746294051409
0.54155448721721766 0.34917834736406805 0.25002230480313303 0.4336746294051409
0.27305399072356518 0.10360816009342672 0.37470414564013488 0.92311764016747477
0.39253825526684516 0.10360816009342672 0.37470414564013488 0.92311764016747477
0.27305399072356518 0.44949353113770485 0.37470414564013488 0.92311764016747477
0.27305399072356518 0.10360816009342672 0.35757558457553384 0.92311764016747477
0.27305399072356518 0.10360816009342672 0.37470414564013488 0.11551371682435274
0.39253825526684516 0.44949353113770485 0.35757558457553384 0.11551371682435274
0.53937033317051819 0.46404225341975691 0.19417191147804261 0.094199705887585874
0.23750392063520848 0.46404225341975691 0.19417191147804261 0.094199705887585874
0.53937033317051819 0.24631031081080437 0.19417191147804261 0.094199705887585874
0.53937033317051819 0.46404225341975691 0.1469992257654667 0.094199705887585874
0.53937033317051819 0.46404225341975691 0.19417191147804261 0.76323330577462911
0.23750392063520848 0.24631031081080437 0.1469992257654667 0.76323330577462911
0.68484695628285408 0.18874580264091492 0.22591218091547491 0.25551131904125213
0.3637405667454004 0.18874580264091492 0.22591218091547491 0.25551131904125213
0.68484695628285408 0.15860702246427538 0.22591218091547491 0.25551131904125213
0.68484695628285408 0.18874580264091492 0.33577982559800146 0.25551131904125213
0.68484695628285408 0.18874580264091492 0.22591218091547491 0.19837702454999087
0.3637405667454004 0.15860702246427538 0.33577982559800146 0.19837702454999087
0.32784839579835529 0.42890384718775754 0.40488178990781309 0.77435115935280918
0.50863360981456929 0.42890384718775754 0.40488178990781309 0.77435115935280918
0.32784839579835529 0.36179396212100989 0.40488178990781309 0.77435115935280918
0.32784839579835529 0.42890384718775754 0.16901473514735699 0.77435115935280918
0.32784839579835529 0.42890384718775754 0.40488178990781309 0.95522066483274104
0.50863360981456929 0.36179396212100989 0.16901473514735699 0.95522066483274104
0.20827920353040097 0.28021506927907469 0.11820060200989246 0.41049304505810141
0.66906562973745165 0.28021506927907469 0.11820060200989246 0.41049304505810141
0.20827920353040097 0.46147591881453998 0.11820060200989246 0.41049304505810141
0.20827920353040097 0.28021506927907469 0.4639760799705982 0.41049304505810141
0.20827920353040097 0.28021506927907469 0.11820060200989246 0.51266160717234011
0.66906562973745165 0.46147591881453998 0.4639760799705982 0.51266160717234011
0.47961447890847914 0.3404657397419214 0.33778901509940629 0.62692219454795128
0.20456817438825964 0.3404657397419214 0.33778901509940629 0.62692219454795128
0.47961447890847914 0.25833914242684841 0.33778901509940629 0.62692219454795128
0.47961447890847914 0.3404657397419214 0.22849507741630079 0.62692219454795128
0.47961447890847914 0.3404657397419214 0.33778901509940629 0.3660302465967834
0.20456817438825964 0.25833914242684841 0.22849507741630079 0.3660302465967834
0.47191831860691302 0.29065813273191454 0.26695815585553651 0.023695768546313049
0.41727967015467576 0.29065813273191454 0.26695815585553651 0.023695768546313049
0.47191831860691302 0.36740449443459511 0.26695815585553651 0.023695768546313049
0.47191831860691302 0.29065813273191454 0.1923334237188101 0.023695768546313049
0.47191831860691302 0.29065813273191454 0.26695815585553651 0.54895172204822307
0.41727967015467576 0.36740449443459511 0.1923334237188101 0.54895172204822307
0.17518795309588314 0.32611642554402354 0.48955560065805914 0.97123344462364913
0.29271477926522488 0.32611642554402354 0.48955560065805914 0.97123344462364913
0.17518795309588314 0.16434296295046807 0.48955560065805914 0.97123344462364913
0.17518795309588314 0.32611642554402354 0.30289681181311612 0.97123344462364913
0.17518795309588314 0.32611642554402354 0.48955560065805914 0.32997471470385792
0.29271477926522488 0.16434296295046807 0.30289681181311612 0.32997471470385792
0.29999364214017982 0.17753369025886059 0.17799615077674391 0.37009098224341869
0.11322971740737557 0.17753369025886059 0.17799615077674391 0.37009098224341869
0.29999364214017982 0.26558588035404684 0.17799615077674391 0.37009098224341869
0.29999364214017982 0.17753369025886059 0.20781301520764828 0.37009098224341869
0.29999364214017982 0.17753369025886059 0.17799615077674391 0.15789634026587007
0.11322971740737557 0.26558588035404684 0.20781301520764828 0.15789634026587007
0.67223168201744554 0.44245971031486986 0.35371258445084097 0.6477030175365508
0.59802433052100235 0.44245971031486986 0.35371258445084097 0.6477030175365508
0.67223168201744554 0.46870062686502934 0.35371258445084097 0.6477030175365508
0.67223168201744554 0.44245971031486986 0.49969103261828429 0.6477030175365508
0.67223168201744554 0.44245971031486986 0.35371258445084097 0.99545928567647934
0.59802433052100235 0.46870062686502934 0.49969103261828429 0.99545928567647934
0.57722140564583235 0.1173594318330288 0.42294976562261588 0.56018653489649295
0.63302791519090529 0.1173594318330288 0.42294976562261588 0.56018653489649295
0.57722140564583235 0.33099819831550126 0.42294976562261588 0.56018653489649295
0.57722140564583235 0.1173594318330288 0.28632240816950799 0.56018653489649295
0.57722140564583235 0.1173594318330288 0.42294976562261588 0.090558564942330125
0.63302791519090529 0.33099819831550126 0.28632240816950799 0.090558564942330125
0.2753530838061124 0.45263473093509676 0.24567070677876474 0.47015259722247721
0.15837490600533782 0.45263473093509676 0.24567070677876474 0.47015259722247721
0.2753530838061124 0.12788545452058317 0.24567070677876474 0.47015259722247721
0.2753530838061124 0.45263473093509676 0.42179196737706659 0.47015259722247721
0.2753530838061124 0.45263473093509676 0.24567070677876474 0.78843239029869439
0.15837490600533782 0.12788545452058317 0.42179196737706659 0.78843239029869439
0.080415706569328907 0.20081997551023961 0.33359741568565371 0.84150383351370694
0.3289630960207432 0.20081997551023961 0.33359741568565371 0.84150383351370694
0.080415706569328907 0.22663967460393908 0.33359741568565371 0.84150383351370694
0.080415706569328907 0.20081997551023961 0.11431231126189233 0.84150383351370694
0.080415706569328907 0.20081997551023961 0.33359741568565371 0.74075221935287117
0.3289630960207432 0.22663967460393908 0.11431231126189233 0.74075221935287117
0.44767448636703189 0.36595382057130343 0.10943754836916925 0.19638805981725452
0.4636993430554866 0.36595382057130343 0.10943754836916925 0.19638805981725452
0.44767448636703189 0.42970492541790006 0.10943754836916925 0.19638805981725452
0.44767448636703189 0.36595382057130343 0.38108884654939179 0.19638805981725452
0.44767448636703189 0.36595382057130343 0.10943754836916925 0.41266599746420979
0.4636993430554866 0.42970492541790006 0.38108884654939179 0.41266599746420979
0.4051738877780735 0.16871131658554078 0.30423267185688019 0.442315642926842
0.21940314518287773 0.16871131658554078 0.30423267185688019 0.442315642926842
0.4051738877780735 0.49589719101786611 0.30423267185688019 0.442315642926842
0.4051738877780735 0.16871131658554078 0.27171745412051679 0.442315642926842
0.4051738877780735 0.16871131658554078 0.30423267185688019 0.066514132283627986
0.21940314518287773 0.49589719101786611 0.27171745412051679 0.066514132283627986
0.12243778891861438 0.40201526805758481 0.1269523046910763 0.59749122925102716
0.40936950431205327 0.40201526805758481 0.1269523046910763 0.59749122925102716
0.12243778891861438 0.29893621578812601 0.1269523046910763 0.59749122925102716
0.12243778891861438 0.40201526805758481 0.43620160594582558 0.59749122925102716
0.12243778891861438 0.40201526805758481 0.1269523046910763 0.84285692650824784
0.40936950431205327 0.29893621578812601 0.43620160594582558 0.84285692650824784
0.25245081577450035 0.25060946010053159 0.43988008648157118 0.22608113136142491
0.56536807580851012 0.25060946010053159 0.43988008648157118 0.22608113136142491
0.25245081577450035 0.19925427176058294 0.43988008648157118 0.22608113136142491
0.25245081577450035 0.25060946010053159 0.13116335682570934 0.22608113136142491
0.25245081577450035 0.25060946010053159 0.43988008648157118 0.64039193369448189
0.56536807580851012 0.19925427176058294 0.13116335682570934 0.64039193369448189
0.60059722838923335 0.3168967578560114 0.2157185234129429 0.80617488531395798
0.064684018306434152 0.3168967578560114 0.2157185234129429 0.80617488531395798
0.60059722838923335 0.39616508372128012 0.2157185234129429 0.80617488531395798
0.60059722838923335 0.3168967578560114 0.36443311050534255 0.80617488531395798
0.60059722838923335 0.3168967578560114 0.2157185234129429 0.48263496071100237
0.064684018306434152 0.39616508372128012 0.36443311050534255 0.48263496071100237
0.62491296404041341 0.24199789538979533 0.16073611490428449 0.89177635442465542
0.19093058626167475 0.24199789538979533 0.16073611490428449 0.89177635442465542
0.62491296404041341 0.40885602198541171 0.16073611490428449 0.89177635442465542
0.62491296404041341 0.24199789538979533 0.15282459929585457 0.89177635442465542
0.62491296404041341 0.24199789538979533 0.16073611490428449 0.58806016771122815
0.19093058626167475 0.40885602198541171 0.15282459929585457 0.58806016771122815
0.34715611073188479 0.37550908476114275 0.38333530314266684 0.12410450650379062
0.6814336720854044 0.37550908476114275 0.38333530314266684 0.12410450650379062
0.34715611073188479 0.21194168142974379 0.38333530314266684 0.12410450650379062
0.34715611073188479 0.37550908476114275 0.34221032075583935 0.12410450650379062
0.34715611073188479 0.37550908476114275 0.38333530314266684 0.32125391146168114
0.6814336720854044 0.21194168142974379 0.34221032075583935 0.32125391146168114
0.14699156894348561 0.12731085903942585 0.29677463732659815 0.72530772889032957
0.53687072983011597 0.12731085903942585 0.29677463732659815 0.72530772889032957
0.14699156894348561 0.11162648499011994 0.29677463732659815 0.72530772889032957
0.14699156894348561 0.12731085903942585 0.24976324215531351 0.72530772889032957
0.14699156894348561 0.12731085903942585 0.29677463732659815 0.24318887451663612
0.53687072983011597 0.11162648499011994 0.24976324215531351 0.24318887451663612
0.50027591367252167 0.49341496340930469 0.47249242700636385 0.26771023653447629
0.33677299250848586 0.49341496340930469 0.47249242700636385 0.26771023653447629
0.50027591367252167 0.30858526676893239 0.47249242700636385 0.26771023653447629
0.50027591367252167 0.49341496340930469 0.45793611519038679 0.26771023653447629
0.50027591367252167 0.49341496340930469 0.47249242700636385 0.87978285105898979
0.33677299250848586 0.30858526676893239 0.45793611519038679 0.87978285105898979
0.51289239139296106 0.2356278456747532 0.3680905416607857 0.17673836577683685
0.6437896229326725 0.2356278456747532 0.3680905416607857 0.17673836577683685
0.51289239139296106 0.39071921706199653 0.3680905416607857 0.17673836577683685
0.51289239139296106 0.2356278456747532 0.20275821946561337 0.17673836577683685
0.51289239139296106 0.2356278456747532 0.3680905416607857 0.81986915957182649
0.6437896229326725 0.39071921706199653 0.20275821946561337 0.81986915957182649
0.13421759600751101 0.39452371150255205 0.18765456452965737 0.81808571210131054
0.14884333270601927 0.39452371150255205 0.18765456452965737 0.81808571210131054
0.13421759600751101 0.18750652819871905 0.18765456452965737 0.81808571210131054
0.13421759600751101 0.39452371150255205 0.49227670356631281 0.81808571210131054
0.13421759600751101 0.39452371150255205 0.18765456452965737 0.058875950016081327
0.14884333270601927 0.18750652819871905 0.49227670356631281 0.058875950016081327
0.33961868784390387 0.14584482200443746 0.47599781453609469 0.4619882127828896
0.29784948420710861 0.14584482200443746 0.47599781453609469 0.4619882127828896
0.33961868784390387 0.28880285285413265 0.47599781453609469 0.4619882127828896
0.33961868784390387 0.14584482200443746 0.19973196946084501 0.4619882127828896
0.33961868784390387 0.14584482200443746 0.47599781453609469 0.5056230270117521
0.29784948420710861 0.28880285285413265 0.19973196946084501 0.5056230270117521
0.63261036169715223 0.48733331672847269 0.25494303330779078 0.55590997308492662
0.4935040171258151 0.48733331672847269 0.25494303330779078 0.55590997308492662
0.63261036169715223 0.49196194522082803 0.25494303330779078 0.55590997308492662
0.63261036169715223 0.48733331672847269 0.30796739086508751 0.55590997308492662
0.63261036169715223 0.48733331672847269 0.25494303330779078 0.64802981659770009
0.4935040171258151 0.49196194522082803 0.30796739086508751 0.64802981659770009
0.61813348839059468 0.16223151087760926 0.12496066652238369 0.65203880237415435
0.44837339469231657 0.16223151087760926 0.12496066652238369 0.65203880237415435
0.61813348839059468 0.30465307272970676 0.12496066652238369 0.65203880237415435
0.61813348839059468 0.16223151087760926 0.12174721583724023 0.65203880237415435
0.61813348839059468 0.16223151087760926 0.12496066652238369 0.29826702071353794
0.44837339469231657 0.30465307272970676 0.12174721583724023 0.29826702071353794
0.23443975523114202 0.42094433829188349 0.34445287026464944 0.37819519445300104
0.2628505499102175 0.42094433829188349 0.34445287026464944 0.37819519445300104
0.23443975523114202 0.1014900702983141 0.34445287026464944 0.37819519445300104
0.23443975523114202 0.42094433829188349 0.3861718472093344 0.37819519445300104
0.23443975523114202 0.42094433829188349 0.34445287026464944 0.58042297845706348
0.2628505499102175 0.1014900702983141 0.3861718472093344 0.58042297845706348
0.12013745363801717 0.2692287888377905 0.23247683160007002 0.99471078906208277
0.10240846890956162 0.2692287888377905 0.23247683160007002 0.99471078906208277
0.12013745363801717 0.20019698962569238 0.23247683160007002 0.99471078906208277
0.12013745363801717 0.2692287888377905 0.28123125359416012 0.99471078906208277
0.12013745363801717 0.2692287888377905 0.23247683160007002 0.90276992434635761
0.10240846890956162 0.20019698962569238 0.28123125359416012 0.90276992434635761
0.40795150315389034 0.31092505790293218 0.41135043390095238 0.043285290356725459
0.60753604075871404 0.31092505790293218 0.41135043390095238 0.043285290356725459
0.40795150315389034 0.40340710356831555 0.41135043390095238 0.043285290356725459
0.40795150315389034 0.31092505790293218 0.41436521671712401 0.043285290356725459
0.40795150315389034 0.31092505790293218 0.41135043390095238 0.25082588123157623
0.60753604075871404 0.40340710356831555 0.41436521671712401 0.25082588123157623
0.4448982705827802 0.11123962625861168 0.20623102001845839 0.28927270069718364
0.20173166175372897 0.11123962625861168 0.20623102001845839 0.28927270069718364
0.4448982705827802 0.46945288330316548 0.20623102001845839 0.28927270069718364
0.4448982705827802 0.11123962625861168 0.1362438302487135 0.28927270069718364
0.4448982705827802 0.11123962625861168 0.20623102001845839 0.35293280076235534
0.20173166175372897 0.46945288330316548 0.1362438302487135 0.35293280076235534
0.08271713149733842 0.47110614478588109 0.42572186775505549 0.75063838677480821
0.67194146653637288 0.47110614478588109 0.42572186775505549 0.75063838677480821
0.08271713149733842 0.27264001369476321 0.42572186775505549 0.75063838677480821
0.08271713149733842 0.47110614478588109 0.37187054231762884 0.75063838677480821
0.08271713149733842 0.47110614478588109 0.42572186775505549 0.55661955598741775
0.67194146653637288 0.27264001369476321 0.37187054231762884 0.55661955598741775
0.29336522431112821 0.21979949511587621 0.13874771259725094 0.13418353026732802
0.50579647608101364 0.21979949511587621 0.13874771259725094 0.13418353026732802
0.29336522431112821 0.17290771715343001 0.13874771259725094 0.13418353026732802
0.29336522431112821 0.21979949511587621 0.26429323069751265 0.13418353026732802
0.29336522431112821 0.21979949511587621 0.13874771259725094 0.9725013821572065
0.50579647608101364 0.17290771715343001 0.26429323069751265 0.9725013821572065
0.55968653555028136 0.3595242734998465 0.3176195714622736 0.89796732190996409
0.36661702464334661 0.3595242734998465 0.3176195714622736 0.89796732190996409
0.55968653555028136 0.36977113150060181 0.3176195714622736 0.89796732190996409
0.55968653555028136 0.3595242734998465 0.43110792413353927 0.89796732190996409
0.55968653555028136 0.3595242734998465 0.3176195714622736 0.15022832378745077
0.36661702464334661 0.36977113150060181 0.43110792413353927 0.15022832378745077
0.66453568395227192 0.284623883664608 0.46185668706893923 0.79992351194843647
0.2505368573591113 0.284623883664608 0.46185668706893923 0.79992351194843647
0.66453568395227192 0.43206851072609431 0.46185668706893923 0.79992351194843647
0.66453568395227192 0.284623883664608 0.24235096350312235 0.79992351194843647
0.66453568395227192 0.284623883664608 0.46185668706893923 0.81138960016891359
0.2505368573591113 0.43206851072609431 0.24235096350312235 0.81138960016891359
0.30753215467557304 0.34469759538769723 0.2814224056899548 0.21606156427413223
0.37954526259563859 0.34469759538769723 0.2814224056899548 0.21606156427413223
0.30753215467557304 0.23520748056471349 0.2814224056899548 0.21606156427413223
0.30753215467557304 0.34469759538769723 0.45287926904857156 0.21606156427413223
0.30753215467557304 0.34469759538769723 0.2814224056899548 0.098225405868142851
0.37954526259563859 0.23520748056471349 0.45287926904857156 0.098225405868142851
0.18796300599351523 0.1964032631367445 0.39476372450590136 0.5721001654863358
0.55458680526353421 0.1964032631367445 0.39476372450590136 0.5721001654863358
0.18796300599351523 0.13493653610348702 0.39476372450590136 0.5721001654863358
0.18796300599351523 0.1964032631367445 0.15789312794804575 0.5721001654863358
0.18796300599351523 0.1964032631367445 0.39476372450590136 0.38970908695831896
0.55458680526353421 0.13493653610348702 0.15789312794804575 0.38970908695831896
0.45930323079228397 0.43594479747116566 0.17371025159955025 0.42081263544037939
0.074235706496983772 0.43594479747116566 0.17371025159955025 0.42081263544037939
0.45930323079228397 0.33175350651144986 0.17371025159955025 0.42081263544037939
0.45930323079228397 0.43594479747116566 0.34961091689765456 0.42081263544037939
0.45930323079228397 0.43594479747116566 0.17371025159955025 0.73308507906273013
0.074235706496983772 0.33175350651144986 0.34961091689765456 0.73308507906273013
0.49222960062324994 0.18262766599655153 0.44664017483592033 0.96480500273406511
0.47097964244894674 0.18262766599655153 0.44664017483592033 0.96480500273406511
0.49222960062324994 0.24086749665439131 0.44664017483592033 0.96480500273406511
0.49222960062324994 0.18262766599655153 0.48580958805978303 0.96480500273406511
0.49222960062324994 0.18262766599655153 0.44664017483592033 0.42599907770752909
0.47097964244894674 0.24086749665439131 0.48580958805978303 0.42599907770752909
0.19550418453291057 0.44737664386630061 0.22238235473632814 0.074625707212835554
0.32164339497685429 0.44737664386630061 0.22238235473632814 0.074625707212835554
0.19550418453291057 0.43775494359433653 0.22238235473632814 0.074625707212835554
0.19550418453291057 0.44737664386630061 0.21898497566580774 0.074625707212835554
0.19550418453291057 0.44737664386630061 0.22238235473632814 0.6970296712964773
0.32164339497685429 0.43775494359433653 0.21898497566580774 0.6970296712964773
0.32030984936282036 0.29919291995465758 0.31079734638333323 0.68338020129129295
0.16565458429977298 0.29919291995465758 0.31079734638333323 0.68338020129129295
0.32030984936282036 0.33904803544282913 0.31079734638333323 0.68338020129129295
0.32030984936282036 0.29919291995465758 0.31404397748410706 0.68338020129129295
0.32030984936282036 0.29919291995465758 0.31079734638333323 0.77090855810791259
0.16565458429977298 0.33904803544282913 0.31404397748410706 0.77090855810791259
0.6925429204478859 0.33403480984270573 0.13342092484235765 0.34829027336090806
0.62570883524604137 0.33403480984270573 0.13342092484235765 0.34829027336090806
0.6925429204478859 0.14211347699165344 0.13342092484235765 0.34829027336090806
0.6925429204478859 0.33403480984270573 0.17842718288302423 0.34829027336090806
0.6925429204478859 0.33403480984270573 0.13342092484235765 0.13846438448876142
0.62570883524604137 0.14211347699165344 0.17842718288302423 0.13846438448876142
0.55690515968017273 0.20933192744851115 0.29016105718910695 0.49141830919310453
0.58054845938459032 0.20933192744851115 0.29016105718910695 0.49141830919310453
0.55690515968017273 0.25440999940037728 0.29016105718910695 0.49141830919310453
0.55690515968017273 0.20933192744851115 0.39182097241282465 0.49141830919310453
0.55690515968017273 0.20933192744851115 0.29016105718910695 0.9475461061485112
0.58054845938459032 0.25440999940037728 0.39182097241282465 0.9475461061485112
0.25504180663265286 0.3738980904221535 0.46597505621612079 0.52408638950437303
0.13066556700505316 0.3738980904221535 0.46597505621612079 0.52408638950437303
0.25504180663265286 0.45134865865111351 0.46597505621612079 0.52408638950437303
0.25504180663265286 0.3738980904221535 0.10008868835866452 0.52408638950437303
0.25504180663265286 0.3738980904221535 0.46597505621612079 0.17542753243818879
0.13066556700505316 0.45134865865111351 0.10008868835866452 0.17542753243818879
0.060104463296011088 0.12247625477612019 0.15392732359468939 0.14491564013063907
0.27523828945122658 0.12247625477612019 0.15392732359468939 0.14491564013063907
0.060104463296011088 0.35005232281982901 0.15392732359468939 0.14491564013063907
0.060104463296011088 0.12247625477612019 0.40754431113600731 0.14491564013063907
0.060104463296011088 0.12247625477612019 0.15392732359468939 0.37370462274178862
0.27523828945122658 0.35005232281982901 0.40754431113600731 0.37370462274178862
0.42735829367302353 0.45752576701343062 0.37662251852452755 0.8475167832709849
0.43471613842993967 0.45752576701343062 0.37662251852452755 0.8475167832709849
0.42735829367302353 0.1531672600656748 0.37662251852452755 0.8475167832709849
0.42735829367302353 0.45752576701343062 0.29703050218522553 0.8475167832709849
0.42735829367302353 0.45752576701343062 0.37662251852452755 0.53561128182336692
0.43471613842993967 0.1531672600656748 0.29703050218522553 0.53561128182336692
0.38486013589426871 0.25799226015806198 0.18392679728567601 0.60344438280910251
0.35424898108467456 0.25799226015806198 0.18392679728567601 0.60344438280910251
0.38486013589426871 0.11931147240102291 0.18392679728567601 0.60344438280910251
0.38486013589426871 0.25799226015806198 0.35016371123492718 0.60344438280910251
0.38486013589426871 0.25799226015806198 0.18392679728567601 0.92350903347134594
0.35424898108467456 0.11931147240102291 0.35016371123492718 0.92350903347134594
0.10212898645550011 0.32450533583760266 0.35974253974854953 0.39090305594727398
0.51943406541831783 0.32450533583760266 0.35974253974854953 0.39090305594727398
0.10212898645550011 0.32239694111049177 0.35974253974854953 0.39090305594727398
0.10212898645550011 0.32450533583760266 0.14194125905632973 0.39090305594727398
0.10212898645550011 0.32450533583760266 0.35974253974854953 0.22984470866620541
0.51943406541831783 0.32239694111049177 0.14194125905632973 0.22984470866620541
0.23214205689728257 0.17269899062812327 0.27269359119236469 0.7700149072147906
0.69890904198400672 0.17269899062812327 0.27269359119236469 0.7700149072147906
0.23214205689728257 0.42266787290573127 0.27269359119236469 0.7700149072147906
0.23214205689728257 0.17269899062812327 0.44695547632873056 0.7700149072147906
0.23214205689728257 0.17269899062812327 0.27269359119236469 0.27333697710186244
0.69890904198400672 0.42266787290573127 0.44695547632873056 0.27333697710186244
0.58028350071981549 0.40657060928642752 0.49539014212787158 0.24740663953125475
0.17349454052746294 0.40657060928642752 0.49539014212787158 0.24740663953125475
0.58028350071981549 0.21962646394968033 0.49539014212787158 0.24740663953125475
0.58028350071981549 0.40657060928642752 0.25742402151226995 0.24740663953125475
0.58028350071981549 0.40657060928642752 0.49539014212787158 0.60558760505169629
0.17349454052746294 0.21962646394968033 0.25742402151226995 0.60558760505169629
0.64522176166065037 0.1312756858766079 0.32791088595986367 0.10236362302675843
0.057404458662495023 0.1312756858766079 0.32791088595986367 0.10236362302675843
0.64522176166065037 0.18231692537665367 0.32791088595986367 0.10236362302675843
0.64522176166065037 0.1312756858766079 0.46905619576573376 0.10236362302675843
0.64522176166065037 0.1312756858766079 0.32791088595986367 0.46511488335207107
0.057404458662495023 0.18231692537665367 0.46905619576573376 0.46511488335207107
0.36746987714432172 0.49799620211124418 0.10365175753831864 0.92739373467862607
0.57268757950514548 0.49799620211124418 0.10365175753831864 0.92739373467862607
0.36746987714432172 0.38535575941205025 0.10365175753831864 0.92739373467862607
0.36746987714432172 0.49799620211124418 0.23593367747962476 0.92739373467862607
0.36746987714432172 0.49799620211124418 0.10365175753831864 0.68830150807276369
0.57268757950514548 0.38535575941205025 0.23593367747962476 0.68830150807276369
0.16730528208427131 0.24940353073179722 0.41706782206892967 0.3186999787017703
0.40208932356908911 0.24940353073179722 0.41706782206892967 0.3186999787017703
0.16730528208427131 0.48508806861937048 0.41706782206892967 0.3186999787017703
0.16730528208427131 0.24940353073179722 0.32835595980286603 0.3186999787017703
0.16730528208427131 0.24940353073179722 0.41706782206892967 0.85619373237714169
0.40208932356908911 0.48508806861937048 0.32835595980286603 0.85619373237714169
0.52058467739261682 0.38309177719056609 0.23968970477581025 0.71881946159526711
0.22672326997853814 0.38309177719056609 0.23968970477581025 0.71881946159526711
0.52058467739261682 0.28199868984520438 0.23968970477581025 0.71881946159526711
0.52058467739261682 0.38309177719056609 0.16391988508403302 0.71881946159526711
0.52058467739261682 0.38309177719056609 0.23968970477581025 0.022795309852808716
0.22672326997853814 0.28199868984520438 0.16391988508403302 0.022795309852808716
0.52523029772564767 0.27255254313349725 0.40300701186060905 0.39796413863077762
0.14321155725046991 0.27255254313349725 0.40300701186060905 0.39796413863077762
0.52523029772564767 0.16240023821592331 0.40300701186060905 0.39796413863077762
0.52523029772564767 0.27255254313349725 0.11847598552703859 0.39796413863077762
0.52523029772564767 0.27255254313349725 0.40300701186060905 0.1321237594820559
0.14321155725046991 0.16240023821592331 0.11847598552703859 0.1321237594820559
0.16250411216169594 0.30759596228599551 0.22874788045883179 0.61025861404836179
0.64802174386568367 0.30759596228599551 0.22874788045883179 0.61025861404836179
0.16250411216169594 0.35919097959995272 0.22874788045883179 0.61025861404836179
0.16250411216169594 0.30759596228599551 0.37674823738634589 0.61025861404836179
0.16250411216169594 0.30759596228599551 0.22874788045883179 0.78418719055131081
0.64802174386568367 0.35919097959995272 0.37674823738634589 0.78418719055131081
0.37361806072294707 0.15931055881083012 0.34196863248944287 0.23914798270910978
0.48917647334747011 0.15931055881083012 0.34196863248944287 0.23914798270910978
0.37361806072294707 0.4581405144184828 0.34196863248944287 0.23914798270910978
0.37361806072294707 0.15931055881083012 0.28401429355144503 0.23914798270910978
0.37361806072294707 0.15931055881083012 0.34196863248944287 0.70671990750357505
0.48917647334747011 0.4581405144184828 0.28401429355144503 0.70671990750357505
0.63923532413318751 0.42387063167989258 0.11459051817655563 0.76152435256168249
0.30333624333143228 0.42387063167989258 0.11459051817655563 0.76152435256168249
0.63923532413318751 0.26130228005349637 0.11459051817655563 0.76152435256168249
0.63923532413318751 0.42387063167989258 0.42349594868719576 0.76152435256168249
0.63923532413318751 0.42387063167989258 0.11459051817655563 0.4246833377145231
0.30333624333143228 0.26130228005349637 0.42349594868719576 0.4246833377145231
0.58484756578691299 0.14915935546159745 0.25863536186516289 0.93612974252551795
0.25708487010560926 0.14915935546159745 0.25863536186516289 0.93612974252551795
0.58484756578691299 0.14859973080456257 0.25863536186516289 0.93612974252551795
0.58484756578691299 0.14915935546159745 0.21247490085661414 0.93612974252551795
0.58484756578691299 0.14915935546159745 0.25863536186516289 0.52927065499126913
0.25708487010560926 0.14859973080456257 0.21247490085661414 0.52927065499126913
0.22710002525709566 0.4840195454657078 0.48445110134780411 0.11133152870461345
0.45305678341537708 0.4840195454657078 0.48445110134780411 0.11133152870461345
0.22710002525709566 0.34544015862047672 0.48445110134780411 0.11133152870461345
0.22710002525709566 0.4840195454657078 0.49564566910266883 0.11133152870461345
0.22710002525709566 0.4840195454657078 0.48445110134780411 0.38698325335979461
0.45305678341537708 0.34544015862047672 0.49564566910266883 0.38698325335979461
0.10835438850335777 0.23269175998866559 0.19798809029161932 0.71223525533452625
0.60302501851692791 0.23269175998866559 0.19798809029161932 0.71223525533452625
0.10835438850335777 0.44648776426911352 0.19798809029161932 0.71223525533452625
0.10835438850335777 0.23269175998866559 0.19050366021692755 0.71223525533452625
0.10835438850335777 0.23269175998866559 0.19798809029161932 0.18511776681989431
0.60302501851692791 0.44648776426911352 0.19050366021692755 0.18511776681989431
0.37910898351110511 0.39745903499424462 0.37068464420735836 0.31236262388527397
0.10839610868133603 0.39745903499424462 0.37068464420735836 0.31236262388527397
0.37910898351110511 0.24970055148005488 0.37068464420735836 0.31236262388527397
0.37910898351110511 0.39745903499424462 0.30489148497581486 0.31236262388527397
0.37910898351110511 0.39745903499424462 0.37068464420735836 0.94623036433011298
0.10839610868133603 0.24970055148005488 0.30489148497581486 0.94623036433011298
0.43311501778662198 0.19933943822979927 0.16486655510962012 0.066376162748783829
0.67628376777283838 0.19933943822979927 0.16486655510962012 0.066376162748783829
0.43311501778662198 0.2774650901556015 0.16486655510962012 0.066376162748783829
0.43311501778662198 0.19933943822979927 0.24552467912435533 0.066376162748783829
0.43311501778662198 0.19933943822979927 0.16486655510962012 0.61432033905759453
0.67628376777283838 0.2774650901556015 0.24552467912435533 0.61432033905759453
0.053874719608575108 0.43300938457250593 0.39068055711686611 0.9563086068257689
0.19625004939734936 0.43300938457250593 0.39068055711686611 0.9563086068257689
0.053874719608575108 0.48064955323934555 0.39068055711686611 0.9563086068257689
0.053874719608575108 0.43300938457250593 0.46240058131515982 0.9563086068257689
0.053874719608575108 0.43300938457250593 0.39068055711686611 0.27106373490765689
0.19625004939734936 0.48064955323934555 0.46240058131515982 0.27106373490765689
0.26007950631901622 0.28130924887955189 0.27921876199543477 0.35534598208963875
0.37223381018266077 0.28130924887955189 0.27921876199543477 0.35534598208963875
0.26007950631901622 0.38013904653489594 0.27921876199543477 0.35534598208963875
0.26007950631901622 0.28130924887955189 0.15501247793436052 0.35534598208963875
0.26007950631901622 0.28130924887955189 0.27921876199543477 0.22446158586069939
0.37223381018266077 0.38013904653489594 0.15501247793436052 0.22446158586069939
0.5523466760292649 0.34801146797835825 0.45191395394504075 0.69020401218906047
0.50155959581024945 0.34801146797835825 0.45191395394504075 0.69020401218906047
0.5523466760292649 0.1769990246742964 0.45191395394504075 0.69020401218906047
0.5523466760292649 0.34801146797835825 0.34057798273861406 0.69020401218906047
0.5523466760292649 0.34801146797835825 0.45191395394504075 0.93774516811594366
0.50155959581024945 0.1769990246742964 0.34057798273861406 0.93774516811594366
0.69853493454866111 0.22272035777568819 0.32173936143517495 0.51751176290214063
0.38406112166121598 0.22272035777568819 0.32173936143517495 0.51751176290214063
0.69853493454866111 0.21469008065760137 0.32173936143517495 0.51751176290214063
0.69853493454866111 0.22272035777568819 0.1266249466687441 0.51751176290214063
0.69853493454866111 0.22272035777568819 0.32173936143517495 0.031528042033314704
0.38406112166121598 0.21469008065760137 0.1266249466687441 0.031528042033314704
0.31415731930173929 0.35659806951880457 0.14748154431581498 0.48507558042183518
0.2445642849896103 0.35659806951880457 0.14748154431581498 0.48507558042183518
0.31415731930173929 0.41782638318836696 0.14748154431581498 0.48507558042183518
0.31415731930173929 0.35659806951880457 0.36840396672487263 0.48507558042183518
0.31415731930173929 0.35659806951880457 0.14748154431581498 0.85392048835754397
0.2445642849896103 0.41782638318836696 0.36840396672487263 0.85392048835754397
0.20030101765878494 0.10791597329080105 0.43570122346282003 0.85624694986268879
0.079996317019686097 0.10791597329080105 0.43570122346282003 0.85624694986268879
0.20030101765878494 0.31833975240588186 0.43570122346282003 0.85624694986268879
0.20030101765878494 0.10791597329080105 0.27361924238502977 0.85624694986268879
0.20030101765878494 0.10791597329080105 0.43570122346282003 0.6829183834418654
0.079996317019686097 0.31833975240588186 0.27361924238502977 0.6829183834418654
0.4875895665492862 0.47443513907492163 0.20832479894161227 0.15389265816658734
0.54988873656839132 0.47443513907492163 0.20832479894161227 0.15389265816658734
0.4875895665492862 0.11515328660607338 0.20832479894161227 0.15389265816658734
0.4875895665492862 0.47443513907492163 0.43408631533384323 0.15389265816658734
0.4875895665492862 0.47443513907492163 0.20832479894161227 0.47935101617127657
0.54988873656839132 0.11515328660607338 0.43408631533384323 0.47935101617127657
0.46465796581469471 0.11916469484567643 0.38695587664842612 0.74166172286495569
0.31572399255819616 0.11916469484567643 0.38695587664842612 0.74166172286495569
0.46465796581469471 0.41215485297143462 0.38695587664842612 0.74166172286495569
0.46465796581469471 0.11916469484567643 0.39528793990612032 0.74166172286495569
0.46465796581469471 0.11916469484567643 0.38695587664842612 0.66202669342979792
0.31572399255819616 0.41215485297143462 0.39528793990612032 0.66202669342979792
0.18245264631696045 0.4608426667749882 0.15652159228920937 0.28054265458136796
0.47551922677084796 0.4608426667749882 0.15652159228920937 0.28054265458136796
0.18245264631696045 0.20903962664306164 0.15652159228920937 0.28054265458136796
0.18245264631696045 0.4608426667749882 0.10970793999731542 0.28054265458136796
0.18245264631696045 0.4608426667749882 0.15652159228920937 0.50000064639374608
0.47551922677084796 0.20903962664306164 0.10970793999731542 0.50000064639374608
0.31170169473625714 0.21226507537066938 0.46966759860515594 0.90431086480617529
0.62103415280580521 0.21226507537066938 0.46966759860515594 0.90431086480617529
0.31170169473625714 0.10799200832843781 0.46966759860515594 0.90431086480617529
0.31170169473625714 0.21226507537066938 0.40456552505493171 0.90431086480617529
0.31170169473625714 0.21226507537066938 0.46966759860515594 0.05684196563437581
0.62103415280580521 0.10799200832843781 0.40456552505493171 0.05684196563437581
0.66052796985022721 0.37095960266888139 0.29861412867903714 0.14075873734429478
0.17146864566020664 0.37095960266888139 0.29861412867903714 0.14075873734429478
0.66052796985022721 0.31105401962995527 0.29861412867903714 0.14075873734429478
0.66052796985022721 0.37095960266888139 0.28770411945879459 0.14075873734429478
0.66052796985022721 0.37095960266888139 0.29861412867903714 0.82884115139022474
0.17146864566020664 0.31105401962995527 0.28770411945879459 0.82884115139022474
0.56480109896510833 0.2958661906421185 0.13093652091920377 0.209238333851099
0.12520735058933496 0.2958661906421185 0.13093652091920377 0.209238333851099
0.56480109896510833 0.49874421879649167 0.13093652091920377 0.209238333851099
0.56480109896510833 0.2958661906421185 0.47628788091242313 0.209238333851099
0.56480109896510833 0.2958661906421185 0.13093652091920377 0.26482275623828172
0.12520735058933496 0.49874421879649167 0.47628788091242313 0.26482275623828172
0.28777276938781138 0.33736077547073362 0.3004273656755686 0.79286861734464764
0.58494422114454203 0.33736077547073362 0.3004273656755686 0.79286861734464764
0.28777276938781138 0.29568020477890966 0.3004273656755686 0.79286861734464764
0.28777276938781138 0.33736077547073362 0.21581088900566103 0.79286861734464764
0.28777276938781138 0.33736077547073362 0.3004273656755686 0.89714754190295931
0.58494422114454203 0.29568020477890966 0.21581088900566103 0.89714754190295931
0.087122501526027907 0.18555155731737616 0.21403914801776411 0.42930915182456375
0.43053241842426354 0.18555155731737616 0.21403914801776411 0.42930915182456375
0.087122501526027907 0.19673068262636662 0.21403914801776411 0.42930915182456375
0.087122501526027907 0.18555155731737616 0.32307730354368691 0.42930915182456375
0.087122501526027907 0.18555155731737616 0.21403914801776411 0.57838899224996565
0.43053241842426354 0.19673068262636662 0.32307730354368691 0.57838899224996565
0.44096707031130783 0.44445351622998719 0.44291100986301901 0.58035006407648326
0.28087879056110976 0.44445351622998719 0.44291100986301901 0.58035006407648326
0.44096707031130783 0.39984218962490559 0.44291100986301901 0.58035006407648326
0.44096707031130783 0.44445351622998719 0.18130820095539094 0.58035006407648326
0.44096707031130783 0.44445351622998719 0.44291100986301901 0.30723901070654391
0.28087879056110976 0.39984218962490559 0.18130820095539094 0.30723901070654391
0.41187835694290692 0.24647955000400545 0.2496692281216383 0.82442341374233363
0.52410366646945472 0.24647955000400545 0.2496692281216383 0.82442341374233363
0.41187835694290692 0.32770513705909254 0.2496692281216383 0.82442341374233363
0.41187835694290692 0.24647955000400545 0.46568683534860611 0.82442341374233363
0.41187835694290692 0.24647955000400545 0.2496692281216383 0.14915184160694478
0.52410366646945472 0.32770513705909254 0.46568683534860611 0.14915184160694478
0.11573766018263995 0.38601499423384666 0.41916143484413626 0.18332268521189687
0.34842023248784237 0.38601499423384666 0.41916143484413626 0.18332268521189687
0.11573766018263995 0.13079404197633268 0.41916143484413626 0.18332268521189687
0.11573766018263995 0.38601499423384666 0.2262166250497103 0.18332268521189687
0.11573766018263995 0.38601499423384666 0.41916143484413626 0.98243087617680436
0.34842023248784237 0.13079404197633268 0.2262166250497103 0.98243087617680436
0.24003779641352591 0.13460251651704314 0.10777133367955685 0.54694288883358244
0.1794187918771058 0.13460251651704314 0.10777133367955685 0.54694288883358244
0.24003779641352591 0.23028068393468859 0.10777133367955685 0.54694288883358244
0.24003779641352591 0.13460251651704314 0.33143225759267808 0.54694288883358244
0.24003779641352591 0.13460251651704314 0.10777133367955685 0.56965893061831596
0.1794187918771058 0.23028068393468859 0.33143225759267808 0.56965893061831596
0.61301458817906673 0.49467013515532021 0.33664493300020693 0.45325279271230101
0.69438453232869501 0.49467013515532021 0.33664493300020693 0.45325279271230101
0.61301458817906673 0.42724194228649137 0.33664493300020693 0.45325279271230101
0.61301458817906673 0.49467013515532021 0.17314856238663195 0.45325279271230101
0.61301458817906673 0.49467013515532021 0.33664493300020693 0.34635291794314982
0.69438453232869501 0.42724194228649137 0.17314856238663195 0.34635291794314982
0.63661373415961853 0.16976593211293223 0.49318666458129889 0.38668633688241244
0.57685630233027041 0.16976593211293223 0.49318666458129889 0.38668633688241244
0.63661373415961853 0.36453872695565226 0.49318666458129889 0.38668633688241244
0.63661373415961853 0.16976593211293223 0.35958771295845515 0.38668633688241244
0.63661373415961853 0.16976593211293223 0.49318666458129889 0.7320085950568318
0.57685630233027041 0.36453872695565226 0.35958771295845515 0.7320085950568318
0.33545471951365463 0.40950900763273246 0.26275069043040278 0.66029828062281015
0.051759186107665306 0.40950900763273246 0.26275069043040278 0.66029828062281015
0.33545471951365463 0.16758099719882014 0.26275069043040278 0.66029828062281015
0.33545471951365463 0.40950900763273246 0.14521285742521287 0.66029828062281015
0.33545471951365463 0.40950900763273246 0.26275069043040278 0.39963857915252449
0.051759186107665306 0.16758099719882014 0.14521285742521287 0.39963857915252449
0.13973353710025549 0.26130371876060965 0.35089862793684012 0.036471172291785481
0.23219625111669301 0.26130371876060965 0.35089862793684012 0.036471172291785481
0.13973353710025549 0.26809149272739885 0.35089862793684012 0.036471172291785481
0.13973353710025549 0.26130371876060965 0.43782434947788718 0.036471172291785481
0.13973353710025549 0.26130371876060965 0.35089862793684012 0.11126477867364884
0.23219625111669301 0.26809149272739885 0.43782434947788718 0.11126477867364884
0.50753332441672683 0.32118853740394115 0.17984384372830392 0.98765005320310595
0.39769872068427498 0.32118853740394115 0.17984384372830392 0.98765005320310595
0.50753332441672683 0.46500478126108646 0.17984384372830392 0.98765005320310595
0.50753332441672683 0.32118853740394115 0.25464061051607134 0.98765005320310595
0.50753332441672683 0.32118853740394115 0.17984384372830392 0.80480971552431579
0.39769872068427498 0.46500478126108646 0.25464061051607134 0.80480971552431579
0.50491405175998805 0.15085353925824166 0.28583529256284235 0.58851398121565579
0.09536390686407685 0.15085353925824166 0.28583529256284235 0.58851398121565579
0.50491405175998805 0.43581280298531055 0.28583529256284235 0.58851398121565579
0.50491405175998805 0.15085353925824166 0.40966781377792361 0.58851398121565579
0.50491405175998805 0.15085353925824166 0.28583529256284235 0.99007627969607714
0.09536390686407685 0.43581280298531055 0.40966781377792361 0.99007627969607714
0.14219283498823643 0.4159690842032433 0.45843447782099245 0.43358524633571505
0.61601781868375838 0.4159690842032433 0.45843447782099245 0.43358524633571505
0.14219283498823643 0.23265342153608801 0.45843447782099245 0.43358524633571505
0.14219283498823643 0.4159690842032433 0.29513275362551217 0.43358524633571505
0.14219283498823643 0.4159690842032433 0.45843447782099245 0.17213235808536409
0.61601781868375838 0.23265342153608801 0.29513275362551217 0.17213235808536409
0.35330681744962927 0.26729533858597276 0.17167849950492381 0.81251784408465033
0.44002396292053159 0.26729533858597276 0.17167849950492381 0.81251784408465033
0.35330681744962927 0.13155239894986154 0.17167849950492381 0.81251784408465033
0.35330681744962927 0.26729533858597276 0.38784190118312833 0.81251784408465033
0.35330681744962927 0.26729533858597276 0.17167849950492381 0.33870733188465241
0.44002396292053159 0.13155239894986154 0.38784190118312833 0.33870733188465241
0.61891913143917909 0.30255234055221081 0.39739629216492178 0.2326559879630804
0.270078288950026 0.30255234055221081 0.39739629216492178 0.2326559879630804
0.61891913143917909 0.3347653768956661 0.39739629216492178 0.2326559879630804
0.61891913143917909 0.30255234055221081 0.10462305583059789 0.2326559879630804
0.61891913143917909 0.30255234055221081 0.39739629216492178 0.54667859667912122
0.270078288950026 0.3347653768956661 0.10462305583059789 0.54667859667912122
0.60515884780324991 0.22745740115642549 0.4289381846785546 0.1172809256054461
0.30617287340573962 0.22745740115642549 0.4289381846785546 0.1172809256054461
0.60515884780324991 0.47206196933984756 0.4289381846785546 0.1172809256054461
0.60515884780324991 0.22745740115642549 0.31566776670515539 0.1172809256054461
0.60515884780324991 0.22745740115642549 0.4289381846785546 0.40728298965841531
0.30617287340573962 0.47206196933984756 0.31566776670515539 0.40728298965841531
0.24741625669412315 0.392389514297247 0.20165781453251841 0.88472087569534774
0.48629982173442832 0.392389514297247 0.20165781453251841 0.88472087569534774
0.24741625669412315 0.26885290145874025 0.20165781453251841 0.88472087569534774
0.24741625669412315 0.392389514297247 0.17623569071292877 0.88472087569534774
0.24741625669412315 0.392389514297247 0.20165781453251841 0.7549882353469729
0.48629982173442832 0.26885290145874025 0.17623569071292877 0.7549882353469729
0.12867059572599826 0.1406795021146536 0.31517153382301333 0.27620640244334937
0.65085775284096592 0.1406795021146536 0.31517153382301333 0.27620640244334937
0.12867059572599826 0.16995068304240704 0.31517153382301333 0.27620640244334937
0.12867059572599826 0.1406795021146536 0.48135366775095467 0.27620640244334937
0.12867059572599826 0.1406795021146536 0.31517153382301333 0.79716500565409665
0.65085775284096592 0.16995068304240704 0.48135366775095467 0.79716500565409665
0.39942022194154553 0.47614388503134253 0.14100997373461724 0.7335570433549583
0.14033552673645316 0.47614388503134253 0.14100997373461724 0.7335570433549583
0.39942022194154553 0.3731126394122839 0.14100997373461724 0.7335570433549583
0.39942022194154553 0.47614388503134253 0.22322714924812317 0.7335570433549583
0.39942022194154553 0.47614388503134253 0.14100997373461724 0.088285437747836121
0.14033552673645316 0.3731126394122839 0.22322714924812317 0.088285437747836121
0.45342381540685883 0.2772894911468029 0.34765831530094149 0.9775705621391535
0.54705222635529926 0.2772894911468029 0.34765831530094149 0.9775705621391535
0.45342381540685883 0.30092675723135476 0.34765831530094149 0.9775705621391535
0.45342381540685883 0.2772894911468029 0.32635578960180284 0.9775705621391535
0.45342381540685883 0.2772894911468029 0.34765831530094149 0.49232508009299636
0.54705222635529926 0.30092675723135476 0.32635578960180284 0.49232508009299636
0.074188486021012065 0.34338750243186955 0.12037925943732262 0.030279737506061791
0.082872151397168636 0.34338750243186955 0.12037925943732262 0.030279737506061791
0.074188486021012065 0.10406286902725698 0.12037925943732262 0.030279737506061791
0.074188486021012065 0.34338750243186955 0.16574298329651355 0.030279737506061791
0.074188486021012065 0.34338750243186955 0.12037925943732262 0.63907631052657965
0.082872151397168636 0.10406286902725698 0.16574298329651355 0.63907631052657965
0.28039321945980189 0.19207418300211432 0.40889190584421164 0.63873534915968777
0.24172715367749331 0.19207418300211432 0.40889190584421164 0.63873534915968777
0.28039321945980189 0.20359986647963524 0.40889190584421164 0.63873534915968777
0.28039321945980189 0.19207418300211432 0.47310705333948133 0.63873534915968777
0.28039321945980189 0.19207418300211432 0.40889190584421164 0.83651641832664614
0.24172715367749331 0.20359986647963524 0.47310705333948133 0.83651641832664614
0.57265543974936006 0.42557928226888186 0.23473203554749489 0.36135521169751883
0.38693757713772353 0.42557928226888186 0.23473203554749489 0.36135521169751883
0.57265543974936006 0.40041320994496343 0.23473203554749489 0.36135521169751883
0.57265543974936006 0.42557928226888186 0.2312784541398287 0.36135521169751883
0.57265543974936006 0.42557928226888186 0.23473203554749489 0.079792647901922462
0.38693757713772353 0.40041320994496343 0.2312784541398287 0.079792647901922462
0.67822118266485631 0.10067355185747147 0.19205429069697857 0.47864338917657734
0.51459253495559087 0.10067355185747147 0.19205429069697857 0.47864338917657734
0.67822118266485631 0.38810359835624697 0.19205429069697857 0.47864338917657734
0.67822118266485631 0.10067355185747147 0.44525665529072289 0.47864338917657734
0.67822118266485631 0.10067355185747147 0.19205429069697857 0.88947296861559155
0.51459253495559087 0.38810359835624697 0.44525665529072289 0.88947296861559155
0.29384851683862506 0.46697914972901344 0.36465173847973353 0.56844542901962991
0.35924081509001549 0.46697914972901344 0.36465173847973353 0.56844542901962991
0.29384851683862506 0.19128787070512773 0.36465173847973353 0.56844542901962991
0.29384851683862506 0.46697914972901344 0.2597392275929451 0.56844542901962991
0.29384851683862506 0.46697914972901344 0.36465173847973353 0.24187324952334163
0.35924081509001549 0.19128787070512773 0.2597392275929451 0.24187324952334163
0.17999225878156722 0.21867775432765485 0.25289697609841821 0.18957359127700327
0.20928236986510451 0.21867775432765485 0.25289697609841821 0.18957359127700327
0.17999225878156722 0.29175411723554134 0.25289697609841821 0.18957359127700327
0.17999225878156722 0.21867775432765485 0.35449915714561941 0.18957359127700327
0.17999225878156722 0.21867775432765485 0.25289697609841821 0.31491340145468716
0.20928236986510451 0.29175411723554134 0.35449915714561941 0.31491340145468716
0.46727583887986834 0.3520000029355288 0.47861340679228304 0.83444251352921128
0.66329139135777948 0.3520000029355288 0.47861340679228304 0.83444251352921128
0.46727583887986834 0.48861390464007859 0.47861340679228304 0.83444251352921128
0.46727583887986834 0.3520000029355288 0.1377704903483391 0.83444251352921128
0.46727583887986834 0.3520000029355288 0.47861340679228304 0.60133868150413039
0.66329139135777948 0.48861390464007859 0.1377704903483391 0.60133868150413039
0.48497172738425426 0.20414532721042633 0.10100831873714924 0.30611125051975252
0.28815908753313119 0.20414532721042633 0.10100831873714924 0.30611125051975252
0.48497172738425426 0.185566832870245 0.10100831873714924 0.30611125051975252
0.48497172738425426 0.20414532721042633 0.27660587728023533 0.30611125051975252
0.48497172738425426 0.20414532721042633 0.10100831873714924 0.29402183556929234
0.28815908753313119 0.185566832870245 0.27660587728023533 0.29402183556929234
0.20276143909431993 0.36262617930769925 0.32997792474925519 0.70221568824723368
0.4232127198018133 0.36262617930769925 0.32997792474925519 0.70221568824723368
0.20276143909431993 0.38250262811779978 0.32997792474925519 0.70221568824723368
0.20276143909431993 0.36262617930769925 0.41842303313314921 0.70221568824723368
0.20276143909431993 0.36262617930769925 0.32997792474925519 0.62198818759992724
0.4232127198018133 0.38250262811779978 0.41842303313314921 0.62198818759992724
0.33201046329922967 0.1144369300454855 0.24310142435133458 0.085940464939922093
0.59222389701753853 0.1144369300454855 0.24310142435133458 0.085940464939922093
0.33201046329922967 0.48140485920011999 0.24310142435133458 0.085940464939922093
0.33201046329922967 0.1144369300454855 0.1235406517982483 0.085940464939922093
0.33201046329922967 0.1144369300454855 0.24310142435133458 0.91478724999353289
0.59222389701753853 0.48140485920011999 0.1235406517982483 0.91478724999353289
0.68084168783389032 0.45555952228605745 0.41268984042108059 0.91462673503905534
0.11788827306590974 0.45555952228605745 0.41268984042108059 0.91462673503905534
0.68084168783389032 0.28451617546379571 0.41268984042108059 0.91462673503905534
0.68084168783389032 0.45555952228605745 0.38416490294039252 0.91462673503905534
0.68084168783389032 0.45555952228605745 0.41268984042108059 0.21679355477914214
0.11788827306590974 0.28451617546379571 0.38416490294039252 0.21679355477914214
0.54449229165911672 0.18084977343678477 0.35751518234610558 0.78308681672438984
0.15399277210235596 0.18084977343678477 0.35751518234610558 0.78308681672438984
0.54449229165911672 0.12220742367208004 0.35751518234610558 0.78308681672438984
0.54449229165911672 0.18084977343678477 0.19560478068888187 0.78308681672438984
0.54449229165911672 0.18084977343678477 0.35751518234610558 0.8768777128309011
0.15399277210235596 0.12220742367208004 0.19560478068888187 0.8768777128309011
0.2674590126611292 0.43914744108915327 0.18636434376239777 0.26447864059358833
0.63847000482492144 0.43914744108915327 0.18636434376239777 0.26447864059358833
0.2674590126611292 0.31909200660884385 0.18636434376239777 0.26447864059358833
0.2674590126611292 0.43914744108915327 0.31232047677040098 0.26447864059358833
0.2674590126611292 0.43914744108915327 0.18636434376239777 0.039194897562265393
0.63847000482492144 0.31909200660884385 0.31232047677040098 0.039194897562265393
0.066808778699487453 0.28772044964134691 0.49999863281846046 0.62033763781189921
0.45804273453541094 0.28772044964134691 0.49999863281846046 0.62033763781189921
0.066808778699487453 0.42019301652908325 0.49999863281846046 0.62033763781189921
0.066808778699487453 0.28772044964134691 0.20503003038465978 0.62033763781189921
0.066808778699487453 0.28772044964134691 0.49999863281846046 0.45639409106224776
0.45804273453541094 0.42019301652908325 0.20503003038465978 0.45639409106224776
0.42065831627696748 0.32905029468238356 0.26946640163660052 0.40415510611608624
0.33316046325489873 0.32905029468238356 0.26946640163660052 0.40415510611608624
0.42065831627696748 0.22325483709573746 0.26946640163660052 0.40415510611608624
0.42065831627696748 0.32905029468238356 0.49056042730808258 0.40415510611608624
0.42065831627696748 0.32905029468238356 0.26946640163660052 0.67525122854858632
0.33316046325489873 0.22325483709573746 0.49056042730808258 0.67525122854858632
0.39156708461232476 0.13024863153696062 0.46373377516865733 0.15822844300419092
0.41517470683902497 0.13024863153696062 0.46373377516865733 0.15822844300419092
0.39156708461232476 0.2511658616364002 0.46373377516865733 0.15822844300419092
0.39156708461232476 0.13024863153696062 0.1624436154961586 0.15822844300419092
0.39156708461232476 0.13024863153696062 0.46373377516865733 0.76119943821802738
0.41517470683902497 0.2511658616364002 0.1624436154961586 0.76119943821802738
0.095421419059857723 0.4904810048639775 0.29258124679327013 0.86435116207227114
0.21475958912633358 0.4904810048639775 0.29258124679327013 0.86435116207227114
0.095421419059857723 0.45420832261443145 0.29258124679327013 0.86435116207227114
0.095421419059857723 0.4904810048639775 0.34567695744335653 0.86435116207227114
0.095421419059857723 0.4904810048639775 0.29258124679327013 0.12448559181764722
0.21475958912633358 0.45420832261443145 0.34567695744335653 0.12448559181764722
0.21972159887664017 0.23868171088397505 0.38121746703982351 0.50855292486026882
0.069234553584828967 0.23868171088397505 0.38121746703982351 0.50855292486026882
0.21972159887664017 0.35374206490814686 0.38121746703982351 0.50855292486026882
0.21972159887664017 0.23868171088397505 0.24043729156255722 0.50855292486026882
0.21972159887664017 0.23868171088397505 0.38121746703982351 0.44767138941213491
0.069234553584828967 0.35374206490814686 0.24043729156255722 0.44767138941213491
0.59270334006287151 0.37882145531475542 0.15068392157554628 0.53710128471255303
0.55942025901749726 0.37882145531475542 0.15068392157554628 0.53710128471255303
0.59270334006287151 0.15065554417669774 0.15068392157554628 0.53710128471255303
0.59270334006287151 0.37882145531475542 0.45495785661041743 0.53710128471255303
0.59270334006287151 0.37882145531475542 0.15068392157554628 0.71435777580365534
0.55942025901749726 0.15065554417669774 0.45495785661041743 0.71435777580365534
0.65692997043952339 0.25353187248110776 0.21972880698740482 0.67055431814864275
0.68710497026331718 0.25353187248110776 0.21972880698740482 0.67055431814864275
0.65692997043952339 0.2379528056830168 0.21972880698740482 0.67055431814864275
0.65692997043952339 0.25353187248110776 0.26854389496147635 0.67055431814864275
0.65692997043952339 0.25353187248110776 0.21972880698740482 0.36399637721478939
0.68710497026331718 0.2379528056830168 0.26854389496147635 0.36399637721478939
0.35576600637286898 0.31397205591201782 0.44869977496564395 0.33192786067724228
0.18673829799517988 0.31397205591201782 0.44869977496564395 0.33192786067724228
0.35576600637286898 0.44104190133512022 0.44869977496564395 0.33192786067724228
0.35576600637286898 0.31397205591201782 0.42668033093214042 0.33192786067724228
0.35576600637286898 0.31397205591201782 0.44869977496564395 0.52163348034024237
0.18673829799517988 0.44104190133512022 0.42668033093214042 0.52163348034024237
0.16004477068781853 0.16538606621325017 0.13682139106094837 0.94814422238618135
0.34114004932343955 0.16538606621325017 0.13682139106094837 0.94814422238618135
0.16004477068781853 0.3415049150586128 0.13682139106094837 0.94814422238618135
0.16004477068781853 0.16538606621325017 0.13404404409229756 0.94814422238618135
0.16004477068781853 0.16538606621325017 0.13682139106094837 0.96921742301434277
0.34114004932343955 0.3415049150586128 0.13404404409229756 0.96921742301434277
0.52784952679648989 0.40534280799329281 0.3064115446060896 0.062099600937217475
0.53142379368655379 0.40534280799329281 0.3064115446060896 0.062099600937217475
0.52784952679648989 0.13846636414527894 0.3064115446060896 0.062099600937217475
0.52784952679648989 0.40534280799329281 0.37346620112657547 0.062099600937217475
0.52784952679648989 0.40534280799329281 0.3064115446060896 0.19275475893169641
0.53142379368655379 0.13846636414527894 0.37346620112657547 0.19275475893169641
0.5280449084471911 0.25405800901353359 0.11518940180540085 0.15602311635389923
0.37610951410606497 0.25405800901353359 0.11518940180540085 0.15602311635389923
0.5280449084471911 0.28502896577119829 0.11518940180540085 0.15602311635389923
0.5280449084471911 0.25405800901353359 0.34747230783104899 0.15602311635389923
0.5280449084471911 0.25405800901353359 0.11518940180540085 0.90363784268498426
0.37610951410606497 0.28502896577119829 0.34747230783104899 0.90363784268498426
0.15953146503306925 0.31276461519300935 0.34093034341931344 0.85840748868882655
0.25152409062720832 0.31276461519300935 0.34093034341931344 0.85840748868882655
0.15953146503306925 0.48186863064765928 0.34093034341931344 0.85840748868882655
0.15953146503306925 0.31276461519300935 0.15730384700000288 0.85840748868882655
0.15953146503306925 0.31276461519300935 0.34093034341931344 0.24977991960942744
0.25152409062720832 0.48186863064765928 0.15730384700000288 0.24977991960942744
0.35493493047542862 0.16407885849475862 0.22895618677139284 0.47956543039530519
0.070769579848274589 0.16407885849475862 0.22895618677139284 0.47956543039530519
0.35493493047542862 0.38233182542026045 0.22895618677139284 0.47956543039530519
0.35493493047542862 0.16407885849475862 0.45072100237011914 0.47956543039530519
0.35493493047542862 0.16407885849475862 0.22895618677139284 0.29937279496341945
0.070769579848274589 0.38233182542026045 0.45072100237011914 0.29937279496341945
0.65807773298583916 0.40576881989836699 0.40157795473933222 0.51203169716522101
0.55558457057923072 0.40576881989836699 0.40157795473933222 0.51203169716522101
0.65807773298583916 0.18554232381284239 0.40157795473933222 0.51203169716522101
0.65807773298583916 0.40576881989836699 0.24176837019622327 0.51203169716522101
0.65807773298583916 0.40576881989836699 0.40157795473933222 0.57961487274616963
0.55558457057923072 0.18554232381284239 0.24176837019622327 0.57961487274616963
0.592819607257843 0.13047856874763966 0.37159948013722899 0.68757916476577519
0.67292923252098258 0.13047856874763966 0.37159948013722899 0.68757916476577519
0.592819607257843 0.22283989377319813 0.37159948013722899 0.68757916476577519
0.592819607257843 0.13047856874763966 0.42857143096625805 0.68757916476577519
0.592819607257843 0.13047856874763966 0.37159948013722899 0.50451607720926406
0.67292923252098258 0.22283989377319813 0.42857143096625805 0.50451607720926406
0.21928725028410551 0.48936834745109081 0.19741509892046452 0.3526910540275276
0.19829536117613311 0.48936834745109081 0.19741509892046452 0.3526910540275276
0.21928725028410551 0.41963139809668071 0.19741509892046452 0.3526910540275276
0.21928725028410551 0.48936834745109081 0.26330761387944224 0.3526910540275276
0.21928725028410551 0.48936834745109081 0.19741509892046452 0.64883722865954041
0.19829536117613311 0.41963139809668071 0.26330761387944224 0.64883722865954041
0.094670075085014099 0.23767034485936167 0.48575641922652724 0.96135611483827232
0.3676141022704541 0.23767034485936167 0.48575641922652724 0.96135611483827232
0.094670075085014099 0.31916534379124639 0.48575641922652724 0.96135611483827232
0.094670075085014099 0.23767034485936167 0.36932891122996814 0.96135611483827232
0.094670075085014099 0.23767034485936167 0.48575641922652724 0.81900193488225337
0.3676141022704541 0.31916534379124639 0.36932891122996814 0.81900193488225337
0.39263526778668162 0.37915304154157636 0.25845304317772388 0.071393586471676831
0.50233105649240306 0.37915304154157636 0.25845304317772388 0.071393586471676831
0.39263526778668162 0.12232939824461937 0.25845304317772388 0.071393586471676831
0.39263526778668162 0.37915304154157636 0.13527632132172585 0.071393586471676831
0.39263526778668162 0.37915304154157636 0.25845304317772388 0.059923087190836666
0.50233105649240306 0.12232939824461937 0.13527632132172585 0.059923087190836666
0.41958439913578327 0.18029844872653486 0.4528790961951018 0.31546507058665157
0.2593242262955755 0.18029844872653486 0.4528790961951018 0.31546507058665157
0.41958439913578327 0.15014275312423708 0.4528790961951018 0.31546507058665157
0.41958439913578327 0.18029844872653486 0.41337901577353475 0.31546507058665157
0.41958439913578327 0.18029844872653486 0.4528790961951018 0.39075545564293862
0.2593242262955755 0.15014275312423708 0.41337901577353475 0.39075545564293862
0.067564616864547136 0.44037854559719569 0.27869302518665795 0.71536778267472978
0.44927020538598295 0.44037854559719569 0.27869302518665795 0.71536778267472978
0.067564616864547136 0.35327829271554945 0.27869302518665795 0.71536778267472978
0.067564616864547136 0.44037854559719569 0.27869534455239775 0.71536778267472978
0.067564616864547136 0.44037854559719569 0.27869302518665795 0.73221768461167813
0.44927020538598295 0.35327829271554945 0.27869534455239775 0.73221768461167813
0.26789785544387995 0.2890528216958046 0.39203627668321139 0.10676345266401768
0.60399916330352421 0.2890528216958046 0.39203627668321139 0.10676345266401768
0.26789785544387995 0.45437912605702879 0.39203627668321139 0.10676345266401768
0.26789785544387995 0.2890528216958046 0.38520492240786552 0.10676345266401768
0.26789785544387995 0.2890528216958046 0.39203627668321139 0.81219717834144833
0.60399916330352421 0.45437912605702879 0.38520492240786552 0.81219717834144833
0.54437029049731789 0.32860064283013346 0.1647315863519907 0.9315917507745326
0.10333564081229268 0.32860064283013346 0.1647315863519907 0.9315917507745326
0.54437029049731789 0.25119037143886092 0.1647315863519907 0.9315917507745326
0.54437029049731789 0.32860064283013346 0.11920500062406064 0.9315917507745326
0.54437029049731789 0.32860064283013346 0.1647315863519907 0.097119220905005937
0.10333564081229268 0.25119037143886092 0.11920500062406064 0.097119220905005937
0.67968819132074709 0.20389022566378118 0.2089709371328354 0.75795742385089393
0.14974052114412187 0.20389022566378118 0.2089709371328354 0.75795742385089393
0.67968819132074709 0.13888130821287634 0.2089709371328354 0.75795742385089393
0.67968819132074709 0.20389022566378118 0.30737907551229005 0.75795742385089393
0.67968819132074709 0.20389022566378118 0.2089709371328354 0.9716944976337254
0.14974052114412187 0.13888130821287634 0.30737907551229005 0.9716944976337254
0.33284603338688606 0.36376247666776185 0.43471324071288109 0.23555097335949537
0.64026290220208459 0.36376247666776185 0.43471324071288109 0.23555097335949537
0.33284603338688606 0.34206653423607347 0.43471324071288109 0.23555097335949537
0.33284603338688606 0.36376247666776185 0.19759239479899407 0.23555097335949537
0.33284603338688606 0.36376247666776185 0.43471324071288109 0.15133568430319427
0.64026290220208459 0.34206653423607347 0.19759239479899407 0.15133568430319427
0.20327923893928523 0.11547348424792291 0.14773720055818559 0.61433414084836846
0.49443034636788064 0.11547348424792291 0.14773720055818559 0.61433414084836846
0.20327923893928523 0.44096856340765955 0.14773720055818559 0.61433414084836846
0.20327923893928523 0.11547348424792291 0.49169314466416836 0.61433414084836846
0.20327923893928523 0.11547348424792291 0.14773720055818559 0.35188525652512909
0.49443034636788064 0.44096856340765955 0.49169314466416836 0.35188525652512909
0.4847706117667257 0.45520427227020266 0.32036070600152017 0.40200958114117386
0.29431346878409381 0.45520427227020266 0.32036070600152017 0.40200958114117386
0.4847706117667257 0.23783083036541941 0.32036070600152017 0.40200958114117386
0.4847706117667257 0.45520427227020266 0.20060091838240623 0.40200958114117386
0.4847706117667257 0.45520427227020266 0.32036070600152017 0.5574862567894161
0.29431346878409381 0.23783083036541941 0.20060091838240623 0.5574862567894161
0.46676214458420867 0.10109974332153798 0.29991958960890774 0.99126092275604605
0.56922207758761945 0.10109974332153798 0.29991958960890774 0.99126092275604605
0.46676214458420867 0.33478969596326352 0.29991958960890774 0.99126092275604605
0.46676214458420867 0.10109974332153798 0.1645095355808735 0.99126092275604605
0.46676214458420867 0.10109974332153798 0.29991958960890774 0.37289745163172483
0.56922207758761945 0.33478969596326352 0.1645095355808735 0.37289745163172483
0.18018787167966366 0.46567176394164567 0.46948523223400118 0.040052308030426503
0.058401608932763339 0.46567176394164567 0.46948523223400118 0.040052308030426503
0.18018787167966366 0.1317233931273222 0.46948523223400118 0.040052308030426503
0.18018787167966366 0.46567176394164567 0.33049496226012709 0.040052308030426503
0.18018787167966366 0.46567176394164567 0.46948523223400118 0.53671799067407844
0.058401608932763339 0.1317233931273222 0.33049496226012709 0.53671799067407844
0.29499604571610688 0.21747049167752266 0.15743628516793251 0.65623862743377681
0.22328689675778146 0.21747049167752266 0.15743628516793251 0.65623862743377681
0.29499604571610688 0.23218945860862733 0.15743628516793251 0.65623862743377681
0.29499604571610688 0.21747049167752266 0.23651590123772623 0.65623862743377681
0.29499604571610688 0.21747049167752266 0.15743628516793251 0.94649920992553238
0.22328689675778146 0.23218945860862733 0.23651590123772623 0.94649920992553238
0.67739049298688769 0.35252595990896229 0.38638293296098714 0.38259695352986456
0.40307717188261444 0.35252595990896229 0.38638293296098714 0.38259695352986456
0.67739049298688769 0.43530020266771319 0.38638293296098714 0.38259695352986456
0.67739049298688769 0.35252595990896229 0.47121406905353069 0.38259695352986456
0.67739049298688769 0.35252595990896229 0.38638293296098714 0.17629451617598532
0.40307717188261444 0.43530020266771319 0.47121406905353069 0.17629451617598532
0.57222147979773574 0.27762089930474759 0.44311926849186423 0.45013447239995003
0.52043174840509887 0.27762089930474759 0.44311926849186423 0.45013447239995003
0.57222147979773574 0.37299047335982327 0.44311926849186423 0.45013447239995003
0.57222147979773574 0.27762089930474759 0.2584092687815428 0.45013447239995003
0.57222147979773574 0.27762089930474759 0.44311926849186423 0.77195476068183777
0.52043174840509887 0.37299047335982327 0.2584092687815428 0.77195476068183777
0.28050925540737803 0.34237631596624851 0.2126102339476347 0.54385430233553056
0.35078292707912617 0.34237631596624851 0.2126102339476347 0.54385430233553056
0.28050925540737803 0.16987753584980964 0.2126102339476347 0.54385430233553056
0.28050925540737803 0.34237631596624851 0.44949157610535628 0.54385430233553056
0.28050925540737803 0.34237631596624851 0.2126102339476347 0.13759622519835829
0.35078292707912617 0.16987753584980964 0.44949157610535628 0.13759622519835829
0.075256902864202863 0.19096134603023529 0.30102629698812966 0.18784682041034101
0.17448170115239917 0.19096134603023529 0.30102629698812966 0.18784682041034101
0.075256902864202863 0.26941432990133762 0.30102629698812966 0.18784682041034101
0.075256902864202863 0.19096134603023529 0.14290913753211498 0.18784682041034101
0.075256902864202863 0.19096134603023529 0.30102629698812966 0.42680742437019947
0.17448170115239917 0.26941432990133762 0.14290913753211498 0.42680742437019947
0.45267208521254354 0.42580939754843716 0.12989808879792691 0.82897727910429242
0.69547337582334867 0.42580939754843716 0.12989808879792691 0.82897727910429242
0.45267208521254354 0.47247710414230826 0.12989808879792691 0.82897727910429242
0.45267208521254354 0.42580939754843716 0.35270573571324348 0.82897727910429242
0.45267208521254354 0.42580939754843716 0.12989808879792691 0.69592365609481932
0.69547337582334867 0.47247710414230826 0.35270573571324348 0.69592365609481932
0.40017644632607691 0.2270075473934412 0.33690044619143011 0.58298894511535759
0.12712932396680116 0.2270075473934412 0.33690044619143011 0.58298894511535759
0.40017644632607691 0.40038889162242419 0.33690044619143011 0.58298894511535759
0.40017644632607691 0.2270075473934412 0.29956604167819023 0.58298894511535759
0.40017644632607691 0.2270075473934412 0.33690044619143011 0.85508661281317477
0.12712932396680116 0.40038889162242419 0.29956604167819023 0.85508661281317477
0.1275964449159801 0.39372208975255496 0.10639272592961789 0.43191829904913903
0.58147502592764788 0.39372208975255496 0.10639272592961789 0.43191829904913903
0.1275964449159801 0.20342887304723264 0.10639272592961789 0.43191829904913903
0.1275964449159801 0.39372208975255496 0.40853011868894107 0.43191829904913903
0.1275964449159801 0.39372208975255496 0.10639272592961789 0.02360195342451334
0.58147502592764788 0.20342887304723264 0.40853011868894107 0.02360195342451334
0.24729448677971955 0.14191040322184564 0.41980771608650691 0.78786689016968015
0.43118918039835985 0.14191040322184564 0.41980771608650691 0.78786689016968015
0.24729448677971955 0.10452683120965958 0.41980771608650691 0.78786689016968015
0.24729448677971955 0.14191040322184564 0.10263127312064171 0.78786689016968015
0.24729448677971955 0.14191040322184564 0.41980771608650691 0.46424842350184919
0.43118918039835985 0.10452683120965958 0.10263127312064171 0.46424842350184919
0.60559730194509032 0.47559276223182678 0.24868119768798352 0.20420687651261685
0.2761357055045664 0.47559276223182678 0.24868119768798352 0.20420687651261685
0.60559730194509032 0.30143935680389405 0.24868119768798352 0.20420687651261685
0.60559730194509032 0.47559276223182678 0.39278829060494902 0.20420687651261685
0.60559730194509032 0.47559276223182678 0.24868119768798352 0.68934881135821346
0.2761357055045664 0.30143935680389405 0.39278829060494902 0.68934881135821346
0.6197543153073638 0.15049849264323711 0.18119961097836496 0.13858249831944702
0.32257033926434808 0.15049849264323711 0.18119961097836496 0.13858249831944702
0.6197543153073638 0.4887360699474812 0.18119961097836496 0.13858249831944702
0.6197543153073638 0.15049849264323711 0.18056712709367276 0.13858249831944702
0.6197543153073638 0.15049849264323711 0.18119961097836496 0.27420461250469091
0.32257033926434808 0.4887360699474812 0.18056712709367276 0.27420461250469091
0.35215355460532005 0.41700543649494648 0.35076351612806322 0.90216435959562657
0.46744300229474894 0.41700543649494648 0.35076351612806322 0.90216435959562657
0.35215355460532005 0.29182726368308065 0.35076351612806322 0.90216435959562657
0.35215355460532005 0.41700543649494648 0.31463268622756002 0.90216435959562657
0.35215355460532005 0.41700543649494648 0.35076351612806322 0.60454099541530015
0.46744300229474894 0.29182726368308065 0.31463268622756002 0.60454099541530015
0.14199148812331258 0.26843183785676961 0.26371578499674797 0.28603877099230884
0.62660540863871572 0.26843183785676961 0.26371578499674797 0.28603877099230884
0.14199148812331258 0.1907264430075884 0.26371578499674797 0.28603877099230884
0.14199148812331258 0.26843183785676961 0.22114190720021726 0.28603877099230884
0.14199148812331258 0.26843183785676961 0.26371578499674797 0.92461545938625933
0.62660540863871572 0.1907264430075884 0.22114190720021726 0.92461545938625933
0.50543224024586375 0.30229703560471533 0.4926610708236695 0.74718756943941111
0.16212848830036819 0.30229703560471533 0.4926610708236695 0.74718756943941111
0.50543224024586375 0.3876884642988444 0.4926610708236695 0.74718756943941111
0.50543224024586375 0.30229703560471533 0.48639275357127187 0.74718756943941111
0.50543224024586375 0.30229703560471533 0.4926610708236695 0.22903688954189419
0.16212848830036819 0.3876884642988444 0.48639275357127187 0.22903688954189419
0.50773358768783505 0.16950700394809248 0.39801815934479234 0.83803852986544369
0.50961081227287641 0.16950700394809248 0.39801815934479234 0.83803852986544369
0.50773358768783505 0.3116154480725527 0.39801815934479234 0.83803852986544369
0.50773358768783505 0.16950700394809248 0.23064723983407021 0.83803852986544369
0.50773358768783505 0.16950700394809248 0.39801815934479234 0.046582542918622495
0.50961081227287641 0.3116154480725527 0.23064723983407021 0.046582542918622495
0.13921519485302269 0.41064150221645834 0.17061722688376904 0.19313964379951357
0.36029494483955199 0.41064150221645834 0.17061722688376904 0.19313964379951357
0.13921519485302269 0.10840714313089848 0.17061722688376904 0.19313964379951357
0.13921519485302269 0.41064150221645834 0.46455257050693033 0.19313964379951357
0.13921519485302269 0.41064150221645834 0.17061722688376904 0.86273197252303357
0.36029494483955199 0.10840714313089848 0.46455257050693033 0.86273197252303357
0.33461876199580726 0.26234407573938368 0.45866557694971566 0.56440086269751188
0.20557573805563151 0.26234407573938368 0.45866557694971566 0.56440086269751188
0.33461876199580726 0.20891746059060098 0.45866557694971566 0.56440086269751188
0.33461876199580726 0.26234407573938368 0.17115944698452951 0.56440086269751188
0.33461876199580726 0.26234407573938368 0.45866557694971566 0.66636852122843271
0.20557573805563151 0.20891746059060098 0.17115944698452951 0.66636852122843271
0.63776653329841793 0.3208371140062809 0.28438344262540338 0.47456885538995269
0.66560945399105542 0.3208371140062809 0.28438344262540338 0.47456885538995269
0.63776653329841793 0.41208170577883718 0.28438344262540338 0.47456885538995269
0.63776653329841793 0.3208371140062809 0.33637521080672739 0.47456885538995269
0.63776653329841793 0.3208371140062809 0.28438344262540338 0.4566027644276619
0.66560945399105542 0.41208170577883718 0.33637521080672739 0.4566027644276619
0.61313589196652174 0.24593052603304388 0.14190182611346247 0.35822180816903709
0.53810815825127056 0.24593052603304388 0.14190182611346247 0.35822180816903709
0.61313589196652174 0.39937822669744494 0.14190182611346247 0.35822180816903709
0.61313589196652174 0.24593052603304388 0.14954696111381055 0.35822180816903709
0.61313589196652174 0.24593052603304388 0.14190182611346247 0.62752059189602738
0.53810815825127056 0.39937822669744494 0.14954696111381055 0.62752059189602738
0.23959856620058417 0.38724837563931946 0.31462152600288396 0.6356319094449282
0.088205970637500283 0.38724837563931946 0.31462152600288396 0.6356319094449282
0.23959856620058417 0.19621808230876925 0.31462152600288396 0.6356319094449282
0.23959856620058417 0.38724837563931946 0.35854919627308846 0.6356319094449282
0.23959856620058417 0.38724837563931946 0.31462152600288396 0.28184909602627162
0.088205970637500283 0.19621808230876925 0.35854919627308846 0.28184909602627162
0.11498127961531281 0.13593261167407036 0.20294033959507943 0.034818722270429134
0.23404829697683449 0.13593261167407036 0.20294033959507943 0.034818722270429134
0.11498127961531281 0.29570452384650708 0.20294033959507943 0.034818722270429134
0.11498127961531281 0.13593261167407036 0.25255269519984724 0.034818722270429134
0.11498127961531281 0.13593261167407036 0.20294033959507943 0.20605747560039162
0.23404829697683449 0.29570452384650708 0.25255269519984724 0.20605747560039162
0.41295142173767085 0.4942181825637818 0.42877865880727772 0.98213951436802749
0.39354528621770435 0.4942181825637818 0.42877865880727772 0.98213951436802749
0.41295142173767085 0.49891521297395236 0.42877865880727772 0.98213951436802749
0.41295142173767085 0.4942181825637818 0.44286686554551125 0.98213951436802749
0.41295142173767085 0.4942181825637818 0.42877865880727772 0.91697079332545395
0.39354528621770435 0.49891521297395236 0.44286686554551125 0.91697079332545395
0.43989818976260714 0.29609840475022797 0.23567114248871804 0.73621097840368743
0.31178876119665799 0.29609840475022797 0.23567114248871804 0.73621097840368743
0.43989818976260714 0.42668051458895206 0.23567114248871804 0.73621097840368743
0.43989818976260714 0.29609840475022797 0.10847716554999352 0.73621097840368743
0.43989818976260714 0.29609840475022797 0.23567114248871804 0.51376756396144629
0.31178876119665799 0.42668051458895206 0.10847716554999352 0.51376756396144629
0.087873458070680505 0.33625041879713535 0.40839220434427259 0.27883037367835645
0.47699437811970702 0.33625041879713535 0.40839220434427259 0.27883037367835645
0.087873458070680505 0.22986554987728597 0.40839220434427259 0.27883037367835645
0.087873458070680505 0.33625041879713535 0.39942368231713776 0.27883037367835645
0.087873458070680505 0.33625041879713535 0.40839220434427259 0.36522195834666493
0.47699437811970702 0.22986554987728597 0.39942368231713776 0.36522195834666493
0.28820657557807861 0.18453789055347444 0.12170913442969322 0.87970432816073296
0.65773881329223505 0.18453789055347444 0.12170913442969322 0.87970432816073296
0.28820657557807861 0.13091620728373529 0.12170913442969322 0.87970432816073296
0.28820657557807861 0.18453789055347444 0.29293889924883842 0.87970432816073296
0.28820657557807861 0.18453789055347444 0.12170913442969322 0.19924512542784212
0.65773881329223505 0.13091620728373529 0.29293889924883842 0.19924512542784212
0.56468397942371662 0.44478282555937765 0.34754919111728666 0.11223441060632468
0.13230393421836195 0.44478282555937765 0.34754919111728666 0.11223441060632468
0.56468397942371662 0.32777828350663185 0.34754919111728666 0.11223441060632468
0.56468397942371662 0.44478282555937765 0.40267597697675228 0.11223441060632468
0.56468397942371662 0.44478282555937765 0.34754919111728666 0.95417452067136765
0.13230393421836195 0.32777828350663185 0.40267597697675228 0.95417452067136765
0.65937935495749112 0.11968702860176564 0.47928558029234414 0.23049457294866441
0.096055382583290327 0.11968702860176564 0.47928558029234414 0.23049457294866441
0.65937935495749112 0.4654687434434891 0.47928558029234414 0.23049457294866441
0.65937935495749112 0.11968702860176564 0.21447826288640501 0.23049457294866441
0.65937935495749112 0.11968702860176564 0.47928558029234414 0.11464679149910807
0.096055382583290327 0.4654687434434891 0.21447826288640501 0.11464679149910807
0.31253222823143001 0.45963139943778519 0.25188295803964139 0.81038639288395642
0.61131936558522282 0.45963139943778519 0.25188295803964139 0.81038639288395642
0.31253222823143001 0.2686040922999382 0.25188295803964139 0.81038639288395642
0.31253222823143001 0.45963139943778519 0.48052623793482785 0.81038639288395642
0.31253222823143001 0.45963139943778519 0.25188295803964139 0.76428014358505603
0.61131936558522282 0.2686040922999382 0.48052623793482785 0.76428014358505603
0.18296556454151869 0.2109616942703724 0.36493323929607868 0.43906630508601668
0.44199056825600558 0.2109616942703724 0.36493323929607868 0.43906630508601668
0.18296556454151869 0.16755667887628078 0.36493323929607868 0.43906630508601668
0.18296556454151869 0.2109616942703724 0.18644952140748502 0.43906630508601668
0.18296556454151869 0.2109616942703724 0.36493323929607868 0.71887338915839794
0.44199056825600558 0.16755667887628078 0.18644952140748502 0.71887338915839794
0.46446188678964967 0.37138941735029218 0.19064979068934917 0.59402500743046405
0.26664380747824906 0.37138941735029218 0.19064979068934917 0.59402500743046405
0.46446188678964967 0.36436773352324969 0.19064979068934917 0.59402500743046405
0.46446188678964967 0.37138941735029218 0.32128045186400411 0.59402500743046405
0.46446188678964967 0.37138941735029218 0.19064979068934917 0.43448174210265278
0.26664380747824906 0.36436773352324969 0.32128045186400411 0.43448174210265278
0.4870709906332194 0.2223691139370203 0.41397231779992583 0.064245113134384149
0.68244063039310277 0.2223691139370203 0.41397231779992583 0.064245113134384149
0.4870709906332194 0.26137561723589897 0.41397231779992583 0.064245113134384149
0.4870709906332194 0.2223691139370203 0.45735999420285223 0.064245113134384149
0.4870709906332194 0.2223691139370203 0.41397231779992583 0.73988546013832091
0.68244063039310277 0.26137561723589897 0.45735999420285223 0.73988546013832091
0.2005016671493649 0.3576382484287024 0.24294204153120519 0.95031958522275095
0.18747504493221639 0.3576382484287024 0.24294204153120519 0.95031958522275095
0.2005016671493649 0.45826248899102218 0.24294204153120519 0.95031958522275095
0.2005016671493649 0.3576382484287024 0.24761147312819959 0.95031958522275095
0.2005016671493649 0.3576382484287024 0.24294204153120519 0.41371360011398794
0.18747504493221639 0.45826248899102218 0.24761147312819959 0.41371360011398794
0.31530972979962824 0.10904864594340324 0.33086982481181626 0.32640289029106501
0.33775080032646648 0.10904864594340324 0.33086982481181626 0.32640289029106501
0.31530972979962824 0.35877603627741339 0.33086982481181626 0.32640289029106501
0.31530972979962824 0.10904864594340324 0.34161456599831586 0.32640289029106501
0.31530972979962824 0.10904864594340324 0.33086982481181626 0.089451146014034755
0.33775080032646648 0.35877603627741339 0.34161456599831586 0.089451146014034755
0.69769920827820897 0.47417603135108954 0.10045816786587239 0.66505919475108388
0.5334244735073298 0.47417603135108954 0.10045816786587239 0.66505919475108388
0.69769920827820897 0.16183861978352071 0.10045816786587239 0.66505919475108388
0.69769920827820897 0.47417603135108954 0.15067949406802655 0.66505919475108388
0.69769920827820897 0.47417603135108954 0.10045816786587239 0.78923933323472739
0.5334244735073298 0.16183861978352071 0.15067949406802655 0.78923933323472739
0.55190767948515707 0.19888730756938458 0.2696976438164711 0.53449126129969959
0.40591325592249627 0.19888730756938458 0.2696976438164711 0.53449126129969959
0.55190767948515707 0.24952974878251555 0.2696976438164711 0.53449126129969959
0.55190767948515707 0.19888730756938458 0.36345912925899027 0.53449126129969959
0.55190767948515707 0.19888730756938458 0.2696976438164711 0.15900258364155886
0.40591325592249627 0.24952974878251555 0.36345912925899027 0.15900258364155886
0.26020042388699949 0.43433965928852558 0.49854673519730575 0.50591305080801252
0.22041079117916523 0.43433965928852558 0.49854673519730575 0.50591305080801252
0.26020042388699949 0.44646325521171093 0.49854673519730575 0.50591305080801252
0.26020042388699949 0.43433965928852558 0.12861522808671 0.50591305080801252
0.26020042388699949 0.43433965928852558 0.49854673519730575 0.99465164909139281
0.22041079117916523 0.44646325521171093 0.12861522808671 0.99465164909139281
0.05494817304424942 0.28254245072603223 0.18698606789112093 0.8693836124241352
0.061238314071670172 0.28254245072603223 0.18698606789112093 0.8693836124241352
0.05494817304424942 0.34595294892787931 0.18698606789112093 0.8693836124241352
0.05494817304424942 0.28254245072603223 0.43522246293723588 0.8693836124241352
0.05494817304424942 0.28254245072603223 0.18698606789112093 0.54981917491182686
0.061238314071670172 0.34595294892787931 0.43522246293723588 0.54981917491182686
0.43235840597189956 0.34746262207627299 0.35645395740866659 0.16323104636743663
0.56634535090997817 0.34746262207627299 0.35645395740866659 0.16323104636743663
0.43235840597189956 0.14906350225210191 0.35645395740866659 0.16323104636743663
0.43235840597189956 0.34746262207627299 0.26918745711445813 0.16323104636743663
0.43235840597189956 0.34746262207627299 0.35645395740866659 0.32892828760668635
0.56634535090997817 0.14906350225210191 0.26918745711445813 0.32892828760668635
0.37986017130315297 0.1494884628802538 0.15096547007560732 0.40724269960075615
0.15929127708077429 0.1494884628802538 0.15096547007560732 0.40724269960075615
0.37986017130315297 0.17692568674683573 0.15096547007560732 0.40724269960075615
0.37986017130315297 0.1494884628802538 0.37854015752673154 0.40724269960075615
0.37986017130315297 0.1494884628802538 0.15096547007560732 0.24214179575443268
0.15929127708077429 0.17692568674683573 0.37854015752673154 0.24214179575443268
0.10728511931374668 0.48300608210265639 0.37981282398104665 0.62345508193597199
0.62948194402270019 0.48300608210265639 0.37981282398104665 0.62345508193597199
0.10728511931374668 0.38001707121729855 0.37981282398104665 0.62345508193597199
0.10728511931374668 0.48300608210265639 0.11333889029920102 0.62345508193597199
0.10728511931374668 0.48300608210265639 0.37981282398104665 0.88065001733601089
0.62948194402270019 0.38001707121729855 0.11333889029920102 0.88065001733601089
0.22698329193517564 0.231581199914217 0.29325337260961537 0.25992565141990781
0.46460641217418008 0.231581199914217 0.29325337260961537 0.25992565141990781
0.22698329193517564 0.48106449730694301 0.29325337260961537 0.25992565141990781
0.22698329193517564 0.231581199914217 0.41926253065466879 0.25992565141990781
0.22698329193517564 0.231581199914217 0.29325337260961537 0.58725281406193974
0.46460641217418008 0.48106449730694301 0.41926253065466879 0.58725281406193974
0.58528113830834627 0.39769145101308823 0.46271990016102793 0.77856367453932762
0.32544625354930756 0.39769145101308823 0.46271990016102793 0.77856367453932762
0.58528113830834627 0.27802670933306217 0.46271990016102793 0.77856367453932762
0.58528113830834627 0.39769145101308823 0.28534270487725732 0.77856367453932762
0.58528113830834627 0.39769145101308823 0.46271990016102793 0.32236080285161733
0.32544625354930756 0.27802670933306217 0.28534270487725732 0.32236080285161733
0.64006562638096509 0.27298256121575837 0.30774127654731276 0.91104472311213613
0.28916794606484469 0.27298256121575837 0.30774127654731276 0.91104472311213613
0.64006562638096509 0.11532409004867078 0.30774127654731276 0.91104472311213613
0.64006562638096509 0.27298256121575837 0.49754020534455778 0.91104472311213613
0.64006562638096509 0.27298256121575837 0.30774127654731276 0.64119998099282383
0.28916794606484469 0.11532409004867078 0.49754020534455778 0.64119998099282383
0.37246983447112136 0.30629237927496433 0.13671231456100941 0.082328602373599999
0.41819688389077775 0.30629237927496433 0.13671231456100941 0.082328602373599999
0.37246983447112136 0.31836426220834257 0.13671231456100941 0.082328602373599999
0.37246983447112136 0.30629237927496433 0.20723595246672633 0.082328602373599999
0.37246983447112136 0.30629237927496433 0.13671231456100941 0.48152924487367271
0.41819688389077775 0.31836426220834257 0.20723595246672633 0.48152924487367271
0.16230764691717919 0.15809949338436127 0.44963902495801455 0.70630606461316348
0.59450788516551256 0.15809949338436127 0.44963902495801455 0.70630606461316348
0.16230764691717919 0.41731359213590624 0.44963902495801455 0.70630606461316348
0.16230764691717919 0.15809949338436127 0.30075076483190061 0.70630606461316348
0.16230764691717919 0.15809949338436127 0.44963902495801455 0.067560035493224854
0.59450788516551256 0.41731359213590624 0.30075076483190061 0.067560035493224854
0.52574344961903985 0.42439276203513143 0.21922905780375004 0.31017177989706396
0.11413640878163278 0.42439276203513143 0.21922905780375004 0.31017177989706396
0.52574344961903985 0.21422630846500398 0.21922905780375004 0.31017177989706396
0.52574344961903985 0.42439276203513143 0.19173861071467402 0.31017177989706396
0.52574344961903985 0.42439276203513143 0.21922905780375004 0.8419890665821731
0.11413640878163278 0.21422630846500398 0.19173861071467402 0.8419890665821731
0.52007168047130103 0.13260653279721737 0.43244678936898706 0.63243209632113573
0.35578400008380406 0.13260653279721737 0.43244678936898706 0.63243209632113573
0.52007168047130103 0.14150303043425083 0.43244678936898706 0.63243209632113573
0.52007168047130103 0.13260653279721737 0.13992799408733847 0.63243209632113573
0.52007168047130103 0.13260653279721737 0.43244678936898706 0.79821167552843686
0.35578400008380406 0.14150303043425083 0.13992799408733847 0.79821167552843686
0.16750159235671161 0.49754502512514598 0.21141782440245152 0.41597286254167559
0.51559837455861268 0.49754502512514598 0.21141782440245152 0.41597286254167559
0.16750159235671161 0.33829129524528978 0.21141782440245152 0.41597286254167559
0.16750159235671161 0.49754502512514598 0.35508251339197161 0.41597286254167559
0.16750159235671161 0.49754502512514598 0.21141782440245152 0.087417745757848025
0.51559837455861268 0.33829129524528978 0.35508251339197161 0.087417745757848025
0.36861794842407103 0.24885373115539552 0.3249304722994566 0.77222094941884278
0.65984385167248538 0.24885373115539552 0.3249304722994566 0.77222094941884278
0.36861794842407103 0.43802340254187588 0.3249304722994566 0.77222094941884278
0.36861794842407103 0.24885373115539552 0.26187859959900384 0.77222094941884278
0.36861794842407103 0.24885373115539552 0.3249304722994566 0.40809086902067065
0.65984385167248538 0.43802340254187588 0.26187859959900384 0.40809086902067065
0.64439161438494919 0.38432440683245661 0.14452050812542439 0.25335102846845986
0.21025904929265377 0.38432440683245661 0.14452050812542439 0.25335102846845986
0.64439161438494919 0.24118497446179391 0.14452050812542439 0.25335102846845986
0.64439161438494919 0.38432440683245661 0.44584517329931261 0.25335102846845986
0.64439161438494919 0.38432440683245661 0.14452050812542439 0.75388175284489989
0.21025904929265377 0.24118497446179391 0.44584517329931261 0.75388175284489989
0.57985008317045861 0.25902728922665119 0.27606464773416517 0.089152416922152047
0.083878504345193505 0.25902728922665119 0.27606464773416517 0.089152416922152047
0.57985008317045861 0.15387517213821411 0.27606464773416517 0.089152416922152047
0.57985008317045861 0.25902728922665119 0.2338208481669426 0.089152416922152047
0.57985008317045861 0.25902728922665119 0.27606464773416517 0.33790062807500365
0.083878504345193505 0.15387517213821411 0.2338208481669426 0.33790062807500365
0.2322586352471262 0.3241485606878996 0.45491199865937237 0.91810043549165132
0.54359483988955615 0.3241485606878996 0.45491199865937237 0.91810043549165132
0.2322586352471262 0.35071159750223158 0.45491199865937237 0.91810043549165132
0.2322586352471262 0.3241485606878996 0.47407379932701588 0.91810043549165132
0.2322586352471262 0.3241485606878996 0.45491199865937237 0.54778577283024787
0.54359483988955615 0.35071159750223158 0.47407379932701588 0.54778577283024787
0.10319810067303478 0.17244541421532633 0.16815723478794098 0.30167538033798336
0.38791358824819322 0.17244541421532633 0.16815723478794098 0.30167538033798336
0.10319810067303478 0.4509823527187109 0.16815723478794098 0.30167538033798336
0.10319810067303478 0.17244541421532633 0.16827871352434159 0.30167538033798336
0.10319810067303478 0.17244541421532633 0.16815723478794098 0.98902891617268329
0.38791358824819322 0.4509823527187109 0.16827871352434159 0.98902891617268329
0.38410910307429724 0.40770843178033833 0.38762376531958587 0.69805651649832723
0.23828034042380747 0.40770843178033833 0.38762376531958587 0.69805651649832723
0.38410910307429724 0.25419036857783794 0.38762376531958587 0.69805651649832723
0.38410910307429724 0.40770843178033833 0.32734216935932636 0.69805651649832723
0.38410910307429724 0.40770843178033833 0.38762376531958587 0.17299887452274559
0.23828034042380747 0.25419036857783794 0.32734216935932636 0.17299887452274559
0.42811506045982234 0.20802319459617138 0.19479377865791322 0.94398223405703907
0.48275491115637115 0.20802319459617138 0.19479377865791322 0.94398223405703907
0.42811506045982234 0.22023691125214101 0.19479377865791322 0.94398223405703907
0.42811506045982234 0.20802319459617138 0.22419483698904516 0.94398223405703907
0.42811506045982234 0.20802319459617138 0.19479377865791322 0.3157815041579306
0.48275491115637115 0.22023691125214101 0.22419483698904516 0.3157815041579306
0.059030854888260362 0.37432257719337947 0.37364287301898003 0.057660910524427886
0.3070907699875533 0.37432257719337947 0.37364287301898003 0.057660910524427886
0.059030854888260362 0.42342461384832863 0.37364287301898003 0.057660910524427886
0.059030854888260362 0.37432257719337947 0.48389512002468116 0.057660910524427886
0.059030854888260362 0.37432257719337947 0.37364287301898003 0.60029253916814929
0.3070907699875533 0.42342461384832863 0.48389512002468116 0.60029253916814929
0.25492073409259319 0.12300391644239426 0.26188689321279524 0.67402709677815442
0.13681971579790114 0.12300391644239426 0.26188689321279524 0.67402709677815442
0.25492073409259319 0.32212848141789441 0.26188689321279524 0.67402709677815442
0.25492073409259319 0.12300391644239426 0.17722112871706486 0.67402709677815442
0.25492073409259319 0.12300391644239426 0.26188689321279524 0.89057892723008991
0.13681971579790114 0.32212848141789441 0.17722112871706486 0.89057892723008991
0.55734431119635697 0.45631985142827036 0.48135477975010876 0.33513889448717238
0.6517663184087723 0.45631985142827036 0.48135477975010876 0.33513889448717238
0.55734431119635697 0.11899399384856224 0.48135477975010876 0.33513889448717238
0.55734431119635697 0.45631985142827036 0.31820443868637083 0.33513889448717238
0.55734431119635697 0.45631985142827036 0.48135477975010876 0.24106496309861539
0.6517663184087723 0.11899399384856224 0.31820443868637083 0.24106496309861539
0.69337880169041455 0.18161477483808997 0.33868086747825144 0.49742249250411991
0.61693607363849878 0.18161477483808997 0.33868086747825144 0.49742249250411991
0.69337880169041455 0.28129077702760696 0.33868086747825144 0.49742249250411991
0.69337880169041455 0.18161477483808997 0.10520585179328919 0.49742249250411991
0.69337880169041455 0.18161477483808997 0.33868086747825144 0.83540976606309414
0.61693607363849878 0.28129077702760696 0.10520585179328919 0.83540976606309414
0.31915728389285503 0.44770670495927334 0.11765059418976308 0.52623260082677004
0.091818579798564309 0.44770670495927334 0.11765059418976308 0.52623260082677004
0.31915728389285503 0.48442879319190979 0.11765059418976308 0.52623260082677004
0.31915728389285503 0.44770670495927334 0.38999996520578861 0.52623260082677004
0.31915728389285503 0.44770670495927334 0.11765059418976308 0.08059975877404213
0.091818579798564309 0.48442879319190979 0.38999996520578861 0.08059975877404213
0.19530338007025416 0.29942438229918478 0.40616431497037409 0.17004528125748036
0.27098603122867643 0.29942438229918478 0.40616431497037409 0.17004528125748036
0.19530338007025416 0.38572206608951098 0.40616431497037409 0.17004528125748036
0.19530338007025416 0.29942438229918478 0.2957218319177628 0.17004528125748036
0.19530338007025416 0.29942438229918478 0.40616431497037409 0.49145815294235945
0.27098603122867643 0.38572206608951098 0.2957218319177628 0.49145815294235945
0.49274833151139313 0.33292367756366731 0.22575265504419806 0.87644469875842335
0.43650903338566416 0.33292367756366731 0.22575265504419806 0.87644469875842335
0.49274833151139313 0.18253655694425108 0.22575265504419806 0.87644469875842335
0.49274833151139313 0.33292367756366731 0.41180662550032143 0.87644469875842335
0.49274833151139313 0.33292367756366731 0.22575265504419806 0.64012314651161428
0.43650903338566416 0.18253655694425108 0.41180662550032143 0.64012314651161428
0.45949915484525256 0.2858563113957644 0.35399413295090199 0.27176964147016408
0.18329140241257846 0.2858563113957644 0.35399413295090199 0.27176964147016408
0.45949915484525256 0.49164465740323071 0.35399413295090199 0.27176964147016408
0.45949915484525256 0.2858563113957644 0.37288321442902095 0.27176964147016408
0.45949915484525256 0.2858563113957644 0.35399413295090199 0.45528667395934463
0.18329140241257846 0.49164465740323071 0.37288321442902095 0.45528667395934463
0.18745024274103345 0.34414799921214578 0.17659150771796706 0.72939686398953196
0.68808105401694775 0.34414799921214578 0.17659150771796706 0.72939686398953196
0.18745024274103345 0.28853420242667199 0.17659150771796706 0.72939686398953196
0.18745024274103345 0.34414799921214578 0.13188693374395372 0.72939686398953196
0.18745024274103345 0.34414799921214578 0.17659150771796706 0.67605817331001161
0.68808105401694775 0.28853420242667199 0.13188693374395372 0.67605817331001161
0.30670177615247662 0.19595188274979591 0.49022772647440438 0.12049388520419597
0.52796633457764974 0.19595188274979591 0.49022772647440438 0.12049388520419597
0.30670177615247662 0.18826345987617971 0.49022772647440438 0.12049388520419597
0.30670177615247662 0.19595188274979591 0.42609144337475302 0.12049388520419597
0.30670177615247662 0.19595188274979591 0.49022772647440438 0.87601095544174312
0.52796633457764974 0.18826345987617971 0.42609144337475302 0.87601095544174312
0.66568414387293151 0.43727584630250937 0.26594428084790711 0.88819546693935991
0.34214648460038 0.43727584630250937 0.26594428084790711 0.88819546693935991
0.66568414387293151 0.39132947362959392 0.26594428084790711 0.88819546693935991
0.66568414387293151 0.43727584630250937 0.26640412956476212 0.88819546693935991
0.66568414387293151 0.43727584630250937 0.26594428084790711 0.040242502037435769
0.34214648460038 0.39132947362959392 0.26640412956476212 0.040242502037435769
0.55980350011959668 0.11237765215337277 0.11076728031039239 0.80165096916258338
0.21573618622496721 0.11237765215337277 0.11076728031039239 0.80165096916258338
0.55980350011959668 0.4036269258707762 0.11076728031039239 0.80165096916258338
0.55980350011959668 0.11237765215337277 0.45399074107408521 0.80165096916258338
0.55980350011959668 0.11237765215337277 0.11076728031039239 0.91565470103174451
0.21573618622496721 0.4036269258707762 0.45399074107408521 0.91565470103174451
0.29293157309293744 0.47085236646234996 0.33348833918571474 0.22152748504653572
0.41172723979689174 0.47085236646234996 0.33348833918571474 0.22152748504653572
0.29293157309293744 0.20056310556828977 0.33348833918571474 0.22152748504653572
0.29293157309293744 0.47085236646234996 0.2378945041447878 0.22152748504653572
0.29293157309293744 0.47085236646234996 0.33348833918571474 0.21574712585657835
0.41172723979689174 0.20056310556828977 0.2378945041447878 0.21574712585657835
0.081966329924762243 0.21944292187690737 0.24660995677113534 0.6006093305163086
0.56042602597735824 0.21944292187690737 0.24660995677113534 0.6006093305163086
0.081966329924762243 0.10083098560571671 0.24660995677113534 0.6006093305163086
0.081966329924762243 0.21944292187690737 0.34469094723463056 0.6006093305163086
0.081966329924762243 0.21944292187690737 0.24660995677113534 0.29512807711958888
0.56042602597735824 0.10083098560571671 0.34469094723463056 0.29512807711958888
0.44596699615940444 0.36055909916758544 0.42245001643896107 0.44540401037782434
0.065777820907533174 0.36055909916758544 0.42245001643896107 0.44540401037782434
0.44596699615940444 0.30394496917724612 0.42245001643896107 0.44540401037782434
0.44596699615940444 0.36055909916758544 0.1599082786589861 0.44540401037782434
0.44596699615940444 0.36055909916758544 0.42245001643896107 0.62118054918944832
0.065777820907533174 0.30394496917724612 0.1599082786589861 0.62118054918944832
0.40687828338704995 0.1610257748514414 0.21700100079178811 0.20138953873887658
0.6349548476748168 0.1610257748514414 0.21700100079178811 0.20138953873887658
0.40687828338704995 0.37008841857314112 0.21700100079178811 0.20138953873887658
0.40687828338704995 0.1610257748514414 0.48801860548555853 0.20138953873887658
0.40687828338704995 0.1610257748514414 0.21700100079178811 0.96841007119044664
0.6349548476748168 0.37008841857314112 0.48801860548555853 0.96841007119044664
0.12089398917742072 0.42147182188928134 0.43972070366144178 0.8465350425988436
0.15490075168199835 0.42147182188928134 0.43972070366144178 0.8465350425988436
0.12089398917742072 0.1731763668358326 0.43972070366144178 0.8465350425988436
0.12089398917742072 0.42147182188928134 0.2040619492530823 0.8465350425988436
0.12089398917742072 0.42147182188928134 0.43972070366144178 0.19386165214702486
0.15490075168199835 0.1731763668358326 0.2040619492530823 0.19386165214702486
0.2348791404161602 0.26965345367789273 0.12784420475363734 0.46751396443694831
0.32961489888839418 0.26965345367789273 0.12784420475363734 0.46751396443694831
0.2348791404161602 0.27188308276236062 0.12784420475363734 0.46751396443694831
0.2348791404161602 0.26965345367789273 0.30978417433798311 0.46751396443694831
0.2348791404161602 0.26965345367789273 0.12784420475363734 0.36294930027797817
0.32961489888839418 0.27188308276236062 0.30978417433798311 0.36294930027797817
0.61801202963106328 0.30961614549160005 0.30368252098560333 0.55757763592526322
0.45896121710538856 0.30961614549160005 0.30368252098560333 0.55757763592526322
0.61801202963106328 0.46884262748062611 0.30368252098560333 0.55757763592526322
0.61801202963106328 0.30961614549160005 0.19461973607540131 0.55757763592526322
0.61801202963106328 0.30961614549160005 0.30368252098560333 0.52250064844265576
0.45896121710538856 0.46884262748062611 0.19461973607540131 0.52250064844265576
0.63145740758627644 0.2345165353268385 0.47272366918623454 0.64220712017267945
0.42412105775438241 0.2345165353268385 0.47272366918623454 0.64220712017267945
0.63145740758627644 0.33153368495404723 0.47272366918623454 0.64220712017267945
0.63145740758627644 0.2345165353268385 0.38200720846652991 0.64220712017267945
0.63145740758627644 0.2345165353268385 0.47272366918623454 0.44871729079633954
0.42412105775438241 0.33153368495404723 0.38200720846652991 0.44871729079633954
0.34045480033382769 0.39475535340607171 0.29532273970544343 0.36456535471603274
0.28464351389557119 0.39475535340607171 0.29532273970544343 0.36456535471603274
0.34045480033382769 0.1345704209059477 0.29532273970544343 0.36456535471603274
0.34045480033382769 0.39475535340607171 0.12295824922621251 0.36456535471603274
0.34045480033382769 0.39475535340607171 0.29532273970544343 0.71348991405218842
0.28464351389557119 0.1345704209059477 0.12295824922621251 0.71348991405218842
0.13473609322682023 0.14617470353841783 0.38395702727139003 0.9734094646014273
0.11880593234673142 0.14617470353841783 0.38395702727139003 0.9734094646014273
0.13473609322682023 0.23586656451225282 0.38395702727139003 0.9734094646014273
0.13473609322682023 0.14617470353841783 0.41628385186195371 0.9734094646014273
0.13473609322682023 0.14617470353841783 0.38395702727139003 0.76200748369097715
0.11880593234673142 0.23586656451225282 0.41628385186195371 0.76200748369097715
0.51269197314977644 0.48632060363888741 0.15967488996684553 0.025842054709792138
0.58867921405471857 0.48632060363888741 0.15967488996684553 0.025842054709792138
0.51269197314977644 0.43277661353349683 0.15967488996684553 0.025842054709792138
0.51269197314977644 0.48632060363888741 0.27601640559732915 0.025842054709792138
0.51269197314977644 0.48632060363888741 0.15967488996684553 0.12337987415492535
0.58867921405471857 0.43277661353349683 0.27601640559732915 0.12337987415492535
0.4997578801587223 0.24098270349204542 0.25590817555785184 0.42485698271542788
0.24556009378284216 0.24098270349204542 0.25590817555785184 0.42485698271542788
0.4997578801587223 0.46804154217243199 0.25590817555785184 0.42485698271542788
0.4997578801587223 0.24098270349204542 0.4319408405572176 0.42485698271542788
0.4997578801587223 0.24098270349204542 0.25590817555785184 0.18622354289516804
0.24556009378284216 0.46804154217243199 0.4319408405572176 0.18622354289516804
0.14719276083633304 0.37583686895668511 0.47547207772731781 0.57617448022589091
0.38059443323872977 0.37583686895668511 0.47547207772731781 0.57617448022589091
0.14719276083633304 0.2648777768015862 0.47547207772731781 0.57617448022589091
0.14719276083633304 0.37583686895668511 0.27302462011575701 0.57617448022589091
0.14719276083633304 0.37583686895668511 0.47547207772731781 0.94542226044461131
0.38059443323872977 0.2648777768015862 0.27302462011575701 0.94542226044461131
0.34830921860411757 0.12754459828138354 0.1890102840960026 0.21246576698496936
0.55087521434761577 0.12754459828138354 0.1890102840960026 0.21246576698496936
0.34830921860411757 0.16456278525292872 0.1890102840960026 0.21246576698496936
0.34830921860411757 0.12754459828138354 0.3662525672465563 0.21246576698496936
0.34830921860411757 0.12754459828138354 0.1890102840960026 0.53013857515528795
0.55087521434761577 0.16456278525292872 0.3662525672465563 0.53013857515528795
0.62407793514430521 0.49230613186955452 0.36795557290315628 0.79635767847299577
0.076558728236705065 0.49230613186955452 0.36795557290315628 0.79635767847299577
0.62407793514430521 0.3677706103771925 0.36795557290315628 0.79635767847299577
0.62407793514430521 0.49230613186955452 0.12604769319295883 0.79635767847299577
0.62407793514430521 0.49230613186955452 0.36795557290315628 0.38593729356303813
0.076558728236705065 0.3677706103771925 0.12604769319295883 0.38593729356303813
0.60015892921946945 0.16740641035139561 0.41199657209217555 0.89342858539894221
0.19278263454325495 0.16740641035139561 0.41199657209217555 0.89342858539894221
0.60015892921946945 0.43046185709536078 0.41199657209217555 0.89342858539894221
0.60015892921946945 0.16740641035139561 0.33804835528135302 0.89342858539894221
0.60015892921946945 0.16740641035139561 0.41199657209217555 0.70585268098860976
0.19278263454325495 0.43046185709536078 0.33804835528135302 0.70585268098860976
0.2525724307168275 0.40244355760514738 0.23148884885013105 0.12961482629179955
0.67728024488314986 0.40244355760514738 0.23148884885013105 0.12961482629179955
0.2525724307168275 0.22724993117153647 0.23148884885013105 0.12961482629179955
0.2525724307168275 0.40244355760514738 0.15403220243752003 0.12961482629179955
0.2525724307168275 0.40244355760514738 0.23148884885013105 0.42573047306388617
0.67728024488314986 0.22724993117153647 0.15403220243752003 0.42573047306388617
0.12351178475655615 0.25113331899046898 0.34470852650702 0.75377154204994445
0.49812257848680014 0.25113331899046898 0.34470852650702 0.75377154204994445
0.12351178475655615 0.12756816670298576 0.34470852650702 0.75377154204994445
0.12351178475655615 0.25113331899046898 0.4598520830273628 0.75377154204994445
0.12351178475655615 0.25113331899046898 0.34470852650702 0.13101680785417555
0.49812257848680014 0.12756816670298576 0.4598520830273628 0.13101680785417555
0.40441781836561852 0.31568701565265656 0.1235820110887289 0.29237589215859772
0.37321977461688216 0.31568701565265656 0.1235820110887289 0.29237589215859772
0.40441781836561852 0.33072954788804054 0.1235820110887289 0.29237589215859772
0.40441781836561852 0.31568701565265656 0.24455183036625386 0.29237589215859772
0.40441781836561852 0.31568701565265656 0.1235820110887289 0.78499460078775884
0.37321977461688216 0.33072954788804054 0.24455183036625386 0.78499460078775884
0.44842637153342357 0.11839826367795468 0.31821845509111879 0.048301618844270706
0.45398432337678962 0.11839826367795468 0.31821845509111879 0.048301618844270706
0.44842637153342357 0.39682416766881945 0.31821845509111879 0.048301618844270706
0.44842637153342357 0.11839826367795468 0.30391215123236182 0.048301618844270706
0.44842637153342357 0.11839826367795468 0.31821845509111879 0.68372596343979242
0.45398432337678962 0.39682416766881945 0.30391215123236182 0.68372596343979242
0.079347134754061702 0.45228178240358829 0.13770942352712157 0.99975708501413463
0.25355006540194153 0.45228178240358829 0.13770942352712157 0.99975708501413463
0.079347134754061702 0.19996237456798555 0.13770942352712157 0.99975708501413463
0.079347134754061702 0.45228178240358829 0.18797309100627901 0.99975708501413463
0.079347134754061702 0.45228178240358829 0.13770942352712157 0.47824483303353194
0.25355006540194153 0.19996237456798555 0.18797309100627901 0.47824483303353194
0.27523689288645981 0.20056257247924805 0.42593017406761646 0.37554147845134139
0.10929448846727609 0.20056257247924805 0.42593017406761646 0.37554147845134139
0.27523689288645981 0.29871639423072338 0.42593017406761646 0.37554147845134139
0.27523689288645981 0.20056257247924805 0.49467187859117989 0.37554147845134139
0.27523689288645981 0.20056257247924805 0.42593017406761646 0.032574412543326617
0.10929448846727609 0.29871639423072338 0.49467187859117989 0.032574412543326617
0.57765552056953307 0.36708784028887753 0.20480196289718153 0.64941505018621681
0.5994994891341775 0.36708784028887753 0.20480196289718153 0.64941505018621681
0.57765552056953307 0.49553107582032685 0.20480196289718153 0.64941505018621681
0.57765552056953307 0.36708784028887753 0.20992734432220461 0.64941505018621681
0.57765552056953307 0.36708784028887753 0.20480196289718153 0.85305309573188426
0.5994994891341775 0.49553107582032685 0.20992734432220461 0.85305309573188426
0.67306252666749056 0.29198670275509359 0.17462508752942085 0.55042916258797048
0.64448605775833123 0.29198670275509359 0.17462508752942085 0.55042916258797048
0.67306252666749056 0.30782833583652974 0.17462508752942085 0.55042916258797048
0.67306252666749056 0.29198670275509359 0.42290076613426208 0.55042916258797048
0.67306252666749056 0.29198670275509359 0.17462508752942085 0.22341403979808092
0.64448605775833123 0.30782833583652974 0.42290076613426208 0.22341403979808092
0.2988459582906216 0.32566294781863692 0.39419073313474662 0.45647743482142689
0.14413992050103841 0.32566294781863692 0.39419073313474662 0.45647743482142689
0.2988459582906216 0.11101622916758061 0.39419073313474662 0.45647743482142689
0.2988459582906216 0.32566294781863692 0.28186937905848031 0.45647743482142689
0.2988459582906216 0.32566294781863692 0.39419073313474662 0.93861186709254985
0.14413992050103841 0.11101622916758061 0.28186937905848031 0.93861186709254985
0.17499218522571025 0.17698619142174721 0.28272772356867792 0.82024687886238101
0.29981113043613727 0.17698619142174721 0.28272772356867792 0.82024687886238101
0.17499218522571025 0.2122589685022831 0.28272772356867792 0.82024687886238101
0.17499218522571025 0.17698619142174721 0.3761715441942215 0.82024687886238101
0.17499218522571025 0.17698619142174721 0.28272772356867792 0.61351345270872115
0.29981113043613727 0.2122589685022831 0.3761715441942215 0.61351345270872115
0.47243216787464909 0.44369461685419087 0.46167436838150022 0.17886956872418522
0.49007449476048343 0.44369461685419087 0.46167436838150022 0.17886956872418522
0.47243216787464909 0.4091246716678143 0.46167436838150022 0.17886956872418522
0.47243216787464909 0.44369461685419087 0.11632402576506139 0.17886956872418522
0.47243216787464909 0.44369461685419087 0.46167436838150022 0.27217109359800817
0.49007449476048343 0.4091246716678143 0.11632402576506139 0.27217109359800817
0.4798154395539313 0.18763676919043065 0.13367643803358079 0.72434421293437479
0.052745077898725873 0.18763676919043065 0.13367643803358079 0.72434421293437479
0.4798154395539313 0.11818375401198865 0.13367643803358079 0.72434421293437479
0.4798154395539313 0.18763676919043065 0.25523560233414178 0.72434421293437479
0.4798154395539313 0.18763676919043065 0.13367643803358079 0.57734209785237911
0.052745077898725873 0.11818375401198865 0.25523560233414178 0.57734209785237911
0.20776155865751206 0.4291377898305655 0.30941873863339425 0.32419488305225969
0.57341936733573673 0.4291377898305655 0.30941873863339425 0.32419488305225969
0.20776155865751206 0.31512012444436555 0.30941873863339425 0.32419488305225969
0.20776155865751206 0.4291377898305655 0.4399702176451683 0.32419488305225969
0.20776155865751206 0.4291377898305655 0.30941873863339425 0.30810599626973273
0.57341936733573673 0.31512012444436555 0.4399702176451683 0.30810599626973273
0.32701298068277534 0.28054265007376672 0.22302863597869874 0.92524844152852892
0.39869511546567077 0.28054265007376672 0.22302863597869874 0.92524844152852892
0.32701298068277534 0.41480187624692921 0.22302863597869874 0.92524844152852892
0.32701298068277534 0.28054265007376672 0.14578974135220052 0.92524844152852892
0.32701298068277534 0.28054265007376672 0.22302863597869874 0.26401558695361016
0.39869511546567077 0.41480187624692921 0.14578974135220052 0.26401558695361016
0.6860002978239208 0.33945074975490575 0.44565214440226553 0.10018847923725843
0.22872890890575942 0.33945074975490575 0.44565214440226553 0.10018847923725843
0.6860002978239208 0.21791605055332186 0.44565214440226553 0.10018847923725843
0.6860002978239208 0.33945074975490575 0.36173871904611588 0.10018847923725843
0.6860002978239208 0.33945074975490575 0.44565214440226553 0.89825425257906322
0.22872890890575942 0.21791605055332186 0.36173871904611588 0.89825425257906322
0.53949217936024063 0.2141551595181227 0.37797828577458858 0.24237443743273615
0.34498257106170055 0.2141551595181227 0.37797828577458858 0.24237443743273615
0.53949217936024063 0.18021264448761942 0.37797828577458858 0.24237443743273615
0.53949217936024063 0.2141551595181227 0.17412846833467482 0.24237443743273615
0.53949217936024063 0.2141551595181227 0.37797828577458858 0.057650310471653934
0.34498257106170055 0.18021264448761942 0.17412846833467482 0.057650310471653934
0.27261530291289088 0.35583900399506097 0.15379221178591251 0.76501255210489039
0.52509022657759485 0.35583900399506097 0.15379221178591251 0.76501255210489039
0.27261530291289088 0.37710238024592402 0.15379221178591251 0.76501255210489039
0.27261530291289088 0.35583900399506097 0.33396149165928368 0.76501255210489039
0.27261530291289088 0.35583900399506097 0.15379221178591251 0.82773513436317447
0.52509022657759485 0.37710238024592402 0.33396149165928368 0.82773513436317447
0.061650161445140836 0.10403665155172348 0.46694015078246598 0.39351283110678198
0.69091776157729323 0.10403665155172348 0.46694015078246598 0.39351283110678198
0.061650161445140836 0.47741738446056847 0.46694015078246598 0.39351283110678198
0.061650161445140836 0.10403665155172348 0.22718984335660936 0.39351283110678198
0.061650161445140836 0.10403665155172348 0.46694015078246598 0.66307289417833093
0.69091776157729323 0.47741738446056847 0.22718984335660936 0.66307289417833093
0.42565579647198315 0.4627371437847615 0.28963546343147756 0.60608400860801337
0.18041467331349847 0.4627371437847615 0.28963546343147756 0.60608400860801337
0.42565579647198315 0.28048358894884584 0.28963546343147756 0.60608400860801337
0.42565579647198315 0.4627371437847615 0.46823572702705862 0.60608400860801337
0.42565579647198315 0.4627371437847615 0.28963546343147756 0.49913248527795079
0.18041467331349847 0.28048358894884584 0.46823572702705862 0.49913248527795079
0.38656944702379398 0.26549484021961689 0.49669560305774219 0.85206955339759594
0.58584200525656338 0.26549484021961689 0.49669560305774219 0.85206955339759594
0.38656944702379398 0.24667661748826505 0.49669560305774219 0.85206955339759594
0.38656944702379398 0.26549484021961689 0.18383840061724188 0.85206955339759594
0.38656944702379398 0.26549484021961689 0.49669560305774219 0.11039832064881921
0.58584200525656338 0.24667661748826505 0.18383840061724188 0.11039832064881921
0.10058018402196467 0.30523174516856671 0.27251122482120993 0.1494385632686317
0.12168246530927716 0.30523174516856671 0.27251122482120993 0.1494385632686317
0.10058018402196467 0.44971316270530226 0.27251122482120993 0.1494385632686317
0.10058018402196467 0.30523174516856671 0.32405624389648435 0.1494385632686317
0.10058018402196467 0.30523174516856671 0.27251122482120993 0.80585702063515785
0.12168246530927716 0.44971316270530226 0.32405624389648435 0.80585702063515785
0.2145654660183936 0.15381392613053324 0.36065723262727267 0.52099901506677271
0.28180692619644104 0.15381392613053324 0.36065723262727267 0.52099901506677271
0.2145654660183936 0.34847043454647064 0.36065723262727267 0.52099901506677271
0.2145654660183936 0.15381392613053324 0.21835881508886815 0.52099901506677271
0.2145654660183936 0.15381392613053324 0.36065723262727267 0.73090147731825705
0.28180692619644104 0.34847043454647064 0.21835881508886815 0.73090147731825705
0.59770330465398724 0.41369229108095174 0.18335385359823705 0.48830108411610129
0.42699696961790318 0.41369229108095174 0.18335385359823705 0.48830108411610129
0.59770330465398724 0.14538029283285142 0.18335385359823705 0.48830108411610129
0.59770330465398724 0.41369229108095174 0.47726206481456757 0.48830108411610129
0.59770330465398724 0.41369229108095174 0.18335385359823705 0.40044522454962134
0.42699696961790318 0.14538029283285142 0.47726206481456757 0.40044522454962134
0.65177119821310037 0.13898874185979368 0.23989796340465547 0.34420014524832371
0.47199346008710558 0.13898874185979368 0.23989796340465547 0.34420014524832371
0.65177119821310037 0.25807068273425104 0.23989796340465547 0.34420014524832371
0.65177119821310037 0.13898874185979368 0.28984940350055699 0.34420014524832371
0.65177119821310037 0.13898874185979368 0.23989796340465547 0.57076535470783707
0.47199346008710558 0.25807068273425104 0.28984940350055699 0.57076535470783707
0.36076364153996104 0.4785182390362025 0.41563890799880032 0.6793199201673269
0.31662259995937342 0.4785182390362025 0.41563890799880032 0.6793199201673269
0.36076364153996104 0.46115844026207931 0.41563890799880032 0.6793199201673269
0.36076364153996104 0.4785182390362025 0.40516110099852087 0.6793199201673269
0.36076364153996104 0.4785182390362025 0.41563890799880032 0.34554509699344638
0.31662259995937342 0.46115844026207931 0.40516110099852087 0.34554509699344638
0.15504481336101889 0.23033202290534974 0.10425068885087968 0.07820747088640928
0.16793361334130166 0.23033202290534974 0.10425068885087968 0.07820747088640928
0.15504481336101889 0.36240440942347052 0.10425068885087968 0.07820747088640928
0.15504481336101889 0.23033202290534974 0.111859530210495 0.07820747088640928
0.15504481336101889 0.23033202290534974 0.10425068885087968 0.150019475184381
0.16793361334130166 0.36240440942347052 0.111859530210495 0.150019475184381
0.53300566207617517 0.3903937987983227 0.32687245383858682 0.96841661704704163
0.62196193006820977 0.3903937987983227 0.32687245383858682 0.96841661704704163
0.53300566207617517 0.15936376340687275 0.32687245383858682 0.96841661704704163
0.53300566207617517 0.3903937987983227 0.39586423970758922 0.96841661704704163
0.53300566207617517 0.3903937987983227 0.32687245383858682 0.98138426471501594
0.62196193006820977 0.15936376340687275 0.39586423970758922 0.98138426471501594
0.53650930044241241 0.18700895048677924 0.24500757530331613 0.11078830109909177
0.20759868058376013 0.18700895048677924 0.24500757530331613 0.11078830109909177
0.53650930044241241 0.4103668350726366 0.24500757530331613 0.11078830109909177
0.53650930044241241 0.18700895048677924 0.21325533986091616 0.11078830109909177
0.53650930044241241 0.18700895048677924 0.24500757530331613 0.75584804072976108
0.20759868058376013 0.4103668350726366 0.21325533986091616 0.75584804072976108
0.15404060459695756 0.4454836871474982 0.42385664433240888 0.93582223877310755
0.66223735362291336 0.4454836871474982 0.42385664433240888 0.93582223877310755
0.15404060459695756 0.20730587281286716 0.42385664433240888 0.93582223877310755
0.15404060459695756 0.4454836871474982 0.47924013473093507 0.93582223877310755
0.15404060459695756 0.4454836871474982 0.42385664433240888 0.12308213077485562
0.66223735362291336 0.20730587281286716 0.47924013473093507 0.12308213077485562
0.36423250804655249 0.29407942220568661 0.11249098107218743 0.31171124909073117
0.51290391562506554 0.29407942220568661 0.11249098107218743 0.31171124909073117
0.36423250804655249 0.10698611214756966 0.11249098107218743 0.31171124909073117
0.36423250804655249 0.29407942220568661 0.18503562510013583 0.31171124909073117
0.36423250804655249 0.29407942220568661 0.11249098107218743 0.44136263940483333
0.51290391562506554 0.10698611214756966 0.18503562510013583 0.44136263940483333
0.65088102952577165 0.33519589900970459 0.33195884227752687 0.71182702278718357
0.35819176551885895 0.33519589900970459 0.33195884227752687 0.71182702278718357
0.65088102952577165 0.31010067090392113 0.33195884227752687 0.71182702278718357
0.65088102952577165 0.33519589900970459 0.31973442472517488 0.71182702278718357
0.65088102952577165 0.33519589900970459 0.33195884227752687 0.71199672859162089
0.35819176551885895 0.31010067090392113 0.31973442472517488 0.71199672859162089
0.59355004271492362 0.21049072854220868 0.48850366808474066 0.61091211725026373
0.24083230132237077 0.21049072854220868 0.48850366808474066 0.61091211725026373
0.59355004271492362 0.49741028100252149 0.48850366808474066 0.61091211725026373
0.59355004271492362 0.21049072854220868 0.10675795115530491 0.61091211725026373
0.59355004271492362 0.21049072854220868 0.48850366808474066 0.35870114522054791
0.24083230132237077 0.49741028100252149 0.10675795115530491 0.35870114522054791
0.21621929835528131 0.36878230459988115 0.26747337244451047 0.39837444117292764
0.38541276329196983 0.36878230459988115 0.26747337244451047 0.39837444117292764
0.21621929835528131 0.29429810643196108 0.26747337244451047 0.39837444117292764
0.21621929835528131 0.36878230459988115 0.39784117639064787 0.39837444117292764
0.21621929835528131 0.36878230459988115 0.26747337244451047 0.52028606796637178
0.38541276329196983 0.29429810643196108 0.39784117639064787 0.52028606796637178
0.096471573412418354 0.12058558613061905 0.35559691973030572 0.7620691755600274
0.54616230404935773 0.12058558613061905 0.35559691973030572 0.7620691755600274
0.096471573412418354 0.19461462609469893 0.35559691973030572 0.7620691755600274
0.096471573412418354 0.12058558613061905 0.2910447333008051 0.7620691755600274
0.096471573412418354 0.12058558613061905 0.35559691973030572 0.96296478008851405
0.54616230404935773 0.19461462609469893 0.2910447333008051 0.96296478008851405
0.38809935981407756 0.46190933957695968 0.17518523745238782 0.23945714026689527
0.081342349387705321 0.46190933957695968 0.17518523745238782 0.23945714026689527
0.38809935981407756 0.39767968915402896 0.17518523745238782 0.23945714026689527
0.38809935981407756 0.46190933957695968 0.40084041357040412 0.23945714026689527
0.38809935981407756 0.46190933957695968 0.17518523745238782 0.19044970197603106
0.081342349387705321 0.39767968915402896 0.40084041357040412 0.19044970197603106
0.42155210743658239 0.25988349504768848 0.3822333622723818 0.48346880992874502
0.6493677786551415 0.25988349504768848 0.3822333622723818 0.48346880992874502
0.42155210743658239 0.32635970748960974 0.3822333622723818 0.48346880992874502
0.42155210743658239 0.25988349504768848 0.14771788567304611 0.48346880992874502
0.42155210743658239 0.25988349504768848 0.3822333622723818 0.28873042777180674
0.6493677786551415 0.32635970748960974 0.14771788567304611 0.28873042777180674
0.063175077596679327 0.3201219599694014 0.16120442263782025 0.51614065784960983
0.13948512230999766 0.3201219599694014 0.16120442263782025 0.51614065784960983
0.063175077596679327 0.12939892597496511 0.16120442263782025 0.51614065784960983
0.063175077596679327 0.3201219599694014 0.35668593235313895 0.51614065784960983
0.063175077596679327 0.3201219599694014 0.16120442263782025 0.62064436577260496
0.13948512230999766 0.12939892597496511 0.35668593235313895 0.62064436577260496
0.2684769582469016 0.1715407557785511 0.47432599104940898 0.1523870253562927
0.30468788738362484 0.1715407557785511 0.47432599104940898 0.1523870253562927
0.2684769582469016 0.22815466150641442 0.47432599104940898 0.1523870253562927
0.2684769582469016 0.1715407557785511 0.25096370726823808 0.1523870253562927
0.2684769582469016 0.1715407557785511 0.47432599104940898 0.90853825602680449
0.30468788738362484 0.22815466150641442 0.25096370726823808 0.90853825602680449
0.54113117433153091 0.41168659180402756 0.29391605220735073 0.85498451771214601
0.48544448725879186 0.41168659180402756 0.29391605220735073 0.85498451771214601
0.54113117433153091 0.42506489828228955 0.29391605220735073 0.85498451771214601
0.54113117433153091 0.41168659180402756 0.44111675508320336 0.85498451771214601
0.54113117433153091 0.41168659180402756 0.29391605220735073 0.21449238043278454
0.48544448725879186 0.42506489828228955 0.44111675508320336 0.21449238043278454
0.68947416096925729 0.13638938032090664 0.12624147757887841 0.95781256392598157
0.43901474117301398 0.13638938032090664 0.12624147757887841 0.95781256392598157
0.68947416096925729 0.36276830434799201 0.12624147757887841 0.95781256392598157
0.68947416096925729 0.13638938032090664 0.22911914475262166 0.95781256392598157
0.68947416096925729 0.13638938032090664 0.12624147757887841 0.8715227247960865
0.43901474117301398 0.36276830434799201 0.22911914475262166 0.8715227247960865
0.32611789042130107 0.49683567918837068 0.30508885085582738 0.067636977601796391
0.2684291874989867 0.49683567918837068 0.30508885085582738 0.067636977601796391
0.32611789042130107 0.16585415750741961 0.30508885085582738 0.067636977601796391
0.32611789042130107 0.49683567918837068 0.46318102031946184 0.067636977601796391
0.32611789042130107 0.49683567918837068 0.30508885085582738 0.037787612322717906
0.2684291874989867 0.16585415750741961 0.46318102031946184 0.037787612322717906
0.21128003438934684 0.24502244293689729 0.21872502341866495 0.69180870538577433
0.094349696952849615 0.24502244293689729 0.21872502341866495 0.69180870538577433
0.21128003438934684 0.26710166595876217 0.21872502341866495 0.69180870538577433
0.21128003438934684 0.24502244293689729 0.16985541768372059 0.69180870538577433
0.21128003438934684 0.24502244293689729 0.21872502341866495 0.4500814584456384
0.094349696952849615 0.26710166595876217 0.16985541768372059 0.4500814584456384
0.47879631351679558 0.38498530015349386 0.43819157630205152 0.35671495143324139
0.61437364728190003 0.38498530015349386 0.43819157630205152 0.35671495143324139
0.47879631351679558 0.46405987255275249 0.43819157630205152 0.35671495143324139
0.47879631351679558 0.38498530015349386 0.33510994762182233 0.35671495143324139
0.47879631351679558 0.38498530015349386 0.43819157630205152 0.67288653237745166
0.61437364728190003 0.46405987255275249 0.33510994762182233 0.67288653237745166
0.47649614531546824 0.23361492864787581 0.16643353402614594 0.79149547515437002
0.33945636004209512 0.23361492864787581 0.16643353402614594 0.79149547515437002
0.47649614531546824 0.16021929606795313 0.16643353402614594 0.79149547515437002
0.47649614531546824 0.23361492864787581 0.49894494116306309 0.79149547515437002
0.47649614531546824 0.23361492864787581 0.16643353402614594 0.48996412049978971
0.33945636004209512 0.16021929606795313 0.49894494116306309 0.48996412049978971
0.17342755747959016 0.3987365651875735 0.38915326222777369 0.20763735350221393
0.53036975595168767 0.3987365651875735 0.38915326222777369 0.20763735350221393
0.17342755747959016 0.35705667212605474 0.38915326222777369 0.20763735350221393
0.17342755747959016 0.3987365651875735 0.20877892412245275 0.20763735350221393
0.17342755747959016 0.3987365651875735 0.38915326222777369 0.63276741448789831
0.53036975595168767 0.35705667212605474 0.20877892412245275 0.63276741448789831
0.30302401455119249 0.14702785760164261 0.27766702920198438 0.57909307159483436
0.68541635093279174 0.14702785760164261 0.27766702920198438 0.57909307159483436
0.30302401455119249 0.456740141287446 0.27766702920198438 0.57909307159483436
0.30302401455119249 0.14702785760164261 0.30198283791542058 0.57909307159483436
0.30302401455119249 0.14702785760164261 0.27766702920198438 0.83511286966502662
0.68541635093279174 0.456740141287446 0.30198283791542058 0.83511286966502662
0.67146324329078189 0.4822909511625767 0.45350537076592445 0.42780183235183361
0.1856892484240234 0.4822909511625767 0.45350537076592445 0.42780183235183361
0.67146324329078189 0.25994987674057485 0.45350537076592445 0.42780183235183361
0.67146324329078189 0.4822909511625767 0.19302776195108892 0.42780183235183361
0.67146324329078189 0.4822909511625767 0.45350537076592445 0.074441396445035932
0.1856892484240234 0.25994987674057485 0.19302776195108892 0.074441396445035932
0.57422136901877818 0.15719143487513065 0.32332768552005292 0.28180178277194501
0.068339701229706409 0.15719143487513065 0.32332768552005292 0.28180178277194501
0.57422136901877818 0.14765261672437191 0.32332768552005292 0.28180178277194501
0.57422136901877818 0.15719143487513065 0.38044347502291209 0.28180178277194501
0.57422136901877818 0.15719143487513065 0.32332768552005292 0.88716805769130591
0.068339701229706409 0.14765261672437191 0.38044347502291209 0.88716805769130591
0.27617169474251563 0.42212966345250613 0.14592677839100363 0.74317111963406202
0.55789544517174361 0.42212966345250613 0.14592677839100363 0.74317111963406202
0.27617169474251563 0.34444030635058881 0.14592677839100363 0.74317111963406202
0.27617169474251563 0.42212966345250613 0.11517750024795533 0.74317111963406202
0.27617169474251563 0.42212966345250613 0.14592677839100363 0.23562051897868513
0.55789544517174361 0.34444030635058881 0.11517750024795533 0.23562051897868513
0.075788947427645331 0.27343935295939448 0.43417084775865078 0.14213349683210252
0.41428478453308337 0.27343935295939448 0.43417084775865078 0.14213349683210252
0.075788947427645331 0.44476007819175722 0.43417084775865078 0.14213349683210252
0.075788947427645331 0.27343935295939448 0.42097258605062959 0.14213349683210252
0.075788947427645331 0.27343935295939448 0.43417084775865078 0.3135658430494368
0.41428478453308337 0.44476007819175722 0.42097258605062959 0.3135658430494368
0.44940578597597769 0.30890985131263737 0.20988873280584813 0.90591352086514232
0.21322978711687024 0.30890985131263737 0.20988873280584813 0.90591352086514232
0.44940578597597769 0.24791879206895828 0.20988873280584813 0.90591352086514232
0.44940578597597769 0.30890985131263737 0.28692215383052827 0.90591352086514232
0.44940578597597769 0.30890985131263737 0.20988873280584813 0.59604353712871672
0.21322978711687024 0.24791879206895828 0.28692215383052827 0.59604353712871672
0.40087454589083787 0.10702964030206204 0.40456199310719965 0.65998500132933258
0.45655276034958653 0.10702964030206204 0.40456199310719965 0.65998500132933258
0.40087454589083787 0.27650190666317942 0.40456199310719965 0.65998500132933258
0.40087454589083787 0.10702964030206204 0.36505727320909498 0.65998500132933258
0.40087454589083787 0.10702964030206204 0.40456199310719965 0.98777495931833981
0.45655276034958653 0.27650190666317942 0.36505727320909498 0.98777495931833981
0.12447635941207408 0.47312153615057473 0.2271593425422907 0.38614516101777557
0.33231005882844322 0.47312153615057473 0.2271593425422907 0.38614516101777557
0.12447635941207408 0.47964126095175741 0.2271593425422907 0.38614516101777557
0.12447635941207408 0.47312153615057473 0.13036839254200461 0.38614516101777557
0.12447635941207408 0.47312153615057473 0.2271593425422907 0.16588345173746347
0.33231005882844322 0.47964126095175741 0.13036839254200461 0.16588345173746347
0.24914319831877946 0.22484014928340912 0.34040453247725966 0.98724352192133669
0.15250778608024118 0.22484014928340912 0.34040453247725966 0.98724352192133669
0.24914319831877946 0.37839376516640189 0.34040453247725966 0.98724352192133669
0.24914319831877946 0.22484014928340912 0.4370423838496208 0.98724352192133669
0.24914319831877946 0.22484014928340912 0.34040453247725966 0.33736365608870983
0.15250778608024118 0.37839376516640189 0.4370423838496208 0.33736365608870983
0.60108873201534152 0.35833913311362264 0.11612106151878834 0.035814372431486843
0.63761467034928498 0.35833913311362264 0.11612106151878834 0.035814372431486843
0.60108873201534152 0.17521035112440586 0.11612106151878834 0.035814372431486843
0.60108873201534152 0.35833913311362264 0.27104767151176934 0.035814372431486843
0.60108873201534152 0.35833913311362264 0.11612106151878834 0.54138710126280787
0.63761467034928498 0.17521035112440586 0.27104767151176934 0.54138710126280787
0.62827083119191229 0.28344103284180167 0.26016287058591847 0.18372756268829105
0.59121467527002092 0.28344103284180167 0.26016287058591847 0.18372756268829105
0.62827083119191229 0.21251910440623761 0.26016287058591847 0.18372756268829105
0.62827083119191229 0.28344103284180167 0.45865487046539788 0.18372756268829105
0.62827083119191229 0.28344103284180167 0.26016287058591847 0.40491820586845279
0.59121467527002092 0.21251910440623761 0.45865487046539788 0.40491820586845279
0.34669502037577327 0.34974053911864755 0.48288390710949902 0.8250786182098091
0.11623917161487042 0.34974053911864755 0.48288390710949902 0.8250786182098091
0.34669502037577327 0.41570661924779417 0.48288390710949902 0.8250786182098091
0.34669502037577327 0.34974053911864755 0.2488736853003502 0.8250786182098091
0.34669502037577327 0.34974053911864755 0.48288390710949902 0.74867574876174336
0.11623917161487042 0.41570661924779417 0.2488736853003502 0.74867574876174336
0.15126173733733594 0.19841636493802073 0.19639650583267212 0.4535640020109713
0.28714487762190399 0.19841636493802073 0.19639650583267212 0.4535640020109713
0.15126173733733594 0.3169508710503578 0.19639650583267212 0.4535640020109713
0.15126173733733594 0.19841636493802073 0.34315181858837607 0.4535640020109713
0.15126173733733594 0.19841636493802073 0.19639650583267212 0.79575780803337692
0.28714487762190399 0.3169508710503578 0.34315181858837607 0.79575780803337692
0.49818833325989537 0.4317325219511986 0.37223654314875609 0.54748193629086017
0.42156854839995495 0.4317325219511986 0.37223654314875609 0.54748193629086017
0.49818833325989537 0.11381390094757081 0.37223654314875609 0.54748193629086017
0.49818833325989537 0.4317325219511986 0.15205409675836565 0.54748193629086017
0.49818833325989537 0.4317325219511986 0.37223654314875609 0.082930303681641823
0.42156854839995495 0.11381390094757081 0.15205409675836565 0.082930303681641823
0.51620053187943993 0.28952221460640432 0.46844407729804516 0.88345254752784963
0.079140759771689773 0.28952221460640432 0.46844407729804516 0.88345254752784963
0.51620053187943993 0.18695504516363146 0.46844407729804516 0.88345254752784963
0.51620053187943993 0.28952221460640432 0.30863732695579527 0.88345254752784963
0.51620053187943993 0.28952221460640432 0.46844407729804516 0.14290288414806127
0.079140759771689773 0.18695504516363146 0.30863732695579527 0.14290288414806127
0.13372688661329446 0.33120627813041215 0.28793502040207386 0.1157844672165811
0.54840321782976387 0.33120627813041215 0.28793502040207386 0.1157844672165811
0.13372688661329446 0.38384267985820775 0.28793502040207386 0.1157844672165811
0.13372688661329446 0.33120627813041215 0.19889122582972052 0.1157844672165811
0.13372688661329446 0.33120627813041215 0.28793502040207386 0.98012960691004991
0.54840321782976387 0.38384267985820775 0.19889122582972052 0.98012960691004991
0.34391874647699289 0.17940146401524545 0.37654685042798519 0.73219545589759949
0.38321055257692926 0.17940146401524545 0.37654685042798519 0.73219545589759949
0.34391874647699289 0.48357345275580887 0.37654685042798519 0.73219545589759949
0.34391874647699289 0.17940146401524545 0.49307170212268836 0.73219545589759949
0.34391874647699289 0.17940146401524545 0.37654685042798519 0.56436738409101961
0.38321055257692926 0.48357345275580887 0.49307170212268836 0.56436738409101961
0.63057223674841223 0.43810208290815356 0.15541861392557621 0.27459431275725366
0.2430738362018019 0.43810208290815356 0.15541861392557621 0.27459431275725366
0.63057223674841223 0.28663832508027554 0.15541861392557621 0.27459431275725366
0.63057223674841223 0.43810208290815356 0.20213421024382117 0.27459431275725366
0.63057223674841223 0.43810208290815356 0.15541861392557621 0.34500929325819019
0.2430738362018019 0.28663832508027554 0.20213421024382117 0.34500929325819019
0.61386376554146405 0.11300104223191738 0.22446047663688662 0.43494889648631219
0.3705900940112769 0.11300104223191738 0.22446047663688662 0.43494889648631219
0.61386376554146405 0.12394726760685444 0.22446047663688662 0.43494889648631219
0.61386376554146405 0.11300104223191738 0.41513584889471533 0.43494889648631219
0.61386376554146405 0.11300104223191738 0.22446047663688662 0.72569617418572308
0.3705900940112769 0.12394726760685444 0.41513584889471533 0.72569617418572308
0.23652805238962171 0.45450174249708652 0.44402609989047048 0.59012819200754163
0.50054553118534384 0.45450174249708652 0.44402609989047048 0.59012819200754163
0.23652805238962171 0.32088611461222172 0.44402609989047048 0.59012819200754163
0.23652805238962171 0.45450174249708652 0.28028981387615204 0.59012819200754163
0.23652805238962171 0.45450174249708652 0.44402609989047048 0.3972737296484411
0.50054553118534384 0.32088611461222172 0.28028981387615204 0.3972737296484411
0.11678038071841002 0.20591059029102327 0.13217215389013293 0.23392597723752259
0.67463506343774493 0.20591059029102327 0.13217215389013293 0.23392597723752259
0.11678038071841002 0.42115248218178747 0.13217215389013293 0.23392597723752259
0.11678038071841002 0.20591059029102327 0.38706146217882631 0.23392597723752259
0.11678038071841002 0.20591059029102327 0.13217215389013293 0.10590971032157541
0.67463506343774493 0.42115248218178747 0.38706146217882631 0.10590971032157541
0.40841311654075974 0.36481866464018819 0.31111877635121343 0.81401590516790745
0.19524091482162476 0.36481866464018819 0.31111877635121343 0.81401590516790745
0.40841311654075974 0.22426685020327569 0.31111877635121343 0.81401590516790745
0.40841311654075974 0.36481866464018819 0.12102859020233155 0.81401590516790745
0.40841311654075974 0.36481866464018819 0.31111877635121343 0.80340245218947526
0.19524091482162476 0.22426685020327569 0.12102859020233155 0.80340245218947526
0.44186830497346813 0.16362051703035832 0.10568215996026993 0.56802755475044253
0.60197636606171723 0.16362051703035832 0.10568215996026993 0.56802755475044253
0.44186830497346813 0.2528987914323807 0.10568215996026993 0.56802755475044253
0.44186830497346813 0.16362051703035832 0.43041371554136276 0.56802755475044253
0.44186830497346813 0.16362051703035832 0.10568215996026993 0.6557178631052375
0.60197636606171723 0.2528987914323807 0.43041371554136276 0.6557178631052375
0.083486325712874537 0.40314984582364566 0.32524608746171002 0.47799744309857489
0.10670757652260363 0.40314984582364566 0.32524608746171002 0.47799744309857489
0.083486325712874537 0.45598483532667167 0.32524608746171002 0.47799744309857489
0.083486325712874537 0.40314984582364566 0.26520726270973682 0.47799744309857489
0.083486325712874537 0.40314984582364566 0.32524608746171002 0.49763962108641863
0.10670757652260363 0.45598483532667167 0.26520726270973682 0.49763962108641863
0.28878823057748376 0.25496766492724421 0.23839397728443146 0.83414079627022153
0.25603128760121763 0.25496766492724421 0.23839397728443146 0.83414079627022153
0.28878823057748376 0.3546930905431509 0.23839397728443146 0.83414079627022153
0.28878823057748376 0.25496766492724421 0.37090469151735306 0.83414079627022153
0.28878823057748376 0.25496766492724421 0.23839397728443146 0.051490779891610147
0.25603128760121763 0.3546930905431509 0.37090469151735306 0.051490779891610147
0.56144741545431309 0.31502916812896731 0.41733929142355919 0.1890213133767247
0.45137323942035429 0.31502916812896731 0.41733929142355919 0.1890213133767247
0.56144741545431309 0.15165148787200453 0.41733929142355919 0.1890213133767247
0.56144741545431309 0.31502916812896731 0.13699005134403708 0.1890213133767247
0.56144741545431309 0.31502916812896731 0.41733929142355919 0.82743753701448441
0.45137323942035429 0.15165148787200453 0.13699005134403708 0.82743753701448441
0.66916292738169425 0.24012954346835613 0.36216157637536528 0.030579844769090415
0.48764650668017562 0.24012954346835613 0.36216157637536528 0.030579844769090415
0.66916292738169425 0.23935403563082219 0.36216157637536528 0.030579844769090415
0.66916292738169425 0.24012954346835613 0.34901132471859453 0.030579844769090415
0.66916292738169425 0.24012954346835613 0.36216157637536528 0.2585699745826423
0.48764650668017562 0.23935403563082219 0.34901132471859453 0.2585699745826423
0.30580168804153796 0.37986652739346027 0.18165387548506262 0.97812117163091894
0.30244584642350669 0.37986652739346027 0.18165387548506262 0.97812117163091894
0.30580168804153796 0.44239344485104082 0.18165387548506262 0.97812117163091894
0.30580168804153796 0.37986652739346027 0.15871254354715347 0.97812117163091894
0.30580168804153796 0.37986652739346027 0.18165387548506262 0.89484268208965656
0.30244584642350669 0.44239344485104082 0.15871254354715347 0.89484268208965656
0.19096379810944197 0.12844619899988174 0.49526372663676743 0.36177094295620921
0.1416865206323564 0.12844619899988174 0.49526372663676743 0.36177094295620921
0.19096379810944197 0.34368805214762688 0.49526372663676743 0.36177094295620921
0.19096379810944197 0.12844619899988174 0.45201411433517935 0.36177094295620921
0.19096379810944197 0.12844619899988174 0.49526372663676743 0.57309379676356909
0.1416865206323564 0.34368805214762688 0.45201411433517935 0.57309379676356909
0.45848502665758128 0.48832492604851729 0.27413723357021813 0.63937921063974501
0.64712635879404834 0.48832492604851729 0.27413723357021813 0.63937921063974501
0.45848502665758128 0.14059847965836525 0.27413723357021813 0.63937921063974501
0.45848502665758128 0.48832492604851729 0.24299648851156236 0.63937921063974501
0.45848502665758128 0.48832492604851729 0.27413723357021813 0.3058915034122765
0.64712635879404834 0.14059847965836525 0.24299648851156236 0.3058915034122765
0.49680738858878604 0.14282003603875637 0.34613996185362339 0.26383089102804663
0.23134069386869666 0.14282003603875637 0.34613996185362339 0.26383089102804663
0.49680738858878604 0.43680654130876062 0.34613996185362339 0.26383089102804663
0.49680738858878604 0.14282003603875637 0.1791977196931839 0.26383089102804663
0.49680738858878604 0.14282003603875637 0.34613996185362339 0.61297656834125525
0.23134069386869666 0.43680654130876062 0.1791977196931839 0.61297656834125525
0.19374375017359852 0.47785733975470068 0.12195560894906521 0.78267449894919994
0.39621320194564752 0.47785733975470068 0.12195560894906521 0.78267449894919994
0.19374375017359852 0.23359442166984082 0.12195560894906521 0.78267449894919994
0.19374375017359852 0.47785733975470068 0.31310244239866736 0.78267449894919994
0.19374375017359852 0.47785733975470068 0.12195560894906521 0.2657722759991884
0.39621320194564752 0.23359442166984082 0.31310244239866736 0.2657722759991884
0.32334026051685211 0.22654918134212496 0.41049264557659626 0.40360850153490901
0.5760057332459837 0.22654918134212496 0.41049264557659626 0.40360850153490901
0.32334026051685211 0.13332806527614594 0.41049264557659626 0.40360850153490901
0.32334026051685211 0.22654918134212496 0.21987449526786806 0.40360850153490901
0.32334026051685211 0.22654918134212496 0.41049264557659626 0.22216046262532471
0.5760057332459837 0.13332806527614594 0.21987449526786806 0.22216046262532471
0.69177452046424148 0.39110313877463343 0.23318929187953474 0.62003400024026634
0.050268737319856885 0.39110313877463343 0.23318929187953474 0.62003400024026634
0.69177452046424148 0.33648696988821031 0.23318929187953474 0.62003400024026634
0.69177452046424148 0.39110313877463343 0.48509086705744264 0.62003400024026634
0.69177452046424148 0.39110313877463343 0.23318929187953474 0.93149612303823237
0.050268737319856885 0.33648696988821031 0.48509086705744264 0.93149612303823237
0.55390516179613769 0.26639949269592766 0.19051456823945045 0.70276437742635611
0.17777507570572199 0.26639949269592766 0.19051456823945045 0.70276437742635611
0.55390516179613769 0.47419018670916557 0.19051456823945045 0.70276437742635611
0.55390516179613769 0.26639949269592766 0.29770034290850167 0.70276437742635611
0.55390516179613769 0.26639949269592766 0.19051456823945045 0.03012069107964635
0.17777507570572199 0.47419018670916557 0.29770034290850167 0.03012069107964635
0.25586045631207521 0.30125359110534189 0.36625553518533704 0.30641703110188245
0.69337046770378941 0.30125359110534189 0.36625553518533704 0.30641703110188245
0.25586045631207521 0.27102775350213049 0.36625553518533704 0.30641703110188245
0.25586045631207521 0.30125359110534189 0.40670347213745117 0.30641703110188245
0.25586045631207521 0.30125359110534189 0.36625553518533704 0.84856556603685018
0.69337046770378941 0.27102775350213049 0.40670347213745117 0.84856556603685018
0.055477665411308413 0.15295771434903147 0.25447633489966393 0.91527615301311016
0.52245496213436127 0.15295771434903147 0.25447633489966393 0.91527615301311016
0.055477665411308413 0.17129696942865849 0.25447633489966393 0.91527615301311016
0.055477665411308413 0.15295771434903147 0.10088359154760838 0.91527615301311016
0.055477665411308413 0.15295771434903147 0.25447633489966393 0.68055362155660992
0.52245496213436127 0.17129696942865849 0.10088359154760838 0.68055362155660992
0.42908955453895026 0.41771889775991444 0.47709812223911285 0.086354392711073161
0.34741109791211777 0.41771889775991444 0.47709812223911285 0.086354392711073161
0.42908955453895026 0.37450689561665063 0.47709812223911285 0.086354392711073161
0.42908955453895026 0.41771889775991444 0.39119686782360075 0.086354392711073161
0.42908955453895026 0.41771889775991444 0.47709812223911285 0.47303844926878813
0.34741109791211777 0.37450689561665063 0.39119686782360075 0.47303844926878813
0.38056083275005215 0.21657348386943343 0.28423170968890188 0.3304258603975177
0.42948376596905286 0.21657348386943343 0.28423170968890188 0.3304258603975177
0.38056083275005215 0.30304043106734757 0.28423170968890188 0.3304258603975177
0.38056083275005215 0.21657348386943343 0.25682433396577836 0.3304258603975177
0.38056083275005215 0.21657348386943343 0.28423170968890188 0.13072023272514344
0.42948376596905286 0.30304043106734757 0.25682433396577836 0.13072023272514344
0.10416759569197892 0.35024952180683611 0.45997398495674136 0.66928780807182198
0.27919025840237732 0.35024952180683611 0.45997398495674136 0.66928780807182198
0.10416759569197892 0.1062277551740408 0.45997398495674136 0.66928780807182198
0.10416759569197892 0.35024952180683611 0.44777479656040675 0.66928780807182198
0.10416759569197892 0.35024952180683611 0.45997398495674136 0.77883585877716544
0.27919025840237732 0.1062277551740408 0.44777479656040675 0.77883585877716544
0.22883440069854255 0.10156911164522171 0.17319361642003062 0.060489446166902786
0.12415376808494329 0.10156911164522171 0.17319361642003062 0.060489446166902786
0.22883440069854255 0.20493313521146775 0.17319361642003062 0.060489446166902786
0.22883440069854255 0.10156911164522171 0.14107600897550585 0.060489446166902786
0.22883440069854255 0.10156911164522171 0.17319361642003062 0.70435879457741979
0.12415376808494329 0.20493313521146775 0.14107600897550585 0.70435879457741979
0.58077496560290454 0.46827742233872416 0.39581709951162336 0.94677697621285917
0.58326067714951935 0.46827742233872416 0.39581709951162336 0.94677697621285917
0.58077496560290454 0.40179597437381742 0.39581709951162336 0.94677697621285917
0.58077496560290454 0.46827742233872416 0.35080914087593562 0.94677697621285917
0.58077496560290454 0.46827742233872416 0.39581709951162336 0.41837465342134239
0.58326067714951935 0.40179597437381742 0.35080914087593562 0.41837465342134239
0.64857959006913002 0.19298173524439335 0.42736205048859122 0.86595971414819362
0.61950418613851066 0.19298173524439335 0.42736205048859122 0.86595971414819362
0.64857959006913002 0.38910577669739721 0.42736205048859122 0.86595971414819362
0.64857959006913002 0.19298173524439335 0.16322558112442492 0.86595971414819362
0.64857959006913002 0.19298173524439335 0.42736205048859122 0.52792329372838143
0.61950418613851066 0.38910577669739721 0.16322558112442492 0.52792329372838143
0.36700874804519112 0.4268655624240637 0.20317595414817335 0.15959402807056902
0.17057824875228106 0.4268655624240637 0.20317595414817335 0.15959402807056902
0.36700874804519112 0.192244940251112 0.20317595414817335 0.15959402807056902
0.36700874804519112 0.4268655624240637 0.32926989644765858 0.15959402807056902
0.36700874804519112 0.4268655624240637 0.20317595414817335 0.38168797025457024
0.17057824875228106 0.192244940251112 0.32926989644765858 0.38168797025457024
0.17157548922114074 0.27514848038554196 0.31671411134302618 0.53860116388648749
0.31419895594008262 0.27514848038554196 0.31671411134302618 0.53860116388648749
0.17157548922114074 0.29353669770061974 0.31671411134302618 0.53860116388648749
0.17157548922114074 0.27514848038554196 0.23496773131191731 0.53860116388648749
0.17157548922114074 0.27514848038554196 0.31671411134302618 0.18281276097521185
0.31419895594008262 0.29353669770061974 0.23496773131191731 0.18281276097521185
0.51849713572300971 0.34167376160621643 0.139409401640296 0.50981737224385137
0.47462384169921273 0.34167376160621643 0.139409401640296 0.50981737224385137
0.51849713572300971 0.49035309292376039 0.139409401640296 0.50981737224385137
0.51849713572300971 0.34167376160621643 0.46980232149362566 0.50981737224385137
0.51849713572300971 0.34167376160621643 0.139409401640296 0.93997767029330137
0.47462384169921273 0.49035309292376039 0.46980232149362566 0.93997767029330137
0.52472932143136852 0.20298518575727942 0.30265349783003331 0.67754728266969322
0.55289816656149926 0.20298518575727942 0.30265349783003331 0.67754728266969322
0.52472932143136852 0.3660552620887757 0.30265349783003331 0.67754728266969322
0.52472932143136852 0.20298518575727942 0.42436411045491695 0.67754728266969322
0.52472932143136852 0.20298518575727942 0.30265349783003331 0.92970198059454556
0.55289816656149926 0.3660552620887757 0.42436411045491695 0.92970198059454556
0.16582120228558778 0.36774025522172449 0.1284674044698477 0.3389169991761446
0.073186637554317716 0.36774025522172449 0.1284674044698477 0.3389169991761446
0.16582120228558778 0.16293946653604507 0.1284674044698477 0.3389169991761446
0.16582120228558778 0.36774025522172449 0.28336576744914055 0.3389169991761446
0.16582120228558778 0.36774025522172449 0.1284674044698477 0.23232909398153423
0.073186637554317716 0.16293946653604507 0.28336576744914055 0.23232909398153423
0.3715697463601827 0.11632930859923363 0.44141962416470049 0.9397162440046668
0.24885318744927643 0.11632930859923363 0.44141962416470049 0.9397162440046668
0.3715697463601827 0.26345455311238763 0.44141962416470049 0.9397162440046668
0.3715697463601827 0.11632930859923363 0.37734482847154138 0.9397162440046668
0.3715697463601827 0.11632930859923363 0.44141962416470049 0.27857227964326742
0.24885318744927643 0.26345455311238763 0.37734482847154138 0.27857227964326742
0.64354440988972783 0.45117729008197782 0.21411491148173811 0.053675331752747302
0.37849124423228198 0.45117729008197782 0.21411491148173811 0.053675331752747302
0.64354440988972783 0.46651675216853616 0.21411491148173811 0.053675331752747302
0.64354440988972783 0.45117729008197782 0.11765957698225976 0.053675331752747302
0.64354440988972783 0.45117729008197782 0.21411491148173811 0.6071145794354379
0.37849124423228198 0.46651675216853616 0.11765957698225976 0.6071145794354379
0.58692505364306269 0.17646677903831007 0.15913557186722757 0.16617835115641355
0.50490657314658161 0.17646677903831007 0.15913557186722757 0.16617835115641355
0.58692505364306269 0.32921937145292757 0.15913557186722757 0.16617835115641355
0.58692505364306269 0.17646677903831007 0.30585423931479455 0.16617835115641355
0.58692505364306269 0.17646677903831007 0.15913557186722757 0.47124430499970915
0.50490657314658161 0.32921937145292757 0.30585423931479455 0.47124430499970915
0.22283994941972196 0.44103905744850636 0.38487785011529929 0.87229741944000128
0.36508724200539283 0.44103905744850636 0.38487785011529929 0.87229741944000128
0.22283994941972196 0.12615478821098805 0.38487785011529929 0.87229741944000128
0.22283994941972196 0.44103905744850636 0.18976054154336452 0.87229741944000128
0.22283994941972196 0.44103905744850636 0.38487785011529929 0.69072225108742713
0.36508724200539283 0.12615478821098805 0.18976054154336452 0.69072225108742713
0.10880511510185897 0.2928352877497673 0.2982927940785885 0.50108194852247834
0.20083679002709687 0.2928352877497673 0.2982927940785885 0.50108194852247834
0.10880511510185897 0.22564294561743736 0.2982927940785885 0.50108194852247834
0.10880511510185897 0.2928352877497673 0.49634298011660583 0.50108194852247834
0.10880511510185897 0.2928352877497673 0.2982927940785885 0.86136556785553697
0.20083679002709687 0.22564294561743736 0.49634298011660583 0.86136556785553697
0.37576148011721666 0.32789091542363169 0.47091627418994908 0.52963407598435874
0.67041663331910961 0.32789091542363169 0.47091627418994908 0.52963407598435874
0.37576148011721666 0.4287546403706074 0.47091627418994908 0.52963407598435874
0.37576148011721666 0.32789091542363169 0.21155777238309384 0.52963407598435874
0.37576148011721666 0.32789091542363169 0.47091627418994908 0.024258700348436833
0.67041663331910961 0.4287546403706074 0.21155777238309384 0.024258700348436833
0.43389323912560934 0.12513322718441489 0.26541539356112481 0.77561960799619556
0.10092346351593733 0.12513322718441489 0.26541539356112481 0.77561960799619556
0.43389323912560934 0.49410534650087357 0.26541539356112481 0.77561960799619556
0.43389323912560934 0.12513322718441489 0.33968526534736154 0.77561960799619556
0.43389323912560934 0.12513322718441489 0.26541539356112481 0.43213215196505189
0.10092346351593733 0.49410534650087357 0.33968526534736154 0.43213215196505189
0.050834564585238697 0.49164018742740156 0.49115635752677922 0.25700766425579785
0.60668068691156807 0.49164018742740156 0.49115635752677922 0.25700766425579785
0.050834564585238697 0.29719405770301821 0.49115635752677922 0.25700766425579785
0.050834564585238697 0.49164018742740156 0.15573420003056526 0.25700766425579785
0.050834564585238697 0.49164018742740156 0.49115635752677922 0.69945430057123303
0.60668068691156807 0.29719405770301821 0.15573420003056526 0.69945430057123303
0.261849335860461 0.24306413903832436 0.17957246974110605 0.62828389517962935
0.44688343987800172 0.24306413903832436 0.17957246974110605 0.62828389517962935
0.261849335860461 0.19824299924075606 0.17957246974110605 0.62828389517962935
0.261849335860461 0.24306413903832436 0.46163304559886453 0.62828389517962935
0.261849335860461 0.24306413903832436 0.17957246974110605 0.77608422143384814
0.44688343987800172 0.19824299924075606 0.46163304559886453 0.77608422143384814
0.54775941539555784 0.37692964226007464 0.35219426006078725 0.41210501426830887
0.26200016485527156 0.37692964226007464 0.35219426006078725 0.41210501426830887
0.54775941539555784 0.39520483277738094 0.35219426006078725 0.41210501426830887
0.54775941539555784 0.37692964226007464 0.24646301642060281 0.41210501426830887
0.54775941539555784 0.37692964226007464 0.35219426006078725 0.13993136918172239
0.26200016485527156 0.39520483277738094 0.24646301642060281 0.13993136918172239
0.69681403744034465 0.25163929723203182 0.42143445201218133 0.29768698133528232
0.29683529366739092 0.25163929723203182 0.42143445201218133 0.29768698133528232
0.69681403744034465 0.40751370377838614 0.42143445201218133 0.29768698133528232
0.69681403744034465 0.25163929723203182 0.43329431787133221 0.29768698133528232
0.69681403744034465 0.25163929723203182 0.42143445201218133 0.95373516701161865
0.29683529366739092 0.40751370377838614 0.43329431787133221 0.95373516701161865
0.31877367594279343 0.31835372187197208 0.24725009612739088 0.69378770986571914
0.49185986509546631 0.31835372187197208 0.24725009612739088 0.69378770986571914
0.31877367594279343 0.2105557803064585 0.24725009612739088 0.69378770986571914
0.31877367594279343 0.31835372187197208 0.27424024455249307 0.69378770986571914
0.31877367594279343 0.31835372187197208 0.24725009612739088 0.17790826514363287
0.49185986509546631 0.2105557803064585 0.27424024455249307 0.17790826514363287
0.19949246053583919 0.16654601097106936 0.33520119525492192 0.092929603438824421
0.64278038181364527 0.16654601097106936 0.33520119525492192 0.092929603438824421
0.19949246053583919 0.10950359776616098 0.33520119525492192 0.092929603438824421
0.19949246053583919 0.16654601097106936 0.36773102357983589 0.092929603438824421
0.19949246053583919 0.16654601097106936 0.33520119525492192 0.37893633108586072
0.64278038181364527 0.10950359776616098 0.36773102357983589 0.37893633108586072
0.49057954936288289 0.4002281658351422 0.10789784453809262 0.92161969956010581
0.1471942118834704 0.4002281658351422 0.10789784453809262 0.92161969956010581
0.49057954936288289 0.30641746148467064 0.10789784453809262 0.92161969956010581
0.49057954936288289 0.4002281658351422 0.12746869139373304 0.92161969956010581
0.49057954936288289 0.4002281658351422 0.10789784453809262 0.53713442835956815
0.1471942118834704 0.30641746148467064 0.12746869139373304 0.53713442835956815
0.46288734204135829 0.15589533858001234 0.48745606355369098 0.47165471797809005
0.40040068486705416 0.15589533858001234 0.48745606355369098 0.47165471797809005
0.46288734204135829 0.2163004469126463 0.48745606355369098 0.47165471797809005
0.46288734204135829 0.15589533858001234 0.28866696916520596 0.47165471797809005
0.46288734204135829 0.15589533858001234 0.48745606355369098 0.35445968752726914
0.40040068486705416 0.2163004469126463 0.28866696916520596 0.35445968752726914
0.18703946140594779 0.41478508897125721 0.2569483656436205 0.56145293179899458
0.2256742010358721 0.41478508897125721 0.2569483656436205 0.56145293179899458
0.18703946140594779 0.41309100054204462 0.2569483656436205 0.56145293179899458
0.18703946140594779 0.41478508897125721 0.4038225017488003 0.56145293179899458
0.18703946140594779 0.41478508897125721 0.2569483656436205 0.56185500456020232
0.2256742010358721 0.41309100054204462 0.4038225017488003 0.56185500456020232
0.3109230278525501 0.26308344453573229 0.36997227929532528 0.1979983277618885
0.055720788752660157 0.26308344453573229 0.36997227929532528 0.1979983277618885
0.3109230278525501 0.31360283046960835 0.36997227929532528 0.1979983277618885
0.3109230278525501 0.26308344453573229 0.11040534637868404 0.1979983277618885
0.3109230278525501 0.26308344453573229 0.36997227929532528 0.97498585509136315
0.055720788752660157 0.31360283046960835 0.11040534637868404 0.97498585509136315
0.66356733064167195 0.30456582382321362 0.19884578324854374 0.84287095921114086
0.57163356114178898 0.30456582382321362 0.19884578324854374 0.84287095921114086
0.66356733064167195 0.1167651653289795 0.19884578324854374 0.84287095921114086
0.66356733064167195 0.30456582382321362 0.39437090680003173 0.84287095921114086
0.66356733064167195 0.30456582382321362 0.19884578324854374 0.15642112487927079
0.57163356114178898 0.1167651653289795 0.39437090680003173 0.15642112487927079
0.56560886185616255 0.22947164811193943 0.23058298230171204 0.96962477207183839
0.69801913904957469 0.22947164811193943 0.23058298230171204 0.96962477207183839
0.56560886185616255 0.27907470539212231 0.23058298230171204 0.96962477207183839
0.56560886185616255 0.22947164811193943 0.18217645809054375 0.96962477207183839
0.56560886185616255 0.22947164811193943 0.23058298230171204 0.81285284463316199
0.69801913904957469 0.27907470539212231 0.18217645809054375 0.81285284463316199
0.28478234102949496 0.3881783839315176 0.40014691278338432 0.022330296654254199
0.17196475788950918 0.3881783839315176 0.40014691278338432 0.022330296654254199
0.28478234102949496 0.4759149454534054 0.40014691278338432 0.022330296654254199
0.28478234102949496 0.3881783839315176 0.32242887280881405 0.022330296654254199
0.28478234102949496 0.3881783839315176 0.40014691278338432 0.1033973289653659
0.17196475788950918 0.4759149454534054 0.32242887280881405 0.1033973289653659
0.088842953089624643 0.13949474319815636 0.11349011510610581 0.64620302518829709
0.3533541093580424 0.13949474319815636 0.11349011510610581 0.64620302518829709
0.088842953089624643 0.37539987154304988 0.11349011510610581 0.64620302518829709
0.088842953089624643 0.13949474319815636 0.2164075754582882 0.64620302518829709
0.088842953089624643 0.13949474319815636 0.11349011510610581 0.39212997600436211
0.3533541093580424 0.37539987154304988 0.2164075754582882 0.39212997600436211
0.43634991943836204 0.48118492066860197 0.34243542626500134 0.36882665533572434
0.51790923220105467 0.48118492066860197 0.34243542626500134 0.36882665533572434
0.43634991943836204 0.17861322797834875 0.34243542626500134 0.36882665533572434
0.43634991943836204 0.48118492066860197 0.47547156773507593 0.36882665533572434
0.43634991943836204 0.48118492066860197 0.34243542626500134 0.73921441309154035
0.51790923220105467 0.17861322797834875 0.47547156773507593 0.73921441309154035
0.41392591581679877 0.27847367189824579 0.1493643417954445 0.12475236924365163
0.27375328405760224 0.27847367189824579 0.1493643417954445 0.12475236924365163
0.41392591581679877 0.14386550448834898 0.1493643417954445 0.12475236924365163
0.41392591581679877 0.27847367189824579 0.17235666029155255 0.12475236924365163
0.41392591581679877 0.27847367189824579 0.1493643417954445 0.82133629029616717
0.27375328405760224 0.14386550448834898 0.17235666029155255 0.82133629029616717
0.11142809013836086 0.33834628202021122 0.3189299620687962 0.89218855172395706
0.43386078458279365 0.33834628202021122 0.3189299620687962 0.89218855172395706
0.11142809013836086 0.34704939238727095 0.3189299620687962 0.89218855172395706
0.11142809013836086 0.33834628202021122 0.33205335512757306 0.89218855172395706
0.11142809013836086 0.33834628202021122 0.3189299620687962 0.064051525723189118
0.43386078458279365 0.34704939238727095 0.33205335512757306 0.064051525723189118
0.24053828842006619 0.19005935788154604 0.20727132856845856 0.26825696159154178
0.57905850457027552 0.19005935788154604 0.20727132856845856 0.26825696159154178
0.24053828842006619 0.44810158610343931 0.20727132856845856 0.26825696159154178
0.24053828842006619 0.19005935788154604 0.22554377727210523 0.26825696159154178
0.24053828842006619 0.19005935788154604 0.20727132856845856 0.50804751025512818
0.57905850457027552 0.44810158610343931 0.22554377727210523 0.50804751025512818
0.60969674256630235 0.42979022786021237 0.43621795400977137 0.7256112532876432
0.12981518195010722 0.42979022786021237 0.43621795400977137 0.7256112532876432
0.60969674256630235 0.24496175795793534 0.43621795400977137 0.7256112532876432
0.60969674256630235 0.42979022786021237 0.46653067544102667 0.7256112532876432
0.60969674256630235 0.42979022786021237 0.43621795400977137 0.6541629784740508
0.12981518195010722 0.24496175795793534 0.46653067544102667 0.6541629784740508
0.63616225207224486 0.10488526113331319 0.39373552761971953 0.59694242689758537
0.16464039376005529 0.10488526113331319 0.39373552761971953 0.59694242689758537
0.63616225207224486 0.15766523703932764 0.39373552761971953 0.59694242689758537
0.63616225207224486 0.10488526113331319 0.25374798849225044 0.59694242689758537
0.63616225207224486 0.10488526113331319 0.39373552761971953 0.29979025486856703
0.16464039376005529 0.15766523703932764 0.25374798849225044 0.29979025486856703
0.33880173861980434 0.46496508829295635 0.16322646774351596 0.44200998282060028
0.62406468321569264 0.46496508829295635 0.16322646774351596 0.44200998282060028
0.33880173861980434 0.36080096438527109 0.16322646774351596 0.44200998282060028
0.33880173861980434 0.46496508829295635 0.4385461669415236 0.44200998282060028
0.33880173861980434 0.46496508829295635 0.16322646774351596 0.58565454076975587
0.62406468321569264 0.36080096438527109 0.4385461669415236 0.58565454076975587
0.13765556495636699 0.21363577023148539 0.45125236026942728 0.80552534686401489
0.46997040132991963 0.21363577023148539 0.45125236026942728 0.80552534686401489
0.13765556495636699 0.45975201167166235 0.45125236026942728 0.80552534686401489
0.13765556495636699 0.21363577023148539 0.14444541707634928 0.80552534686401489
0.13765556495636699 0.21363577023148539 0.45125236026942728 0.90525056943297388
0.46997040132991963 0.45975201167166235 0.14444541707634928 0.90525056943297388
0.51179264476522801 0.3531834200024605 0.28012412674725057 0.22566731676459312
0.31999427415430542 0.3531834200024605 0.28012412674725057 0.22566731676459312
0.51179264476522801 0.25656573958694939 0.28012412674725057 0.22566731676459312
0.51179264476522801 0.3531834200024605 0.36052614562213425 0.22566731676459312
0.51179264476522801 0.3531834200024605 0.28012412674725057 0.25701508812606333
0.31999427415430542 0.25656573958694939 0.36052614562213425 0.25701508812606333
0.50441311420872803 0.12352175600826741 0.18545736968517304 0.37980185177177189
0.66821504128165543 0.12352175600826741 0.18545736968517304 0.37980185177177189
0.50441311420872803 0.24259206987917425 0.18545736968517304 0.37980185177177189
0.50441311420872803 0.12352175600826741 0.10377927683293819 0.37980185177177189
0.50441311420872803 0.12352175600826741 0.18545736968517304 0.071689642276614909
0.66821504128165543 0.24259206987917425 0.10377927683293819 0.071689642276614909
0.14550996385514736 0.45897393338382242 0.3581784091889858 0.6534100279025733
0.20307770622894167 0.45897393338382242 0.3581784091889858 0.6534100279025733
0.14550996385514736 0.43952767737209797 0.3581784091889858 0.6534100279025733
0.14550996385514736 0.45897393338382242 0.38851488158106806 0.6534100279025733
0.14550996385514736 0.45897393338382242 0.3581784091889858 0.84432412294670944
0.20307770622894167 0.43952767737209797 0.38851488158106806 0.84432412294670944
0.35125846434384578 0.20717618241906166 0.27110507041215898 0.04479080269113183
0.36288502886891361 0.20717618241906166 0.27110507041215898 0.04479080269113183
0.35125846434384578 0.33999220654368401 0.27110507041215898 0.04479080269113183
0.35125846434384578 0.20717618241906166 0.29451178871095185 0.04479080269113183
0.35125846434384578 0.20717618241906166 0.27110507041215898 0.64652502985671167
0.36288502886891361 0.33999220654368401 0.29451178871095185 0.64652502985671167
0.62322817845270029 0.37209608703851704 0.49694510474801068 0.9959733343869448
0.50714811044745145 0.37209608703851704 0.49694510474801068 0.9959733343869448
0.62322817845270029 0.14310409203171731 0.49694510474801068 0.9959733343869448
0.62322817845270029 0.37209608703851704 0.41045977696776392 0.9959733343869448
0.62322817845270029 0.37209608703851704 0.49694510474801068 0.48505950966849926
0.50714811044745145 0.14310409203171731 0.41045977696776392 0.48505950966849926
0.60723629691638048 0.29700038693845277 0.32946280352771284 0.81658186817541722
0.39088957030326121 0.29700038693845277 0.32946280352771284 0.81658186817541722
0.60723629691638048 0.25580737888813021 0.32946280352771284 0.81658186817541722
0.60723629691638048 0.29700038693845277 0.22228875383734703 0.81658186817541722
0.60723629691638048 0.29700038693845277 0.32946280352771284 0.59329178113490344
0.39088957030326121 0.25580737888813021 0.22228875383734703 0.59329178113490344
0.24315614211373027 0.3322695944458246 0.10206015594303608 0.17547743044793604
0.23649480543099344 0.3322695944458246 0.10206015594303608 0.17547743044793604
0.24315614211373027 0.45269177407026295 0.10206015594303608 0.17547743044793604
0.24315614211373027 0.3322695944458246 0.48212126456201077 0.17547743044793604
0.24315614211373027 0.3322695944458246 0.10206015594303608 0.32277709450572728
0.23649480543099344 0.45269177407026295 0.48212126456201077 0.32277709450572728
0.12912136106751859 0.18368511199951174 0.41550065837800509 0.55430540036410092
0.085584344947710639 0.18368511199951174 0.41550065837800509 0.55430540036410092
0.12912136106751859 0.35223010741174221 0.41550065837800509 0.55430540036410092
0.12912136106751859 0.18368511199951174 0.17551402971148491 0.55430540036410092
0.12912136106751859 0.18368511199951174 0.41550065837800509 0.24937813252210617
0.085584344947710639 0.35223010741174221 0.17551402971148491 0.24937813252210617
0.3960727572906762 0.44881286546587951 0.24121718443930151 0.4606191302649677
0.54054040322080255 0.44881286546587951 0.24121718443930151 0.4606191302649677
0.3960727572906762 0.15529249720275404 0.24121718443930151 0.4606191302649677
0.3960727572906762 0.44881286546587951 0.31656042598187928 0.4606191302649677
0.3960727572906762 0.44881286546587951 0.24121718443930151 0.88226344503462317
0.54054040322080255 0.15529249720275404 0.31656042598187928 0.88226344503462317
0.45420199800282712 0.24834618009626866 0.44823156259953978 0.21660467140376566
0.13479692824184894 0.24834618009626866 0.44823156259953978 0.21660467140376566
0.45420199800282712 0.12069125659763813 0.44823156259953978 0.21660467140376566
0.45420199800282712 0.24834618009626866 0.2321955244988203 0.21660467140376566
0.45420199800282712 0.24834618009626866 0.44823156259953978 0.55418722173199053
0.13479692824184894 0.12069125659763813 0.2321955244988203 0.55418722173199053
0.071148292254656548 0.38165622316300873 0.22083065249025824 0.80023112887516623
0.65513826380483797 0.38165622316300873 0.22083065249025824 0.80023112887516623
0.071148292254656548 0.32373314239084722 0.22083065249025824 0.80023112887516623
0.071148292254656548 0.38165622316300873 0.47240980342030525 0.80023112887516623
0.071148292254656548 0.38165622316300873 0.22083065249025824 0.33150155035778883
0.65513826380483797 0.32373314239084722 0.47240980342030525 0.33150155035778883
0.28216308774426574 0.13346850499510765 0.3092700343579054 0.42146389706060289
0.47946196277625852 0.13346850499510765 0.3092700343579054 0.42146389706060289
0.28216308774426574 0.42482958808541305 0.3092700343579054 0.42146389706060289
0.28216308774426574 0.13346850499510765 0.16648616306483746 0.42146389706060289
0.28216308774426574 0.13346850499510765 0.3092700343579054 0.16408919246867298
0.47946196277625852 0.42482958808541305 0.16648616306483746 0.16408919246867298
0.56806821785867212 0.49976189434528351 0.13498792238533497 0.57250851850956674
0.30919379433616989 0.49976189434528351 0.13498792238533497 0.57250851850956674
0.56806821785867212 0.22174326106905939 0.13498792238533497 0.57250851850956674
0.56806821785867212 0.49976189434528351 0.32539297714829446 0.57250851850956674
0.56806821785867212 0.49976189434528351 0.13498792238533497 0.99794370749965311
0.30919379433616989 0.22174326106905939 0.32539297714829446 0.99794370749965311
0.67650032429955897 0.17485540322959425 0.29172497242689133 0.74998500404879453
0.2642021818552166 0.17485540322959425 0.29172497242689133 0.74998500404879453
0.67650032429955897 0.18405299037694933 0.29172497242689133 0.74998500404879453
0.67650032429955897 0.17485540322959425 0.13858686462044717 0.74998500404879453
0.67650032429955897 0.17485540322959425 0.29172497242689133 0.095730422325432302
0.2642021818552166 0.18405299037694933 0.13858686462044717 0.095730422325432302
0.29846491222269828 0.40837270803749559 0.46444469764828689 0.28886228498071431
0.44464140133932228 0.40837270803749559 0.46444469764828689 0.28886228498071431
0.29846491222269828 0.38714151084423065 0.46444469764828689 0.28886228498071431
0.29846491222269828 0.40837270803749559 0.3539026033133269 0.28886228498071431
0.29846491222269828 0.40837270803749559 0.46444469764828689 0.7898957004770637
0.44464140133932228 0.38714151084423065 0.3539026033133269 0.7898957004770637
0.17918366291560234 0.25694723576307299 0.15237252712249758 0.89742261208593843
0.60888208281248801 0.25694723576307299 0.15237252712249758 0.89742261208593843
0.17918366291560234 0.48604220561683176 0.15237252712249758 0.89742261208593843
0.17918366291560234 0.25694723576307299 0.26038779094815256 0.89742261208593843
0.17918366291560234 0.25694723576307299 0.15237252712249758 0.74688148766756057
0.60888208281248801 0.48604220561683176 0.26038779094815256 0.74688148766756057
0.47026578295044597 0.32305745556950571 0.37821087166666989 0.13387425223365426
0.098682046076282864 0.32305745556950571 0.37821087166666989 0.13387425223365426
0.47026578295044597 0.28300384841859338 0.37821087166666989 0.13387425223365426
0.47026578295044597 0.32305745556950571 0.44438845925033099 0.13387425223365426
0.47026578295044597 0.32305745556950571 0.37821087166666989 0.41508695222437381
0.098682046076282864 0.28300384841859338 0.44438845925033099 0.41508695222437381
0.48320106486789877 0.27051540277898312 0.20153291299939158 0.52439954832196234
0.53602014137431975 0.27051540277898312 0.20153291299939158 0.52439954832196234
0.48320106486789877 0.39283819571137435 0.20153291299939158 0.52439954832196234
0.48320106486789877 0.27051540277898312 0.38322641216218478 0.52439954832196234
0.48320106486789877 0.27051540277898312 0.20153291299939158 0.72240473458543419
0.53602014137431975 0.39283819571137435 0.38322641216218478 0.72240473458543419
0.20734821544028814 0.31183303929865358 0.43038028925657279 0.4919595982320607
0.33528252434916789 0.31183303929865358 0.43038028925657279 0.4919595982320607
0.20734821544028814 0.18967824503779412 0.43038028925657279 0.4919595982320607
0.20734821544028814 0.31183303929865358 0.12430815324187279 0.4919595982320607
0.20734821544028814 0.31183303929865358 0.43038028925657279 0.43980763794854283
0.33528252434916789 0.18967824503779412 0.12430815324187279 0.43980763794854283
0.33123183515854177 0.16051819920539856 0.14343052431941034 0.84792320137843491
0.19007504838518796 0.16051819920539856 0.14343052431941034 0.84792320137843491
0.33123183515854177 0.29013992436230185 0.14343052431941034 0.84792320137843491
0.33123183515854177 0.16051819920539856 0.41770127676427371 0.84792320137843491
0.33123183515854177 0.16051819920539856 0.14343052431941034 0.11698076723143458
0.19007504838518796 0.29013992436230185 0.41770127676427371 0.11698076723143458
0.68388108736835418 0.41880366131663327 0.31289707422256474 0.14557256046682596
0.67994817271828645 0.41880366131663327 0.31289707422256474 0.14557256046682596
0.68388108736835418 0.49335309006273753 0.31289707422256474 0.14557256046682596
0.68388108736835418 0.41880366131663327 0.27749844118952749 0.14557256046682596
0.68388108736835418 0.41880366131663327 0.31289707422256474 0.76840890338644385
0.67994817271828645 0.49335309006273753 0.27749844118952749 0.76840890338644385
0.54530009329318996 0.14409467466175557 0.45713723637163639 0.07422095021232962
0.56371939084492617 0.14409467466175557 0.45713723637163639 0.07422095021232962
0.54530009329318996 0.30566215328872204 0.45713723637163639 0.07422095021232962
0.54530009329318996 0.14409467466175557 0.48971655294299132 0.07422095021232962
0.54530009329318996 0.14409467466175557 0.45713723637163639 0.20085770614445209
0.56371939084492617 0.30566215328872204 0.48971655294299132 0.20085770614445209
0.26446862304583191 0.48522947542369366 0.28610829971730711 0.96414968509227039
0.063674903102219099 0.48522947542369366 0.28610829971730711 0.96414968509227039
0.26446862304583191 0.10245251618325711 0.28610829971730711 0.96414968509227039
0.26446862304583191 0.48522947542369366 0.20570291541516783 0.96414968509227039
0.26446862304583191 0.48522947542369366 0.28610829971730711 0.96140977680683137
0.063674903102219099 0.10245251618325711 0.20570291541516783 0.96140977680683137
0.068529191520065064 0.23692654743790628 0.39942518062889576 0.34797917723655702
0.21775940963998436 0.23692654743790628 0.39942518062889576 0.34797917723655702
0.068529191520065064 0.20198797434568405 0.39942518062889576 0.34797917723655702
0.068529191520065064 0.23692654743790628 0.31169941648840904 0.34797917723655702
0.068529191520065064 0.23692654743790628 0.39942518062889576 0.51418470259755844
0.21775940963998436 0.20198797434568405 0.31169941648840904 0.51418470259755844
0.41604112666100257 0.39541960507631302 0.16901523880660535 0.68284103335812685
0.40835542031563815 0.39541960507631302 0.16901523880660535 0.68284103335812685
0.41604112666100257 0.405150118470192 0.16901523880660535 0.68284103335812685
0.41604112666100257 0.39541960507631302 0.19639664851129057 0.68284103335812685
0.41604112666100257 0.39541960507631302 0.16901523880660535 0.3712620060518384
0.40835542031563815 0.405150118470192 0.19639664851129057 0.3712620060518384
0.39361468222923574 0.19510484747588636 0.3634044814854861 0.92876676369458433
0.327909494144842 0.19510484747588636 0.3634044814854861 0.92876676369458433
0.39361468222923574 0.47045199796557424 0.3634044814854861 0.92876676369458433
0.39361468222923574 0.19510484747588636 0.45577413551509383 0.92876676369458433
0.39361468222923574 0.19510484747588636 0.3634044814854861 0.20934851178899405
0.327909494144842 0.47045199796557424 0.45577413551509383 0.20934851178899405
0.091111887758597729 0.4350493807345629 0.19237418286502361 0.10396472385153174
0.4620157796889543 0.4350493807345629 0.19237418286502361 0.10396472385153174
0.091111887758597729 0.273587916046381 0.19237418286502361 0.10396472385153174
0.091111887758597729 0.4350493807345629 0.23984064236283303 0.10396472385153174
0.091111887758597729 0.4350493807345629 0.19237418286502361 0.92205661358311775
0.4620157796889543 0.273587916046381 0.23984064236283303 0.92205661358311775
0.22022205214016138 0.28637412637472154 0.4806930426508188 0.72007633360102774
0.63197928210720411 0.28637412637472154 0.4806930426508188 0.72007633360102774
0.22022205214016138 0.174687210097909 0.4806930426508188 0.72007633360102774
0.22022205214016138 0.28637412637472154 0.34632542543113232 0.72007633360102774
0.22022205214016138 0.28637412637472154 0.4806930426508188 0.63009487686678767
0.63197928210720411 0.174687210097909 0.34632542543113232 0.63009487686678767
0.58938545570708811 0.34680210426449776 0.25028136335313322 0.32020741134881975
0.15668639321811495 0.34680210426449776 0.25028136335313322 0.32020741134881975
0.58938545570708811 0.37150112874805929 0.25028136335313322 0.32020741134881975
0.58938545570708811 0.34680210426449776 0.16157532408833505 0.32020741134881975
0.58938545570708811 0.34680210426449776 0.25028136335313322 0.2862179314158857
0.15668639321811495 0.37150112874805929 0.16157532408833505 0.2862179314158857
0.6564784496091306 0.22151328362524511 0.12030207738280296 0.38964404093101623
0.11170470016077161 0.22151328362524511 0.12030207738280296 0.38964404093101623
0.6564784496091306 0.43420355878770356 0.12030207738280296 0.38964404093101623
0.6564784496091306 0.22151328362524511 0.37438317611813543 0.38964404093101623
0.6564784496091306 0.22151328362524511 0.12030207738280296 0.66774266190826892
0.11170470016077161 0.43420355878770356 0.37438317611813543 0.66774266190826892
0.35911298673599951 0.36166523657739169 0.34915114343166354 0.60193486556410791
0.59712896482087674 0.36166523657739169 0.34915114343166354 0.60193486556410791
0.35911298673599951 0.23738763742148877 0.34915114343166354 0.60193486556410791
0.35911298673599951 0.36166523657739169 0.13334669880568983 0.60193486556410791
0.35911298673599951 0.36166523657739169 0.34915114343166354 0.46359981417655943
0.59712896482087674 0.23738763742148877 0.13334669880568983 0.46359981417655943
0.15796683728694916 0.10995367988944055 0.23719954267144205 0.24603200051933524
0.41574968411587171 0.10995367988944055 0.23719954267144205 0.24603200051933524
0.15796683728694916 0.1362912029027939 0.23719954267144205 0.24603200051933524
0.15796683728694916 0.10995367988944055 0.42742341533303263 0.24603200051933524
0.15796683728694916 0.10995367988944055 0.23719954267144205 0.047238121591508392
0.41574968411587171 0.1362912029027939 0.42742341533303263 0.047238121591508392
0.5321088858880102 0.47019825875759125 0.40666740685701375 0.76841213798150421
0.29182436298578973 0.47019825875759125 0.40666740685701375 0.76841213798150421
0.5321088858880102 0.33315156549215319 0.40666740685701375 0.76841213798150421
0.5321088858880102 0.47019825875759125 0.26758098714053635 0.76841213798150421
0.5321088858880102 0.47019825875759125 0.40666740685701375 0.86901022661477323
0.29182436298578973 0.33315156549215319 0.26758098714053635 0.86901022661477323
0.53081648112274704 0.11073430478572846 0.35870024822652347 0.46332910303026437
0.082255782652646298 0.11073430478572846 0.35870024822652347 0.46332910303026437
0.53081648112274704 0.27478440999984743 0.35870024822652347 0.46332910303026437
0.53081648112274704 0.11073430478572846 0.47888554707169539 0.46332910303026437
0.53081648112274704 0.11073430478572846 0.35870024822652347 0.52546098014339804
0.082255782652646298 0.27478440999984743 0.47888554707169539 0.52546098014339804
0.15723468805663288 0.46941648945212366 0.18454485870897772 0.55314989512786272
0.54644027189351618 0.46941648945212366 0.18454485870897772 0.55314989512786272
0.15723468805663288 0.47159928232431414 0.18454485870897772 0.55314989512786272
0.15723468805663288 0.46941648945212366 0.21358601562678814 0.55314989512786272
0.15723468805663288 0.46941648945212366 0.18454485870897772 0.3831362601928413
0.54644027189351618 0.47159928232431414 0.21358601562678814 0.3831362601928413
0.35723031512461595 0.22073227129876616 0.4978637199848891 0.1742333717830479
0.387595093389973 0.22073227129876616 0.4978637199848891 0.1742333717830479
0.35723031512461595 0.37035350464284422 0.4978637199848891 0.1742333717830479
0.35723031512461595 0.22073227129876616 0.31940551474690437 0.1742333717830479
0.35723031512461595 0.22073227129876616 0.4978637199848891 0.18126914175227282
0.387595093389973 0.37035350464284422 0.31940551474690437 0.18126914175227282
0.65530507308430963 0.36244663037359715 0.27057712860405447 0.81914347305893898
0.24238040577620268 0.36244663037359715 0.27057712860405447 0.81914347305893898
0.65530507308430963 0.17349113933742047 0.27057712860405447 0.81914347305893898
0.65530507308430963 0.36244663037359715 0.18538864068686964 0.81914347305893898
0.65530507308430963 0.36244663037359715 0.27057712860405447 0.94241942266002299
0.24238040577620268 0.17349113933742047 0.18538864068686964 0.94241942266002299
0.59035441437736147 0.2871579058468342 0.10309468954801559 0.99291147710755467
0.35862910519354041 0.2871579058468342 0.10309468954801559 0.99291147710755467
0.59035441437736147 0.23619151748716832 0.10309468954801559 0.99291147710755467
0.59035441437736147 0.2871579058468342 0.39739007763564593 0.99291147710755467
0.59035441437736147 0.2871579058468342 0.10309468954801559 0.12831306058913469
0.35862910519354041 0.23619151748716832 0.39739007763564593 0.12831306058913469
0.22190993353724475 0.34602328389883041 0.32881884649395943 0.045579469799995422
0.51397532112896438 0.34602328389883041 0.32881884649395943 0.045579469799995422
0.22190993353724475 0.43305588550865648 0.32881884649395943 0.045579469799995422
0.22190993353724475 0.34602328389883041 0.10718437507748604 0.045579469799995422
0.22190993353724475 0.34602328389883041 0.32881884649395943 0.78033929016441106
0.51397532112896438 0.43305588550865648 0.10718437507748604 0.78033929016441106
0.092045994661748398 0.19432069249451162 0.24186724424362183 0.65404985982924702
0.66394362887367597 0.19432069249451162 0.24186724424362183 0.65404985982924702
0.092045994661748398 0.33429880365729336 0.24186724424362183 0.65404985982924702
0.092045994661748398 0.19432069249451162 0.40041270367801196 0.65404985982924702
0.092045994661748398 0.19432069249451162 0.24186724424362183 0.70287218600511547
0.66394362887367597 0.33429880365729336 0.40041270367801196 0.70287218600511547
0.39509937828406688 0.4358278136700392 0.41446002051234243 0.37665097376331685
0.20994026144035161 0.4358278136700392 0.41446002051234243 0.37665097376331685
0.39509937828406688 0.13748765066266061 0.41446002051234243 0.37665097376331685
0.39509937828406688 0.4358278136700392 0.29149731174111371 0.37665097376331685
0.39509937828406688 0.4358278136700392 0.41446002051234243 0.4208734164386988
0.20994026144035161 0.13748765066266061 0.29149731174111371 0.4208734164386988
0.41712911478243764 0.23614772111177446 0.22186520993709566 0.13257668584585189
0.61536759338341651 0.23614772111177446 0.22186520993709566 0.13257668584585189
0.41712911478243764 0.19004467278718951 0.22186520993709566 0.13257668584585189
0.41712911478243764 0.23614772111177446 0.35711221322417264 0.13257668584585189
0.41712911478243764 0.23614772111177446 0.22186520993709566 0.027711649741977453
0.61536759338341651 0.19004467278718951 0.35711221322417264 0.027711649741977453
0.070177391590550545 0.3962033905088902 0.44758767709136016 0.90003538819029927
0.094708332605659959 0.3962033905088902 0.44758767709136016 0.90003538819029927
0.070177391590550545 0.39325307011604316 0.44758767709136016 0.90003538819029927
0.070177391590550545 0.3962033905088902 0.14726692996919155 0.90003538819029927
0.070177391590550545 0.3962033905088902 0.44758767709136016 0.85008208183571699
0.094708332605659959 0.39325307011604316 0.14726692996919155 0.85008208183571699
0.26528368354775012 0.14487310163676739 0.1356379106640816 0.29150613656267527
0.27069202074781057 0.14487310163676739 0.1356379106640816 0.29150613656267527
0.26528368354775012 0.49293787591159344 0.1356379106640816 0.29150613656267527
0.26528368354775012 0.14487310163676739 0.44156947657465939 0.29150613656267527
0.26528368354775012 0.14487310163676739 0.1356379106640816 0.67908009739592667
0.27069202074781057 0.49293787591159344 0.44156947657465939 0.67908009739592667
0.54682449246756726 0.48444532640278337 0.30822937265038491 0.7488979564979672
0.44064350374974304 0.48444532640278337 0.30822937265038491 0.7488979564979672
0.54682449246756726 0.28977391980588441 0.30822937265038491 0.7488979564979672
0.54682449246756726 0.48444532640278337 0.25053585432469849 0.7488979564979672
0.54682449246756726 0.48444532640278337 0.30822937265038491 0.47553534308448436
0.44064350374974304 0.28977391980588441 0.25053585432469849 0.47553534308448436
0.68246969189494844 0.15973643586039543 0.46496656052768237 0.57321494257077577
0.48564495695754878 0.15973643586039543 0.46496656052768237 0.57321494257077577
0.68246969189494844 0.1020864624530077 0.46496656052768237 0.57321494257077577
0.68246969189494844 0.15973643586039543 0.46351155303418634 0.57321494257077577
0.68246969189494844 0.15973643586039543 0.46496656052768237 0.61050490874797103
0.48564495695754878 0.1020864624530077 0.46351155303418634 0.61050490874797103
0.33053932851180429 0.41958428025245664 0.29081253297626974 0.41824502501636746
0.30552257788367565 0.41958428025245664 0.29081253297626974 0.41824502501636746
0.33053932851180429 0.30524688996374605 0.29081253297626974 0.41824502501636746
0.33053932851180429 0.41958428025245664 0.22876470014452935 0.41824502501636746
0.33053932851180429 0.41958428025245664 0.29081253297626974 0.26722617354243994
0.30552257788367565 0.30524688996374605 0.22876470014452935 0.26722617354243994
0.20558455148711796 0.27129680253565314 0.37912941537797451 0.79722230836749075
0.14095451789908109 0.27129680253565314 0.37912941537797451 0.79722230836749075
0.20558455148711796 0.40556494668126108 0.37912941537797451 0.79722230836749075
0.20558455148711796 0.27129680253565314 0.33546310625970366 0.79722230836749075
0.20558455148711796 0.27129680253565314 0.37912941537797451 0.22062245100736616
0.14095451789908109 0.40556494668126108 0.33546310625970366 0.22062245100736616
0.48198802396655077 0.31105202101171014 0.15184456147253514 0.21734170364215968
0.65147263482213014 0.31105202101171014 0.15184456147253514 0.21734170364215968
0.48198802396655077 0.20235435590147974 0.15184456147253514 0.21734170364215968
0.48198802396655077 0.31105202101171014 0.1695263646543026 0.21734170364215968
0.48198802396655077 0.31105202101171014 0.15184456147253514 0.93392852939665316
0.65147263482213014 0.20235435590147974 0.1695263646543026 0.93392852939665316
0.46953485049307342 0.25772873833775523 0.43102417476475241 0.68587251611053945
0.21414321796037256 0.25772873833775523 0.43102417476475241 0.68587251611053945
0.46953485049307342 0.32492964975535871 0.43102417476475241 0.68587251611053945
0.46953485049307342 0.25772873833775523 0.20832808688282967 0.68587251611053945
0.46953485049307342 0.25772873833775523 0.43102417476475241 0.26101453075185416
0.21414321796037256 0.32492964975535871 0.20832808688282967 0.26101453075185416
0.17789251850917936 0.32227633446455006 0.20049835555255413 0.34721995005384088
0.41456275479868049 0.32227633446455006 0.20049835555255413 0.34721995005384088
0.17789251850917936 0.12183855436742307 0.20049835555255413 0.34721995005384088
0.17789251850917936 0.32227633446455006 0.49937162809073932 0.34721995005384088
0.17789251850917936 0.32227633446455006 0.20049835555255413 0.89330186666920786
0.41456275479868049 0.12183855436742307 0.49937162809073932 0.89330186666920786
0.2972927960567176 0.17407354898750782 0.31393773593008523 0.96348134784027939
0.56007777284830806 0.17407354898750782 0.31393773593008523 0.96348134784027939
0.2972927960567176 0.22059562355279924 0.31393773593008523 0.96348134784027939
0.2972927960567176 0.17407354898750782 0.19259959831833839 0.96348134784027939
0.2972927960567176 0.17407354898750782 0.31393773593008523 0.57454302130267021
0.56007777284830806 0.22059562355279924 0.19259959831833839 0.57454302130267021
0.67461886946111915 0.40915341787040238 0.14278053604066374 0.077403137348592277
0.069887808104977009 0.40915341787040238 0.14278053604066374 0.077403137348592277
0.67461886946111915 0.42363350391387944 0.14278053604066374 0.077403137348592277
0.67461886946111915 0.40915341787040238 0.30243496410548687 0.077403137348592277
0.67461886946111915 0.40915341787040238 0.14278053604066374 0.30343012442812323
0.069887808104977009 0.42363350391387944 0.30243496410548687 0.30343012442812323
0.56975732329301532 0.13424682915210726 0.2870207391679287 0.14289202762767672
0.18612658567726609 0.13424682915210726 0.2870207391679287 0.14289202762767672
0.56975732329301532 0.38594538047909743 0.2870207391679287 0.14289202762767672
0.56975732329301532 0.13424682915210726 0.11482241265475751 0.14289202762767672
0.56975732329301532 0.13424682915210726 0.2870207391679287 0.65821756072342397
0.18612658567726609 0.38594538047909743 0.11482241265475751 0.65821756072342397
0.28313330435194073 0.49897784814238555 0.45661537349224091 0.84904833208769559
0.68648775885812929 0.49897784814238555 0.45661537349224091 0.84904833208769559
0.28313330435194073 0.18290530666708948 0.45661537349224091 0.84904833208769559
0.28313330435194073 0.49897784814238555 0.38077364936470992 0.84904833208769559
0.28313330435194073 0.49897784814238555 0.45661537349224091 0.49615394711494448
0.68648775885812929 0.18290530666708948 0.38077364936470992 0.49615394711494448
0.072634246246889231 0.24756744466722014 0.16954320445656779 0.49323496602475642
0.53207602878101168 0.24756744466722014 0.16954320445656779 0.49323496602475642
0.072634246246889231 0.28415109701454644 0.16954320445656779 0.49323496602475642
0.072634246246889231 0.24756744466722014 0.28659355454146862 0.49323496602475642
0.072634246246889231 0.24756744466722014 0.16954320445656779 0.052997015081346036
0.53207602878101168 0.28415109701454644 0.28659355454146862 0.052997015081346036
0.45513732894323761 0.38243991769850261 0.39850663691759114 0.52180943811312319
0.34179794332012531 0.38243991769850261 0.39850663691759114 0.52180943811312319
0.45513732894323761 0.48723866380751135 0.39850663691759114 0.52180943811312319
0.45513732894323761 0.38243991769850261 0.42132591083645821 0.52180943811312319
0.45513732894323761 0.38243991769850261 0.39850663691759114 0.82503316868096588
0.34179794332012531 0.48723866380751135 0.42132591083645821 0.82503316868096588
0.39772221772000188 0.18290107175707818 0.19328669384121897 0.76779496829956773
0.42256249208003277 0.18290107175707818 0.19328669384121897 0.76779496829956773
0.39772221772000188 0.43989409469068053 0.19328669384121897 0.76779496829956773
0.39772221772000188 0.18290107175707818 0.13069842383265495 0.76779496829956773
0.39772221772000188 0.18290107175707818 0.19328669384121897 0.72819026419892907
0.42256249208003277 0.43989409469068053 0.13069842383265495 0.72819026419892907
0.13021056596189737 0.44959118366241457 0.36288264244794843 0.24916068358346818
0.28750351569615301 0.44959118366241457 0.36288264244794843 0.24916068358346818
0.13021056596189737 0.24300693385303021 0.36288264244794843 0.24916068358346818
0.13021056596189737 0.44959118366241457 0.36470232866704466 0.24916068358346818
0.13021056596189737 0.44959118366241457 0.36288264244794843 0.39579740168526772
0.28750351569615301 0.24300693385303021 0.36470232866704466 0.39579740168526772
0.24468175806105136 0.29778408743441109 0.25080930516123773 0.60503480965271594
0.11850200244225562 0.29778408743441109 0.25080930516123773 0.60503480965271594
0.24468175806105136 0.14268888831138613 0.25080930516123773 0.60503480965271594
0.24468175806105136 0.29778408743441109 0.27140113934874532 0.60503480965271594
0.24468175806105136 0.29778408743441109 0.25080930516123773 0.10742529151961208
0.11850200244225562 0.14268888831138613 0.27140113934874532 0.10742529151961208
0.60805261777713893 0.33149085305631165 0.4797744274139405 0.38881868891417981
0.59284344026818869 0.33149085305631165 0.4797744274139405 0.38881868891417981
0.60805261777713893 0.33962621241807939 0.4797744274139405 0.38881868891417981
0.60805261777713893 0.33149085305631165 0.43671364150941372 0.38881868891417981
0.60805261777713893 0.33149085305631165 0.4797744274139405 0.80099247625097636
0.59284344026818869 0.33962621241807939 0.43671364150941372 0.80099247625097636
0.62253692974336439 0.20639505535364153 0.34979510046541695 0.32141478875651958
0.63781513762660325 0.20639505535364153 0.34979510046541695 0.32141478875651958
0.62253692974336439 0.45232573375105856 0.34979510046541695 0.32141478875651958
0.62253692974336439 0.20639505535364153 0.24930022917687894 0.32141478875651958
0.62253692974336439 0.20639505535364153 0.34979510046541695 0.14533435590565202
0.63781513762660325 0.45232573375105856 0.24930022917687894 0.14533435590565202
0.34984829290769986 0.37287759557366373 0.11926754377782345 0.71755281187593933
0.15334247900173067 0.37287759557366373 0.11926754377782345 0.71755281187593933
0.34984829290769986 0.25539212897419927 0.11926754377782345 0.71755281187593933
0.34984829290769986 0.37287759557366373 0.45820417627692223 0.71755281187593933
0.34984829290769986 0.37287759557366373 0.11926754377782345 0.97859066069126133
0.15334247900173067 0.25539212897419927 0.45820417627692223 0.97859066069126133
0.14429814699105917 0.12430245988070965 0.4077080447226763 0.10123255249112845
0.33377945199608799 0.12430245988070965 0.4077080447226763 0.10123255249112845
0.14429814699105917 0.15570731200277807 0.4077080447226763 0.10123255249112845
0.14429814699105917 0.12430245988070965 0.15250636599957945 0.10123255249112845
0.14429814699105917 0.12430245988070965 0.4077080447226763 0.56581847783178096
0.33377945199608799 0.15570731200277807 0.15250636599957945 0.56581847783178096
0.50265070819295943 0.45819208510220055 0.23654948286712171 0.92994493482634422
0.45865761893801382 0.45819208510220055 0.23654948286712171 0.92994493482634422
0.50265070819295943 0.35259647555649287 0.23654948286712171 0.92994493482634422
0.50265070819295943 0.45819208510220055 0.34272351190447808 0.92994493482634422
0.50265070819295943 0.45819208510220055 0.23654948286712171 0.34253482986241579
0.45865761893801382 0.35259647555649287 0.34272351190447808 0.34253482986241579
0.51050520879216488 0.21285665780305862 0.12901976034045221 0.53284455852583057
0.19694722881540655 0.21285665780305862 0.12901976034045221 0.53284455852583057
0.51050520879216488 0.3481970760971308 0.12901976034045221 0.53284455852583057
0.51050520879216488 0.21285665780305862 0.19922163859009745 0.53284455852583057
0.51050520879216488 0.21285665780305862 0.12901976034045221 0.40346549117937686
0.19694722881540655 0.3481970760971308 0.19922163859009745 0.40346549117937686
0.13691844693385063 0.35396672859787948 0.30171046853065492 0.50038203015923499
0.67697668303735548 0.35396672859787948 0.30171046853065492 0.50038203015923499
0.13691844693385063 0.14506163485348225 0.30171046853065492 0.50038203015923499
0.13691844693385063 0.35396672859787948 0.30828276388347153 0.50038203015923499
0.13691844693385063 0.35396672859787948 0.30171046853065492 0.75114812390878793
0.67697668303735548 0.14506163485348225 0.30828276388347153 0.75114812390878793
0.33691411758773021 0.10566473715007306 0.21505183652043344 0.87156876210123302
0.50098290960304437 0.10566473715007306 0.21505183652043344 0.87156876210123302
0.33691411758773021 0.24376529976725581 0.21505183652043344 0.87156876210123302
0.33691411758773021 0.10566473715007306 0.20248729661107065 0.87156876210123302
0.33691411758773021 0.10566473715007306 0.21505183652043344 0.79332468612119555
0.50098290960304437 0.24376529976725581 0.20248729661107065 0.79332468612119555
0.63499382496811441 0.46418217904865744 0.44087337106466296 0.16918065136298535
0.37166153825819487 0.46418217904865744 0.44087337106466296 0.16918065136298535
0.63499382496811441 0.44695433750748637 0.44087337106466296 0.16918065136298535
0.63499382496811441 0.46418217904865744 0.4927425783127547 0.16918065136298535
0.63499382496811441 0.46418217904865744 0.44087337106466296 0.084467132445424795
0.37166153825819487 0.44695433750748637 0.4927425783127547 0.084467132445424795
0.61067065065726633 0.18927711769938471 0.38589407391846187 0.051054107733070855
0.24525620504282414 0.18927711769938471 0.38589407391846187 0.051054107733070855
0.61067065065726633 0.35965366661548615 0.38589407391846187 0.051054107733070855
0.61067065065726633 0.18927711769938471 0.28071597628295419 0.051054107733070855
0.61067065065726633 0.18927711769938471 0.38589407391846187 0.98625775717198849
0.24525620504282414 0.35965366661548615 0.28071597628295419 0.98625775717198849
0.2422212203964591 0.43057056069374089 0.15850992612540724 0.9410203745029867
0.3847586957737803 0.43057056069374089 0.15850992612540724 0.9410203745029867
0.2422212203964591 0.15646872967481615 0.15850992612540724 0.9410203745029867
0.2422212203964591 0.43057056069374089 0.4146847732365132 0.9410203745029867
0.2422212203964591 0.43057056069374089 0.15850992612540724 0.16829133942723273
0.3847586957737803 0.15646872967481615 0.4146847732365132 0.16829133942723273
0.11235722824931144 0.27925631143152718 0.47153581716120241 0.34001248003914952
0.54931668983772397 0.27925631143152718 0.47153581716120241 0.34001248003914952
0.11235722824931144 0.25776182375848294 0.47153581716120241 0.34001248003914952
0.11235722824931144 0.27925631143152718 0.12148124091327191 0.34001248003914952
0.11235722824931144 0.27925631143152718 0.47153581716120241 0.33486791592091325
0.54931668983772397 0.25776182375848294 0.12148124091327191 0.33486791592091325
0.41541558066383 0.33756631277501581 0.29728267453610902 0.67489685237407682
0.079418766358867285 0.33756631277501581 0.29728267453610902 0.67489685237407682
0.41541558066383 0.46089964918792248 0.29728267453610902 0.67489685237407682
0.41541558066383 0.33756631277501581 0.38663353696465497 0.67489685237407682
0.41541558066383 0.33756631277501581 0.29728267453610902 0.54286131177097563
0.079418766358867285 0.46089964918792248 0.38663353696465497 0.54286131177097563
0.43744287635199719 0.14027508199214936 0.49217260517179973 0.92082258453592658
0.6485957931261509 0.14027508199214936 0.49217260517179973 0.92082258453592658
0.43744287635199719 0.41350625045597555 0.49217260517179973 0.92082258453592658
0.43744287635199719 0.14027508199214936 0.26475604400038721 0.92082258453592658
0.43744287635199719 0.14027508199214936 0.49217260517179973 0.88566393995657566
0.6485957931261509 0.41350625045597555 0.26475604400038721 0.88566393995657566
0.090486184367910033 0.48040267452597618 0.26478981934487822 0.095998024828732015
0.1437914155423641 0.48040267452597618 0.26478981934487822 0.095998024828732015
0.090486184367910033 0.21666648723185064 0.26478981934487822 0.095998024828732015
0.090486184367910033 0.48040267452597618 0.4308400209993124 0.095998024828732015
0.090486184367910033 0.48040267452597618 0.26478981934487822 0.23802653746679422
0.1437914155423641 0.21666648723185064 0.4308400209993124 0.23802653746679422
0.28559245211072265 0.22869168482720853 0.35281373150646689 0.69694702118635177
0.30264635486528274 0.22869168482720853 0.35281373150646689 0.69694702118635177
0.28559245211072265 0.11639879718422891 0.35281373150646689 0.69694702118635177
0.28559245211072265 0.22869168482720853 0.13656226918101311 0.69694702118635177
0.28559245211072265 0.22869168482720853 0.35281373150646689 0.31106823367998004
0.30264635486528274 0.11639879718422891 0.13656226918101311 0.31106823367998004
0.56713821045123036 0.38896101750433443 0.17856232635676861 0.29704057069495321
0.48848123592324549 0.38896101750433443 0.17856232635676861 0.29704057069495321
0.56713821045123036 0.31318801566958432 0.17856232635676861 0.29704057069495321
0.56713821045123036 0.38896101750433443 0.37135719917714594 0.29704057069495321
0.56713821045123036 0.38896101750433443 0.17856232635676861 0.59753083204850554
0.48848123592324549 0.31318801566958432 0.37135719917714594 0.59753083204850554
0.66216088458895683 0.2638667471706867 0.24780247583985329 0.4132521300017834
0.45363611141219728 0.2638667471706867 0.24780247583985329 0.4132521300017834
0.66216088458895683 0.47550008147954947 0.24780247583985329 0.4132521300017834
0.66216088458895683 0.2638667471706867 0.15835783742368223 0.4132521300017834
0.66216088458895683 0.2638667471706867 0.24780247583985329 0.48851701341569426
0.45363611141219728 0.47550008147954947 0.15835783742368223 0.48851701341569426
0.31022557178512211 0.30378671735525131 0.42049149423837662 0.6255804281122983
0.25766008892096576 0.30378671735525131 0.42049149423837662 0.6255804281122983
0.31022557178512211 0.27870828807353976 0.42049149423837662 0.6255804281122983
0.31022557178512211 0.30378671735525131 0.34934188053011894 0.6255804281122983
0.31022557178512211 0.30378671735525131 0.42049149423837662 0.63523044362664227
0.25766008892096576 0.27870828807353976 0.34934188053011894 0.63523044362664227
0.18527082866057754 0.15511242337524891 0.10883469805121422 0.25445443427190184
0.10770156136713921 0.15511242337524891 0.10883469805121422 0.25445443427190184
0.18527082866057754 0.17897922210395337 0.10883469805121422 0.25445443427190184
0.18527082866057754 0.15511242337524891 0.24266750775277615 0.25445443427190184
0.18527082866057754 0.15511242337524891 0.10883469805121422 0.83267040174454454
0.10770156136713921 0.17897922210395337 0.24266750775277615 0.83267040174454454
0.46167926993221037 0.41556457094848154 0.33465491831302641 0.77685714635998016
0.60233504045754671 0.41556457094848154 0.33465491831302641 0.77685714635998016
0.46167926993221037 0.37581507526338098 0.33465491831302641 0.77685714635998016
0.46167926993221037 0.41556457094848154 0.45236705765128138 0.77685714635998016
0.46167926993221037 0.41556457094848154 0.33465491831302641 0.075983832813799376
0.60233504045754671 0.37581507526338098 0.45236705765128138 0.075983832813799376
0.48984364811331027 0.16576301977038382 0.2575739398598671 0.37135675577446819
0.34911740948446091 0.16576301977038382 0.2575739398598671 0.37135675577446819
0.48984364811331027 0.29834173098206518 0.2575739398598671 0.37135675577446819
0.48984364811331027 0.16576301977038382 0.31352910473942758 0.37135675577446819
0.48984364811331027 0.16576301977038382 0.2575739398598671 0.87306235736235982
0.34911740948446091 0.29834173098206518 0.31352910473942758 0.87306235736235982
0.19820628492161629 0.40100772380828864 0.48643981590867047 0.64498721446841956
0.52479658415541053 0.40100772380828864 0.48643981590867047 0.64498721446841956
0.19820628492161629 0.49530146643519402 0.48643981590867047 0.64498721446841956
0.19820628492161629 0.40100772380828864 0.1787471454590559 0.64498721446841956
0.19820628492161629 0.40100772380828864 0.48643981590867047 0.03535729421302676
0.52479658415541053 0.49530146643519402 0.1787471454590559 0.03535729421302676
0.31760650919750327 0.25242271162569524 0.19985592663288118 0.021145561411976814
0.69380784370005122 0.25242271162569524 0.19985592663288118 0.021145561411976814
0.31760650919750327 0.39400838501751423 0.19985592663288118 0.021145561411976814
0.31760650919750327 0.25242271162569524 0.4855432070791722 0.021145561411976814
0.31760650919750327 0.25242271162569524 0.19985592663288118 0.45255476819351315
0.69380784370005122 0.39400838501751423 0.4855432070791722 0.45255476819351315
0.69492763318121431 0.31757450364530088 0.36935280784964564 0.97236539134755728
0.17884652237407861 0.31757450364530088 0.36935280784964564 0.97236539134755728
0.69492763318121431 0.19709576107561588 0.36935280784964564 0.97236539134755728
0.69492763318121431 0.31757450364530088 0.21944626085460187 0.97236539134755728
0.69492763318121431 0.31757450364530088 0.36935280784964564 0.67143475228920579
0.17884652237407861 0.19709576107561588 0.21944626085460187 0.67143475228920579
0.54944357140921052 0.24228425174951554 0.40108987055718903 0.83974879644811151
0.052451103739440445 0.24228425174951554 0.40108987055718903 0.83974879644811151
0.54944357140921052 0.20940849594771863 0.40108987055718903 0.83974879644811151
0.54944357140921052 0.24228425174951554 0.40703362338244919 0.83974879644811151
0.54944357140921052 0.24228425174951554 0.40108987055718903 0.29020557288080456
0.052451103739440445 0.20940849594771863 0.40703362338244919 0.29020557288080456
0.26282450188882645 0.37771219983696935 0.23003060258924962 0.19860712254419921
0.57755387886427345 0.37771219983696935 0.23003060258924962 0.19860712254419921
0.26282450188882645 0.4063172098249197 0.23003060258924962 0.19860712254419921
0.26282450188882645 0.37771219983696935 0.29734551683068278 0.19860712254419921
0.26282450188882645 0.37771219983696935 0.23003060258924962 0.61814956020563838
0.57755387886427345 0.4063172098249197 0.29734551683068278 0.61814956020563838
0.052325487369671464 0.12591345421969891 0.3429817032068968 0.56227177811786533
0.39712667153216891 0.12591345421969891 0.3429817032068968 0.56227177811786533
0.052325487369671464 0.30761353224515919 0.3429817032068968 0.56227177811786533
0.052325487369671464 0.12591345421969891 0.39155040793120865 0.56227177811786533
0.052325487369671464 0.12591345421969891 0.3429817032068968 0.91094894751906397
0.39712667153216891 0.30761353224515919 0.39155040793120865 0.91094894751906397
0.43482360127381975 0.49085805304348473 0.11255326159298421 0.4685631633922458
0.2316187028773129 0.49085805304348473 0.11255326159298421 0.4685631633922458
0.43482360127381975 0.11065122187137605 0.11255326159298421 0.4685631633922458
0.43482360127381975 0.49085805304348473 0.10055491998791695 0.4685631633922458
0.43482360127381975 0.49085805304348473 0.11255326159298421 0.21297798208892343
0.2316187028773129 0.11065122187137605 0.10055491998791695 0.21297798208892343
0.37740597175434226 0.29361783936619756 0.3198729913681746 0.22454870635643601
0.47609327360987658 0.29361783936619756 0.3198729913681746 0.22454870635643601
0.37740597175434226 0.16335472986102106 0.3198729913681746 0.22454870635643601
0.37740597175434226 0.29361783936619756 0.44741982743144038 0.22454870635643601
0.37740597175434226 0.29361783936619756 0.3198729913681746 0.3601856363378465
0.47609327360987658 0.16335472986102106 0.44741982743144038 0.3601856363378465
0.10989928878843784 0.3271110340952873 0.14881198592483999 0.80819750480353836
0.31630385327152905 0.3271110340952873 0.14881198592483999 0.80819750480353836
0.10989928878843784 0.36642131581902504 0.14881198592483999 0.80819750480353836
0.10989928878843784 0.3271110340952873 0.25715462826192381 0.80819750480353836
0.10989928878843784 0.3271110340952873 0.14881198592483999 0.51778565479442473
0.31630385327152905 0.36642131581902504 0.25715462826192381 0.51778565479442473
0.22437051478773351 0.17568463869392872 0.4367642071098089 0.44459358733147386
0.17077875477261839 0.17568463869392872 0.4367642071098089 0.44459358733147386
0.22437051478773351 0.46615037061274056 0.4367642071098089 0.44459358733147386
0.22437051478773351 0.17568463869392872 0.35048061236739159 0.44459358733147386
0.22437051478773351 0.17568463869392872 0.4367642071098089 0.96536986397579316
0.17077875477261839 0.46615037061274056 0.35048061236739159 0.96536986397579316
0.58773642508313062 0.44181929044425494 0.20633440352976323 0.59567544860765342
0.6203389178030192 0.44181929044425494 0.20633440352976323 0.59567544860765342
0.58773642508313062 0.26303972490131855 0.20633440352976323 0.59567544860765342
0.58773642508313062 0.44181929044425494 0.14142940603196621 0.59567544860765342
0.58773642508313062 0.44181929044425494 0.20633440352976323 0.18894464964047072
0.6203389178030192 0.26303972490131855 0.14142940603196621 0.18894464964047072
0.6428482117597013 0.11710887253284455 0.16385211348533629 0.72637705918401485
0.58552354671992357 0.11710887253284455 0.16385211348533629 0.72637705918401485
0.6428482117597013 0.12573991380631924 0.16385211348533629 0.72637705918401485
0.6428482117597013 0.11710887253284455 0.32881917916238312 0.72637705918401485
0.6428482117597013 0.11710887253284455 0.16385211348533629 0.75738954249769452
0.58552354671992357 0.12573991380631924 0.32881917916238312 0.75738954249769452
0.37016452434472735 0.45039429292082789 0.39271930381655695 0.26521704552695158
0.12578257182613015 0.45039429292082789 0.39271930381655695 0.26521704552695158
0.37016452434472735 0.32885294370353224 0.39271930381655695 0.26521704552695158
0.37016452434472735 0.45039429292082789 0.16365238651633263 0.26521704552695158
0.37016452434472735 0.45039429292082789 0.39271930381655695 0.12063872825354338
0.12578257182613015 0.32885294370353224 0.16365238651633263 0.12063872825354338
0.16461435421369969 0.20220597349107267 0.28113424628973005 0.88899980047717686
0.28018424082547422 0.20220597349107267 0.28113424628973005 0.88899980047717686
0.16461435421369969 0.42912064492702484 0.28113424628973005 0.88899980047717686
0.16461435421369969 0.20220597349107267 0.46937423013150692 0.88899980047717686
0.16461435421369969 0.20220597349107267 0.28113424628973005 0.44382286474108695
0.28018424082547422 0.42912064492702484 0.46937423013150692 0.44382286474108695
0.52296194662339979 0.36852366365492351 0.45063281729817395 0.12542915441095828
0.429842442786321 0.36852366365492351 0.45063281729817395 0.12542915441095828
0.52296194662339979 0.2260581597685814 0.45063281729817395 0.12542915441095828
0.52296194662339979 0.36852366365492351 0.23541992828249933 0.12542915441095828
0.52296194662339979 0.36852366365492351 0.45063281729817395 0.71054681770503525
0.429842442786321 0.2260581597685814 0.23541992828249933 0.71054681770503525
0.51776621537283063 0.27592871785163881 0.28895129114389417 0.81526069398969414
0.67133130393922325 0.27592871785163881 0.28895129114389417 0.81526069398969414
0.51776621537283063 0.10503128953278065 0.28895129114389417 0.81526069398969414
0.51776621537283063 0.27592871785163881 0.28369470126926899 0.81526069398969414
0.51776621537283063 0.27592871785163881 0.28895129114389417 0.66916197922080756
0.67133130393922325 0.10503128953278065 0.28369470126926899 0.66916197922080756
0.1702843327075243 0.34089161679148672 0.46781847849488256 0.23136504409834741
0.2011160000693053 0.34089161679148672 0.46781847849488256 0.23136504409834741
0.1702843327075243 0.30189317502081392 0.46781847849488256 0.23136504409834741
0.1702843327075243 0.34089161679148672 0.42401121407747266 0.23136504409834741
0.1702843327075243 0.34089161679148672 0.46781847849488256 0.4612879713252187
0.2011160000693053 0.30189317502081392 0.42401121407747266 0.4612879713252187
0.36583660040050742 0.19220186136662962 0.15603810846805574 0.58741842368617658
0.36727080945856866 0.19220186136662962 0.15603810846805574 0.58741842368617658
0.36583660040050742 0.40294365361332896 0.15603810846805574 0.58741842368617658
0.36583660040050742 0.19220186136662962 0.1180143315345049 0.58741842368617658
0.36583660040050742 0.19220186136662962 0.15603810846805574 0.049592956081032757
0.36727080945856866 0.40294365361332896 0.1180143315345049 0.049592956081032757
0.64669816670939317 0.42764810658991337 0.37553668245673177 0.43610466457903385
0.50645591979846349 0.42764810658991337 0.37553668245673177 0.43610466457903385
0.64669816670939317 0.20612926110625268 0.37553668245673177 0.43610466457903385
0.64669816670939317 0.42764810658991337 0.3770142242312432 0.43610466457903385
0.64669816670939317 0.42764810658991337 0.37553668245673177 0.86767876178026204
0.50645591979846349 0.20612926110625268 0.3770142242312432 0.86767876178026204
0.58246409767307339 0.10235251560807229 0.4445785041898489 0.27395468527451161
0.37892982126213604 0.10235251560807229 0.4445785041898489 0.27395468527451161
0.58246409767307339 0.19344101697206498 0.4445785041898489 0.27395468527451161
0.58246409767307339 0.10235251560807229 0.19018827527761462 0.27395468527451161
0.58246409767307339 0.10235251560807229 0.4445785041898489 0.21070521084591745
0.37892982126213604 0.19344101697206498 0.19018827527761462 0.21070521084591745
0.22980459067039188 0.46749821454286578 0.2235174957662821 0.735346596762538
0.2499258351512253 0.46749821454286578 0.2235174957662821 0.735346596762538
0.22980459067039188 0.39025340676307685 0.2235174957662821 0.735346596762538
0.22980459067039188 0.46749821454286578 0.3054017800837755 0.735346596762538
0.22980459067039188 0.46749821454286578 0.2235174957662821 0.9196821524761617
0.2499258351512253 0.39025340676307685 0.3054017800837755 0.9196821524761617
0.10565354241989552 0.21579047925770284 0.31205565445125105 0.11884705465286971
0.074894150160253053 0.21579047925770284 0.31205565445125105 0.11884705465286971
0.10565354241989552 0.48920579068362713 0.31205565445125105 0.11884705465286971
0.10565354241989552 0.21579047925770284 0.21200903803110124 0.11884705465286971
0.10565354241989552 0.21579047925770284 0.31205565445125105 0.63238522389903662
0.074894150160253053 0.48920579068362713 0.21200903803110124 0.63238522389903662
0.38149617095477872 0.35102909319102771 0.13162585385143757 0.88266455216333273
0.55524098961614066 0.35102909319102771 0.13162585385143757 0.88266455216333273
0.38149617095477872 0.29234018586575983 0.13162585385143757 0.88266455216333273
0.38149617095477872 0.35102909319102771 0.49591662771999834 0.88266455216333273
0.38149617095477872 0.35102909319102771 0.13162585385143757 0.28482197912409901
0.55524098961614066 0.29234018586575983 0.49591662771999834 0.28482197912409901
0.43073898348957296 0.15217851251363756 0.32579842023551464 0.6367360308021307
0.14818691578693688 0.15217851251363756 0.32579842023551464 0.6367360308021307
0.43073898348957296 0.23322804607450964 0.32579842023551464 0.6367360308021307
0.43073898348957296 0.15217851251363756 0.15528150238096716 0.6367360308021307
0.43073898348957296 0.15217851251363756 0.32579842023551464 0.20222375120967626
0.14818691578693688 0.23322804607450964 0.15528150238096716 0.20222375120967626
0.056566901784390215 0.41850229576230047 0.10473915524780751 0.36285872066393493
0.64313778011128298 0.41850229576230047 0.10473915524780751 0.36285872066393493
0.056566901784390215 0.43639171905815599 0.10473915524780751 0.36285872066393493
0.056566901784390215 0.41850229576230047 0.34011323750019073 0.36285872066393493
0.056566901784390215 0.41850229576230047 0.10473915524780751 0.95902970809489485
0.64313778011128298 0.43639171905815599 0.34011323750019073 0.95902970809489485
0.25738608436658977 0.26717907004058361 0.41827619336545474 0.97941900087520484
0.49412145614624015 0.26717907004058361 0.41827619336545474 0.97941900087520484
0.25738608436658977 0.33690221533179288 0.41827619336545474 0.97941900087520484
0.25738608436658977 0.26717907004058361 0.24603690244257451 0.97941900087520484
0.25738608436658977 0.26717907004058361 0.41827619336545474 0.51646944202482703
0.49412145614624015 0.33690221533179288 0.24603690244257451 0.51646944202482703
0.55472147054970267 0.3004705805331469 0.23784774877130987 0.027967273108661175
0.29846281888894732 0.3004705805331469 0.23784774877130987 0.027967273108661175
0.55472147054970267 0.13369410112500191 0.23784774877130987 0.027967273108661175
0.55472147054970267 0.3004705805331469 0.46208407282829289 0.027967273108661175
0.55472147054970267 0.3004705805331469 0.23784774877130987 0.36987539976835254
0.29846281888894732 0.13369410112500191 0.46208407282829289 0.36987539976835254
0.69108326449058943 0.22576703056693079 0.18267007470130922 0.19203039674088357
0.26219939235597844 0.22576703056693079 0.18267007470130922 0.19203039674088357
0.69108326449058943 0.27139374017715456 0.18267007470130922 0.19203039674088357
0.69108326449058943 0.22576703056693079 0.27388710975646974 0.19203039674088357
0.69108326449058943 0.22576703056693079 0.18267007470130922 0.72382592109963295
0.26219939235597844 0.27139374017715456 0.27388710975646974 0.72382592109963295
0.32193009634502229 0.39188338220119479 0.36153595373034475 0.83340396847575904
0.44771689302287987 0.39188338220119479 0.36153595373034475 0.83340396847575904
0.32193009634502229 0.47460538297891619 0.36153595373034475 0.83340396847575904
0.32193009634502229 0.39188338220119479 0.43362349011003976 0.83340396847575904
0.32193009634502229 0.39188338220119479 0.36153595373034475 0.43748271068558098
0.44771689302287987 0.47460538297891619 0.43362349011003976 0.43748271068558098
0.19253195994533595 0.14360257424414158 0.27475675195455551 0.47729169078171252
0.60814884030260141 0.14360257424414158 0.27475675195455551 0.47729169078171252
0.19253195994533595 0.37409202717244627 0.27475675195455551 0.47729169078171252
0.19253195994533595 0.14360257424414158 0.12713832557201388 0.47729169078171252
0.19253195994533595 0.14360257424414158 0.27475675195455551 0.11932251730933785
0.60814884030260141 0.37409202717244627 0.12713832557201388 0.11932251730933785
0.49504495593719178 0.47707747183740146 0.4942536301910877 0.57124715695157646
0.1030270823277533 0.47707747183740146 0.4942536301910877 0.57124715695157646
0.49504495593719178 0.17093054763972759 0.4942536301910877 0.57124715695157646
0.49504495593719178 0.47707747183740146 0.368085539713502 0.57124715695157646
0.49504495593719178 0.47707747183740146 0.4942536301910877 0.76707930775359279
0.1030270823277533 0.17093054763972759 0.368085539713502 0.76707930775359279
0.45719265337102111 0.12922885194420816 0.12289861366152764 0.087023460119962689
0.51882390524260691 0.12922885194420816 0.12289861366152764 0.087023460119962689
0.45719265337102111 0.45478838309645653 0.12289861366152764 0.087023460119962689
0.45719265337102111 0.12922885194420816 0.4042505461722613 0.087023460119962689
0.45719265337102111 0.12922885194420816 0.12289861366152764 0.094396153688430795
0.51882390524260691 0.45478838309645653 0.4042505461722613 0.094396153688430795
0.19023161740042266 0.48754494339227683 0.34558762907981877 0.91209463762119414
0.35363331697881217 0.48754494339227683 0.34558762907981877 0.91209463762119414
0.19023161740042266 0.25175154879689221 0.34558762907981877 0.91209463762119414
0.19023161740042266 0.48754494339227683 0.28821481913328173 0.91209463762119414
0.19023161740042266 0.48754494339227683 0.34558762907981877 0.79224773116409775
0.35363331697881217 0.25175154879689221 0.28821481913328173 0.79224773116409775
0.30391900432296093 0.23934731371700765 0.23373552039265633 0.30338575279340152
0.17414832776412364 0.23934731371700765 0.23373552039265633 0.30338575279340152
0.30391900432296093 0.15279915370047092 0.23373552039265633 0.30338575279340152
0.30391900432296093 0.23934731371700765 0.39482167251408107 0.30338575279340152
0.30391900432296093 0.23934731371700765 0.23373552039265633 0.74456871021538973
0.17414832776412364 0.15279915370047092 0.39482167251408107 0.74456871021538973
0.66798956296406686 0.38064684979617602 0.40955574363470082 0.70352386746555562
0.69956848328001797 0.38064684979617602 0.40955574363470082 0.70352386746555562
0.66798956296406686 0.35588920302689075 0.40955574363470082 0.70352386746555562
0.66798956296406686 0.38064684979617602 0.10997849255800247 0.70352386746555562
0.66798956296406686 0.38064684979617602 0.40955574363470082 0.41650533493608238
0.69956848328001797 0.35588920302689075 0.10997849255800247 0.41650533493608238
0.5624163813889026 0.25574712753295903 0.36688115783035757 0.61875883689150213
0.57207214059308165 0.25574712753295903 0.36688115783035757 0.61875883689150213
0.5624163813889026 0.44358951114118106 0.36688115783035757 0.61875883689150213
0.5624163813889026 0.25574712753295903 0.32275735288858415 0.61875883689150213
0.5624163813889026 0.25574712753295903 0.36688115783035757 0.55279033483937379
0.57207214059308165 0.44358951114118106 0.32275735288858415 0.55279033483937379
0.29047610471025104 0.31424627229571345 0.18949836902320386 0.40619887460023169
0.056793434033170345 0.31424627229571345 0.18949836902320386 0.40619887460023169
0.29047610471025104 0.2405016552656889 0.18949836902320386 0.40619887460023169
0.29047610471025104 0.31424627229571345 0.18182310946285726 0.40619887460023169
0.29047610471025104 0.31424627229571345 0.18949836902320386 0.33379096278920772
0.056793434033170345 0.2405016552656889 0.18182310946285726 0.33379096278920772
0.084420405980199564 0.16284139417111876 0.47810821868479259 0.7853557619452477
0.22738171606324609 0.16284139417111876 0.47810821868479259 0.7853557619452477
0.084420405980199564 0.13945118784904481 0.47810821868479259 0.7853557619452477
0.084420405980199564 0.16284139417111876 0.47582658380270004 0.7853557619452477
0.084420405980199564 0.16284139417111876 0.47810821868479259 0.16171192755922673
0.22738171606324609 0.13945118784904481 0.47582658380270004 0.16171192755922673
0.44335302766412488 0.4039331648498774 0.25385681651532654 0.26270643206313254
0.40274350550025695 0.4039331648498774 0.25385681651532654 0.26270643206313254
0.44335302766412488 0.34249155074357984 0.25385681651532654 0.26270643206313254
0.44335302766412488 0.4039331648498774 0.21607723422348502 0.26270643206313254
0.44335302766412488 0.4039331648498774 0.25385681651532654 0.9992976027540863
0.40274350550025695 0.34249155074357984 0.21607723422348502 0.9992976027540863
0.40950109255500133 0.20512768849730492 0.46059958375990395 0.50671809989959005
0.32098698047921059 0.20512768849730492 0.46059958375990395 0.50671809989959005
0.40950109255500133 0.38347629383206372 0.46059958375990395 0.50671809989959005
0.40950109255500133 0.20512768849730492 0.33169976808130741 0.50671809989959005
0.40950109255500133 0.20512768849730492 0.46059958375990395 0.59190797865390776
0.32098698047921059 0.38347629383206372 0.33169976808130741 0.59190797865390776
0.11842859289608895 0.36559813320636747 0.28321543894708157 0.53942724606022241
0.47032779720611861 0.36559813320636747 0.28321543894708157 0.53942724606022241
0.11842859289608895 0.18654021248221397 0.28321543894708157 0.53942724606022241
0.11842859289608895 0.36559813320636747 0.17268537878990176 0.53942724606022241
0.11842859289608895 0.36559813320636747 0.28321543894708157 0.32506463773548605
0.47032779720611861 0.18654021248221397 0.17268537878990176 0.32506463773548605
0.23734314437024295 0.11378435529768467 0.39682726748287678 0.160211460608989
0.62632627668790519 0.11378435529768467 0.39682726748287678 0.160211460608989
0.23734314437024295 0.28705358095467093 0.39682726748287678 0.160211460608989
0.23734314437024295 0.11378435529768467 0.46620057262480263 0.160211460608989
0.23734314437024295 0.11378435529768467 0.39682726748287678 0.24699899841099976
0.62632627668790519 0.28705358095467093 0.46620057262480263 0.24699899841099976
0.61538813323713837 0.45372262559831145 0.17257412187755108 0.86283123552799224
0.16626791656017303 0.45372262559831145 0.17257412187755108 0.86283123552799224
0.61538813323713837 0.48393949903547762 0.17257412187755108 0.86283123552799224
0.61538813323713837 0.45372262559831145 0.22589855492115021 0.86283123552799224
0.61538813323713837 0.45372262559831145 0.17257412187755108 0.88363042470067743
0.16626791656017303 0.48393949903547762 0.22589855492115021 0.88363042470067743
0.62916081463918083 0.17862148731946947 0.20411893501877787 0.9495094104297459
0.13001441187225282 0.17862148731946947 0.20411893501877787 0.9495094104297459
0.62916081463918083 0.32125211469829085 0.20411893501877787 0.9495094104297459
0.62916081463918083 0.17862148731946947 0.43809377849102027 0.9495094104297459
0.62916081463918083 0.17862148731946947 0.20411893501877787 0.070360981244593862
0.13001441187225282 0.32125211469829085 0.43809377849102027 0.070360981244593862
0.34322626646608106 0.43888472989201543 0.4268096461892128 0.059311479479074475
0.57989195529371496 0.43888472989201543 0.4268096461892128 0.059311479479074475
0.34322626646608106 0.12436247728765011 0.4268096461892128 0.059311479479074475
0.34322626646608106 0.43888472989201543 0.25417627133429055 0.059311479479074475
0.34322626646608106 0.43888472989201543 0.4268096461892128 0.84666680762544277
0.57989195529371496 0.12436247728765011 0.25417627133429055 0.84666680762544277
0.13196322992444037 0.29030254296958447 0.13995570167899132 0.66808110240846874
0.43532894039526576 0.29030254296958447 0.13995570167899132 0.66808110240846874
0.13196322992444037 0.22385196834802629 0.13995570167899132 0.66808110240846874
0.13196322992444037 0.29030254296958447 0.36009953022003172 0.66808110240846874
0.13196322992444037 0.29030254296958447 0.13995570167899132 0.64420290639624
0.43532894039526576 0.22385196834802629 0.36009953022003172 0.64420290639624
0.51498748371377578 0.33042404241859913 0.31577723324298856 0.33295011227950455
0.27585690044797956 0.33042404241859913 0.31577723324298856 0.33295011227950455
0.51498748371377578 0.42078604698181155 0.31577723324298856 0.33295011227950455
0.51498748371377578 0.33042404241859913 0.14489594437181952 0.33295011227950455
0.51498748371377578 0.33042404241859913 0.31577723324298856 0.48648349998518825
0.27585690044797956 0.42078604698181155 0.14489594437181952 0.48648349998518825
0.49745246348902578 0.197637639939785 0.42489122636616228 0.24018553474918006
0.54224795456975694 0.197637639939785 0.42489122636616228 0.24018553474918006
0.49745246348902578 0.47849364131689076 0.42489122636616228 0.24018553474918006
0.49745246348902578 0.197637639939785 0.388161676004529 0.24018553474918006
0.49745246348902578 0.197637639939785 0.42489122636616228 0.30211402848362923
0.54224795456975694 0.47849364131689076 0.388161676004529 0.30211402848362923
0.14997553024441002 0.43251620605587959 0.24436366669833662 0.75906667090952396
0.087927206745371217 0.43251620605587959 0.24436366669833662 0.75906667090952396
0.14997553024441002 0.27530584037303929 0.24436366669833662 0.75906667090952396
0.14997553024441002 0.43251620605587959 0.10410837680101395 0.75906667090952396
0.14997553024441002 0.43251620605587959 0.24436366669833662 0.58423266790807249
0.087927206745371217 0.27530584037303929 0.10410837680101395 0.58423266790807249
0.34552784152328964 0.28421937040984635 0.33260885514318944 0.39516328688710928
0.23693342120386657 0.28421937040984635 0.33260885514318944 0.39516328688710928
0.34552784152328964 0.1764068525284529 0.33260885514318944 0.39516328688710928
0.34552784152328964 0.28421937040984635 0.41012929268181331 0.39516328688710928
0.34552784152328964 0.28421937040984635 0.33260885514318944 0.90658085141330957
0.23693342120386657 0.1764068525284529 0.41012929268181331 0.90658085141330957
0.62638443903997532 0.34895647950470449 0.11145029626786709 0.61161130545660858
0.39196225674822921 0.34895647950470449 0.11145029626786709 0.61161130545660858
0.62638443903997532 0.37954105697572238 0.11145029626786709 0.61161130545660858
0.62638443903997532 0.34895647950470449 0.29486618489027028 0.61161130545660858
0.62638443903997532 0.34895647950470449 0.11145029626786709 0.25467449169605971
0.39196225674822921 0.37954105697572238 0.29486618489027028 0.25467449169605971
0.60277289529331024 0.22405828461050989 0.26799525842070582 0.71073087017983194
0.50933171664364629 0.22405828461050989 0.26799525842070582 0.71073087017983194
0.60277289529331024 0.41685386188328266 0.26799525842070582 0.71073087017983194
0.60277289529331024 0.22405828461050989 0.48166849464178085 0.71073087017983194
0.60277289529331024 0.22405828461050989 0.26799525842070582 0.82371707456186416
0.50933171664364629 0.41685386188328266 0.48166849464178085 0.82371707456186416
0.25011835708282887 0.3591198533773422 0.48759120404720313 0.31436094922944907
0.36443441426381462 0.3591198533773422 0.48759120404720313 0.31436094922944907
0.25011835708282887 0.2137155566364527 0.48759120404720313 0.31436094922944907
0.25011835708282887 0.3591198533773422 0.22271665520966055 0.31436094922944907
0.25011835708282887 0.3591198533773422 0.48759120404720313 0.062686663512140514
0.36443441426381462 0.2137155566364527 0.22271665520966055 0.062686663512140514
0.12596725556068122 0.10781112946569921 0.17610380426049232 0.93844319993630054
0.20399241559207437 0.10781112946569921 0.17610380426049232 0.93844319993630054
0.12596725556068122 0.11261778846383096 0.17610380426049232 0.93844319993630054
0.12596725556068122 0.10781112946569921 0.31613419204950333 0.93844319993630054
0.12596725556068122 0.10781112946569921 0.17610380426049232 0.50943293368443843
0.20399241559207437 0.11261778846383096 0.31613419204950333 0.50943293368443843
0.40180493467487388 0.47234042845666413 0.35506892949342728 0.10948396615684032
0.66849429006688288 0.47234042845666413 0.35506892949342728 0.10948396615684032
0.40180493467487388 0.31580320522189143 0.35506892949342728 0.10948396615684032
0.40180493467487388 0.47234042845666413 0.17596493847668171 0.10948396615684032
0.40180493467487388 0.47234042845666413 0.35506892949342728 0.65187752349302175
0.66849429006688288 0.31580320522189143 0.17596493847668171 0.65187752349302175
0.45105026550590988 0.27422006726264958 0.16172623708844186 0.35355543566867709
0.10015023821033536 0.27422006726264958 0.16172623708844186 0.35355543566867709
0.45105026550590988 0.35664146244525907 0.16172623708844186 0.35355543566867709
0.45105026550590988 0.27422006726264958 0.47283746637403967 0.35355543566867709
0.45105026550590988 0.27422006726264958 0.16172623708844186 0.81522802129387861
0.10015023821033536 0.35664146244525907 0.47283746637403967 0.81522802129387861
0.076883133221417668 0.30812799260020257 0.38132087439298634 0.69245485316962008
0.61098574036732312 0.30812799260020257 0.38132087439298634 0.69245485316962008
0.076883133221417668 0.15985329598188402 0.38132087439298634 0.69245485316962008
0.076883133221417668 0.30812799260020257 0.23174299299716949 0.69245485316962008
0.076883133221417668 0.30812799260020257 0.38132087439298634 0.10204181276261806
0.61098574036732312 0.15985329598188402 0.23174299299716949 0.10204181276261806
0.27770229158923027 0.1564103212207556 0.2948346428573132 0.068433362469077108
0.4448406675830483 0.1564103212207556 0.2948346428573132 0.068433362469077108
0.27770229158923027 0.26031631194055083 0.2948346428573132 0.068433362469077108
0.27770229158923027 0.1564103212207556 0.32584412433207033 0.068433362469077108
0.27770229158923027 0.1564103212207556 0.2948346428573132 0.39352474544197324
0.4448406675830483 0.26031631194055083 0.32584412433207033 0.39352474544197324
0.57503270898014303 0.42291115857660777 0.47379807233810423 0.95474347079172728
0.26503567374311388 0.42291115857660777 0.47379807233810423 0.95474347079172728
0.57503270898014303 0.4571550231426954 0.47379807233810423 0.95474347079172728
0.57503270898014303 0.42291115857660777 0.16605969071388244 0.95474347079172728
0.57503270898014303 0.42291115857660777 0.47379807233810423 0.73692335050553082
0.26503567374311388 0.4571550231426954 0.16605969071388244 0.73692335050553082
0.67076701852492981 0.14781154766678811 0.30612336136400697 0.85753701753914358
0.31145542412996285 0.14781154766678811 0.30612336136400697 0.85753701753914358
0.67076701852492981 0.34485513903200626 0.30612336136400697 0.85753701753914358
0.67076701852492981 0.14781154766678811 0.35423146486282353 0.85753701753914358
0.67076701852492981 0.14781154766678811 0.30612336136400697 0.35677037673071027
0.31145542412996285 0.34485513903200626 0.35423146486282353 0.35677037673071027
0.30161881917156275 0.48151222020387652 0.12559754513204099 0.15114881524816154
0.48108952674083405 0.48151222020387652 0.12559754513204099 0.15114881524816154
0.30161881917156275 0.14801900275051594 0.12559754513204099 0.15114881524816154
0.30161881917156275 0.48151222020387652 0.13823389746248724 0.15114881524816154
0.30161881917156275 0.48151222020387652 0.12559754513204099 0.56043500090017917
0.48108952674083405 0.14801900275051594 0.13823389746248724 0.56043500090017917
0.17222071667201816 0.23283087499439717 0.43884161300957203 0.51499333767220379
0.65613100645132361 0.23283087499439717 0.43884161300957203 0.51499333767220379
0.17222071667201816 0.24755274578928949 0.43884161300957203 0.51499333767220379
0.17222071667201816 0.23283087499439717 0.44474309384822852 0.51499333767220379
0.17222071667201816 0.23283087499439717 0.43884161300957203 0.97631800627335907
0.65613100645132361 0.24755274578928949 0.44474309384822852 0.97631800627335907
0.47472876324318342 0.39951489679515362 0.21768441013991835 0.48617201413959266
0.13515436528250574 0.39951489679515362 0.21768441013991835 0.48617201413959266
0.47472876324318342 0.44434482231736183 0.21768441013991835 0.48617201413959266
0.47472876324318342 0.39951489679515362 0.26005706824362279 0.48617201413959266
0.47472876324318342 0.39951489679515362 0.21768441013991835 0.15406744403764605
0.13515436528250574 0.44434482231736183 0.26005706824362279 0.15406744403764605
0.47750888965092592 0.24423830136656763 0.39006575010716915 0.90709799325093632
0.41006297408603126 0.24423830136656763 0.39006575010716915 0.90709799325093632
0.47750888965092592 0.12825129590928555 0.39006575010716915 0.90709799325093632
0.47750888965092592 0.24423830136656763 0.12385583706200123 0.90709799325093632
0.47750888965092592 0.24423830136656763 0.39006575010716915 0.95139176677912474
0.41006297408603126 0.12825129590928555 0.12385583706200123 0.95139176677912474
0.21054290425963695 0.38576371967792511 0.16591171957552434 0.13939267311245201
0.22010226901620622 0.38576371967792511 0.16591171957552434 0.13939267311245201
0.21054290425963695 0.32516363076865673 0.16591171957552434 0.13939267311245201
0.21054290425963695 0.38576371967792511 0.38365476578474045 0.13939267311245201
0.21054290425963695 0.38576371967792511 0.16591171957552434 0.17923574332147835
0.22010226901620622 0.32516363076865673 0.38365476578474045 0.17923574332147835
0.32423023791052397 0.13717317022383213 0.4540332894772291 0.74064034745097163
0.064113521296530959 0.13717317022383213 0.4540332894772291 0.74064034745097163
0.32423023791052397 0.42626141011714935 0.4540332894772291 0.74064034745097163
0.32423023791052397 0.13717317022383213 0.27707194574177263 0.74064034745097163
0.32423023791052397 0.13717317022383213 0.4540332894772291 0.37751352362334728
0.064113521296530959 0.42626141011714935 0.27707194574177263 0.37751352362334728
0.68830576534382992 0.49605684839189057 0.27674843855202202 0.28301686333492398
0.56479207486845551 0.49605684839189057 0.27674843855202202 0.28301686333492398
0.68830576534382992 0.22930196374654771 0.27674843855202202 0.28301686333492398
0.68830576534382992 0.49605684839189057 0.41815192252397537 0.28301686333492398
0.68830576534382992 0.49605684839189057 0.27674843855202202 0.53945726737380029
0.56479207486845551 0.22930196374654771 0.41815192252397537 0.53945726737380029
0.54210510905832043 0.17075973004102707 0.14657071083784104 0.42698231428861622
0.68213178133592001 0.17075973004102707 0.14657071083784104 0.42698231428861622
0.54210510905832043 0.16700141355395318 0.14657071083784104 0.42698231428861622
0.54210510905832043 0.17075973004102707 0.20534939914941788 0.42698231428861622
0.54210510905832043 0.17075973004102707 0.14657071083784104 0.42984576238319278
0.68213178133592001 0.16700141355395318 0.20534939914941788 0.42984576238319278
0.27015986358746885 0.41246799901127817 0.32229317501187327 0.58218389602378007
0.19162443135865032 0.41246799901127817 0.32229317501187327 0.58218389602378007
0.27015986358746885 0.36396476998925209 0.32229317501187327 0.58218389602378007
0.27015986358746885 0.41246799901127817 0.49004534371197228 0.58218389602378007
0.27015986358746885 0.41246799901127817 0.32229317501187327 0.70083878939971334
0.19162443135865032 0.36396476998925209 0.49004534371197228 0.70083878939971334
0.06410420844331384 0.26066410951316354 0.21092934608459474 0.21075925340875981
0.33619723613373931 0.26066410951316354 0.21092934608459474 0.21075925340875981
0.06410420844331384 0.46286374665796759 0.21092934608459474 0.21075925340875981
0.06410420844331384 0.26066410951316354 0.19606666415929797 0.21075925340875981
0.06410420844331384 0.26066410951316354 0.21092934608459474 0.77471655542030926
0.33619723613373931 0.46286374665796759 0.19606666415929797 0.77471655542030926
0.42304177954792971 0.31934020109474659 0.43352081105113027 0.79088647592812777
0.53629938773810859 0.31934020109474659 0.43352081105113027 0.79088647592812777
0.42304177954792971 0.26595398671925069 0.43352081105113027 0.79088647592812777
0.42304177954792971 0.31934020109474659 0.31205431409180162 0.79088647592812777
0.42304177954792971 0.31934020109474659 0.43352081105113027 0.14230934964492917
0.53629938773810859 0.26595398671925069 0.31205431409180162 0.14230934964492917
0.38919228524900967 0.12136699929833412 0.22780325114727021 0.54489812733605503
0.29329255754128097 0.12136699929833412 0.22780325114727021 0.54489812733605503
0.38919228524900967 0.20689067654311658 0.22780325114727021 0.54489812733605503
0.38919228524900967 0.12136699929833412 0.24016919471323492 0.54489812733605503
0.38919228524900967 0.12136699929833412 0.22780325114727021 0.46895604621618986
0.29329255754128097 0.20689067654311658 0.24016919471323492 0.46895604621618986
0.098114836169406777 0.46112830787897108 0.40352741107344625 0.45483071744441989
0.4178533392492681 0.46112830787897108 0.40352741107344625 0.45483071744441989
0.098114836169406777 0.41000084839761264 0.40352741107344625 0.45483071744441989
0.098114836169406777 0.46112830787897108 0.45542085766792295 0.45483071744441989
0.098114836169406777 0.46112830787897108 0.40352741107344625 0.6921198243275285
0.4178533392492681 0.41000084839761264 0.45542085766792295 0.6921198243275285
0.21702942154370247 0.20970897562801838 0.11716174632310868 0.82619649846106769
0.59732823348604136 0.20970897562801838 0.11716174632310868 0.82619649846106769
0.21702942154370247 0.310467092692852 0.11716174632310868 0.82619649846106769
0.21702942154370247 0.20970897562801838 0.16193046011030676 0.82619649846106769
0.21702942154370247 0.20970897562801838 0.11716174632310868 0.86001098625361916
0.59732823348604136 0.310467092692852 0.16193046011030676 0.86001098625361916
0.59507937920279796 0.36956291310489175 0.33975451961159708 0.18105473300442099
0.11253818962723017 0.36956291310489175 0.33975451961159708 0.18105473300442099
0.59507937920279796 0.107400980591774 0.33975451961159708 0.18105473300442099
0.59507937920279796 0.36956291310489175 0.34599520266056061 0.18105473300442099
0.59507937920279796 0.36956291310489175 0.33975451961159708 0.026634811609983444
0.11253818962723017 0.107400980591774 0.34599520266056061 0.026634811609983444
0.64947457620874038 0.2948578357696533 0.48379637114703655 0.0390023935213685
0.15894802543334663 0.2948578357696533 0.48379637114703655 0.0390023935213685
0.64947457620874038 0.29471292868256571 0.48379637114703655 0.0390023935213685
0.64947457620874038 0.2948578357696533 0.13377481400966645 0.0390023935213685
0.64947457620874038 0.2948578357696533 0.48379637114703655 0.92734923435375094
0.15894802543334663 0.29471292868256571 0.13377481400966645 0.92734923435375094
0.36353505924344059 0.33441176339983941 0.25964098460972307 0.98656606500968336
0.63360684365034103 0.33441176339983941 0.25964098460972307 0.98656606500968336
0.36353505924344059 0.49777665659785275 0.25964098460972307 0.98656606500968336
0.36353505924344059 0.33441176339983941 0.37393109835684302 0.98656606500968336
0.36353505924344059 0.33441176339983941 0.25964098460972307 0.23366217976436018
0.63360684365034103 0.49777665659785275 0.37393109835684302 0.23366217976436018
0.15227199848741291 0.18623011372983456 0.37276453338563442 0.38537915067747236
0.46300852475687854 0.18623011372983456 0.37276453338563442 0.38537915067747236
0.15227199848741291 0.39731365330517299 0.37276453338563442 0.38537915067747236
0.15227199848741291 0.18623011372983456 0.26803187131881712 0.38537915067747236
0.15227199848741291 0.18623011372983456 0.37276453338563442 0.27715507978573445
0.46300852475687854 0.39731365330517299 0.26803187131881712 0.27715507978573445
0.53530120169743889 0.44626748301088814 0.19547793902456762 0.66302465453743931
0.32826692876406011 0.44626748301088814 0.19547793902456762 0.66302465453743931
0.53530120169743889 0.19419938065111639 0.19547793902456762 0.66302465453743931
0.53530120169743889 0.44626748301088814 0.42699668146669867 0.66302465453743931
0.53530120169743889 0.44626748301088814 0.19547793902456762 0.60942807244136932
0.32826692876406011 0.19419938065111639 0.42699668146669867 0.60942807244136932
0.53373659453354771 0.231115048378706 0.47641510702669621 0.29541511457413439
0.50395796182565389 0.231115048378706 0.47641510702669621 0.29541511457413439
0.53373659453354771 0.44856587089598177 0.47641510702669621 0.29541511457413439
0.53373659453354771 0.231115048378706 0.15687575340270998 0.29541511457413439
0.53373659453354771 0.231115048378706 0.47641510702669621 0.64354642232879999
0.50395796182565389 0.44856587089598177 0.15687575340270998 0.64354642232879999
0.15633595776744186 0.38961420655250556 0.2553558196872473 0.75300504250451927
0.36987631320953362 0.38961420655250556 0.2553558196872473 0.75300504250451927
0.15633595776744186 0.24548011608421805 0.2553558196872473 0.75300504250451927
0.15633595776744186 0.38961420655250556 0.34792450405657294 0.75300504250451927
0.15633595776744186 0.38961420655250556 0.2553558196872473 0.48020434049889449
0.36987631320953362 0.24548011608421805 0.34792450405657294 0.48020434049889449
0.36193575770594172 0.13820535279810431 0.36850182600319392 0.12893874937668443
0.1986533793620765 0.13820535279810431 0.36850182600319392 0.12893874937668443
0.36193575770594172 0.14657635912299158 0.36850182600319392 0.12893874937668443
0.36193575770594172 0.13820535279810431 0.24131765067577363 0.12893874937668443
0.36193575770594172 0.13820535279810431 0.36850182600319392 0.068987745959311716
0.1986533793620765 0.14657635912299158 0.24131765067577363 0.068987745959311716
0.65365265305154019 0.47929743193089969 0.18807335905730727 0.89661804489791397
0.6739213165361434 0.47929743193089969 0.18807335905730727 0.89661804489791397
0.65365265305154019 0.3496180541813374 0.18807335905730727 0.89661804489791397
0.65365265305154019 0.47929743193089969 0.45114780701696877 0.89661804489791397
0.65365265305154019 0.47929743193089969 0.18807335905730727 0.83967066327109929
0.6739213165361434 0.3496180541813374 0.45114780701696877 0.83967066327109929
0.59601419921964405 0.15459378510713578 0.23211449459195138 0.79368435958400374
0.55768756950274112 0.15459378510713578 0.23211449459195138 0.79368435958400374
0.59601419921964405 0.46230610609054568 0.23211449459195138 0.79368435958400374
0.59601419921964405 0.15459378510713578 0.26297908462584019 0.79368435958400374
0.59601419921964405 0.15459378510713578 0.23211449459195138 0.24442561883479355
0.55768756950274112 0.46230610609054568 0.26297908462584019 0.24442561883479355
0.21359524941071867 0.41290976181626327 0.41098034828901298 0.21358321644365785
0.072238353127613661 0.41290976181626327 0.41098034828901298 0.21358321644365785
0.21359524941071867 0.2592667952179909 0.41098034828901298 0.21358321644365785
0.21359524941071867 0.41290976181626327 0.42892482578754432 0.21358321644365785
0.21359524941071867 0.41290976181626327 0.41098034828901298 0.87926249470561746
0.072238353127613661 0.2592667952179909 0.42892482578754432 0.87926249470561746
0.099094230029731986 0.26471458189189434 0.12459213063120843 0.57744263406842944
0.25235816366039215 0.26471458189189434 0.12459213063120843 0.57744263406842944
0.099094230029731986 0.15816731117665769 0.12459213063120843 0.57744263406842944
0.099094230029731986 0.26471458189189434 0.13492135144770145 0.57744263406842944
0.099094230029731986 0.26471458189189434 0.12459213063120843 0.58861603707075116
0.25235816366039215 0.15816731117665769 0.13492135144770145 0.58861603707075116
0.38563411608338349 0.30601391084492208 0.34408898353576661 0.42227455375716089
0.37630812171846623 0.30601391084492208 0.34408898353576661 0.42227455375716089
0.38563411608338349 0.36125716678798203 0.34408898353576661 0.42227455375716089
0.38563411608338349 0.30601391084492208 0.36965920329093938 0.42227455375716089
0.38563411608338349 0.30601391084492208 0.34408898353576661 0.3199779120832682
0.37630812171846623 0.36125716678798203 0.36965920329093938 0.3199779120832682
0.42400633604265742 0.10325411632657051 0.13833499774336816 0.17826008029282092
0.29586219554767007 0.10325411632657051 0.13833499774336816 0.17826008029282092
0.42400633604265742 0.31470524258911614 0.13833499774336816 0.17826008029282092
0.42400633604265742 0.10325411632657051 0.27904888242483139 0.17826008029282092
0.42400633604265742 0.10325411632657051 0.13833499774336816 0.16129575273022054
0.29586219554767007 0.31470524258911614 0.27904888242483139 0.16129575273022054
0.06056095655076206 0.46351700872182844 0.31720220744609834 0.82336834797635672
0.49661453370936209 0.46351700872182844 0.31720220744609834 0.82336834797635672
0.06056095655076206 0.11781731881201268 0.31720220744609834 0.82336834797635672
0.06056095655076206 0.46351700872182844 0.41305034346878533 0.82336834797635672
0.06056095655076206 0.46351700872182844 0.31720220744609834 0.99325851885601879
0.49661453370936209 0.11781731881201268 0.41305034346878533 0.99325851885601879
0.27108968696556984 0.21493731923401357 0.20581210628151894 0.45956969765946271
0.64054273213259871 0.21493731923401357 0.20581210628151894 0.45956969765946271
0.27108968696556984 0.21828205063939096 0.20581210628151894 0.45956969765946271
0.27108968696556984 0.21493731923401357 0.11953514963388444 0.45956969765946271
0.27108968696556984 0.21493731923401357 0.20581210628151894 0.55117679031565792
0.64054273213259871 0.21828205063939096 0.11953514963388444 0.55117679031565792
0.53867585849948219 0.35505875162780287 0.42531070262193682 0.54961102452129129
0.15065457187592982 0.35505875162780287 0.42531070262193682 0.54961102452129129
0.53867585849948219 0.41521708592772488 0.42531070262193682 0.54961102452129129
0.53867585849948219 0.35505875162780287 0.38485009558498862 0.54961102452129129
0.53867585849948219 0.35505875162780287 0.42531070262193682 0.32655474284663799
0.15065457187592982 0.41521708592772488 0.38485009558498862 0.32655474284663799
0.6866915465332567 0.27976306378841398 0.39513369090855122 0.65062969995662567
0.10567784397862851 0.27976306378841398 0.39513369090855122 0.65062969995662567
0.6866915465332567 0.37751763612031941 0.39513369090855122 0.65062969995662567
0.6866915465332567 0.27976306378841398 0.19804473407566547 0.65062969995662567
0.6866915465332567 0.27976306378841398 0.39513369090855122 0.74223377067595719
0.10567784397862851 0.37751763612031941 0.19804473407566547 0.74223377067595719
0.32842315211892126 0.34023376926779747 0.17407270781695844 0.37301021706312898
0.60570729579776528 0.34023376926779747 0.17407270781695844 0.37301021706312898
0.32842315211892126 0.18057869076728822 0.17407270781695844 0.37301021706312898
0.32842315211892126 0.34023376926779747 0.30695083886384966 0.37301021706312898
0.32842315211892126 0.34023376926779747 0.17407270781695844 0.41237561132758854
0.60570729579776528 0.18057869076728822 0.30695083886384966 0.41237561132758854
0.20897337552160022 0.18841596804559232 0.4622206453233958 0.99701764129102233
0.45034347297623745 0.18841596804559232 0.4622206453233958 0.99701764129102233
0.20897337552160022 0.28011720292270181 0.4622206453233958 0.99701764129102233
0.20897337552160022 0.18841596804559232 0.20102757997810841 0.99701764129102233
0.20897337552160022 0.18841596804559232 0.4622206453233958 0.090865772068500522
0.45034347297623745 0.28011720292270181 0.20102757997810841 0.090865772068500522
0.48157784556969996 0.42835439480841164 0.28179087005555631 0.049487529639154676
0.25976218343712387 0.42835439480841164 0.28179087005555631 0.049487529639154676
0.48157784556969996 0.47700255177915096 0.28179087005555631 0.049487529639154676
0.48157784556969996 0.42835439480841164 0.49124256819486622 0.049487529639154676
0.48157784556969996 0.42835439480841164 0.28179087005555631 0.78692279912531371
0.25976218343712387 0.47700255177915096 0.49124256819486622 0.78692279912531371
0.4737245726399123 0.1777652755379677 0.3104349862784147 0.60878676742315296
0.69710027873516078 0.1777652755379677 0.3104349862784147 0.60878676742315296
0.4737245726399123 0.19881507232785225 0.3104349862784147 0.60878676742315296
0.4737245726399123 0.1777652755379677 0.3301659792661667 0.60878676742315296
0.4737245726399123 0.1777652755379677 0.3104349862784147 0.11232558438554406
0.69710027873516078 0.19881507232785225 0.3301659792661667 0.11232558438554406
0.17572433445602653 0.44291133657097814 0.13305086381733419 0.39236500712111594
0.17674391451291738 0.44291133657097814 0.13305086381733419 0.39236500712111594
0.17572433445602653 0.39562765583395965 0.13305086381733419 0.39236500712111594
0.17572433445602653 0.44291133657097814 0.16486247815191746 0.39236500712111594
0.17572433445602653 0.44291133657097814 0.13305086381733419 0.76570505024865265
0.17674391451291738 0.39562765583395965 0.16486247815191746 0.76570505024865265
0.30072862990200516 0.29120719544589524 0.44627161584794528 0.76377570739015932
0.35114094284363084 0.29120719544589524 0.44627161584794528 0.76377570739015932
0.30072862990200516 0.49672715254127986 0.44627161584794528 0.76377570739015932
0.30072862990200516 0.29120719544589524 0.47085936069488532 0.76377570739015932
0.30072862990200516 0.29120719544589524 0.44627161584794528 0.7175475501827896
0.35114094284363084 0.49672715254127986 0.47085936069488532 0.7175475501827896
0.67423590319231153 0.32644588835537436 0.22201849259436132 0.24492836106568575
0.52142383484169841 0.32644588835537436 0.22201849259436132 0.24492836106568575
0.67423590319231153 0.29986402429640291 0.22201849259436132 0.24492836106568575
0.67423590319231153 0.32644588835537436 0.23684645630419254 0.24492836106568575
0.67423590319231153 0.32644588835537436 0.22201849259436132 0.43682724883779883
0.52142383484169841 0.29986402429640291 0.23684645630419254 0.43682724883779883
0.57668656189925971 0.20134484693408014 0.15434459149837496 0.09711888229474426
0.40518016838468607 0.20134484693408014 0.15434459149837496 0.09711888229474426
0.57668656189925971 0.1121639084070921 0.15434459149837496 0.09711888229474426
0.57668656189925971 0.20134484693408014 0.44906379319727419 0.09711888229474426
0.57668656189925971 0.20134484693408014 0.15434459149837496 0.51138373859226705
0.40518016838468607 0.1121639084070921 0.44906379319727419 0.51138373859226705
0.27354901148937638 0.3663074731826782 0.37703532800078399 0.92604438100010156
0.22475567245855926 0.3663074731826782 0.37703532800078399 0.92604438100010156
0.27354901148937638 0.3090244617313147 0.37703532800078399 0.92604438100010156
0.27354901148937638 0.3663074731826782 0.25886177420616152 0.92604438100010156
0.27354901148937638 0.3663074731826782 0.37703532800078399 0.36658424675464629
0.22475567245855926 0.3090244617313147 0.25886177420616152 0.36658424675464629
0.078413027850911018 0.11761564947664738 0.29057231694459917 0.32484245464205741
0.059235679544508459 0.11761564947664738 0.29057231694459917 0.32484245464205741
0.078413027850911018 0.40792820602655411 0.29057231694459917 0.32484245464205741
0.078413027850911018 0.11761564947664738 0.35225451625883586 0.32484245464205741
0.078413027850911018 0.11761564947664738 0.29057231694459917 0.19785479899495839
0.059235679544508459 0.40792820602655411 0.35225451625883586 0.19785479899495839
0.44694167547859243 0.45306172631680963 0.46639387384057052 0.72118606256321072
0.56942068762145936 0.45306172631680963 0.46639387384057052 0.72118606256321072
0.44694167547859243 0.21111171245574953 0.46639387384057052 0.72118606256321072
0.44694167547859243 0.45306172631680963 0.14333544075489046 0.72118606256321072
0.44694167547859243 0.45306172631680963 0.46639387384057052 0.95645553994923826
0.56942068762145936 0.21111171245574953 0.14333544075489046 0.95645553994923826
0.40332983024418351 0.25035295784473421 0.27306358069181447 0.96711177829653028
0.16367721264250573 0.25035295784473421 0.27306358069181447 0.96711177829653028
0.40332983024418351 0.26446290835738184 0.27306358069181447 0.96711177829653028
0.40332983024418351 0.25035295784473421 0.40898276716470716 0.96711177829653028
0.40332983024418351 0.25035295784473421 0.27306358069181447 0.6251498509384692
0.16367721264250573 0.26446290835738184 0.40898276716470716 0.6251498509384692
0.12186358468607067 0.31646928414702413 0.49575257375836379 0.080827986653894179
0.62878959840163584 0.31646928414702413 0.49575257375836379 0.080827986653894179
0.12186358468607067 0.46767512038350112 0.49575257375836379 0.080827986653894179
0.12186358468607067 0.31646928414702413 0.29913811571896076 0.080827986653894179
0.12186358468607067 0.31646928414702413 0.49575257375836379 0.28320951523259286
0.62878959840163584 0.46767512038350112 0.29913811571896076 0.28320951523259286
0.25175737021490929 0.16818636022508143 0.18429077863693238 0.68197104411199694
0.46772282980382435 0.16818636022508143 0.18429077863693238 0.68197104411199694
0.25175737021490929 0.36813659705221657 0.18429077863693238 0.68197104411199694
0.25175737021490929 0.16818636022508143 0.39321445077657702 0.68197104411199694
0.25175737021490929 0.16818636022508143 0.18429077863693238 0.20466527996584771
0.46772282980382435 0.36813659705221657 0.39321445077657702 0.20466527996584771
0.59863453004509204 0.40166093744337561 0.36011097952723503 0.34310535803437237
0.32348439241759475 0.40166093744337561 0.36011097952723503 0.34310535803437237
0.59863453004509204 0.16497798152267934 0.36011097952723503 0.34310535803437237
0.59863453004509204 0.40166093744337561 0.10218019671738149 0.34310535803437237
0.59863453004509204 0.40166093744337561 0.36011097952723503 0.91926489701494574
0.32348439241759475 0.16497798152267934 0.10218019671738149 0.91926489701494574
0.62548933061771095 0.12676131203770638 0.4166551318019629 0.48899982692673805
0.2784779062494635 0.12676131203770638 0.4166551318019629 0.48899982692673805
0.62548933061771095 0.22766517661511898 0.4166551318019629 0.48899982692673805
0.62548933061771095 0.12676131203770638 0.31498577184975152 0.48899982692673805
0.62548933061771095 0.12676131203770638 0.4166551318019629 0.04426694341003895
0.2784779062494635 0.22766517661511898 0.31498577184975152 0.04426694341003895
0.34900172525085504 0.49308522194623949 0.23927231766283513 0.5177873569726944
0.43289731531403952 0.49308522194623949 0.23927231766283513 0.5177873569726944
0.34900172525085504 0.43082789294421675 0.23927231766283513 0.5177873569726944
0.34900172525085504 0.49308522194623949 0.18023800104856491 0.5177873569726944
0.34900172525085504 0.49308522194623949 0.23927231766283513 0.86414753317832949
0.43289731531403952 0.43082789294421675 0.18023800104856491 0.86414753317832949
0.14895642478950322 0.24176563806831838 0.3274919968098402 0.14643742401152848
0.58254829109646378 0.24176563806831838 0.3274919968098402 0.14643742401152848
0.14895642478950322 0.33036317229270939 0.3274919968098402 0.14643742401152848
0.14895642478950322 0.24176563806831838 0.48672316558659079 0.14643742401152848
0.14895642478950322 0.24176563806831838 0.3274919968098402 0.66503333624452354
0.58254829109646378 0.33036317229270939 0.48672316558659079 0.66503333624452354
0.50097092106007035 0.37505736760795116 0.10324056930840016 0.85279937168583275
0.12756728352978824 0.37505736760795116 0.10324056930840016 0.85279937168583275
0.50097092106007035 0.12715334445238113 0.10324056930840016 0.85279937168583275
0.50097092106007035 0.37505736760795116 0.22078734189271929 0.85279937168583275
0.50097092106007035 0.37505736760795116 0.10324056930840016 0.45895387876778843
0.12756728352978824 0.12715334445238113 0.22078734189271929 0.45895387876778843
0.513427874399349 0.1453932173550129 0.21233033537864687 0.700579344574362
0.39437939799390725 0.1453932173550129 0.21233033537864687 0.700579344574362
0.513427874399349 0.17198024094104769 0.21233033537864687 0.700579344574362
0.513427874399349 0.1453932173550129 0.46500483751296995 0.700579344574362
0.513427874399349 0.1453932173550129 0.21233033537864687 0.27554144764319066
0.39437939799390725 0.17198024094104769 0.46500483751296995 0.27554144764319066
0.13602226884104313 0.48710170835256583 0.43192495033144951 0.30046730928123
0.23424694333225488 0.48710170835256583 0.43192495033144951 0.30046730928123
0.13602226884104313 0.36894073933362959 0.43192495033144951 0.30046730928123
0.13602226884104313 0.48710170835256583 0.23021893240511418 0.30046730928123
0.13602226884104313 0.48710170835256583 0.43192495033144951 0.60219199853017924
0.23424694333225488 0.36894073933362959 0.23021893240511418 0.60219199853017924
0.34162196707911785 0.23529840894043447 0.14504844993352892 0.916922972612083
0.0903090083040297 0.23529840894043447 0.14504844993352892 0.916922972612083
0.34162196707911785 0.46998988352715976 0.14504844993352892 0.916922972612083
0.34162196707911785 0.23529840894043447 0.33680175244808197 0.916922972612083
0.34162196707911785 0.23529840894043447 0.14504844993352892 0.92693267984315753
0.0903090083040297 0.46998988352715976 0.33680175244808197 0.92693267984315753
0.63334381184540689 0.39397462420165541 0.32401185706257818 0.091885296534746891
0.53957697027362883 0.39397462420165541 0.32401185706257818 0.091885296534746891
0.63334381184540689 0.2730795484036207 0.32401185706257818 0.091885296534746891
0.63334381184540689 0.39397462420165541 0.17070875205099584 0.091885296534746891
0.63334381184540689 0.39397462420165541 0.32401185706257818 0.22762341713532805
0.53957697027362883 0.2730795484036207 0.17070875205099584 0.22762341713532805
0.61632787361741059 0.26887510716915131 0.45555595569312579 0.2502211844548583
0.66596751092001794 0.26887510716915131 0.45555595569312579 0.2502211844548583
0.61632787361741059 0.13576693274080753 0.45555595569312579 0.2502211844548583
0.61632787361741059 0.26887510716915131 0.35890266336500642 0.2502211844548583
0.61632787361741059 0.26887510716915131 0.45555595569312579 0.85648045860230926
0.66596751092001794 0.13576693274080753 0.35890266336500642 0.85648045860230926
0.2339039743877947 0.31040021404623985 0.27503011412918565 0.7728369581513107
0.2065678608138114 0.31040021404623985 0.27503011412918565 0.7728369581513107
0.2339039743877947 0.33268098719418049 0.27503011412918565 0.7728369581513107
0.2339039743877947 0.31040021404623985 0.14921821653842926 0.7728369581513107
0.2339039743877947 0.31040021404623985 0.27503011412918565 0.021309967190027236
0.2065678608138114 0.33268098719418049 0.14921821653842926 0.021309967190027236
0.11940306639298796 0.16180449686944487 0.38866440318524842 0.41679939011111855
0.36192188891582183 0.16180449686944487 0.38866440318524842 0.41679939011111855
0.11940306639298796 0.43162898346781731 0.38866440318524842 0.41679939011111855
0.11940306639298796 0.16180449686944487 0.44319689609110358 0.41679939011111855
0.11940306639298796 0.16180449686944487 0.38866440318524842 0.46662078540772201
0.36192188891582183 0.43162898346781731 0.44319689609110358 0.46662078540772201
0.40594792123883955 0.42068814076483252 0.16750717498362067 0.62933332778513429
0.51187306195497506 0.42068814076483252 0.16750717498362067 0.62933332778513429
0.40594792123883955 0.23467048779129984 0.16750717498362067 0.62933332778513429
0.40594792123883955 0.42068814076483252 0.25219774842262266 0.62933332778513429
0.40594792123883955 0.42068814076483252 0.16750717498362067 0.68799048040062194
0.51187306195497506 0.23467048779129984 0.25219774842262266 0.68799048040062194
0.44432250452227884 0.22022699639201165 0.37428675852715976 0.87531887440010903
0.26771711381152269 0.22022699639201165 0.37428675852715976 0.87531887440010903
0.44432250452227884 0.28816816657781602 0.37428675852715976 0.87531887440010903
0.44432250452227884 0.22022699639201165 0.3990950807929039 0.87531887440010903
0.44432250452227884 0.22022699639201165 0.37428675852715976 0.77334299886599178
0.26771711381152269 0.28816816657781602 0.3990950807929039 0.77334299886599178
0.080872156238183376 0.35978074669837956 0.1937592212110758 0.17272512044757604
0.44242856414057308 0.35978074669837956 0.1937592212110758 0.17272512044757604
0.080872156238183376 0.4912294119596482 0.1937592212110758 0.17272512044757604
0.080872156238183376 0.35978074669837956 0.10883048959076405 0.17272512044757604
0.080872156238183376 0.35978074669837956 0.1937592212110758 0.13531358497217297
0.44242856414057308 0.4912294119596482 0.10883048959076405 0.13531358497217297
0.29140100772492583 0.11159397698938847 0.48239544145762925 0.52882341928780074
0.61366160749457777 0.11159397698938847 0.48239544145762925 0.52882341928780074
0.29140100772492583 0.39174429588019855 0.48239544145762925 0.52882341928780074
0.29140100772492583 0.11159397698938847 0.40232088714838032 0.52882341928780074
0.29140100772492583 0.11159397698938847 0.48239544145762925 0.42918913228437305
0.61366160749457777 0.39174429588019855 0.40232088714838032 0.42918913228437305
0.55899212867952885 0.47163108251988894 0.26123690493404866 0.49614783296361564
0.097763553820550436 0.47163108251988894 0.26123690493404866 0.49614783296361564
0.55899212867952885 0.18862983547151091 0.26123690493404866 0.49614783296361564
0.55899212867952885 0.47163108251988894 0.29326907284557824 0.49614783296361564
0.55899212867952885 0.47163108251988894 0.26123690493404866 0.69455971753224732
0.097763553820550436 0.18862983547151091 0.29326907284557824 0.69455971753224732
0.66638034200295804 0.1967329815030098 0.11856303364038467 0.33589696072041991
0.13258380289189517 0.1967329815030098 0.11856303364038467 0.33589696072041991
0.66638034200295804 0.20092952735722067 0.11856303364038467 0.33589696072041991
0.66638034200295804 0.1967329815030098 0.48009807355701928 0.33589696072041991
0.66638034200295804 0.1967329815030098 0.11856303364038467 0.37422120235860351
0.13258380289189517 0.20092952735722067 0.48009807355701928 0.37422120235860351
0.30810699816793197 0.43649436607956893 0.33815900459885595 0.67099445307627326
0.65865290276706212 0.43649436607956893 0.33815900459885595 0.67099445307627326
0.30810699816793197 0.40404179431498055 0.33815900459885595 0.67099445307627326
0.30810699816793197 0.43649436607956893 0.21493038684129717 0.67099445307627326
0.30810699816793197 0.43649436607956893 0.33815900459885595 0.53437086299061776
0.65865290276706212 0.40404179431498055 0.21493038684129717 0.53437086299061776
0.18865709081292154 0.28507557623088364 0.22628062069416047 0.05447989894077182
0.4785431436263024 0.28507557623088364 0.22628062069416047 0.05447989894077182
0.18865709081292154 0.3035297729074955 0.22628062069416047 0.05447989894077182
0.18865709081292154 0.28507557623088364 0.32082961387932302 0.05447989894077182
0.18865709081292154 0.28507557623088364 0.22628062069416047 0.9488182995840907
0.4785431436263024 0.3035297729074955 0.32082961387932302 0.9488182995840907
0.46126652965322129 0.34492987878620629 0.40524577125906946 0.94465174686163667
0.31397298728115852 0.34492987878620629 0.40524577125906946 0.94465174686163667
0.46126652965322129 0.10046499893069268 0.40524577125906946 0.94465174686163667
0.46126652965322129 0.34492987878620629 0.18687620609998704 0.94465174686163667
0.46126652965322129 0.34492987878620629 0.40524577125906946 0.17486795935779809
0.31397298728115852 0.10046499893069268 0.18687620609998704 0.17486795935779809
0.49403576748445621 0.2986437350511551 0.17762606516480448 0.44862217416986822
0.56717946026474231 0.2986437350511551 0.17762606516480448 0.44862217416986822
0.49403576748445621 0.42222850136458878 0.17762606516480448 0.44862217416986822
0.49403576748445621 0.2986437350511551 0.2479646295309067 0.44862217416986822
0.49403576748445621 0.2986437350511551 0.17762606516480448 0.97027822142466902
0.56717946026474231 0.42222850136458878 0.2479646295309067 0.97027822142466902
0.19604049809277058 0.33370546922087674 0.35335024744272236 0.59990219820290802
0.061436962848529217 0.33370546922087674 0.35335024744272236 0.59990219820290802
0.19604049809277058 0.21908924542367458 0.35335024744272236 0.59990219820290802
0.19604049809277058 0.33370546922087674 0.45703094042837622 0.59990219820290802
0.19604049809277058 0.33370546922087674 0.35335024744272236 0.15365010095760226
0.061436962848529217 0.21908924542367458 0.45703094042837622 0.15365010095760226
0.3210449049249291 0.18239577375352384 0.26659426912665368 0.22079114645719528
0.22251382642425593 0.18239577375352384 0.26659426912665368 0.22079114645719528
0.3210449049249291 0.12014123648405076 0.26659426912665368 0.22079114645719528
0.3210449049249291 0.18239577375352384 0.15101002454757692 0.22079114645719528
0.3210449049249291 0.18239577375352384 0.26659426912665368 0.34953532503917817
0.22251382642425593 0.12014123648405076 0.15101002454757692 0.34953532503917817
0.69454722879454489 0.44692532457411294 0.48918706476688389 0.80466048331931239
0.40738207036629315 0.44692532457411294 0.48918706476688389 0.80466048331931239
0.69454722879454489 0.32332493364810944 0.48918706476688389 0.80466048331931239
0.69454722879454489 0.44692532457411294 0.34126012064516542 0.80466048331931239
0.69454722879454489 0.44692532457411294 0.48918706476688389 0.55882215732708573
0.40738207036629315 0.32332493364810944 0.34126012064516542 0.55882215732708573
0.55637040310539299 0.12222015336155892 0.33401020206511023 0.88558151528239248
0.5337825280148536 0.12222015336155892 0.33401020206511023 0.88558151528239248
0.55637040310539299 0.48562529459595682 0.33401020206511023 0.88558151528239248
0.55637040310539299 0.12222015336155892 0.12906794883310796 0.88558151528239248
0.55637040310539299 0.12222015336155892 0.33401020206511023 0.38939619008451704
0.5337825280148536 0.48562529459595682 0.12906794883310796 0.38939619008451704
0.25323780211620028 0.45709865540266037 0.10985484085977078 0.12179027603939176
0.33874292550608509 0.45709865540266037 0.10985484085977078 0.12179027603939176
0.25323780211620028 0.28243806883692746 0.10985484085977078 0.12179027603939176
0.25323780211620028 0.45709865540266037 0.36303127408027647 0.12179027603939176
0.25323780211620028 0.45709865540266037 0.10985484085977078 0.73458911191672083
0.33874292550608509 0.28243806883692746 0.36303127408027647 0.73458911191672083
0.058101716777309777 0.20880736894905569 0.42336856015026569 0.73048507248982786
0.18910198658704758 0.20880736894905569 0.42336856015026569 0.73048507248982786
0.058101716777309777 0.18138893730938435 0.42336856015026569 0.73048507248982786
0.058101716777309777 0.20880736894905569 0.26961373724043369 0.73048507248982786
0.058101716777309777 0.20880736894905569 0.42336856015026569 0.80990238830447192
0.18910198658704758 0.18138893730938435 0.26961373724043369 0.80990238830447192
0.42662539561279111 0.37354412488639355 0.2460819911211729 0.26912695083767174
0.68470288249664002 0.37354412488639355 0.2460819911211729 0.26912695083767174
0.42662539561279111 0.38452599979937074 0.2460819911211729 0.26912695083767174
0.42662539561279111 0.37354412488639355 0.43477150499820716 0.26912695083767174
0.42662539561279111 0.37354412488639355 0.2460819911211729 0.098510262891650199
0.68470288249664002 0.38452599979937074 0.43477150499820716 0.098510262891650199
0.3830161461606621 0.17322421222925188 0.44024254269897944 0.025052679348737002
0.11520971269346773 0.17322421222925188 0.44024254269897944 0.025052679348737002
0.3830161461606621 0.33792524896562104 0.44024254269897944 0.025052679348737002
0.3830161461606621 0.17322421222925188 0.11291117817163468 0.025052679348737002
0.3830161461606621 0.17322421222925188 0.44024254269897944 0.50315494244918224
0.11520971269346773 0.33792524896562104 0.11291117817163468 0.50315494244918224
0.10155486939474939 0.4069246746599674 0.21608848981559278 0.97647061362862586
0.59494588347151878 0.4069246746599674 0.21608848981559278 0.97647061362862586
0.10155486939474939 0.14108777455985547 0.21608848981559278 0.97647061362862586
0.10155486939474939 0.4069246746599674 0.37899273522198207 0.97647061362862586
0.10155486939474939 0.4069246746599674 0.21608848981559278 0.65122174037620428
0.59494588347151878 0.14108777455985547 0.37899273522198207 0.65122174037620428
0.23144852416589856 0.25824883095920087 0.30460113622248175 0.36771692637354136
0.42053912337869398 0.25824883095920087 0.30460113622248175 0.36771692637354136
0.23144852416589856 0.24159980714321139 0.30460113622248175 0.36771692637354136
0.23144852416589856 0.25824883095920087 0.28489160388708112 0.36771692637354136
0.23144852416589856 0.25824883095920087 0.30460113622248175 0.81672022925689813
0.42053912337869398 0.24159980714321139 0.28489160388708112 0.81672022925689813
0.57832073457539079 0.32493274100124836 0.1273162629455328 0.64156798189505937
0.29087611972354349 0.32493274100124836 0.1273162629455328 0.64156798189505937
0.57832073457539079 0.43838978856801991 0.1273162629455328 0.64156798189505937
0.57832073457539079 0.32493274100124836 0.41968895383179194 0.64156798189505937
0.57832073457539079 0.32493274100124836 0.1273162629455328 0.061312259975820779
0.29087611972354349 0.43838978856801991 0.41968895383179194 0.061312259975820779
0.6457980604376643 0.24963552877306938 0.29635727331042294 0.55873196560889482
0.32572611980140204 0.24963552877306938 0.29635727331042294 0.55873196560889482
0.6457980604376643 0.35107803270220761 0.29635727331042294 0.55873196560889482
0.6457980604376643 0.24963552877306938 0.20690704174339772 0.55873196560889482
0.6457980604376643 0.24963552877306938 0.29635727331042294 0.90221222046762706
0.32572611980140204 0.35107803270220761 0.20690704174339772 0.90221222046762706
0.36931540449149902 0.38354375362396242 0.47207971215248112 0.464802816119045
0.46552050407044582 0.38354375362396242 0.47207971215248112 0.464802816119045
0.36931540449149902 0.15429005399346352 0.47207971215248112 0.464802816119045
0.36931540449149902 0.38354375362396242 0.49789321869611747 0.464802816119045
0.36931540449149902 0.38354375362396242 0.47207971215248112 0.2520999438688159
0.46552050407044582 0.15429005399346352 0.49789321869611747 0.2520999438688159
0.16927022510208189 0.1318251583725214 0.16032494977116585 0.84397459866479041
0.6310307071078568 0.1318251583725214 0.16032494977116585 0.84397459866479041
0.16927022510208189 0.25377515889704227 0.16032494977116585 0.84397459866479041
0.16927022510208189 0.1318251583725214 0.19138402231037618 0.84397459866479041
0.16927022510208189 0.1318251583725214 0.16032494977116585 0.29702847108244895
0.6310307071078568 0.25377515889704227 0.19138402231037618 0.29702847108244895
0.5212797525804489 0.49832601808011534 0.38291638940572736 0.20263475835323333
0.16147550558671353 0.49832601808011534 0.38291638940572736 0.20263475835323333
0.5212797525804489 0.45061635263264177 0.38291638940572736 0.20263475835323333
0.5212797525804489 0.49832601808011534 0.30108143836259843 0.20263475835323333
0.5212797525804489 0.49832601808011534 0.38291638940572736 0.58094142727553844
0.16147550558671353 0.45061635263264177 0.30108143836259843 0.58094142727553844
0.52703582290560003 0.15888365730643272 0.17126113548874855 0.98281579572707412
0.2399084831122309 0.15888365730643272 0.17126113548874855 0.98281579572707412
0.52703582290560003 0.3811643198132515 0.17126113548874855 0.98281579572707412
0.52703582290560003 0.15888365730643272 0.35553339980542664 0.98281579572707412
0.52703582290560003 0.15888365730643272 0.17126113548874855 0.56923016514629121
0.2399084831122309 0.3811643198132515 0.35553339980542664 0.56923016514629121
0.16303982762619851 0.4236143201589585 0.39698357731103895 0.031629525627940892
0.39017704138532278 0.4236143201589585 0.39698357731103895 0.031629525627940892
0.16303982762619851 0.17812214493751527 0.39698357731103895 0.031629525627940892
0.16303982762619851 0.4236143201589585 0.13950126096606255 0.031629525627940892
0.16303982762619851 0.4236143201589585 0.39698357731103895 0.34798032540827989
0.39017704138532278 0.17812214493751527 0.13950126096606255 0.34798032540827989
0.37435251818969839 0.27219878472387793 0.28542412742972378 0.63259341718629003
0.54395409543067208 0.27219878472387793 0.28542412742972378 0.63259341718629003
0.37435251818969839 0.2768305789679289 0.28542412742972378 0.63259341718629003
0.37435251818969839 0.27219878472387793 0.44627329073846345 0.63259341718629003
0.37435251818969839 0.27219878472387793 0.28542412742972378 0.14754873193800447
0.54395409543067208 0.2768305789679289 0.44627329073846345 0.14754873193800447
0.64123899079859248 0.30707119666039945 0.45801556408405308 0.35898897945880892
0.084871830558404332 0.30707119666039945 0.45801556408405308 0.35898897945880892
0.64123899079859248 0.47991681359708316 0.45801556408405308 0.35898897945880892
0.64123899079859248 0.30707119666039945 0.26142652258276944 0.35898897945880892
0.64123899079859248 0.30707119666039945 0.45801556408405308 0.98283907860517505
0.084871830558404332 0.47991681359708316 0.26142652258276944 0.98283907860517505
0.58431217237375677 0.23236220926046372 0.31553399004042149 0.47330143170431255
0.21236328557133671 0.23236220926046372 0.31553399004042149 0.47330143170431255
0.58431217237375677 0.31721662469208245 0.31553399004042149 0.47330143170431255
0.58431217237375677 0.23236220926046372 0.47442893609404568 0.47330143170431255
0.58431217237375677 0.23236220926046372 0.31553399004042149 0.10891827253624797
0.21236328557133671 0.31721662469208245 0.47442893609404568 0.10891827253624797
0.2252954178024083 0.39691006019711494 0.14137994013726712 0.56698396340012547
0.6613138671498745 0.39691006019711494 0.14137994013726712 0.56698396340012547
0.2252954178024083 0.11412800587713719 0.14137994013726712 0.56698396340012547
0.2252954178024083 0.39691006019711494 0.23349062763154507 0.56698396340012547
0.2252954178024083 0.39691006019711494 0.14137994013726712 0.80834739049896598
0.6613138671498745 0.11412800587713719 0.23349062763154507 0.80834739049896598
0.10635103904642164 0.14870782904326918 0.42930664904415605 0.19581316713243721
0.51643368494696906 0.14870782904326918 0.42930664904415605 0.19581316713243721
0.10635103904642164 0.21542281582951547 0.42930664904415605 0.19581316713243721
0.10635103904642164 0.14870782904326918 0.32767072245478635 0.19581316713243721
0.10635103904642164 0.14870782904326918 0.42930664904415605 0.72848774472251532
0.51643368494696906 0.21542281582951547 0.32767072245478635 0.72848774472251532
0.37837544861249622 0.48378786034882071 0.20202177278697492 0.83692134326323864
0.35598384989425536 0.48378786034882071 0.20202177278697492 0.83692134326323864
0.37837544861249622 0.41846088990569119 0.20202177278697492 0.83692134326323864
0.37837544861249622 0.48378786034882071 0.16792543791234493 0.83692134326323864
0.37837544861249622 0.48378786034882071 0.20202177278697492 0.40195704909041524
0.35598384989425536 0.41846088990569119 0.16792543791234493 0.40195704909041524
0.43127042995765796 0.28176106587052346 0.40930469222366817 0.59093300744891164
0.43805651795119038 0.28176106587052346 0.40930469222366817 0.59093300744891164
0.43127042995765796 0.45867730379104621 0.40930469222366817 0.59093300744891164
0.43127042995765796 0.28176106587052346 0.48356513790786271 0.59093300744891164
0.43127042995765796 0.28176106587052346 0.40930469222366817 0.056168393157422544
0.43805651795119038 0.45867730379104621 0.48356513790786271 0.056168393157422544
0.053299960866570475 0.34824362546205523 0.23514932803809643 0.43988464759662749
0.27316898121498523 0.34824362546205523 0.23514932803809643 0.43988464759662749
0.053299960866570475 0.26174198538064958 0.23514932803809643 0.43988464759662749
0.053299960866570475 0.34824362546205523 0.22454973533749581 0.43988464759662749
0.053299960866570475 0.34824362546205523 0.23514932803809643 0.83023858863860367
0.27316898121498523 0.26174198538064958 0.22454973533749581 0.83023858863860367
0.25938533190637825 0.19966909177601339 0.34807710982859136 0.81099655305966734
0.092097167531028395 0.19966909177601339 0.34807710982859136 0.81099655305966734
0.25938533190637825 0.16147257946431637 0.34807710982859136 0.81099655305966734
0.25938533190637825 0.19966909177601339 0.31785092465579512 0.81099655305966734
0.25938533190637825 0.19966909177601339 0.34807710982859136 0.66067224599421026
0.092097167531028395 0.16147257946431637 0.31785092465579512 0.66067224599421026
0.55038331178948285 0.43355901949107645 0.12079054377973081 0.22737383399158714
0.61784888701513407 0.43355901949107645 0.12079054377973081 0.22737383399158714
0.55038331178948285 0.35836078636348245 0.12079054377973081 0.22737383399158714
0.55038331178948285 0.43355901949107645 0.17754992023110391 0.22737383399158714
0.55038331178948285 0.43355901949107645 0.12079054377973081 0.50064244061708452
0.61784888701513407 0.35836078636348245 0.17754992023110391 0.50064244061708452
0.69911063038744026 0.10827019810676575 0.25252689048647881 0.11497452607378364
0.65410727937705815 0.10827019810676575 0.25252689048647881 0.11497452607378364
0.69911063038744026 0.44604805149137972 0.25252689048647881 0.11497452607378364
0.69911063038744026 0.10827019810676575 0.38957347050309188 0.11497452607378364
0.69911063038744026 0.10827019810676575 0.25252689048647881 0.57579756228253243
0.65410727937705815 0.44604805149137972 0.38957347050309188 0.57579756228253243
0.31600220981054006 0.47496020123362548 0.47825106978416443 0.87851914752274751
0.1385266109369695 0.47496020123362548 0.47825106978416443 0.87851914752274751
0.31600220981054006 0.2491637546569109 0.47825106978416443 0.87851914752274751
0.31600220981054006 0.47496020123362548 0.1056564997881651 0.87851914752274751
0.31600220981054006 0.47496020123362548 0.47825106978416443 0.31054683228954671
0.1385266109369695 0.2491637546569109 0.1056564997881651 0.31054683228954671
0.20226532383821905 0.22314792536199093 0.19169040396809578 0.277615986764431
0.30816279537975783 0.22314792536199093 0.19169040396809578 0.277615986764431
0.20226532383821905 0.14942991957068444 0.19169040396809578 0.277615986764431
0.20226532383821905 0.22314792536199093 0.41135431006550793 0.277615986764431
0.20226532383821905 0.22314792536199093 0.19169040396809578 0.26155045131221416
0.30816279537975783 0.14942991957068444 0.41135431006550793 0.26155045131221416
0.48828403879888349 0.35685447789728642 0.36428320258855817 0.73874244423583146
0.48319163094274692 0.35685447789728642 0.36428320258855817 0.73874244423583146
0.48828403879888349 0.34636781290173535 0.36428320258855817 0.73874244423583146
0.48828403879888349 0.35685447789728642 0.29615018777549268 0.73874244423583146
0.48828403879888349 0.35685447789728642 0.36428320258855817 0.8996997204609215
0.48319163094274692 0.34636781290173535 0.29615018777549268 0.8996997204609215
0.46519280713982875 0.21174040287733079 0.24346385598182679 0.1644680955260992
0.067405966017395264 0.21174040287733079 0.24346385598182679 0.1644680955260992
0.46519280713982875 0.23101278804242611 0.24346385598182679 0.1644680955260992
0.46519280713982875 0.21174040287733079 0.13224157057702543 0.1644680955260992
0.46519280713982875 0.21174040287733079 0.24346385598182679 0.22487165749073026
0.067405966017395264 0.23101278804242611 0.13224157057702543 0.22487165749073026
0.18425672105513513 0.37060574963688853 0.41305982992053036 0.86682995164766907
0.56268947669304903 0.37060574963688853 0.41305982992053036 0.86682995164766907
0.18425672105513513 0.42787696234881878 0.41305982992053036 0.86682995164766907
0.18425672105513513 0.37060574963688853 0.37255249246954925 0.86682995164766907
0.18425672105513513 0.37060574963688853 0.41305982992053036 0.9361439276486635
0.56268947669304903 0.42787696234881878 0.37255249246954925 0.9361439276486635
0.31370437587611372 0.11890867166221142 0.10137675851583482 0.50321102214977143
0.41208649775944645 0.11890867166221142 0.10137675851583482 0.50321102214977143
0.31370437587611372 0.3265821635723114 0.10137675851583482 0.50321102214977143
0.31370437587611372 0.11890867166221142 0.26673299334943296 0.50321102214977143
0.31370437587611372 0.11890867166221142 0.10137675851583482 0.61594961572438478
0.41208649775944645 0.3265821635723114 0.26673299334943296 0.61594961572438478
0.66126077831722796 0.46041547842323782 0.33034190610051156 0.53563975702971223
0.21672951001673935 0.46041547842323782 0.33034190610051156 0.53563975702971223
0.66126077831722796 0.12976853400468827 0.33034190610051156 0.53563975702971223
0.66126077831722796 0.46041547842323782 0.42573847696185119 0.53563975702971223
0.66126077831722796 0.46041547842323782 0.33034190610051156 0.27063683863729238
0.21672951001673935 0.12976853400468827 0.42573847696185119 0.27063683863729238
0.56299484735354777 0.18531977757811546 0.49958124570548534 0.6644123533181846
0.34425072330050166 0.18531977757811546 0.49958124570548534 0.6644123533181846
0.56299484735354777 0.26745646819472313 0.49958124570548534 0.6644123533181846
0.56299484735354777 0.18531977757811546 0.23834565207362177 0.6644123533181846
0.56299484735354777 0.18531977757811546 0.49958124570548534 0.68523872258141638
0.34425072330050166 0.26745646819472313 0.23834565207362177 0.68523872258141638
0.28723638560622927 0.4440020829439163 0.26905371136963369 0.32956171240657567
0.52943634763360015 0.4440020829439163 0.26905371136963369 0.32956171240657567
0.28723638560622927 0.46427267268300054 0.26905371136963369 0.32956171240657567
0.28723638560622927 0.4440020829439163 0.45356427095830443 0.32956171240657567
0.28723638560622927 0.4440020829439163 0.26905371136963369 0.47583203503862026
0.52943634763360015 0.46427267268300054 0.45356427095830443 0.47583203503862026
0.086387511342763901 0.29531692899763584 0.3571039941161871 0.9533893866091967
0.68891636682674284 0.29531692899763584 0.3571039941161871 0.9533893866091967
0.086387511342763901 0.36556422747671602 0.3571039941161871 0.9533893866091967
0.086387511342763901 0.29531692899763584 0.16033594235777857 0.9533893866091967
0.086387511342763901 0.29531692899763584 0.3571039941161871 0.03506758620962501
0.68891636682674284 0.36556422747671602 0.16033594235777857 0.03506758620962501
0.43896285155788056 0.3370315130800009 0.18594545461237433 0.06344943651929498
0.18349124980159104 0.3370315130800009 0.18594545461237433 0.06344943651929498
0.43896285155788056 0.16870396323502063 0.18594545461237433 0.06344943651929498
0.43896285155788056 0.3370315130800009 0.34423841796815396 0.06344943651929498
0.43896285155788056 0.3370315130800009 0.18594545461237433 0.85157585142180325
0.18349124980159104 0.16870396323502063 0.34423841796815396 0.85157585142180325
0.41130199278704815 0.13515186309814453 0.38084740601480005 0.3075209188088775
0.59022670104168351 0.13515186309814453 0.38084740601480005 0.3075209188088775
0.41130199278704815 0.10882197134196758 0.38084740601480005 0.3075209188088775
0.41130199278704815 0.13515186309814453 0.20363571755588056 0.3075209188088775
0.41130199278704815 0.13515186309814453 0.38084740601480005 0.70735983252525325
0.59022670104168351 0.10882197134196758 0.20363571755588056 0.70735983252525325
0.11389204324223101 0.49500007554888725 0.15032156147062781 0.70740105627104644
0.12098887991160154 0.49500007554888725 0.15032156147062781 0.70740105627104644
0.11389204324223101 0.31198182962834836 0.15032156147062781 0.70740105627104644
0.11389204324223101 0.49500007554888725 0.48846951499581337 0.70740105627104644
0.11389204324223101 0.49500007554888725 0.15032156147062781 0.42332702107727527
0.12098887991160154 0.31198182962834836 0.48846951499581337 0.42332702107727527
0.23807293814606961 0.24671161435544492 0.46336991302669051 0.083634112868458038
0.28492210404947399 0.24671161435544492 0.46336991302669051 0.083634112868458038
0.23807293814606961 0.41171565204858784 0.46336991302669051 0.083634112868458038
0.23807293814606961 0.24671161435544492 0.19416696839034558 0.083634112868458038
0.23807293814606961 0.24671161435544492 0.46336991302669051 0.13351932752877474
0.28492210404947399 0.41171565204858784 0.19416696839034558 0.13351932752877474
0.61231958321295676 0.38646690584719179 0.29221268780529497 0.90842493750154973
0.42503386870957904 0.38646690584719179 0.29221268780529497 0.90842493750154973
0.61231958321295676 0.20850219726562502 0.29221268780529497 0.90842493750154973
0.61231958321295676 0.38646690584719179 0.3102120764553547 0.90842493750154973
0.61231958321295676 0.38646690584719179 0.29221268780529497 0.78351174887269737
0.42503386870957904 0.20850219726562502 0.3102120764553547 0.78351174887269737
0.63845778927206986 0.26156041398644447 0.13723420053720475 0.78156548554077743
0.46130218049511307 0.26156041398644447 0.13723420053720475 0.78156548554077743
0.63845778927206986 0.19580286815762521 0.13723420053720475 0.78156548554077743
0.63845778927206986 0.26156041398644447 0.12262776568531991 0.78156548554077743
0.63845778927206986 0.26156041398644447 0.13723420053720475 0.18766807617619632
0.46130218049511307 0.19580286815762521 0.12262776568531991 0.18766807617619632
0.33602892616763708 0.32161581665277483 0.30682881250977517 0.25919656328856944
0.33132179160602387 0.32161581665277483 0.30682881250977517 0.25919656328856944
0.33602892616763708 0.39901222214102749 0.30682881250977517 0.25919656328856944
0.33602892616763708 0.32161581665277483 0.3823616068810225 0.25919656328856944
0.33602892616763708 0.32161581665277483 0.30682881250977517 0.94295619020238519
0.33132179160602387 0.39901222214102749 0.3823616068810225 0.94295619020238519
0.14042698508128523 0.1702910888940096 0.22014762461185455 0.6227566019818187
0.15597277949564159 0.1702910888940096 0.22014762461185455 0.6227566019818187
0.14042698508128523 0.49928164072334769 0.22014762461185455 0.6227566019818187
0.14042698508128523 0.1702910888940096 0.27566320076584816 0.6227566019818187
0.14042698508128523 0.1702910888940096 0.22014762461185455 0.53257660737261181
0.15597277949564159 0.49928164072334769 0.27566320076584816 0.53257660737261181
0.50949602033942931 0.4098631393164397 0.44911103472113612 0.41045456213876608
0.63539156503975391 0.4098631393164397 0.44911103472113612 0.41045456213876608
0.50949602033942931 0.29611939825117589 0.44911103472113612 0.41045456213876608
0.50949602033942931 0.4098631393164397 0.41661295406520371 0.41045456213876608
0.50949602033942931 0.4098631393164397 0.44911103472113612 0.38438995419070127
0.63539156503975391 0.29611939825117589 0.41661295406520371 0.38438995419070127
0.50671966411173341 0.26764921322464941 0.34155594222247598 0.072570377606898551
0.37405512374825772 0.26764921322464941 0.34155594222247598 0.072570377606898551
0.50671966411173341 0.20462494380772114 0.34155594222247598 0.072570377606898551
0.50671966411173341 0.26764921322464941 0.27259800694882874 0.072570377606898551
0.50671966411173341 0.26764921322464941 0.34155594222247598 0.44627763763070105
0.37405512374825772 0.20462494380772114 0.27259800694882874 0.44627763763070105
0.14272861825302241 0.30307698994874954 0.11417313106358051 0.958622505068779
0.4983224670402705 0.30307698994874954 0.11417313106358051 0.958622505068779
0.14272861825302241 0.40153651572763926 0.11417313106358051 0.958622505068779
0.14272861825302241 0.30307698994874954 0.43239136859774596 0.958622505068779
0.14272861825302241 0.30307698994874954 0.11417313106358051 0.71503516517579557
0.4983224670402705 0.40153651572763926 0.43239136859774596 0.71503516517579557
0.35404120711609716 0.15128075368702412 0.40258812271058564 0.35016796309500936
0.67938451990485182 0.15128075368702412 0.40258812271058564 0.35016796309500936
0.35404120711609716 0.30029207244515421 0.40258812271058564 0.35016796309500936
0.35404120711609716 0.15128075368702412 0.12559530697762966 0.35016796309500936
0.35404120711609716 0.15128075368702412 0.40258812271058564 0.76056130025535817
0.67938451990485182 0.30029207244515421 0.12559530697762966 0.76056130025535817
0.62092271093279117 0.41622508279979231 0.22833669222891331 0.68878703137859698
0.19425268876366314 0.41622508279979231 0.22833669222891331 0.68878703137859698
0.62092271093279117 0.10333033725619317 0.22833669222891331 0.68878703137859698
0.62092271093279117 0.41622508279979231 0.36668085083365443 0.68878703137859698
0.62092271093279117 0.41622508279979231 0.22833669222891331 0.12584382694214583
0.19425268876366314 0.10333033725619317 0.36668085083365443 0.12584382694214583
0.60462336721830068 0.14113090634346009 0.19835807979106904 0.51120490673929453
0.076918022520840165 0.14113090634346009 0.19835807979106904 0.51120490673929453
0.60462336721830068 0.29063081592321394 0.19835807979106904 0.51120490673929453
0.60462336721830068 0.14113090634346009 0.15370210036635401 0.51120490673929453
0.60462336721830068 0.14113090634346009 0.19835807979106904 0.96590593056753282
0.076918022520840165 0.29063081592321394 0.15370210036635401 0.96590593056753282
0.24561158143915235 0.47637569233775146 0.37104707583785057 0.48266399448737501
0.5518685793038457 0.47637569233775146 0.37104707583785057 0.48266399448737501
0.24561158143915235 0.48758883178234103 0.37104707583785057 0.48266399448737501
0.24561158143915235 0.47637569233775146 0.33840313516557219 0.48266399448737501
0.24561158143915235 0.47637569233775146 0.37104707583785057 0.19534241581335662
0.5518685793038457 0.48758883178234103 0.33840313516557219 0.19534241581335662
0.12666731406934559 0.22778664492070677 0.25899934321641926 0.86153666095808146
0.38222261467017227 0.22778664492070677 0.25899934321641926 0.86153666095808146
0.12666731406934559 0.38883613757789137 0.25899934321641926 0.86153666095808146
0.12666731406934559 0.22778664492070677 0.24419824406504631 0.86153666095808146
0.12666731406934559 0.22778664492070677 0.25899934321641926 0.3614404985867441
0.38222261467017227 0.38883613757789137 0.24419824406504631 0.3614404985867441
0.39868677421472959 0.39293879605829718 0.48481954112648962 0.15540637746453284
0.24782358566299079 0.39293879605829718 0.48481954112648962 0.15540637746453284
0.39868677421472959 0.19192256294190885 0.48481954112648962 0.15540637746453284
0.39868677421472959 0.39293879605829718 0.46018080376088621 0.15540637746453284
0.39868677421472959 0.39293879605829718 0.48481954112648962 0.52490198297426105
0.24782358566299079 0.19192256294190885 0.46018080376088621 0.52490198297426105
0.45157915977761143 0.19174427017569542 0.27963602989912034 0.39941803252324465
0.49114655889570707 0.19174427017569542 0.27963602989912034 0.39941803252324465
0.45157915977761143 0.13208939768373967 0.27963602989912034 0.39941803252324465
0.45157915977761143 0.19174427017569542 0.18832810930907729 0.39941803252324465
0.45157915977761143 0.19174427017569542 0.27963602989912034 0.91316364482045176
0.49114655889570707 0.13208939768373967 0.18832810930907729 0.91316364482045176
0.073613640107214454 0.4250299066305161 0.45232676342129707 0.61560812864452596
0.30024788896553212 0.4250299066305161 0.45232676342129707 0.61560812864452596
0.073613640107214454 0.33520491011440756 0.45232676342129707 0.61560812864452596
0.073613640107214454 0.4250299066305161 0.3035818107426167 0.61560812864452596
0.073613640107214454 0.4250299066305161 0.45232676342129707 0.21722602032124994
0.30024788896553212 0.33520491011440756 0.3035818107426167 0.21722602032124994
0.27969913221895693 0.27683759965002541 0.16527781486511231 0.23667659327387808
0.14648092021234332 0.27683759965002541 0.16527781486511231 0.23667659327387808
0.27969913221895693 0.43488532826304438 0.16527781486511231 0.23667659327387808
0.27969913221895693 0.27683759965002541 0.21025582663714887 0.23667659327387808
0.27969913221895693 0.27683759965002541 0.16527781486511231 0.29361740622669458
0.14648092021234332 0.43488532826304438 0.21025582663714887 0.29361740622669458
0.5706921433098614 0.34315541945397854 0.39109937474131584 0.75527732180431484
0.64619299164041877 0.34315541945397854 0.39109937474131584 0.75527732180431484
0.5706921433098614 0.23182303085923195 0.39109937474131584 0.75527732180431484
0.5706921433098614 0.34315541945397854 0.49431853070855147 0.75527732180431484
0.5706921433098614 0.34315541945397854 0.39109937474131584 0.62359496813267468
0.64619299164041877 0.23182303085923195 0.49431853070855147 0.62359496813267468
0.67879694630391896 0.21825045198202134 0.43533886335790162 0.93477255791425706
0.59977811560966077 0.21825045198202134 0.43533886335790162 0.93477255791425706
0.67879694630391896 0.16951115429401398 0.43533886335790162 0.93477255791425706
0.67879694630391896 0.21825045198202134 0.28232014551758766 0.93477255791425706
0.67879694630391896 0.21825045198202134 0.43533886335790162 0.45285262839868667
0.59977811560966077 0.16951115429401398 0.28232014551758766 0.45285262839868667
0.29569349451921878 0.35174332931637764 0.20795473791658881 0.10609367700293661
0.11020734058693051 0.35174332931637764 0.20795473791658881 0.10609367700293661
0.29569349451921878 0.37257564514875419 0.20795473791658881 0.10609367700293661
0.29569349451921878 0.35174332931637764 0.42247391454875471 0.10609367700293661
0.29569349451921878 0.35174332931637764 0.20795473791658881 0.67759407842531805
0.11020734058693051 0.37257564514875419 0.42247391454875471 0.67759407842531805
0.18195647778920826 0.10031939558684827 0.32137080244719984 0.7146089862845838
0.25509758871048688 0.10031939558684827 0.32137080244719984 0.7146089862845838
0.18195647778920826 0.47289236746728425 0.32137080244719984 0.7146089862845838
0.18195647778920826 0.10031939558684827 0.11675207093358041 0.7146089862845838
0.18195647778920826 0.10031939558684827 0.32137080244719984 0.87455542599782343
0.25509758871048688 0.47289236746728425 0.11675207093358041 0.87455542599782343
0.46797024332918219 0.46645401902496819 0.14711768217384816 0.31849704254418615
0.45616731210611755 0.46645401902496819 0.14711768217384816 0.31849704254418615
0.46797024332918219 0.26978038363158707 0.14711768217384816 0.31849704254418615
0.46797024332918219 0.46645401902496819 0.37571939639747143 0.31849704254418615
0.46797024332918219 0.46645401902496819 0.14711768217384816 0.042712062429636717
0.45616731210611755 0.26978038363158707 0.37571939639747143 0.042712062429636717
0.48550648153759535 0.11469321250915528 0.4700375650078058 0.82971294594928624
0.18125002486631275 0.11469321250915528 0.4700375650078058 0.82971294594928624
0.48550648153759535 0.35447437688708305 0.4700375650078058 0.82971294594928624
0.48550648153759535 0.11469321250915528 0.43963985405862338 0.82971294594928624
0.48550648153759535 0.11469321250915528 0.4700375650078058 0.83787652265280488
0.18125002486631275 0.35447437688708305 0.43963985405862338 0.83787652265280488
0.20456544603221116 0.45598645135760307 0.2989765848964453 0.18483657609671353
0.69111764770932493 0.45598645135760307 0.2989765848964453 0.18483657609671353
0.20456544603221116 0.15129039064049721 0.2989765848964453 0.18483657609671353
0.20456544603221116 0.45598645135760307 0.25559011921286584 0.18483657609671353
0.20456544603221116 0.45598645135760307 0.2989765848964453 0.079156379140913488
0.69111764770932493 0.15129039064049721 0.25559011921286584 0.079156379140913488
0.33401321223936969 0.2046700742095709 0.38731983490288258 0.54063587568700311
0.52719450402073553 0.2046700742095709 0.38731983490288258 0.54063587568700311
0.33401321223936969 0.25004307366907597 0.38731983490288258 0.54063587568700311
0.33401321223936969 0.2046700742095709 0.36138558648526675 0.54063587568700311
0.33401321223936969 0.2046700742095709 0.38731983490288258 0.49300433866679672
0.52719450402073553 0.25004307366907597 0.36138558648526675 0.49300433866679672
0.68157458347268396 0.36297995783388615 0.15689005665481093 0.45084140026941899
0.34645262286067002 0.36297995783388615 0.15689005665481093 0.45084140026941899
0.68157458347268396 0.4531826186925173 0.15689005665481093 0.45084140026941899
0.68157458347268396 0.36297995783388615 0.14611891433596613 0.45084140026941899
0.68157458347268396 0.36297995783388615 0.15689005665481093 0.63768442794680591
0.34645262286067002 0.4531826186925173 0.14611891433596613 0.63768442794680591
0.54268612721934906 0.2882694460451603 0.2136264331638813 0.38150848217308525
0.22908820561133325 0.2882694460451603 0.2136264331638813 0.38150848217308525
0.54268612721934906 0.34087007604539399 0.2136264331638813 0.38150848217308525
0.54268612721934906 0.2882694460451603 0.33353537842631342 0.38150848217308525
0.54268612721934906 0.2882694460451603 0.2136264331638813 0.31818377329036596
0.22908820561133325 0.34087007604539399 0.33353537842631342 0.31818377329036596
0.26692269667983054 0.3293798223137856 0.4424936458468437 0.65888111362233759
0.39968847800046198 0.3293798223137856 0.4424936458468437 0.65888111362233759
0.26692269667983054 0.13773405961692334 0.4424936458468437 0.65888111362233759
0.26692269667983054 0.3293798223137856 0.17457949779927731 0.65888111362233759
0.26692269667983054 0.3293798223137856 0.4424936458468437 0.59878467207774522
0.39968847800046198 0.13773405961692334 0.17457949779927731 0.59878467207774522
0.066073720715940004 0.18108148463070395 0.13051760718226435 0.042665587943047284
0.57504755118861794 0.18108148463070395 0.13051760718226435 0.042665587943047284
0.066073720715940004 0.23897851407527926 0.13051760718226435 0.042665587943047284
0.066073720715940004 0.18108148463070395 0.46778303012251854 0.042665587943047284
0.066073720715940004 0.18108148463070395 0.13051760718226435 0.89206249469891186
0.57504755118861794 0.23897851407527926 0.46778303012251854 0.89206249469891186
0.41865401035174721 0.43959894292056567 0.30001620054244993 0.98996380176395182
0.055008567357435825 0.43959894292056567 0.30001620054244993 0.98996380176395182
0.41865401035174721 0.44216469377279288 0.30001620054244993 0.98996380176395182
0.41865401035174721 0.43959894292056567 0.2276178177446127 0.98996380176395182
0.41865401035174721 0.43959894292056567 0.30001620054244993 0.2385636262781918
0.055008567357435825 0.44216469377279288 0.2276178177446127 0.2385636262781918
0.39099078825674943 0.23844953030347826 0.10740899667143822 0.74403526762500405
0.62303399662487202 0.23844953030347826 0.10740899667143822 0.74403526762500405
0.39099078825674943 0.48223462477326395 0.10740899667143822 0.74403526762500405
0.39099078825674943 0.23844953030347826 0.32450751177966597 0.74403526762500405
0.39099078825674943 0.23844953030347826 0.10740899667143822 0.34031224321573972
0.62303399662487202 0.48223462477326395 0.32450751177966597 0.34031224321573972
0.093575889291241762 0.37836965993046767 0.33627484738826752 0.28667723752558233
0.16837036944925782 0.37836965993046767 0.33627484738826752 0.28667723752558233
0.093575889291241762 0.28544416949152951 0.33627484738826752 0.28667723752558233
0.093575889291241762 0.37836965993046767 0.18341204896569252 0.28667723752558233
0.093575889291241762 0.37836965993046767 0.33627484738826752 0.54627229813486333
0.16837036944925782 0.28544416949152951 0.18341204896569252 0.54627229813486333
0.21775665343739092 0.12969897203147412 0.24930069223046303 0.90295353051275018
0.31896360209211705 0.12969897203147412 0.24930069223046303 0.90295353051275018
0.21775665343739092 0.1851274598389864 0.24930069223046303 0.90295353051275018
0.21775665343739092 0.12969897203147412 0.47768980078399181 0.90295353051275018
0.21775665343739092 0.12969897203147412 0.24930069223046303 0.99050687603652476
0.31896360209211705 0.1851274598389864 0.47768980078399181 0.99050687603652476
0.59200826729647815 0.49015137739479542 0.41879754811525349 0.13552108643576502
0.47370039154775434 0.49015137739479542 0.41879754811525349 0.13552108643576502
0.59200826729647815 0.38196540810167789 0.41879754811525349 0.13552108643576502
0.59200826729647815 0.49015137739479542 0.21790635660290719 0.13552108643576502
0.59200826729647815 0.49015137739479542 0.41879754811525349 0.17050688371062278
0.47370039154775434 0.38196540810167789 0.21790635660290719 0.17050688371062278
0.65877395775169134 0.16486103162169458 0.35131592042744164 0.20676711600273845
0.42727559851482505 0.16486103162169458 0.35131592042744164 0.20676711600273845
0.65877395775169134 0.41926502995193005 0.35131592042744164 0.20676711600273845
0.65877395775169134 0.16486103162169458 0.4055158562958241 0.20676711600273845
0.65877395775169134 0.16486103162169458 0.35131592042744164 0.80068030131980772
0.42727559851482505 0.41926502995193005 0.4055158562958241 0.80068030131980772
0.35634012585505837 0.40498855412006385 0.18025663010776044 0.78662140769883993
0.28271977589465674 0.40498855412006385 0.18025663010776044 0.78662140769883993
0.35634012585505837 0.2224250789731741 0.18025663010776044 0.78662140769883993
0.35634012585505837 0.40498855412006385 0.28951880149543285 0.78662140769883993
0.35634012585505837 0.40498855412006385 0.18025663010776044 0.085961281713098289
0.28271977589465674 0.2224250789731741 0.28951880149543285 0.085961281713098289
0.16073830584064125 0.25327548421919344 0.49359794892370701 0.43076323920860887
0.12322999103926122 0.25327548421919344 0.49359794892370701 0.43076323920860887
0.16073830584064125 0.12274464815855027 0.49359794892370701 0.43076323920860887
0.16073830584064125 0.25327548421919344 0.39619317427277567 0.43076323920860887
0.16073830584064125 0.25327548421919344 0.49359794892370701 0.4096239703334868
0.12322999103926122 0.12274464815855027 0.39619317427277567 0.4096239703334868
0.52981229051947587 0.31354446969926358 0.26316948495805265 0.58569942168891431
0.58802499156445265 0.31354446969926358 0.26316948495805265 0.58569942168891431
0.52981229051947587 0.31953138411045079 0.26316948495805265 0.58569942168891431
0.52981229051947587 0.31354446969926358 0.11150663606822492 0.58569942168891431
0.52981229051947587 0.31354446969926358 0.26316948495805265 0.75144490348175164
0.58802499156445265 0.31953138411045079 0.11150663606822492 0.75144490348175164
