0.52873899326659735 0.16460343860089779 0.45907836258411405 0.4235255200286920
0.65448199217207725 0.16460343860089779 0.45907836258411405 0.4235255200286920
0.52873899326659735 0.45384189337491987 0.45907836258411405 0.4235255200286920
0.52873899326659735 0.16460343860089779 0.18471871502697468 0.4235255200286920
0.52873899326659735 0.16460343860089779 0.45907836258411405 0.3185358383751000
0.65448199217207725 0.45384189337491987 0.18471871502697468 0.3185358383751000
0.1614947638940066 0.40612276531755931 0.28480073437094688 0.2147784119657180
0.13414492076262829 0.40612276531755931 0.28480073437094688 0.2147784119657180
0.1614947638940066 0.25075098574161531 0.28480073437094688 0.2147784119657180
0.1614947638940066 0.40612276531755931 0.32024624496698384 0.2147784119657180
0.1614947638940066 0.40612276531755931 0.28480073437094688 0.4071910325251530
0.13414492076262829 0.25075098574161531 0.32024624496698384 0.4071910325251530
0.35677958852611474 0.254314124584198 0.39843695312738425 0.4686872866557020
0.3098113980144262 0.254314124584198 0.39843695312738425 0.4686872866557020
0.35677958852611474 0.15107075981795789 0.39843695312738425 0.4686872866557020
0.35677958852611474 0.254314124584198 0.21279100365936757 0.4686872866557020
0.35677958852611474 0.254314124584198 0.39843695312738425 0.4616498353930880
0.3098113980144262 0.15107075981795789 0.21279100365936757 0.4616498353930880
0.65865257647819808 0.31319171115756039 0.17102851048111917 0.1059904517727030
0.48007515217177565 0.31319171115756039 0.17102851048111917 0.1059904517727030
0.65865257647819808 0.35410807095468044 0.17102851048111917 0.1059904517727030
0.65865257647819808 0.31319171115756039 0.47950956672430045 0.1059904517727030
0.65865257647819808 0.31319171115756039 0.17102851048111917 0.0200328231145787
0.48007515217177565 0.35410807095468044 0.47950956672430045 0.0200328231145787
0.59085539067164061 0.23790222294628621 0.20257025472819806 0.1882436598878390
0.44399040844291443 0.23790222294628621 0.20257025472819806 0.1882436598878390
0.59085539067164061 0.44140795357525353 0.20257025472819806 0.1882436598878390
0.59085539067164061 0.23790222294628621 0.29072666615247728 0.1882436598878390
0.59085539067164061 0.23790222294628621 0.20257025472819806 0.4807582959446520
0.44399040844291443 0.44140795357525353 0.29072666615247728 0.4807582959446520
0.21859284341335294 0.37960437647998335 0.42841632254421713 0.4492025145007630
0.26354553489945826 0.37960437647998335 0.42841632254421713 0.4492025145007630
0.21859284341335294 0.23836806751787665 0.42841632254421713 0.4492025145007630
0.21859284341335294 0.37960437647998335 0.40135415382683282 0.4492025145007630
0.21859284341335294 0.37960437647998335 0.42841632254421713 0.1859924820901770
0.26354553489945826 0.23836806751787665 0.40135415382683282 0.1859924820901770
0.094094309024512768 0.13102773204445839 0.14153794012963772 0.3039931294479420
0.099294990906491881 0.13102773204445839 0.14153794012963772 0.3039931294479420
0.094094309024512768 0.13805153742432597 0.14153794012963772 0.3039931294479420
0.094094309024512768 0.13102773204445839 0.10629477053880693 0.3039931294479420
0.094094309024512768 0.13102773204445839 0.14153794012963772 0.2155231002041330
0.099294990906491881 0.13805153742432597 0.10629477053880693 0.2155231002041330
0.39079029252752656 0.48969770818948744 0.31425299085676672 0.3702158592052060
0.60950053157284856 0.48969770818948744 0.31425299085676672 0.3702158592052060
0.39079029252752656 0.34113853499293328 0.31425299085676672 0.3702158592052060
0.39079029252752656 0.48969770818948744 0.39810868985950953 0.3702158592052060
0.39079029252752656 0.48969770818948744 0.31425299085676672 0.3762860683331880
0.60950053157284856 0.34113853499293328 0.39810868985950953 0.3762860683331880
0.41885001189075405 0.2885033767670393 0.12129177115857602 0.4541243316654940
0.20246768891811368 0.2885033767670393 0.12129177115857602 0.4541243316654940
0.41885001189075405 0.3813061326742172 0.12129177115857602 0.4541243316654940
0.41885001189075405 0.2885033767670393 0.25123004950582983 0.4541243316654940
0.41885001189075405 0.2885033767670393 0.12129177115857602 0.4871595808997940
0.20246768891811368 0.3813061326742172 0.25123004950582983 0.4871595808997940
0.065561034949496388 0.32827080078423021 0.34713647700846195 0.1602149913125380
0.66759921493940055 0.32827080078423021 0.34713647700846195 0.1602149913125380
0.065561034949496388 0.18441954702138902 0.34713647700846195 0.1602149913125380
0.065561034949496388 0.32827080078423021 0.44065545499324799 0.1602149913125380
0.065561034949496388 0.32827080078423021 0.34713647700846195 0.1482544996752000
0.66759921493940055 0.18441954702138902 0.44065545499324799 0.1482544996752000
0.26609224067069587 0.18006648272275927 0.23525997810065746 0.3629045813560990
0.50780205992050464 0.18006648272275927 0.23525997810065746 0.3629045813560990
0.26609224067069587 0.28566380105912687 0.23525997810065746 0.3629045813560990
0.26609224067069587 0.18006648272275927 0.14823279120028021 0.3629045813560990
0.26609224067069587 0.18006648272275927 0.23525997810065746 0.2727745324251390
0.50780205992050464 0.28566380105912687 0.14823279120028021 0.2727745324251390
0.54383450965397051 0.43992653563618667 0.40797329135239124 0.3224524667365790
0.36354432730004188 0.43992653563618667 0.40797329135239124 0.3224524667365790
0.54383450965397051 0.48260093145072458 0.40797329135239124 0.3224524667365790
0.54383450965397051 0.43992653563618667 0.35636597871780396 0.3224524667365790
0.54383450965397051 0.43992653563618667 0.40797329135239124 0.3478224019589930
0.36354432730004188 0.48260093145072458 0.35636597871780396 0.3478224019589930
0.68169147055596113 0.11521688140928746 0.36529569476842882 0.2671221630462420
0.23587952875532209 0.11521688140928746 0.36529569476842882 0.2671221630462420
0.68169147055596113 0.32028812505304816 0.36529569476842882 0.2671221630462420
0.68169147055596113 0.11521688140928746 0.17012596726417542 0.2671221630462420
0.68169147055596113 0.11521688140928746 0.36529569476842882 0.2998778269961280
0.23587952875532209 0.32028812505304816 0.17012596726417542 0.2998778269961280
0.33357948353514072 0.45477690063416965 0.19101975634694102 0.3895434303915110
0.39027840280905363 0.45477690063416965 0.19101975634694102 0.3895434303915110
0.33357948353514072 0.12335509546101094 0.19101975634694102 0.3895434303915110
0.33357948353514072 0.45477690063416965 0.3346436772495508 0.3895434303915110
0.33357948353514072 0.45477690063416965 0.19101975634694102 0.4102405660262830
0.39027840280905363 0.12335509546101094 0.3346436772495508 0.4102405660262830
0.20381472194567318 0.20336497649550439 0.47965404391288757 0.0286116401190216
0.54119899217039347 0.20336497649550439 0.47965404391288757 0.0286116401190216
0.20381472194567318 0.22210760042071342 0.47965404391288757 0.0286116401190216
0.20381472194567318 0.20336497649550439 0.22962984144687654 0.0286116401190216
0.20381472194567318 0.20336497649550439 0.47965404391288757 0.4357411532627250
0.54119899217039347 0.22210760042071342 0.22962984144687654 0.4357411532627250
0.48657528460025778 0.36340843737125395 0.25224691554903989 0.4951204652454090
0.086238364642485965 0.36340843737125395 0.25224691554903989 0.4951204652454090
0.48657528460025778 0.41899657025933268 0.25224691554903989 0.4951204652454090
0.48657528460025778 0.36340843737125395 0.46286603845655916 0.4951204652454090
0.48657528460025778 0.36340843737125395 0.25224691554903989 0.1198118775434550
0.086238364642485965 0.41899657025933268 0.46286603845655916 0.1198118775434550
0.46872708760201925 0.21789749152958393 0.33049976304173467 0.2882277470026320
0.46135951047763224 0.21789749152958393 0.33049976304173467 0.2882277470026320
0.46872708760201925 0.10369645319879056 0.33049976304173467 0.2882277470026320
0.46872708760201925 0.21789749152958393 0.30166441388428211 0.2882277470026320
0.46872708760201925 0.21789749152958393 0.33049976304173467 0.4472193103413140
0.46135951047763224 0.10369645319879056 0.30166441388428211 0.4472193103413140
0.18088294686749579 0.35278217308223248 0.10009580701589585 0.3816762684988680
0.32725748424418266 0.35278217308223248 0.10009580701589585 0.3816762684988680
0.18088294686749579 0.30051189474761486 0.10009580701589585 0.3816762684988680
0.18088294686749579 0.35278217308223248 0.19354114383459092 0.3816762684988680
0.18088294686749579 0.35278217308223248 0.10009580701589585 0.0905434907587928
0.32725748424418266 0.30051189474761486 0.19354114383459092 0.0905434907587928
0.29557234449312086 0.10145340338349343 0.41360845491290099 0.2071846637533210
0.15730399931780992 0.10145340338349343 0.41360845491290099 0.2071846637533210
0.29557234449312086 0.40082841217517851 0.41360845491290099 0.2071846637533210
0.29557234449312086 0.10145340338349343 0.49848211891949179 0.2071846637533210
0.29557234449312086 0.10145340338349343 0.41360845491290099 0.2796887995300190
0.15730399931780992 0.40082841217517851 0.49848211891949179 0.2796887995300190
0.67923602033406494 0.46619662791490557 0.24257348179817201 0.4393759847324080
0.63259246908128253 0.46619662791490557 0.24257348179817201 0.4393759847324080
0.67923602033406494 0.20396585911512377 0.24257348179817201 0.4393759847324080
0.67923602033406494 0.46619662791490557 0.20904679447412491 0.4393759847324080
0.67923602033406494 0.46619662791490557 0.24257348179817201 0.4237626425283530
0.63259246908128253 0.20396585911512377 0.20904679447412491 0.4237626425283530
0.57152794706635179 0.19129080437123777 0.18739887811243536 0.4773895835961050
0.59647797434590755 0.19129080437123777 0.18739887811243536 0.4773895835961050
0.57152794706635179 0.19165391251444819 0.18739887811243536 0.4773895835961050
0.57152794706635179 0.19129080437123777 0.42065608054399495 0.4773895835961050
0.57152794706635179 0.19129080437123777 0.18739887811243536 0.2596110895897270
0.59647797434590755 0.19165391251444819 0.42065608054399495 0.2596110895897270
0.27854648926295339 0.42635846473276617 0.35687122605741028 0.0814315057816699
0.11104805078357458 0.42635846473276617 0.35687122605741028 0.0814315057816699
0.27854648926295339 0.38851884976029394 0.35687122605741028 0.0814315057816699
0.27854648926295339 0.42635846473276617 0.28743438012897971 0.0814315057816699
0.27854648926295339 0.42635846473276617 0.35687122605741028 0.3581574786028530
0.11104805078357458 0.38851884976029394 0.28743438012897971 0.3581574786028530
0.07341291313059628 0.27807251811027528 0.2701164621859789 0.4134131186833590
0.29243731023743746 0.27807251811027528 0.2701164621859789 0.4134131186833590
0.07341291313059628 0.48819908834993841 0.2701164621859789 0.4134131186833590
0.07341291313059628 0.27807251811027528 0.37997873276472094 0.4134131186833590
0.07341291313059628 0.27807251811027528 0.2701164621859789 0.4926808099981180
0.29243731023743746 0.48819908834993841 0.37997873276472094 0.4926808099981180
0.45209796815179282 0.34260790869593621 0.49895799569785593 0.2336384877737160
0.41636813045479348 0.34260790869593621 0.49895799569785593 0.2336384877737160
0.45209796815179282 0.29138774760067465 0.49895799569785593 0.2336384877737160
0.45209796815179282 0.34260790869593621 0.1154465276747942 0.2336384877737160
0.45209796815179282 0.34260790869593621 0.49895799569785593 0.1323991238979260
0.41636813045479348 0.29138774760067465 0.1154465276747942 0.1323991238979260
0.3981736998073756 0.14145867861807349 0.2936158049851656 0.0556065798365158
0.33467250945977861 0.14145867861807349 0.2936158049851656 0.0556065798365158
0.3981736998073756 0.23145691566169263 0.2936158049851656 0.0556065798365158
0.3981736998073756 0.14145867861807349 0.43731333948671824 0.0556065798365158
0.3981736998073756 0.14145867861807349 0.2936158049851656 0.2283839536930270
0.33467250945977861 0.23145691566169263 0.43731333948671824 0.2283839536930270
0.12686354685574769 0.47536051236093047 0.46308989040553572 0.4868770482354190
0.53540431261062615 0.47536051236093047 0.46308989040553572 0.4868770482354190
0.12686354685574769 0.43466550670564175 0.46308989040553572 0.4868770482354190
0.12686354685574769 0.47536051236093047 0.27058180570602419 0.4868770482354190
0.12686354685574769 0.47536051236093047 0.46308989040553572 0.3678122810747980
0.53540431261062615 0.43466550670564175 0.27058180570602419 0.3678122810747980
0.2467597302049398 0.22667780146002769 0.15133391059935095 0.2496238177826890
0.68060212461277836 0.22667780146002769 0.15133391059935095 0.2496238177826890
0.2467597302049398 0.33591301292181019 0.15133391059935095 0.2496238177826890
0.2467597302049398 0.22667780146002769 0.36556756533682344 0.2496238177826890
0.2467597302049398 0.22667780146002769 0.15133391059935095 0.4740730691439010
0.68060212461277836 0.33591301292181019 0.36556756533682344 0.4740730691439010
0.60379329742863774 0.39317254722118378 0.38017680607736115 0.4003162150381860
0.19073434439487752 0.39317254722118378 0.38017680607736115 0.4003162150381860
0.60379329742863774 0.132748481631279 0.38017680607736115 0.4003162150381860
0.60379329742863774 0.39317254722118378 0.13005300462245942 0.4003162150381860
0.60379329742863774 0.39317254722118378 0.38017680607736115 0.2020471564434160
0.19073434439487752 0.132748481631279 0.13005300462245942 0.2020471564434160
0.62048937086947253 0.26807751469314101 0.44922163709998131 0.3505287632904520
0.063059628847986465 0.26807751469314101 0.44922163709998131 0.3505287632904520
0.62048937086947253 0.27004903331398966 0.44922163709998131 0.3505287632904520
0.62048937086947253 0.26807751469314101 0.3434178024530411 0.3505287632904520
0.62048937086947253 0.26807751469314101 0.44922163709998131 0.4498022519111150
0.063059628847986465 0.27004903331398966 0.3434178024530411 0.4498022519111150
0.35415786295197899 0.30177207179367543 0.21881636679172517 0.3365424182872550
0.56310822092927992 0.30177207179367543 0.21881636679172517 0.3365424182872550
0.35415786295197899 0.47320965453982355 0.21881636679172517 0.3365424182872550
0.35415786295197899 0.30177207179367543 0.15159243978559972 0.3365424182872550
0.35415786295197899 0.30177207179367543 0.21881636679172517 0.0567875012347722
0.56310822092927992 0.47320965453982355 0.15159243978559972 0.0567875012347722
0.14379765498451888 0.15007102340459824 0.30733008757233621 0.4633074354366880
0.40901401168666773 0.15007102340459824 0.30733008757233621 0.4633074354366880
0.14379765498451888 0.37196538932621481 0.30733008757233621 0.4633074354366880
0.14379765498451888 0.15007102340459824 0.4591701328754425 0.4633074354366880
0.14379765498451888 0.15007102340459824 0.30733008757233621 0.3351951899159400
0.40901401168666773 0.37196538932621481 0.4591701328754425 0.3351951899159400
0.5059685538057237 0.41674892976880074 0.13629342466592789 0.1385788097675530
0.218413426913321 0.41674892976880074 0.13629342466592789 0.1385788097675530
0.5059685538057237 0.16875422336161139 0.13629342466592789 0.1385788097675530
0.5059685538057237 0.41674892976880074 0.24855409003794193 0.1385788097675530
0.5059685538057237 0.41674892976880074 0.13629342466592789 0.3940693249065370
0.218413426913321 0.16875422336161139 0.24855409003794193 0.3940693249065370
0.50842775967903431 0.2620878856629133 0.22937345542013646 0.2383687936056430
0.60725860805250698 0.2620878856629133 0.22937345542013646 0.2383687936056430
0.50842775967903431 0.13037879057228566 0.22937345542013646 0.2383687936056430
0.50842775967903431 0.2620878856629133 0.4933880556374789 0.2383687936056430
0.50842775967903431 0.2620878856629133 0.22937345542013646 0.3708649731228410
0.60725860805250698 0.13037879057228566 0.4933880556374789 0.3708649731228410
0.14117856151424346 0.32041009254753594 0.40199076496064667 0.4149012089261110
0.10149697037413716 0.32041009254753594 0.40199076496064667 0.4149012089261110
0.14117856151424346 0.32733909524977212 0.40199076496064667 0.4149012089261110
0.14117856151424346 0.32041009254753594 0.20162218958139422 0.4149012089261110
0.14117856151424346 0.32041009254753594 0.40199076496064667 0.2418108003869370
0.10149697037413716 0.32733909524977212 0.20162218958139422 0.2418108003869370
0.33646335224620993 0.16898216456174853 0.11560066230595112 0.0976683480636949
0.26130423005670306 0.16898216456174853 0.11560066230595112 0.0976683480636949
0.33646335224620993 0.42760831192135818 0.11560066230595112 0.0976683480636949
0.33646335224620993 0.16898216456174853 0.3091022271662951 0.0976683480636949
0.33646335224620993 0.16898216456174853 0.11560066230595112 0.1971297992792150
0.26130423005670306 0.42760831192135818 0.3091022271662951 0.1971297992792150
0.63834128961898384 0.41028781607747078 0.34134916178882124 0.4837240340146360
0.44619176923297338 0.41028781607747078 0.34134916178882124 0.4837240340146360
0.63834128961898384 0.23069550022482874 0.34134916178882124 0.4837240340146360
0.63834128961898384 0.41028781607747078 0.19862199872732164 0.4837240340146360
0.63834128961898384 0.41028781607747078 0.34134916178882124 0.4676474565057990
0.44619176923297338 0.23069550022482874 0.19862199872732164 0.4676474565057990
0.61117158820852635 0.13538351692259312 0.4853940583765507 0.4319177687443390
0.4924331467598676 0.13538351692259312 0.4853940583765507 0.4319177687443390
0.61117158820852635 0.16799585968255998 0.4853940583765507 0.4319177687443390
0.61117158820852635 0.13538351692259312 0.38737971037626273 0.4319177687443390
0.61117158820852635 0.13538351692259312 0.4853940583765507 0.0635659487732149
0.4924331467598676 0.16799585968255998 0.38737971037626273 0.0635659487732149
0.23890409152954817 0.49388875328004367 0.25808298140764241 0.1946382726308220
0.29741407926194369 0.49388875328004367 0.25808298140764241 0.1946382726308220
0.23890409152954817 0.36490514278411867 0.25808298140764241 0.1946382726308220
0.23890409152954817 0.49388875328004367 0.12051543779671192 0.1946382726308220
0.23890409152954817 0.49388875328004367 0.25808298140764241 0.4566628909633570
0.29741407926194369 0.36490514278411867 0.12051543779671192 0.4566628909633570
0.1144055813550949 0.24569891318678858 0.37123092040419581 0.3800369002867430
0.14650353644974529 0.24569891318678858 0.37123092040419581 0.3800369002867430
0.1144055813550949 0.46463878862559793 0.37123092040419581 0.3800369002867430
0.1144055813550949 0.24569891318678858 0.41559885293245313 0.3800369002867430
0.1144055813550949 0.24569891318678858 0.37123092040419581 0.3912384338073160
0.14650353644974529 0.46463878862559793 0.41559885293245313 0.3912384338073160
0.4111065336503088 0.38679677546024327 0.19705123603343966 0.2840673317479530
0.64208405232056975 0.38679677546024327 0.19705123603343966 0.2840673317479530
0.4111065336503088 0.26767629049718378 0.19705123603343966 0.2840673317479530
0.4111065336503088 0.38679677546024327 0.28002172000706194 0.2840673317479530
0.4111065336503088 0.38679677546024327 0.19705123603343966 0.3248951574605120
0.64208405232056975 0.26767629049718378 0.28002172000706194 0.3248951574605120
0.43916373471729453 0.1847701694816351 0.39162358567118649 0.1310790948648940
0.073880250193178648 0.1847701694816351 0.39162358567118649 0.1310790948648940
0.43916373471729453 0.20789194144308568 0.39162358567118649 0.1310790948648940
0.43916373471729453 0.1847701694816351 0.37063852585852153 0.1310790948648940
0.43916373471729453 0.1847701694816351 0.39162358567118649 0.0841754562267892
0.073880250193178648 0.20789194144308568 0.37063852585852153 0.0841754562267892
0.085869788983836765 0.4452345225960016 0.16431419849395751 0.4615007350753840
0.5535971281584352 0.4452345225960016 0.16431419849395751 0.4615007350753840
0.085869788983836765 0.41095872111618525 0.16431419849395751 0.4615007350753840
0.085869788983836765 0.4452345225960016 0.13745193183422089 0.4615007350753840
0.085869788983836765 0.4452345225960016 0.16431419849395751 0.4401069344468430
0.5535971281584352 0.41095872111618525 0.13745193183422089 0.4401069344468430
0.28640104797668753 0.29664796590805054 0.45246020630002026 0.3269403245958390
0.37792090945877127 0.29664796590805054 0.45246020630002026 0.3269403245958390
0.28640104797668753 0.31225047931075101 0.45246020630002026 0.3269403245958390
0.28640104797668753 0.29664796590805054 0.42989862896502018 0.3269403245958390
0.28640104797668753 0.29664796590805054 0.45246020630002026 0.4262901669472450
0.37792090945877127 0.31225047931075101 0.42989862896502018 0.4262901669472450
0.56414826638065274 0.33658014461398122 0.27828183621168134 0.3396389032426200
0.24827704364433884 0.33658014461398122 0.27828183621168134 0.3396389032426200
0.56414826638065274 0.10913925841450692 0.27828183621168134 0.3396389032426200
0.56414826638065274 0.33658014461398122 0.26552662849426267 0.3396389032426200
0.56414826638065274 0.33658014461398122 0.27828183621168134 0.2914180477596800
0.24827704364433884 0.10913925841450692 0.26552662849426267 0.2914180477596800
0.66138270199298854 0.2114866364747286 0.14810719080269338 0.4092893373074300
0.36578551349230104 0.2114866364747286 0.14810719080269338 0.4092893373074300
0.66138270199298854 0.29682750105857847 0.14810719080269338 0.4092893373074300
0.66138270199298854 0.2114866364747286 0.45174300074577334 0.4092893373074300
0.66138270199298854 0.2114866364747286 0.14810719080269338 0.3549926179498480
0.36578551349230104 0.29682750105857847 0.45174300074577334 0.3549926179498480
0.31326576555147762 0.3717437636107207 0.32072313837707045 0.2615715600623010
0.50560027537867425 0.3717437636107207 0.32072313837707045 0.2615715600623010
0.31326576555147762 0.49994072467088702 0.32072313837707045 0.2615715600623010
0.31326576555147762 0.3717437636107207 0.24346255399286748 0.2615715600623010
0.31326576555147762 0.3717437636107207 0.32072313837707045 0.2467963344397990
0.50560027537867425 0.49994072467088702 0.24346255399286748 0.2467963344397990
0.18350096037611363 0.11994350925087929 0.20933491922914982 0.4885019381998250
0.66984101980924604 0.11994350925087929 0.20933491922914982 0.4885019381998250
0.18350096037611363 0.39864610694348812 0.20933491922914982 0.4885019381998250
0.18350096037611363 0.11994350925087929 0.34850118458271029 0.4885019381998250
0.18350096037611363 0.11994350925087929 0.20933491922914982 0.1381154150421740
0.66984101980924604 0.39864610694348812 0.34850118458271029 0.1381154150421740
0.46626649182289831 0.46005889326334004 0.43508168123662472 0.0645110906333762
0.20026528569869695 0.46005889326334004 0.43508168123662472 0.0645110906333762
0.46626649182289831 0.1955830466002226 0.43508168123662472 0.0645110906333762
0.46626649182289831 0.46005889326334004 0.15902772583067418 0.0645110906333762
0.46626649182289831 0.46005889326334004 0.43508168123662472 0.4985269904684810
0.20026528569869695 0.1955830466002226 0.15902772583067418 0.4985269904684810
0.48903584647923704 0.10869467295706273 0.15707394890487195 0.3677505495109710
0.43443870814517133 0.10869467295706273 0.15707394890487195 0.3677505495109710
0.48903584647923704 0.4802342914044857 0.15707394890487195 0.3677505495109710
0.48903584647923704 0.10869467295706273 0.22019233889877798 0.3677505495109710
0.48903584647923704 0.10869467295706273 0.15707394890487195 0.1646113884837730
0.43443870814517133 0.4802342914044857 0.22019233889877798 0.1646113884837730
0.20119667453691359 0.4736514803022146 0.38601284809410574 0.2990758697869110
0.27432678849436337 0.4736514803022146 0.38601284809410574 0.2990758697869110
0.20119667453691359 0.27709903791546819 0.38601284809410574 0.2990758697869110
0.20119667453691359 0.4736514803022146 0.48457730859518056 0.2990758697869110
0.20119667453691359 0.4736514803022146 0.38601284809410574 0.4891605486415270
0.27432678849436337 0.27709903791546819 0.48457730859518056 0.4891605486415270
0.31588609637692566 0.22194199785590174 0.29955105446279051 0.4414088723063450
0.12911924957297743 0.22194199785590174 0.29955105446279051 0.4414088723063450
0.31588609637692566 0.17736540473997595 0.29955105446279051 0.4414088723063450
0.31588609637692566 0.22194199785590174 0.17966112978756429 0.4414088723063450
0.31588609637692566 0.22194199785590174 0.29955105446279051 0.3378960660312680
0.12911924957297743 0.17736540473997595 0.17966112978756429 0.3378960660312680
0.69954482279717922 0.35738215148448949 0.46912134625017643 0.1737816610506560
0.57836683150380852 0.35738215148448949 0.46912134625017643 0.1737816610506560
0.69954482279717922 0.38055387325584888 0.46912134625017643 0.1737816610506560
0.69954482279717922 0.35738215148448949 0.31283475309610365 0.1737816610506560
0.69954482279717922 0.35738215148448949 0.46912134625017643 0.2687124675870010
0.57836683150380852 0.38055387325584888 0.31283475309610365 0.2687124675870010
0.55121423392556601 0.28209113888442516 0.30144358873367311 0.1228522801225170
0.62463796730153254 0.28209113888442516 0.30144358873367311 0.1228522801225170
0.55121423392556601 0.4182412590831518 0.30144358873367311 0.1228522801225170
0.55121423392556601 0.28209113888442516 0.10120030194520951 0.1228522801225170
0.55121423392556601 0.28209113888442516 0.30144358873367311 0.4181288988772140
0.62463796730153254 0.4182412590831518 0.10120030194520951 0.4181288988772140
0.25823772554285823 0.34723072238266472 0.13031087443232536 0.4757594731179850
0.16521917693316934 0.34723072238266472 0.13031087443232536 0.4757594731179850
0.25823772554285823 0.21505650989711286 0.13031087443232536 0.4757594731179850
0.25823772554285823 0.34723072238266472 0.39068520553410058 0.4757594731179850
0.25823772554285823 0.34723072238266472 0.13031087443232536 0.3036013610783510
0.16521917693316934 0.21505650989711286 0.39068520553410058 0.3036013610783510
0.053104115510359408 0.19855797141790391 0.44353055208921432 0.2209076974038520
0.319303601142019 0.19855797141790391 0.44353055208921432 0.2209076974038520
0.053104115510359408 0.11478728055953979 0.44353055208921432 0.2209076974038520
0.053104115510359408 0.19855797141790391 0.29816488474607472 0.2209076974038520
0.053104115510359408 0.19855797141790391 0.44353055208921432 0.1016354521387860
0.319303601142019 0.11478728055953979 0.29816488474607472 0.1016354521387860
0.43178420173935583 0.43379046991467474 0.21302902773022653 0.4255953800821740
0.46927406941540534 0.43379046991467474 0.21302902773022653 0.4255953800821740
0.43178420173935583 0.31792453676462173 0.21302902773022653 0.4255953800821740
0.43178420173935583 0.43379046991467474 0.40643388815224168 0.4255953800821740
0.43178420173935583 0.43379046991467474 0.21302902773022653 0.4332990419165880
0.46927406941540534 0.31792453676462173 0.40643388815224168 0.4332990419165880
0.37785749258473511 0.23191102035343647 0.42017768174409864 0.4962081079127200
0.22636781609617174 0.23191102035343647 0.42017768174409864 0.4962081079127200
0.37785749258473511 0.35804330781102178 0.42017768174409864 0.4962081079127200
0.37785749258473511 0.23191102035343647 0.14080525375902653 0.4962081079127200
0.37785749258473511 0.23191102035343647 0.42017768174409864 0.3990117900832650
0.22636781609617174 0.35804330781102178 0.14080525375902653 0.3990117900832650
0.10655230842530727 0.39824091903865344 0.24904365316033364 0.0362544641861581
0.40109964404255144 0.39824091903865344 0.24904365316033364 0.0362544641861581
0.10655230842530727 0.161204119771719 0.24904365316033364 0.0362544641861581
0.10655230842530727 0.39824091903865344 0.35127556324005127 0.0362544641861581
0.10655230842530727 0.39824091903865344 0.24904365316033364 0.3149561599803940
0.40109964404255144 0.161204119771719 0.35127556324005127 0.3149561599803940
0.22644844818860288 0.14994044676423074 0.33726440370082855 0.3981471935913780
0.57106322878971694 0.14994044676423074 0.33726440370082855 0.3981471935913780
0.22644844818860288 0.262498726323247 0.33726440370082855 0.3981471935913780
0.22644844818860288 0.14994044676423074 0.25631383694708348 0.3981471935913780
0.22644844818860288 0.14994044676423074 0.33726440370082855 0.0415951717603962
0.57106322878971694 0.262498726323247 0.25631383694708348 0.0415951717603962
0.58347706599161031 0.48323807269334795 0.10676118955016137 0.2775261354989560
0.055144642526283864 0.48323807269334795 0.10676118955016137 0.2775261354989560
0.58347706599161031 0.45928775109350684 0.10676118955016137 0.2775261354989560
0.58347706599161031 0.48323807269334795 0.44808962047100065 0.2775261354989560
0.58347706599161031 0.48323807269334795 0.10676118955016137 0.4638630001327540
0.055144642526283864 0.45928775109350684 0.44808962047100065 0.4638630001327540
0.64080061414279044 0.15852689407765866 0.26330307088792326 0.3133383038694720
0.17266303179785608 0.15852689407765866 0.26330307088792326 0.3133383038694720
0.64080061414279044 0.34658744446933271 0.26330307088792326 0.3133383038694720
0.64080061414279044 0.15852689407765866 0.23470115959644319 0.3133383038694720
0.64080061414279044 0.15852689407765866 0.26330307088792326 0.1704913682830820
0.17266303179785608 0.34658744446933271 0.23470115959644319 0.1704913682830820
0.37447405564598735 0.42464933730661869 0.4922437075525522 0.3532304571684970
0.69871283886022861 0.42464933730661869 0.4922437075525522 0.3532304571684970
0.37447405564598735 0.14979622624814512 0.4922437075525522 0.3532304571684970
0.37447405564598735 0.42464933730661869 0.47026379741728308 0.3532304571684970
0.37447405564598735 0.42464933730661869 0.4922437075525522 0.4786828828729150
0.69871283886022861 0.14979622624814512 0.47026379741728308 0.4786828828729150
0.16411390095017847 0.27333661913871765 0.18078069798648358 0.1544600874076980
0.5173336211126297 0.27333661913871765 0.18078069798648358 0.1544600874076980
0.16411390095017847 0.24850447922945024 0.18078069798648358 0.1544600874076980
0.16411390095017847 0.27333661913871765 0.16271089911460879 0.1544600874076980
0.16411390095017847 0.27333661913871765 0.18078069798648358 0.3850907855502820
0.5173336211126297 0.24850447922945024 0.16271089911460879 0.3850907855502820
0.52627983097918329 0.30681760832667349 0.35035235174000268 0.4528291484204410
0.35278260260820382 0.30681760832667349 0.35035235174000268 0.4528291484204410
0.52627983097918329 0.44534013867378242 0.35035235174000268 0.4528291484204410
0.52627983097918329 0.30681760832667349 0.32958966828882696 0.4528291484204410
0.52627983097918329 0.30681760832667349 0.35035235174000268 0.2202131014690610
0.35278260260820382 0.44534013867378242 0.32958966828882696 0.2202131014690610
0.52203589947894213 0.24862205348908903 0.18859756998717786 0.0438634074850185
0.10605751588009298 0.24862205348908903 0.18859756998717786 0.0438634074850185
0.52203589947894213 0.32276331521570684 0.18859756998717786 0.0438634074850185
0.52203589947894213 0.24862205348908903 0.37785801663994789 0.0438634074850185
0.52203589947894213 0.24862205348908903 0.18859756998717786 0.2660799435240320
0.10605751588009298 0.32276331521570684 0.37785801663994789 0.2660799435240320
0.16819599680602548 0.38387287296354777 0.36753820963203909 0.4983535041522300
0.6013206465169787 0.38387287296354777 0.36753820963203909 0.4983535041522300
0.16819599680602548 0.11972629316151143 0.36753820963203909 0.4983535041522300
0.16819599680602548 0.38387287296354777 0.11734134070575238 0.4983535041522300
0.16819599680602548 0.38387287296354777 0.36753820963203909 0.3438724599692920
0.6013206465169787 0.11972629316151143 0.11734134070575238 0.3438724599692920
0.36919371206313367 0.1320575624704361 0.25548926256597043 0.2738208946519260
0.4519871165044605 0.1320575624704361 0.25548926256597043 0.2738208946519260
0.36919371206313367 0.21921121999621393 0.25548926256597043 0.2738208946519260
0.36919371206313367 0.1320575624704361 0.42463216856122021 0.2738208946519260
0.36919371206313367 0.1320575624704361 0.25548926256597043 0.4915531205871080
0.4519871165044605 0.21921121999621393 0.42463216856122021 0.4915531205871080
0.64623659206554285 0.49721546992659571 0.47506091333925726 0.3956681758351040
0.25665066377259788 0.49721546992659571 0.47506091333925726 0.3956681758351040
0.64623659206554285 0.42230183854699133 0.47506091333925726 0.3956681758351040
0.64623659206554285 0.49721546992659571 0.28290275149047373 0.3956681758351040
0.64623659206554285 0.49721546992659571 0.47506091333925726 0.1626869914125950
0.25665066377259788 0.42230183854699133 0.28290275149047373 0.1626869914125950
0.57915599592961364 0.17192064113914968 0.34507849216461184 0.3559723914744540
0.30179112693294879 0.17192064113914968 0.34507849216461184 0.3559723914744540
0.57915599592961364 0.38498977124691014 0.34507849216461184 0.3559723914744540
0.57915599592961364 0.17192064113914968 0.49685501269996168 0.3559723914744540
0.57915599592961364 0.17192064113914968 0.34507849216461184 0.4317194241081840
0.30179112693294879 0.38498977124691014 0.49685501269996168 0.4317194241081840
0.23029533880762754 0.40735468082129955 0.12394446656107903 0.3163128447445360
0.48699604650028044 0.40735468082129955 0.12394446656107903 0.3163128447445360
0.23029533880762754 0.18190172761678697 0.12394446656107903 0.3163128447445360
0.23029533880762754 0.40735468082129955 0.21124145463109018 0.3163128447445360
0.23029533880762754 0.40735468082129955 0.12394446656107903 0.1126026473216100
0.48699604650028044 0.18190172761678697 0.21124145463109018 0.1126026473216100
0.10135344504378735 0.25877097323536874 0.41236052960157399 0.4502006026632990
0.64774551461450747 0.25877097323536874 0.41236052960157399 0.4502006026632990
0.10135344504378735 0.28241355977952481 0.41236052960157399 0.4502006026632990
0.10135344504378735 0.25877097323536874 0.30612345449626444 0.4502006026632990
0.10135344504378735 0.25877097323536874 0.41236052960157399 0.3080402453835660
0.64774551461450747 0.28241355977952481 0.30612345449626444 0.3080402453835660
0.38353425716049966 0.32372166365385058 0.23185731247067454 0.1479986749198060
0.14230125732719898 0.32372166365385058 0.23185731247067454 0.1479986749198060
0.38353425716049966 0.4854544918984175 0.23185731247067454 0.1479986749198060
0.38353425716049966 0.32372166365385058 0.18929560557007791 0.1479986749198060
0.38353425716049966 0.32372166365385058 0.23185731247067454 0.4171959295307990
0.14230125732719898 0.4854544918984175 0.18929560557007791 0.4171959295307990
0.42611177880316964 0.12326032035052777 0.42634746581315996 0.2955934249369680
0.5477870137430727 0.12326032035052777 0.42634746581315996 0.2955934249369680
0.42611177880316964 0.43895140774548058 0.42634746581315996 0.2955934249369680
0.42611177880316964 0.12326032035052777 0.46116699203848843 0.2955934249369680
0.42611177880316964 0.12326032035052777 0.42634746581315996 0.4667699198845800
0.5477870137430727 0.43895140774548058 0.46116699203848843 0.4667699198845800
0.05829740716144443 0.45674742348492148 0.20521474853157998 0.3650118777373280
0.078528660023584967 0.45674742348492148 0.20521474853157998 0.3650118777373280
0.05829740716144443 0.24201475121080876 0.20521474853157998 0.3650118777373280
0.05829740716144443 0.45674742348492148 0.24673416577279569 0.3650118777373280
0.05829740716144443 0.45674742348492148 0.20521474853157998 0.0399439128343399
0.078528660023584967 0.24201475121080876 0.24673416577279569 0.0399439128343399
0.2543852535076439 0.20854824930429461 0.31862973868846894 0.1793766341688270
0.243731497740373 0.20854824930429461 0.31862973868846894 0.1793766341688270
0.2543852535076439 0.14096579924225808 0.31862973868846894 0.1793766341688270
0.2543852535076439 0.20854824930429461 0.33937007114291196 0.1793766341688270
0.2543852535076439 0.20854824930429461 0.31862973868846894 0.3121943430681400
0.243731497740373 0.14096579924225808 0.33937007114291196 0.3121943430681400
0.55553963594138622 0.37467680945992476 0.13812821730971336 0.4440481167205000
0.38386364001780743 0.37467680945992476 0.13812821730971336 0.4440481167205000
0.55553963594138622 0.33785191103816037 0.13812821730971336 0.4440481167205000
0.55553963594138622 0.37467680945992476 0.15624430440366269 0.4440481167205000
0.55553963594138622 0.37467680945992476 0.13812821730971336 0.4035998539597050
0.38386364001780743 0.33785191103816037 0.15624430440366269 0.4035998539597050
0.69411319135688243 0.29997402168810372 0.28236538730561733 0.4733497630632450
0.49993396657519035 0.29997402168810372 0.28236538730561733 0.4733497630632450
0.69411319135688243 0.45015258044004447 0.28236538730561733 0.4733497630632450
0.69411319135688243 0.29997402168810372 0.36726917885243893 0.4733497630632450
0.69411319135688243 0.29997402168810372 0.28236538730561733 0.2263473960293430
0.49993396657519035 0.45015258044004447 0.36726917885243893 0.2263473960293430
0.32116086338646704 0.33325332663953305 0.46130428351461894 0.1158925725119180
0.36997271552681915 0.33325332663953305 0.46130428351461894 0.1158925725119180
0.32116086338646704 0.25326236784458162 0.46130428351461894 0.1158925725119180
0.32116086338646704 0.33325332663953305 0.12773486897349359 0.1158925725119180
0.32116086338646704 0.33325332663953305 0.46130428351461894 0.3844114714061130
0.36997271552681915 0.25326236784458162 0.12773486897349359 0.3844114714061130
0.19710899242199953 0.18184693977236749 0.17425655238330365 0.4277571811436860
0.19589331699535251 0.18184693977236749 0.17425655238330365 0.4277571811436860
0.19710899242199953 0.1543145637959242 0.17425655238330365 0.4277571811436860
0.19710899242199953 0.18184693977236749 0.43297491632401941 0.4277571811436860
0.19710899242199953 0.18184693977236749 0.17425655238330365 0.4770850044886970
0.19589331699535251 0.1543145637959242 0.43297491632401941 0.4770850044886970
0.49328411477617912 0.44815851449966437 0.39382684715092187 0.2247401785833080
0.67529280972667038 0.44815851449966437 0.39382684715092187 0.2247401785833080
0.49328411477617912 0.35124883614480495 0.39382684715092187 0.2247401785833080
0.49328411477617912 0.44815851449966437 0.27475531920790675 0.2247401785833080
0.49328411477617912 0.44815851449966437 0.39382684715092187 0.1792066327843320
0.67529280972667038 0.35124883614480495 0.27475531920790675 0.1792066327843320
0.46019268999807528 0.19562261290848257 0.22339862622320653 0.4596545436900740
0.278540195338428 0.19562261290848257 0.22339862622320653 0.4596545436900740
0.46019268999807528 0.27300640121102338 0.22339862622320653 0.4596545436900740
0.46019268999807528 0.19562261290848257 0.11091697290539743 0.4596545436900740
0.46019268999807528 0.19562261290848257 0.22339862622320653 0.4711836466195050
0.278540195338428 0.27300640121102338 0.11091697290539743 0.4711836466195050
0.18941300646401943 0.43672659210860731 0.44601457677781586 0.1260849695984500
0.42882804884575298 0.43672659210860731 0.44601457677781586 0.1260849695984500
0.18941300646401943 0.46986771747469902 0.44601457677781586 0.1260849695984500
0.18941300646401943 0.43672659210860731 0.39405418448150165 0.1260849695984500
0.18941300646401943 0.43672659210860731 0.44601457677781586 0.1931778728422940
0.42882804884575298 0.46986771747469902 0.39405418448150165 0.1931778728422940
0.30854576346464452 0.28540487363934519 0.13404042012989523 0.3435297978122520
0.58387455181218684 0.28540487363934519 0.13404042012989523 0.3435297978122520
0.30854576346464452 0.36935587413609028 0.13404042012989523 0.3435297978122520
0.30854576346464452 0.28540487363934519 0.28893658891320229 0.3435297978122520
0.30854576346464452 0.28540487363934519 0.13404042012989523 0.2409156504317600
0.58387455181218684 0.36935587413609028 0.28893658891320229 0.2409156504317600
0.66625826335512095 0.34391622394323351 0.30978717915713788 0.3308713365683970
0.12477314667776226 0.34391622394323351 0.30978717915713788 0.3308713365683970
0.66625826335512095 0.17254166938364507 0.30978717915713788 0.3308713365683970
0.66625826335512095 0.34391622394323351 0.40335797183215616 0.3308713365683970
0.66625826335512095 0.34391622394323351 0.30978717915713788 0.3749575478266470
0.12477314667776226 0.17254166938364507 0.40335797183215616 0.3749575478266470
0.55783855468034738 0.21901574097573759 0.46652745977044108 0.2569085212476930
0.16992352684028444 0.21901574097573759 0.46652745977044108 0.2569085212476930
0.55783855468034738 0.23484148196876051 0.46652745977044108 0.2569085212476930
0.55783855468034738 0.21901574097573759 0.21692112199962141 0.2569085212476930
0.55783855468034738 0.21901574097573759 0.46652745977044108 0.3305719962002340
0.16992352684028444 0.23484148196876051 0.21692112199962141 0.3305719962002340
0.29223650032654402 0.36030306853353977 0.28921807557344437 0.4063960761575100
0.61885372838005415 0.36030306853353977 0.28921807557344437 0.4063960761575100
0.29223650032654402 0.43165330253541467 0.28921807557344437 0.4063960761575100
0.29223650032654402 0.36030306853353977 0.47515368834137917 0.4063960761575100
0.29223650032654402 0.36030306853353977 0.28921807557344437 0.3889691125955450
0.61885372838005415 0.43165330253541467 0.47515368834137917 0.3889691125955450
0.08139003356918692 0.11202380359172821 0.37755939587950704 0.0704431803836458
0.47524299509823315 0.11202380359172821 0.37755939587950704 0.0704431803836458
0.08139003356918692 0.33216838687658312 0.37755939587950704 0.0704431803836458
0.08139003356918692 0.11202380359172821 0.18244415931403637 0.0704431803836458
0.08139003356918692 0.11202380359172821 0.37755939587950704 0.4562033401312040
0.47524299509823315 0.33216838687658312 0.18244415931403637 0.4562033401312040
0.44412146639078848 0.47032768949866299 0.15338102281093599 0.4903407407639740
0.31481369505636392 0.47032768949866299 0.15338102281093599 0.4903407407639740
0.44412146639078848 0.13530296981334688 0.15338102281093599 0.4903407407639740
0.44412146639078848 0.47032768949866299 0.32196549847722056 0.4903407407639740
0.44412146639078848 0.47032768949866299 0.15338102281093599 0.0726042252454190
0.31481369505636392 0.13530296981334688 0.32196549847722056 0.0726042252454190
0.40614322540350251 0.27000758983194828 0.36029487177729613 0.4179558162242760
0.3955969954375177 0.27000758983194828 0.36029487177729613 0.4179558162242760
0.40614322540350251 0.18870298191905022 0.36029487177729613 0.4179558162242760
0.40614322540350251 0.27000758983194828 0.22508228942751884 0.4179558162242760
0.40614322540350251 0.27000758983194828 0.36029487177729613 0.2901545942396970
0.3955969954375177 0.18870298191905022 0.22508228942751884 0.2901545942396970
0.11888968325220048 0.31014129780232907 0.18298379182815552 0.2434038365740910
0.23072859654203054 0.31014129780232907 0.18298379182815552 0.2434038365740910
0.11888968325220048 0.39186646118760116 0.18298379182815552 0.2434038365740910
0.11888968325220048 0.31014129780232907 0.466797211393714 0.2434038365740910
0.11888968325220048 0.31014129780232907 0.18298379182815552 0.4293840744963070
0.23072859654203054 0.39186646118760116 0.466797211393714 0.4293840744963070
0.23307297597639259 0.16145306155085565 0.49632704332470901 0.4820298893209840
0.050926396436989312 0.16145306155085565 0.49632704332470901 0.4820298893209840
0.23307297597639259 0.49081427790224552 0.49632704332470901 0.4820298893209840
0.23307297597639259 0.16145306155085565 0.17203690037131308 0.4820298893209840
0.23307297597639259 0.16145306155085565 0.49632704332470901 0.4443126588823650
0.050926396436989312 0.49081427790224552 0.17203690037131308 0.4443126588823650
0.61747571364976461 0.42172850966453557 0.27214736193418504 0.0922771640678134
0.57665882310830052 0.42172850966453557 0.27214736193418504 0.0922771640678134
0.61747571364976461 0.28760673888027666 0.27214736193418504 0.0922771640678134
0.61747571364976461 0.42172850966453557 0.33256807290017609 0.0922771640678134
0.61747571364976461 0.42172850966453557 0.27214736193418504 0.0798403998991259
0.57665882310830052 0.28760673888027666 0.33256807290017609 0.0798403998991259
0.63346015652641652 0.14662661068141461 0.10466795749962331 0.1990352603580090
0.69275890067219725 0.14662661068141461 0.10466795749962331 0.1990352603580090
0.63346015652641652 0.10029400549829007 0.10466795749962331 0.1990352603580090
0.63346015652641652 0.14662661068141461 0.14397895894944668 0.1990352603580090
0.63346015652641652 0.14662661068141461 0.10466795749962331 0.4978945092618800
0.69275890067219725 0.10029400549829007 0.14397895894944668 0.4978945092618800
0.34118769597262139 0.48655267246067524 0.32728526405990122 0.4341880722425380
0.17715769964270295 0.48655267246067524 0.32728526405990122 0.4341880722425380
0.34118769597262139 0.30350545458495615 0.32728526405990122 0.4341880722425380
0.34118769597262139 0.48655267246067524 0.36079688891768458 0.4341880722425380
0.34118769597262139 0.48655267246067524 0.32728526405990122 0.1450792139861090
0.17715769964270295 0.30350545458495615 0.36079688891768458 0.1450792139861090
0.13527084738016126 0.234846468269825 0.24030922390520573 0.2796896495526370
0.34806349766440686 0.234846468269825 0.24030922390520573 0.2796896495526370
0.13527084738016126 0.4045543938875199 0.24030922390520573 0.2796896495526370
0.13527084738016126 0.234846468269825 0.25343320034444333 0.2796896495526370
0.13527084738016126 0.234846468269825 0.24030922390520573 0.2543878879833450
0.34806349766440686 0.4045543938875199 0.25343320034444333 0.2543878879833450
0.51449598008766761 0.3953047074377537 0.41605772636830807 0.3768469495979540
0.52311271084472533 0.3953047074377537 0.41605772636830807 0.3768469495979540
0.51449598008766761 0.20139348953962327 0.41605772636830807 0.3768469495979540
0.51449598008766761 0.3953047074377537 0.43905667588114738 0.3768469495979540
0.51449598008766761 0.3953047074377537 0.41605772636830807 0.3528453218711140
0.52311271084472533 0.20139348953962327 0.43905667588114738 0.3528453218711140
0.50172218633815646 0.1280938755720854 0.32451308444142346 0.4852008733683300
0.14005933622829614 0.1280938755720854 0.32451308444142346 0.4852008733683300
0.50172218633815646 0.29935142397880554 0.32451308444142346 0.4852008733683300
0.50172218633815646 0.1280938755720854 0.29399803653359413 0.4852008733683300
0.50172218633815646 0.1280938755720854 0.32451308444142346 0.4218096901623170
0.14005933622829614 0.29935142397880554 0.29399803653359413 0.4218096901623170
0.14788723308593033 0.49263538010418417 0.14410781711339951 0.0497039575542072
0.64994749166071408 0.49263538010418417 0.14410781711339951 0.0497039575542072
0.14788723308593033 0.4962631896138191 0.14410781711339951 0.0497039575542072
0.14788723308593033 0.49263538010418417 0.41077780835330491 0.0497039575542072
0.14788723308593033 0.49263538010418417 0.14410781711339951 0.2862696805647070
0.64994749166071408 0.4962631896138191 0.41077780835330491 0.2862696805647070
0.34888491444289677 0.2412145033478737 0.43203560039401057 0.4035264601145990
0.48475474407896391 0.2412145033478737 0.43203560039401057 0.4035264601145990
0.34888491444289677 0.39579865001142023 0.43203560039401057 0.4035264601145990
0.34888491444289677 0.2412145033478737 0.10351177528500558 0.4035264601145990
0.34888491444289677 0.2412145033478737 0.43203560039401057 0.0988767281453702
0.48475474407896391 0.39579865001142023 0.10351177528500558 0.0988767281453702
0.62592282565310597 0.37628828063607223 0.21099893450737001 0.2545063678001710
0.30399248530156908 0.37628828063607223 0.21099893450737001 0.2545063678001710
0.62592282565310597 0.19883939139544965 0.21099893450737001 0.2545063678001710
0.62592282565310597 0.37628828063607223 0.38897809796035288 0.2545063678001710
0.62592282565310597 0.37628828063607223 0.21099893450737001 0.4466703579895990
0.30399248530156908 0.19883939139544965 0.38897809796035288 0.4466703579895990
0.59946475480683148 0.25138932205736642 0.16851966716349126 0.3327804235223240
0.26900866078212854 0.25138932205736642 0.16851966716349126 0.3327804235223240
0.59946475480683148 0.21152684725821019 0.16851966716349126 0.3327804235223240
0.59946475480683148 0.25138932205736642 0.17500217370688917 0.3327804235223240
0.59946475480683148 0.25138932205736642 0.16851966716349126 0.1279643291091950
0.26900866078212854 0.21152684725821019 0.17500217370688917 0.1279643291091950
0.25060906647704539 0.3161142256110907 0.38799375556409366 0.3470293082612380
0.43958979533053927 0.3161142256110907 0.38799375556409366 0.3470293082612380
0.25060906647704539 0.40848963446915154 0.38799375556409366 0.3470293082612380
0.25060906647704539 0.3161142256110907 0.3168773241341114 0.3470293082612380
0.25060906647704539 0.3161142256110907 0.38799375556409366 0.4959540751445220
0.43958979533053927 0.40848963446915154 0.3168773241341114 0.4959540751445220
0.12166719692759215 0.16793106719851494 0.2764330882579088 0.1436110045644180
0.61367926462553435 0.16793106719851494 0.2764330882579088 0.1436110045644180
0.12166719692759215 0.30895131453871727 0.2764330882579088 0.1436110045644180
0.12166719692759215 0.16793106719851494 0.22201935760676861 0.1436110045644180
0.12166719692759215 0.16793106719851494 0.2764330882579088 0.3623192620091210
0.61367926462553435 0.30895131453871727 0.22201935760676861 0.3623192620091210
0.40384305962361389 0.40279742479324343 0.45527598075568676 0.4653313191104570
0.093659573607146746 0.40279742479324343 0.45527598075568676 0.4653313191104570
0.40384305962361389 0.11204174235463144 0.45527598075568676 0.4653313191104570
0.40384305962361389 0.40279742479324343 0.4825856126844883 0.4653313191104570
0.40384305962361389 0.40279742479324343 0.45527598075568676 0.2586259569909860
0.093659573607146746 0.11204174235463144 0.4825856126844883 0.2586259569909860
0.44642302207648749 0.20003744922578337 0.26229970343410969 0.3850864065124420
0.66293469769880176 0.20003744922578337 0.26229970343410969 0.3850864065124420
0.44642302207648749 0.16549058109521866 0.26229970343410969 0.3850864065124420
0.44642302207648749 0.20003744922578337 0.16695239767432213 0.3850864065124420
0.44642302207648749 0.20003744922578337 0.26229970343410969 0.2078697213545970
0.66293469769880176 0.16549058109521866 0.16695239767432213 0.2078697213545970
0.07861359985545277 0.36673367656767375 0.48177204839885235 0.2926268740658180
0.20829145056195553 0.36673367656767375 0.48177204839885235 0.2926268740658180
0.07861359985545277 0.36860055923461921 0.48177204839885235 0.2926268740658180
0.07861359985545277 0.36673367656767375 0.32512241564691069 0.2926268740658180
0.07861359985545277 0.36673367656767375 0.48177204839885235 0.4733109613031240
0.20829145056195553 0.36860055923461921 0.32512241564691069 0.4733109613031240
0.27470149947330352 0.11814159452915192 0.195212597027421 0.4373775374414450
0.35761522459797557 0.11814159452915192 0.195212597027421 0.4373775374414450
0.27470149947330352 0.46750412695109844 0.195212597027421 0.4373775374414450
0.27470149947330352 0.11814159452915192 0.23251054212450983 0.4373775374414450
0.27470149947330352 0.11814159452915192 0.195212597027421 0.3658458139680730
0.35761522459797557 0.46750412695109844 0.23251054212450983 0.3658458139680730
0.57585091311484571 0.4518544755876065 0.37405413351953032 0.2030255166156810
0.51233147904276843 0.4518544755876065 0.37405413351953032 0.2030255166156810
0.57585091311484571 0.26443859003484249 0.37405413351953032 0.2030255166156810
0.57585091311484571 0.4518544755876065 0.47189911864697931 0.2030255166156810
0.57585091311484571 0.4518544755876065 0.37405413351953032 0.2364888064302830
0.51233147904276843 0.26443859003484249 0.47189911864697931 0.2364888064302830
0.67379698413424194 0.17675410099327565 0.40579425320029261 0.0871468318227142
0.3861048286315053 0.17675410099327565 0.40579425320029261 0.0871468318227142
0.67379698413424194 0.12673821039497854 0.40579425320029261 0.0871468318227142
0.67379698413424194 0.17675410099327565 0.26084907911717892 0.0871468318227142
0.67379698413424194 0.17675410099327565 0.40579425320029261 0.3974326520898220
0.3861048286315053 0.12673821039497854 0.26084907911717892 0.3974326520898220
0.30084962495602663 0.44324273280799387 0.22539029419422152 0.4793114393789490
0.24152971077710389 0.44324273280799387 0.22539029419422152 0.4793114393789490
0.30084962495602663 0.32980174459517003 0.22539029419422152 0.4793114393789490
0.30084962495602663 0.44324273280799387 0.44412208124995234 0.4793114393789490
0.30084962495602663 0.44324273280799387 0.22539029419422152 0.3339769864226970
0.24152971077710389 0.32980174459517003 0.44412208124995234 0.3339769864226970
0.17679771040566267 0.29143732264637945 0.3383170045912266 0.2286200056457370
0.080770467314869171 0.29143732264637945 0.3383170045912266 0.2286200056457370
0.17679771040566267 0.43090103939175606 0.3383170045912266 0.2286200056457370
0.17679771040566267 0.29143732264637945 0.1389068301767111 0.2286200056457370
0.17679771040566267 0.29143732264637945 0.3383170045912266 0.0524034195416244
0.080770467314869171 0.43090103939175606 0.1389068301767111 0.0524034195416244
0.47296788333915168 0.32533303946256642 0.1172820344567299 0.4105579776492290
0.54558460810221732 0.32533303946256642 0.1172820344567299 0.4105579776492290
0.47296788333915168 0.22778734192252159 0.1172820344567299 0.4105579776492290
0.47296788333915168 0.32533303946256642 0.35338773354887965 0.4105579776492290
0.47296788333915168 0.32533303946256642 0.1172820344567299 0.4539354981626700
0.54558460810221732 0.22778734192252159 0.35338773354887965 0.4539354981626700
0.48050888753496102 0.28099415637552738 0.49059018194675452 0.1659979030800140
0.33288427032530304 0.28099415637552738 0.49059018194675452 0.1659979030800140
0.48050888753496102 0.34959354512393476 0.49059018194675452 0.1659979030800140
0.48050888753496102 0.28099415637552738 0.41718906238675124 0.1659979030800140
0.48050888753496102 0.28099415637552738 0.49059018194675452 0.0328448154113871
0.33288427032530304 0.34959354512393476 0.41718906238675124 0.0328448154113871
0.2097242545802146 0.3396824564784765 0.2663142465054989 0.4566421264472830
0.45713247577659777 0.3396824564784765 0.2663142465054989 0.4566421264472830
0.2097242545802146 0.14640555642545225 0.2663142465054989 0.4566421264472830
0.2097242545802146 0.3396824564784765 0.27781498245894909 0.4566421264472830
0.2097242545802146 0.3396824564784765 0.2663142465054989 0.4601547593071200
0.45713247577659777 0.14640555642545225 0.27781498245894909 0.4601547593071200
0.32885703579522663 0.18796630427241326 0.35436259657144553 0.3191944800216740
0.63692492474801832 0.18796630427241326 0.35436259657144553 0.3191944800216740
0.32885703579522663 0.24594388753175736 0.35436259657144553 0.3191944800216740
0.32885703579522663 0.18796630427241326 0.38295737281441689 0.3191944800216740
0.32885703579522663 0.18796630427241326 0.35436259657144553 0.4063069305742320
0.63692492474801832 0.24594388753175736 0.38295737281441689 0.4063069305742320
0.68657450447790325 0.42968677878379824 0.17695546522736549 0.3601259226146600
0.15181238641962408 0.42968677878379824 0.17695546522736549 0.3601259226146600
0.68657450447790325 0.44907866120338447 0.17695546522736549 0.3601259226146600
0.68657450447790325 0.42968677878379824 0.12477285973727703 0.3601259226146600
0.68657450447790325 0.42968677878379824 0.17695546522736549 0.3228967215903660
0.15181238641962408 0.44907866120338447 0.12477285973727703 0.3228967215903660
0.53752732109278434 0.10439042560756207 0.24619259350001813 0.3919865673996190
0.11681864247657359 0.10439042560756207 0.24619259350001813 0.3919865673996190
0.53752732109278434 0.36137914136052129 0.24619259350001813 0.3919865673996190
0.53752732109278434 0.10439042560756207 0.31118607036769391 0.3919865673996190
0.53752732109278434 0.10439042560756207 0.24619259350001813 0.3815008197028560
0.11681864247657359 0.36137914136052129 0.31118607036769391 0.3815008197028560
0.27192029794678091 0.46326189525425432 0.42203730233013637 0.2705092864130680
0.59178973184898498 0.46326189525425432 0.42203730233013637 0.2705092864130680
0.27192029794678091 0.15824064835906029 0.42203730233013637 0.2705092864130680
0.27192029794678091 0.46326189525425432 0.19671508446335795 0.2705092864130680
0.27192029794678091 0.46326189525425432 0.42203730233013637 0.2123444296266660
0.59178973184898498 0.15824064835906029 0.19671508446335795 0.2123444296266660
0.061073797289282084 0.21458208113908769 0.11035611592233181 0.4928832825959120
0.42087416332215066 0.21458208113908769 0.11035611592233181 0.4928832825959120
0.061073797289282084 0.25870517678558824 0.11035611592233181 0.4928832825959120
0.061073797289282084 0.21458208113908769 0.48944864682853229 0.4928832825959120
0.061073797289282084 0.21458208113908769 0.11035611592233181 0.1843245779689370
0.42087416332215066 0.25870517678558824 0.48944864682853229 0.1843245779689370
0.42381017953157418 0.35609529390931127 0.3330694261938334 0.0200734110237786
0.28645475669763981 0.35609529390931127 0.3330694261938334 0.0200734110237786
0.42381017953157418 0.46189116276800635 0.3330694261938334 0.0200734110237786
0.42381017953157418 0.35609529390931127 0.20616572573781014 0.0200734110237786
0.42381017953157418 0.35609529390931127 0.3330694261938334 0.4832939483395470
0.28645475669763981 0.46189116276800635 0.20616572573781014 0.4832939483395470
0.38583445684052997 0.15338633246719838 0.12747411988675594 0.2104049794238070
0.53106709760613735 0.15338633246719838 0.12747411988675594 0.2104049794238070
0.38583445684052997 0.41524159573018549 0.12747411988675594 0.2104049794238070
0.38583445684052997 0.15338633246719838 0.34678711816668512 0.2104049794238070
0.38583445684052997 0.15338633246719838 0.12747411988675594 0.3471601346374110
0.53106709760613735 0.41524159573018549 0.34678711816668512 0.3471601346374110
0.098575965268537402 0.41343591026961801 0.30332018472254274 0.4212494809443390
0.34014913244172923 0.41343591026961801 0.30332018472254274 0.4212494809443390
0.098575965268537402 0.21845285408198833 0.30332018472254274 0.4212494809443390
0.098575965268537402 0.41343591026961801 0.16130935214459896 0.4212494809443390
0.098575965268537402 0.41343591026961801 0.30332018472254274 0.2782372862848950
0.34014913244172923 0.21845285408198833 0.16130935214459896 0.2782372862848950
0.21275921440683304 0.26514058187603951 0.21663711480796338 0.1125371285881100
0.18511270508170125 0.26514058187603951 0.21663711480796338 0.1125371285881100
0.21275921440683304 0.11735354661941529 0.21663711480796338 0.1125371285881100
0.21275921440683304 0.26514058187603951 0.45609369501471519 0.1125371285881100
0.21275921440683304 0.26514058187603951 0.21663711480796338 0.1572709017858130
0.18511270508170125 0.11735354661941529 0.45609369501471519 0.1572709017858130
0.59716692087240519 0.30470671504735947 0.43935216851532466 0.4710755067505210
0.68484391677193335 0.30470671504735947 0.43935216851532466 0.4710755067505210
0.59716692087240519 0.31419245153665543 0.43935216851532466 0.4710755067505210
0.59716692087240519 0.30470671504735947 0.23932536803185941 0.4710755067505210
0.59716692087240519 0.30470671504735947 0.43935216851532466 0.4855499753243410
0.68484391677193335 0.31419245153665543 0.23932536803185941 0.4855499753243410
0.65377387935295694 0.23000240288674834 0.38436981290578842 0.4465417516605900
0.55858750808984037 0.23000240288674834 0.38436981290578842 0.4465417516605900
0.65377387935295694 0.47688057646155357 0.38436981290578842 0.4465417516605900
0.65377387935295694 0.23000240288674834 0.42788929305970669 0.4465417516605900
0.65377387935295694 0.23000240288674834 0.38436981290578842 0.1186051581810630
0.55858750808984037 0.47688057646155357 0.42788929305970669 0.1186051581810630
0.36149645000696179 0.38984413184225564 0.16009218171238901 0.1822860981302270
0.069037113105878234 0.38984413184225564 0.16009218171238901 0.1822860981302270
0.36149645000696179 0.28004386499524114 0.16009218171238901 0.1822860981302270
0.36149645000696179 0.38984413184225564 0.26731006726622586 0.1822860981302270
0.36149645000696179 0.38984413184225564 0.16009218171238901 0.4390354444520040
0.069037113105878234 0.28004386499524114 0.26731006726622586 0.4390354444520040
0.15557965468615292 0.13853695094585419 0.47314246296882634 0.3728135216342680
0.21265790262259543 0.13853695094585419 0.47314246296882634 0.3728135216342680
0.15557965468615292 0.18114030994474889 0.47314246296882634 0.3728135216342680
0.15557965468615292 0.13853695094585419 0.37469855211675174 0.3728135216342680
0.15557965468615292 0.13853695094585419 0.47314246296882634 0.4145774701999760
0.21265790262259543 0.18114030994474889 0.37469855211675174 0.4145774701999760
0.53480973681434985 0.47828605398535728 0.29573402330279353 0.3070531006604140
0.41370709100738162 0.47828605398535728 0.29573402330279353 0.3070531006604140
0.53480973681434985 0.37793258018791676 0.29573402330279353 0.3070531006604140
0.53480973681434985 0.47828605398535728 0.1328363709151745 0.3070531006604140
0.53480973681434985 0.47828605398535728 0.29573402330279353 0.2968745141695360
0.41370709100738162 0.37793258018791676 0.1328363709151745 0.2968745141695360
0.53581396616064003 0.29443336166441442 0.37613404020667074 0.3613166857010900
0.254202532954514 0.29443336166441442 0.37613404020667074 0.3613166857010900
0.53581396616064003 0.22927745468914509 0.37613404020667074 0.3613166857010900
0.53581396616064003 0.29443336166441442 0.4502093758434057 0.3613166857010900
0.53581396616064003 0.29443336166441442 0.37613404020667074 0.2504083191711200
0.254202532954514 0.22927745468914509 0.4502093758434057 0.2504083191711200
0.15207607564516365 0.33572048507630825 0.1550013452768326 0.3205578704016830
0.45464260480366642 0.33572048507630825 0.1550013452768326 0.3205578704016830
0.15207607564516365 0.42609060741961002 0.1550013452768326 0.3205578704016830
0.15207607564516365 0.33572048507630825 0.24208509251475335 0.3205578704016830
0.15207607564516365 0.33572048507630825 0.1550013452768326 0.3523178766928550
0.45464260480366642 0.42609060741961002 0.24208509251475335 0.3523178766928550
0.36238660053350025 0.18743604049086571 0.46802525892853741 0.4552042686992600
0.59888800927437835 0.18743604049086571 0.46802525892853741 0.4552042686992600
0.36238660053350025 0.32562740221619607 0.46802525892853741 0.4552042686992600
0.36238660053350025 0.18743604049086571 0.34720268808305266 0.4552042686992600
0.36238660053350025 0.18743604049086571 0.46802525892853741 0.4962753630259170
0.59888800927437835 0.32562740221619607 0.34720268808305266 0.4962753630259170
0.65030495594255622 0.44573980867862706 0.28752375990152357 0.1626240603990580
0.10867766449227928 0.44573980867862706 0.28752375990152357 0.1626240603990580
0.65030495594255622 0.12876408621668817 0.28752375990152357 0.1626240603990580
0.65030495594255622 0.44573980867862706 0.15776837691664697 0.1626240603990580
0.65030495594255622 0.44573980867862706 0.28752375990152357 0.1446846649266490
0.10867766449227928 0.12876408621668817 0.15776837691664697 0.1446846649266490
0.59551302921026938 0.12103692702949048 0.13254221566021443 0.0319447104190532
0.14479704690165818 0.12103692702949048 0.13254221566021443 0.0319447104190532
0.59551302921026938 0.26607596129179001 0.13254221566021443 0.0319447104190532
0.59551302921026938 0.12103692702949048 0.36881536468863485 0.0319447104190532
0.59551302921026938 0.12103692702949048 0.13254221566021443 0.4427018108121770
0.14479704690165818 0.26607596129179001 0.36881536468863485 0.4427018108121770
0.2169124557636678 0.46214121170341971 0.31148113720118997 0.4960745744812040
0.64513907982036467 0.46214121170341971 0.31148113720118997 0.4960745744812040
0.2169124557636678 0.46293708384037024 0.31148113720118997 0.4960745744812040
0.2169124557636678 0.46214121170341971 0.13559420071542264 0.4960745744812040
0.2169124557636678 0.46214121170341971 0.31148113720118997 0.0771504147805553
0.64513907982036467 0.46293708384037024 0.13559420071542264 0.0771504147805553
0.09704610938206315 0.21082009524106982 0.22482433952391148 0.2648408534851190
0.48945773616433136 0.21082009524106982 0.22482433952391148 0.2648408534851190
0.09704610938206315 0.36340315155684955 0.22482433952391148 0.2648408534851190
0.09704610938206315 0.21082009524106982 0.42830372974276543 0.2648408534851190
0.09704610938206315 0.21082009524106982 0.22482433952391148 0.2878875522180640
0.48945773616433136 0.36340315155684955 0.42830372974276543 0.2878875522180640
0.38994308561086649 0.36933146193623545 0.44439465962350366 0.3880412370097100
0.29919894593767821 0.36933146193623545 0.44439465962350366 0.3880412370097100
0.38994308561086649 0.16658647023141385 0.44439465962350366 0.3880412370097100
0.38994308561086649 0.36933146193623545 0.26377098821103573 0.3880412370097100
0.38994308561086649 0.36933146193623545 0.44439465962350366 0.4285849700122320
0.29919894593767821 0.16658647023141385 0.26377098821103573 0.4285849700122320
0.42228524521924549 0.17121091969311236 0.23881136514246465 0.4675499850977540
0.38121318952180439 0.17121091969311236 0.23881136514246465 0.4675499850977540
0.42228524521924549 0.10742549039423466 0.23881136514246465 0.4675499850977540
0.42228524521924549 0.17121091969311236 0.38566641025245196 0.4675499850977540
0.42228524521924549 0.17121091969311236 0.23881136514246465 0.4540185087214450
0.38121318952180439 0.10742549039423466 0.38566641025245196 0.4540185087214450
0.065177429420873526 0.41113714091479781 0.41775198243558409 0.1025941618324120
0.246174590755254 0.41113714091479781 0.41775198243558409 0.1025941618324120
0.065177429420873526 0.31063789613544945 0.41775198243558409 0.1025941618324120
0.065177429420873526 0.41113714091479781 0.11893846467137337 0.1025941618324120
0.065177429420873526 0.41113714091479781 0.41775198243558409 0.0713152890273168
0.246174590755254 0.31063789613544945 0.11893846467137337 0.0713152890273168
0.27028132355771955 0.25943149104714391 0.10609334893524647 0.4247700024825230
0.075903628580272192 0.25943149104714391 0.10609334893524647 0.4247700024825230
0.27028132355771955 0.40953707620501523 0.10609334893524647 0.4247700024825230
0.27028132355771955 0.25943149104714391 0.41369877569377422 0.4247700024825230
0.27028132355771955 0.25943149104714391 0.10609334893524647 0.3277985708072390
0.075903628580272192 0.40953707620501523 0.41369877569377422 0.3277985708072390
0.54166572508402167 0.31988998800516133 0.32566497735679151 0.2169594803305480
0.55022453381679948 0.31988998800516133 0.32566497735679151 0.2169594803305480
0.54166572508402167 0.20637788549065592 0.32566497735679151 0.2169594803305480
0.54166572508402167 0.31988998800516133 0.27818062677979472 0.2169594803305480
0.54166572508402167 0.31988998800516133 0.32566497735679151 0.3888565746297110
0.55022453381679948 0.20637788549065592 0.27818062677979472 0.3888565746297110
0.68746965164318674 0.24459506534039976 0.4949012942612171 0.3056491803648690
0.67789436168968675 0.24459506534039976 0.4949012942612171 0.3056491803648690
0.68746965164318674 0.194077405333519 0.4949012942612171 0.3056491803648690
0.68746965164318674 0.24459506534039976 0.49215960279107096 0.3056491803648690
0.68746965164318674 0.24459506534039976 0.4949012942612171 0.2377669698050580
0.67789436168968675 0.194077405333519 0.49215960279107096 0.2377669698050580
0.32538319081068034 0.38472870327532294 0.27376724332571034 0.3716532517261530
0.19340241025201976 0.38472870327532294 0.27376724332571034 0.3716532517261530
0.32538319081068034 0.39724031537771232 0.27376724332571034 0.3716532517261530
0.32538319081068034 0.38472870327532294 0.20033017508685591 0.3716532517261530
0.32538319081068034 0.38472870327532294 0.27376724332571034 0.3736233292012500
0.19340241025201976 0.39724031537771232 0.20033017508685591 0.3736233292012500
0.21074332129210233 0.13603533506393434 0.36179313585162165 0.1855245051455900
0.37256993432529267 0.13603533506393434 0.36179313585162165 0.1855245051455900
0.21074332129210233 0.49833827577531342 0.36179313585162165 0.1855245051455900
0.21074332129210233 0.13603533506393434 0.3076938636600971 0.1855245051455900
0.21074332129210233 0.13603533506393434 0.36179313585162165 0.4699940064468760
0.37256993432529267 0.49833827577531342 0.3076938636600971 0.4699940064468760
0.47699039122089737 0.49631043598055846 0.18128989338874818 0.4480169125461110
0.49746723910793655 0.49631043598055846 0.18128989338874818 0.4480169125461110
0.47699039122089737 0.29512787275016306 0.18128989338874818 0.4480169125461110
0.47699039122089737 0.49631043598055846 0.19708188585937025 0.4480169125461110
0.47699039122089737 0.49631043598055846 0.18128989338874818 0.1917362033842750
0.49746723910793655 0.29512787275016306 0.19708188585937025 0.1917362033842750
0.47453245176002379 0.14728407673537733 0.41086273044347765 0.2475005077240160
0.12233493528328836 0.14728407673537733 0.41086273044347765 0.2475005077240160
0.47453245176002379 0.3790284566581249 0.41086273044347765 0.2475005077240160
0.47453245176002379 0.14728407673537733 0.23600271306931975 0.2475005077240160
0.47453245176002379 0.14728407673537733 0.41086273044347765 0.4769371427361730
0.12233493528328836 0.3790284566581249 0.23600271306931975 0.4769371427361730
0.17273371238261459 0.48271794505417354 0.23355162814259531 0.3990405180402120
0.58650028426200151 0.48271794505417354 0.23355162814259531 0.3990405180402120
0.17273371238261459 0.17594288960099222 0.23355162814259531 0.3990405180402120
0.17273371238261459 0.48271794505417354 0.47153230533003809 0.3990405180402120
0.17273371238261459 0.48271794505417354 0.23355162814259531 0.1748704519796960
0.58650028426200151 0.17594288960099222 0.47153230533003809 0.1748704519796960
0.30244896523654458 0.23413979858160019 0.34650384783744814 0.0591851333359608
0.42638549217954269 0.23413979858160019 0.34650384783744814 0.0591851333359608
0.30244896523654458 0.27547683455049993 0.34650384783744814 0.0591851333359608
0.30244896523654458 0.23413979858160019 0.1642414774745703 0.0591851333359608
0.30244896523654458 0.23413979858160019 0.34650384783744814 0.2255940941829680
0.42638549217954269 0.27547683455049993 0.1642414774745703 0.2255940941829680
0.66961894603446126 0.39909021928906441 0.12232414409518243 0.4879872736778220
0.28119009980000553 0.39909021928906441 0.12232414409518243 0.4879872736778220
0.66961894603446126 0.47851796038448813 0.12232414409518243 0.4879872736778220
0.66961894603446126 0.39909021928906441 0.33095797821879391 0.4879872736778220
0.66961894603446126 0.39909021928906441 0.12232414409518243 0.3817016616411900
0.28119009980000553 0.47851796038448813 0.33095797821879391 0.3817016616411900
0.57491613184101875 0.27398841418325903 0.25406354926526548 0.4644873001798930
0.31727972878143185 0.27398841418325903 0.25406354926526548 0.4644873001798930
0.57491613184101875 0.31621834002435212 0.25406354926526548 0.4644873001798930
0.57491613184101875 0.27398841418325903 0.1423971049487591 0.4644873001798930
0.57491613184101875 0.27398841418325903 0.25406354926526548 0.3110333431033610
0.31727972878143185 0.31621834002435212 0.1423971049487591 0.3110333431033610
0.27813571034930645 0.30923931561410428 0.47668083049356935 0.1414683462403150
0.4726464797277003 0.30923931561410428 0.47668083049356935 0.1414683462403150
0.27813571034930645 0.11317921690642835 0.47668083049356935 0.1414683462403150
0.27813571034930645 0.30923931561410428 0.35302205346524718 0.1414683462403150
0.27813571034930645 0.30923931561410428 0.47668083049356935 0.4020007134500860
0.4726464797277003 0.11317921690642835 0.35302205346524718 0.4020007134500860
0.077634167252108449 0.15742302164435387 0.19009577445685866 0.3490832761711720
0.62134517389349631 0.15742302164435387 0.19009577445685866 0.3490832761711720
0.077634167252108449 0.21364240944385529 0.19009577445685866 0.3490832761711720
0.077634167252108449 0.15742302164435387 0.25814005360007286 0.3490832761711720
0.077634167252108449 0.15742302164435387 0.19009577445685866 0.4658674607022050
0.62134517389349631 0.21364240944385529 0.25814005360007286 0.4658674607022050
0.44998115249909454 0.42258128821849827 0.36584425158798695 0.3349363752930410
0.16732142642140385 0.42258128821849827 0.36584425158798695 0.3349363752930410
0.44998115249909454 0.41673169583082204 0.36584425158798695 0.3349363752930410
0.44998115249909454 0.42258128821849827 0.44995651207864285 0.3349363752930410
0.44998115249909454 0.42258128821849827 0.36584425158798695 0.0351245497426837
0.16732142642140385 0.41673169583082204 0.44995651207864285 0.0351245497426837
0.40287854187190525 0.22460789345204832 0.17283116094768047 0.2048908055101860
0.57403812604025006 0.22460789345204832 0.17283116094768047 0.2048908055101860
0.40287854187190525 0.45766762271523476 0.17283116094768047 0.2048908055101860
0.40287854187190525 0.22460789345204832 0.10309732668101788 0.2048908055101860
0.40287854187190525 0.22460789345204832 0.17283116094768047 0.3078964368740740
0.57403812604025006 0.45766762271523476 0.10309732668101788 0.3078964368740740
0.12521048756316305 0.35788741447031502 0.39544713385403163 0.4382995578743510
0.05335957244969905 0.35788741447031502 0.39544713385403163 0.4382995578743510
0.12521048756316305 0.26078027412295346 0.39544713385403163 0.4382995578743510
0.12521048756316305 0.35788741447031502 0.39251714125275616 0.4382995578743510
0.12521048756316305 0.35788741447031502 0.39544713385403163 0.4150952431326580
0.05335957244969905 0.26078027412295346 0.39251714125275616 0.4150952431326580
0.24967920435592528 0.10648009181022644 0.28386324606835844 0.2902030858441680
0.22807381167076524 0.10648009181022644 0.28386324606835844 0.2902030858441680
0.24967920435592528 0.1596823025494814 0.28386324606835844 0.2902030858441680
0.24967920435592528 0.10648009181022644 0.29988123588263993 0.2902030858441680
0.24967920435592528 0.10648009181022644 0.28386324606835844 0.4312353555210910
0.22807381167076524 0.1596823025494814 0.29988123588263993 0.4312353555210910
0.6028939666226506 0.47279179617762568 0.45961002744734292 0.3832428815294760
0.39804443251341576 0.47279179617762568 0.45961002744734292 0.3832428815294760
0.6028939666226506 0.35661714412271983 0.45961002744734292 0.3832428815294760
0.6028939666226506 0.47279179617762568 0.40802001431584356 0.3832428815294760
0.6028939666226506 0.47279179617762568 0.45961002744734292 0.1067690648399880
0.39804443251341576 0.35661714412271983 0.40802001431584356 0.1067690648399880
0.62753700572066007 0.19789140708744526 0.31713147461414337 0.4148638799798280
0.52570434580557046 0.19789140708744526 0.31713147461414337 0.4148638799798280
0.62753700572066007 0.44392968825995927 0.31713147461414337 0.4148638799798280
0.62753700572066007 0.19789140708744526 0.22160375192761422 0.4148638799798280
0.62753700572066007 0.19789140708744526 0.31713147461414337 0.4909807452333330
0.52570434580557046 0.44392968825995927 0.22160375192761422 0.4909807452333330
0.3446919614914804 0.43137819282710554 0.13982211574912073 0.2359972336265460
0.34560234434902665 0.43137819282710554 0.13982211574912073 0.2359972336265460
0.3446919614914804 0.24699131809175015 0.13982211574912073 0.2359972336265460
0.3446919614914804 0.43137819282710554 0.48612657599151132 0.2359972336265460
0.3446919614914804 0.43137819282710554 0.13982211574912073 0.1596998015778990
0.34560234434902665 0.24699131809175015 0.48612657599151132 0.1596998015778990
0.14945680056698618 0.28318453207612038 0.42777321487665176 0.4764217569498680
0.1797648354433477 0.28318453207612038 0.42777321487665176 0.4764217569498680
0.14945680056698618 0.14809214919805527 0.42777321487665176 0.4764217569498680
0.14945680056698618 0.28318453207612038 0.18088652864098551 0.4764217569498680
0.14945680056698618 0.28318453207612038 0.42777321487665176 0.2642401936872000
0.1797648354433477 0.14809214919805527 0.18088652864098551 0.2642401936872000
0.49765326916240149 0.3493130639195442 0.2035948671400547 0.0782500170804297
0.69026241977699099 0.3493130639195442 0.2035948671400547 0.0782500170804297
0.49765326916240149 0.34497730433940887 0.2035948671400547 0.0782500170804297
0.49765326916240149 0.3493130639195442 0.31411761157214646 0.0782500170804297
0.49765326916240149 0.3493130639195442 0.2035948671400547 0.3415217760004990
0.69026241977699099 0.34497730433940887 0.31411761157214646 0.3415217760004990
0.51550512979738405 0.17897444851696492 0.11207368932664395 0.3252869772442540
0.30651895329356188 0.17897444851696492 0.11207368932664395 0.3252869772442540
0.51550512979738405 0.35581605583429343 0.11207368932664395 0.3252869772442540
0.51550512979738405 0.17897444851696492 0.17167166136205197 0.3252869772442540
0.51550512979738405 0.17897444851696492 0.11207368932664395 0.4124575889034800
0.30651895329356188 0.35581605583429343 0.17167166136205197 0.4124575889034800
0.13176227048970757 0.43784588687121873 0.33154605664312842 0.3381440740145420
0.48217775034718208 0.43784588687121873 0.33154605664312842 0.3381440740145420
0.13176227048970757 0.15267698764801027 0.33154605664312842 0.3381440740145420
0.13176227048970757 0.43784588687121873 0.33605866953730584 0.3381440740145420
0.13176227048970757 0.43784588687121873 0.33154605664312842 0.2967254488061560
0.48217775034718208 0.15267698764801027 0.33605866953730584 0.2967254488061560
0.34207292613573365 0.28916853442788126 0.244596291705966 0.1340197846837500
0.65245846849866207 0.28916853442788126 0.244596291705966 0.1340197846837500
0.34207292613573365 0.25216668359935285 0.244596291705966 0.1340197846837500
0.34207292613573365 0.28916853442788126 0.23091627918183805 0.1340197846837500
0.34207292613573365 0.28916853442788126 0.244596291705966 0.1128514028755790
0.65245846849866207 0.25216668359935285 0.23091627918183805 0.1128514028755790
0.62999623096548019 0.33068143278360368 0.42343785054981709 0.4626888200280660
0.13751767976209522 0.33068143278360368 0.42343785054981709 0.4626888200280660
0.62999623096548019 0.45534981153905396 0.42343785054981709 0.4626888200280660
0.62999623096548019 0.33068143278360368 0.46408786401152613 0.4626888200280660
0.62999623096548019 0.33068143278360368 0.42343785054981709 0.4385639855129640
0.13751767976209522 0.45534981153905396 0.46408786401152613 0.4385639855129640
0.61582681983709331 0.20558115504682065 0.35595925599336631 0.4896049093393720
0.091241503739729529 0.20558115504682065 0.35595925599336631 0.4896049093393720
0.61582681983709331 0.34266254492104053 0.35595925599336631 0.4896049093393720
0.61582681983709331 0.20558115504682065 0.25306604132056237 0.4896049093393720
0.61582681983709331 0.20558115504682065 0.35595925599336631 0.1542457080078560
0.091241503739729529 0.34266254492104053 0.25306604132056237 0.1542457080078560
0.23722129696980115 0.36426957584917552 0.17555532231926918 0.0680217992621155
0.61636357167735689 0.36426957584917552 0.17555532231926918 0.0680217992621155
0.23722129696980115 0.13947550691664221 0.17555532231926918 0.0680217992621155
0.23722129696980115 0.36426957584917552 0.44254842959344387 0.0680217992621155
0.23722129696980115 0.36426957584917552 0.17555532231926918 0.4849641824522360
0.61636357167735689 0.13947550691664221 0.44254842959344387 0.4849641824522360
0.1173548295162618 0.11254943609237672 0.48887220323085789 0.4080519008699110
0.43720582295209165 0.11254943609237672 0.48887220323085789 0.4080519008699110
0.1173548295162618 0.23998905494809153 0.48887220323085789 0.4080519008699110
0.1173548295162618 0.11254943609237672 0.14981486722826959 0.4080519008699110
0.1173548295162618 0.11254943609237672 0.48887220323085789 0.3448326898084270
0.43720582295209165 0.23998905494809153 0.14981486722826959 0.3448326898084270
0.41025677453726522 0.4542701356112957 0.26783725842833517 0.2595159369161100
0.27167871645651753 0.4542701356112957 0.26783725842833517 0.2595159369161100
0.41025677453726522 0.4431255482137203 0.26783725842833517 0.2595159369161100
0.41025677453726522 0.4542701356112957 0.35808638595044617 0.2595159369161100
0.41025677453726522 0.4542701356112957 0.26783725842833517 0.2764574446081620
0.27167871645651753 0.4431255482137203 0.35808638595044617 0.2764574446081620
0.44260152992792423 0.25541935600340371 0.47473870515823369 0.0945977666438393
0.51490359236486249 0.25541935600340371 0.47473870515823369 0.0945977666438393
0.44260152992792423 0.48401264548301703 0.47473870515823369 0.0945977666438393
0.44260152992792423 0.25541935600340371 0.29247720651328568 0.0945977666438393
0.44260152992792423 0.25541935600340371 0.47473870515823369 0.1800432304107850
0.51490359236486249 0.48401264548301703 0.29247720651328568 0.1800432304107850
0.085488745337352151 0.31526145301759245 0.29433341547846792 0.4827792999581540
0.35509363701567048 0.31526145301759245 0.29433341547846792 0.4827792999581540
0.085488745337352151 0.28717574626207354 0.29433341547846792 0.4827792999581540
0.085488745337352151 0.31526145301759245 0.4029419489204884 0.4827792999581540
0.085488745337352151 0.31526145301759245 0.29433341547846792 0.4831497648101090
0.35509363701567048 0.28717574626207354 0.4029419489204884 0.4831497648101090
0.29059252808801828 0.16395023688673974 0.38265227526426315 0.2406990982824030
0.21083814240992066 0.16395023688673974 0.38265227526426315 0.2406990982824030
0.29059252808801828 0.18612507842481138 0.38265227526426315 0.2406990982824030
0.29059252808801828 0.16395023688673974 0.10815760605037213 0.2406990982824030
0.29059252808801828 0.16395023688673974 0.38265227526426315 0.3787649966259090
0.21083814240992066 0.18612507842481138 0.10815760605037213 0.3787649966259090
0.56198187903501096 0.40369941294193268 0.16161558702588083 0.4163449487140450
0.66041868547908955 0.40369941294193268 0.16161558702588083 0.4163449487140450
0.56198187903501096 0.38291486613452441 0.16161558702588083 0.4163449487140450
0.56198187903501096 0.40369941294193268 0.39993895664811141 0.4163449487140450
0.56198187903501096 0.40369941294193268 0.16161558702588083 0.2115628717691700
0.66041868547908955 0.38291486613452441 0.39993895664811141 0.2115628717691700
0.6671583308838307 0.12880055122077466 0.21835505776107311 0.3816114663023900
0.54290533643215888 0.12880055122077466 0.21835505776107311 0.3816114663023900
0.6671583308838307 0.42061505354940898 0.21835505776107311 0.3816114663023900
0.6671583308838307 0.12880055122077466 0.18598364368081094 0.3816114663023900
0.6671583308838307 0.12880055122077466 0.21835505776107311 0.4047220451032490
0.54290533643215888 0.42061505354940898 0.18598364368081094 0.4047220451032490
0.30506692063063379 0.48884986229240901 0.43782912082970149 0.2860653253151470
0.083183501800522197 0.48884986229240901 0.43782912082970149 0.2860653253151470
0.30506692063063379 0.22382765002548696 0.43782912082970149 0.2860653253151470
0.30506692063063379 0.48884986229240901 0.32155137173831461 0.2860653253151470
0.30506692063063379 0.48884986229240901 0.43782912082970149 0.3217710634206600
0.083183501800522197 0.22382765002548696 0.32155137173831461 0.3217710634206600
0.1904271528124809 0.24055704325437546 0.12587752006947994 0.4308127879844680
0.23885477469302713 0.24055704325437546 0.12587752006947994 0.4308127879844680
0.1904271528124809 0.12487507686018945 0.12587752006947994 0.4308127879844680
0.1904271528124809 0.24055704325437546 0.21416288688778878 0.4308127879844680
0.1904271528124809 0.24055704325437546 0.12587752006947994 0.0279548379154663
0.23885477469302713 0.12487507686018945 0.21416288688778878 0.0279548379154663
0.45667919153347603 0.38012300208210947 0.30472038723528383 0.1922717449391090
0.38849368141964075 0.38012300208210947 0.30472038723528383 0.1922717449391090
0.45667919153347603 0.32171607688069348 0.30472038723528383 0.1922717449391090
0.45667919153347603 0.38012300208210947 0.48103656582534315 0.1922717449391090
0.45667919153347603 0.38012300208210947 0.30472038723528383 0.4592299552847000
0.38849368141964075 0.32171607688069348 0.48103656582534315 0.4592299552847000
0.49484376283362502 0.22602462433278561 0.27802939005196092 0.3966867533821950
0.15432893740944564 0.22602462433278561 0.27802939005196092 0.3966867533821950
0.49484376283362502 0.20556764267385008 0.27802939005196092 0.3966867533821950
0.49484376283362502 0.22602462433278561 0.34212831817567346 0.3966867533821950
0.49484376283362502 0.22602462433278561 0.27802939005196092 0.0510566270513952
0.15432893740944564 0.20556764267385008 0.34212831817567346 0.0510566270513952
0.1930499922484159 0.39074917174875734 0.45387543253600604 0.2753087406705710
0.63437768444418907 0.39074917174875734 0.45387543253600604 0.2753087406705710
0.1930499922484159 0.40252871029078963 0.45387543253600604 0.2753087406705710
0.1930499922484159 0.39074917174875734 0.1503614626824856 0.2753087406705710
0.1930499922484159 0.39074917174875734 0.45387543253600604 0.4517321579549140
0.63437768444418907 0.40252871029078963 0.1503614626824856 0.4517321579549140
0.32276512403041119 0.142563933134079 0.16680209375917912 0.4971583491093530
0.45965336961671704 0.142563933134079 0.16680209375917912 0.4971583491093530
0.32276512403041119 0.30201514959335329 0.16680209375917912 0.4971583491093530
0.32276512403041119 0.142563933134079 0.45762749575078487 0.4971583491093530
0.32276512403041119 0.142563933134079 0.16680209375917912 0.3973234649929090
0.45965336961671704 0.30201514959335329 0.45762749575078487 0.3973234649929090
0.68993015540763736 0.47743022963404658 0.38951712511479852 0.0395362360324628
0.33031286043114955 0.47743022963404658 0.38951712511479852 0.0395362360324628
0.68993015540763736 0.10510462671518327 0.38951712511479852 0.0395362360324628
0.68993015540763736 0.47743022963404658 0.24714825674891472 0.0395362360324628
0.68993015540763736 0.47743022963404658 0.38951712511479852 0.3312322832256810
0.33031286043114955 0.10510462671518327 0.24714825674891472 0.3312322832256810
0.55459985681809487 0.15272582061588766 0.43375357910990719 0.1569015699821090
0.28406644025817512 0.15272582061588766 0.43375357910990719 0.1569015699821090
0.55459985681809487 0.29280395731329922 0.43375357910990719 0.1569015699821090
0.55459985681809487 0.15272582061588766 0.43573431894183157 0.1569015699821090
0.55459985681809487 0.15272582061588766 0.43375357910990719 0.3644726522756260
0.28406644025817512 0.29280395731329922 0.43573431894183157 0.3644726522756260
0.25782438474707303 0.4172675799578428 0.20947592258453371 0.4539139302260220
0.42354855337180192 0.4172675799578428 0.20947592258453371 0.4539139302260220
0.25782438474707303 0.48971858099102972 0.20947592258453371 0.4539139302260220
0.25782438474707303 0.4172675799578428 0.26887055896222589 0.4539139302260220
0.25782438474707303 0.4172675799578428 0.20947592258453371 0.2333039032980240
0.42354855337180192 0.48971858099102972 0.26887055896222589 0.2333039032980240
0.057322972407564524 0.26585030928254128 0.32291642501950268 0.3113927601563210
0.58937600604258478 0.26585030928254128 0.32291642501950268 0.3113927601563210
0.057322972407564524 0.39022889770567415 0.32291642501950268 0.3113927601563210
0.057322972407564524 0.26585030928254128 0.36372852548956869 0.3113927601563210
0.057322972407564524 0.26585030928254128 0.32291642501950268 0.2064793876895020
0.58937600604258478 0.39022889770567415 0.36372852548956869 0.2064793876895020
0.42966498886235049 0.30092424899339676 0.14550796002149582 0.3515942997649310
0.11949861515313387 0.30092424899339676 0.14550796002149582 0.3515942997649310
0.42966498886235049 0.19327021427452565 0.14550796002149582 0.3515942997649310
0.42966498886235049 0.30092424899339676 0.12815087996423247 0.3515942997649310
0.42966498886235049 0.30092424899339676 0.14550796002149582 0.4721306885753280
0.11949861515313387 0.19327021427452565 0.12815087996423247 0.4721306885753280
0.38256474155932657 0.10211858563125134 0.34003454223275187 0.4401891487313620
0.68738627424463628 0.10211858563125134 0.34003454223275187 0.4401891487313620
0.38256474155932657 0.13425572030246258 0.34003454223275187 0.4401891487313620
0.38256474155932657 0.10211858563125134 0.4187962960451842 0.4401891487313620
0.38256474155932657 0.10211858563125134 0.34003454223275187 0.3618074383294220
0.68738627424463628 0.13425572030246258 0.4187962960451842 0.3618074383294220
0.10490165604278445 0.46860723681747918 0.11575862914323808 0.1709639405335250
0.18260103692300617 0.46860723681747918 0.11575862914323808 0.1709639405335250
0.10490165604278445 0.33731715939939022 0.11575862914323808 0.1709639405335250
0.10490165604278445 0.46860723681747918 0.28561326637864115 0.1709639405335250
0.10490165604278445 0.46860723681747918 0.11575862914323808 0.2546922677517110
0.18260103692300617 0.33731715939939022 0.28561326637864115 0.2546922677517110
0.22937047453597187 0.21680548042058945 0.40419801101088526 0.3691995735320360
0.34272558013908561 0.21680548042058945 0.40419801101088526 0.3691995735320360
0.22937047453597187 0.4362697437405586 0.40419801101088526 0.3691995735320360
0.22937047453597187 0.21680548042058945 0.37822513990104201 0.3691995735320360
0.22937047453597187 0.21680548042058945 0.40419801101088526 0.1275529317401470
0.34272558013908561 0.4362697437405586 0.37822513990104201 0.1275529317401470
0.58258028738200662 0.35070149973034859 0.22679090201854707 0.3007558283890060
0.5285411659628152 0.35070149973034859 0.22679090201854707 0.3007558283890060
0.58258028738200662 0.23315470814704897 0.22679090201854707 0.3007558283890060
0.58258028738200662 0.35070149973034859 0.11384957507252694 0.3007558283890060
0.58258028738200662 0.35070149973034859 0.22679090201854707 0.4943221904644840
0.5285411659628152 0.23315470814704897 0.11384957507252694 0.4943221904644840
0.6478458517696708 0.27540504969656465 0.196809196844697 0.2230543266613460
0.41103773876093325 0.27540504969656465 0.196809196844697 0.2230543266613460
0.6478458517696708 0.17046677544713021 0.196809196844697 0.2230543266613460
0.6478458517696708 0.27540504969656465 0.3002894766628742 0.2230543266613460
0.6478458517696708 0.27540504969656465 0.196809196844697 0.0962960948658205
0.41103773876093325 0.17046677544713021 0.3002894766628742 0.0962960948658205
0.3650057569611817 0.34210116825997827 0.37265393100678923 0.4268306419692980
0.21504118125885724 0.34210116825997827 0.37265393100678923 0.4268306419692980
0.3650057569611817 0.37357923611998556 0.37265393100678923 0.4268306419692980
0.3650057569611817 0.34210116825997827 0.19200498871505262 0.4268306419692980
0.3650057569611817 0.34210116825997827 0.37265393100678923 0.4450729538918370
0.21504118125885724 0.37357923611998556 0.19200498871505262 0.4450729538918370
0.16977048465050754 0.19350695833563805 0.26058176048099996 0.1195838492249730
0.066352257598191494 0.19350695833563805 0.26058176048099996 0.1195838492249730
0.16977048465050754 0.47462989278137691 0.26058176048099996 0.1195838492249730
0.16977048465050754 0.19350695833563805 0.49722023978829388 0.1195838492249730
0.16977048465050754 0.19350695833563805 0.26058176048099996 0.4209894499139160
0.066352257598191494 0.47462989278137691 0.49722023978829388 0.4209894499139160
0.51796198445372277 0.42721962630748755 0.48329509608447552 0.4746525342694700
0.561006116727367 0.42721962630748755 0.48329509608447552 0.4746525342694700
0.51796198445372277 0.27156454361975191 0.48329509608447552 0.4746525342694700
0.51796198445372277 0.42721962630748755 0.20775082223117353 0.4746525342694700
0.51796198445372277 0.42721962630748755 0.48329509608447552 0.2839783149325190
0.561006116727367 0.27156454361975191 0.20775082223117353 0.2839783149325190
0.52276633251458404 0.11587778069078923 0.27151776142418382 0.1770871655851960
0.47765305666252966 0.11587778069078923 0.27151776142418382 0.1770871655851960
0.52276633251458404 0.19741323888301851 0.27151776142418382 0.1770871655851960
0.52276633251458404 0.11587778069078923 0.26219702363014219 0.1770871655851960
0.52276633251458404 0.11587778069078923 0.27151776142418382 0.3370136803263880
0.47765305666252966 0.19741323888301851 0.26219702363014219 0.3370136803263880
0.16512804729864 0.45094560645520687 0.49736249260604382 0.4429112661144150
0.31244333055801687 0.45094560645520687 0.49736249260604382 0.4429112661144150
0.16512804729864 0.39427684396505358 0.49736249260604382 0.4429112661144150
0.16512804729864 0.45094560645520687 0.44533179141581059 0.4429112661144150
0.16512804729864 0.45094560645520687 0.49736249260604382 0.3949240548049890
0.31244333055801687 0.39427684396505358 0.44533179141581059 0.3949240548049890
0.37099521281197662 0.20265563651919366 0.18587625958025455 0.2976397463468030
0.13168872776441276 0.20265563651919366 0.18587625958025455 0.2976397463468030
0.37099521281197662 0.49454472623765466 0.18587625958025455 0.2976397463468030
0.37099521281197662 0.20265563651919366 0.14039081633090975 0.2976397463468030
0.37099521281197662 0.20265563651919366 0.18587625958025455 0.4514084123825230
0.13168872776441276 0.49454472623765466 0.14039081633090975 0.4514084123825230
0.64170068167150018 0.36719127893447878 0.35858959816396241 0.3665717306419620
0.65712817609310148 0.36719127893447878 0.35858959816396241 0.3665717306419620
0.64170068167150018 0.29773128442466257 0.35858959816396241 0.3665717306419620
0.64170068167150018 0.36719127893447878 0.35481464304029942 0.3665717306419620
0.64170068167150018 0.36719127893447878 0.35858959816396241 0.0599144994728069
0.65712817609310148 0.29773128442466257 0.35481464304029942 0.0599144994728069
0.58762039034627378 0.29248153083026407 0.4151306681334973 0.4290630022171920
0.61197276539169254 0.29248153083026407 0.4151306681334973 0.4290630022171920
0.58762039034627378 0.11043159104883671 0.4151306681334973 0.4290630022171920
0.58762039034627378 0.29248153083026407 0.1685952190309763 0.4290630022171920
0.58762039034627378 0.29248153083026407 0.4151306681334973 0.4757391893482990
0.61197276539169254 0.11043159104883671 0.1685952190309763 0.4757391893482990
0.22480447595007713 0.32736614830791955 0.24085475206375123 0.2272889905183430
0.096714591421186921 0.32736614830791955 0.24085475206375123 0.2272889905183430
0.22480447595007713 0.30724722631275658 0.24085475206375123 0.2272889905183430
0.22480447595007713 0.32736614830791955 0.32682994306087498 0.2272889905183430
0.22480447595007713 0.32736614830791955 0.24085475206375123 0.2023145306288670
0.096714591421186921 0.30724722631275658 0.32682994306087498 0.2023145306288670
0.1106510201934725 0.17603987604379656 0.3290988214313984 0.4722966452324800
0.26603325987234711 0.17603987604379656 0.3290988214313984 0.4722966452324800
0.1106510201934725 0.40697648450732238 0.3290988214313984 0.4722966452324800
0.1106510201934725 0.17603987604379656 0.23428559042513372 0.4722966452324800
0.1106510201934725 0.17603987604379656 0.3290988214313984 0.2326706663648210
0.26603325987234711 0.40697648450732238 0.23428559042513372 0.2326706663648210
0.37633755612187081 0.44078274741768841 0.10169171541929245 0.1131412888178450
0.4413746716920286 0.44078274741768841 0.10169171541929245 0.1131412888178450
0.37633755612187081 0.21011640802025797 0.10169171541929245 0.1131412888178450
0.37633755612187081 0.44078274741768841 0.473804771900177 0.1131412888178450
0.37633755612187081 0.44078274741768841 0.10169171541929245 0.3684579280612140
0.4413746716920286 0.21011640802025797 0.473804771900177 0.3684579280612140
0.43589775087311855 0.24349170513451102 0.30885276570916176 0.2719662637285420
0.36090751434676344 0.24349170513451102 0.30885276570916176 0.2719662637285420
0.43589775087311855 0.26272224634885788 0.30885276570916176 0.2719662637285420
0.43589775087311855 0.24349170513451102 0.17695017307996752 0.2719662637285420
0.43589775087311855 0.24349170513451102 0.30885276570916176 0.4938015751197800
0.36090751434676344 0.26272224634885788 0.17695017307996752 0.4938015751197800
0.051569261774420741 0.37718605212867262 0.13457511216402054 0.3942814023231970
0.51022903583943835 0.37718605212867262 0.13457511216402054 0.3942814023231970
0.051569261774420741 0.46588191092014319 0.13457511216402054 0.3942814023231970
0.051569261774420741 0.37718605212867262 0.31867030449211597 0.3942814023231970
0.051569261774420741 0.37718605212867262 0.13457511216402054 0.1343289610865130
0.51022903583943835 0.46588191092014319 0.31867030449211597 0.1343289610865130
0.26238604653626679 0.1254874534904957 0.44782030209898949 0.0477398801463333
0.66495806640014044 0.1254874534904957 0.44782030209898949 0.0477398801463333
0.26238604653626679 0.36717805676162241 0.44782030209898949 0.0477398801463333
0.26238604653626679 0.1254874534904957 0.2236845448613167 0.0477398801463333
0.26238604653626679 0.1254874534904957 0.44782030209898949 0.2623869653332720
0.66495806640014044 0.36717805676162241 0.2236845448613167 0.2623869653332720
0.54956534011289471 0.49216524809598927 0.22041183412075044 0.4993579953693190
0.20491884653456505 0.49216524809598927 0.22041183412075044 0.4993579953693190
0.54956534011289471 0.16396517716348172 0.22041183412075044 0.4993579953693190
0.54956534011289471 0.49216524809598927 0.48421050794422626 0.4993579953693190
0.54956534011289471 0.49216524809598927 0.22041183412075044 0.3595092997792270
0.20491884653456505 0.16396517716348172 0.48421050794422626 0.3595092997792270
0.69608089723624289 0.16687566600739956 0.15273488797247411 0.4513706599095250
0.088823799509555101 0.16687566600739956 0.15273488797247411 0.4513706599095250
0.69608089723624289 0.22627779133617879 0.15273488797247411 0.4513706599095250
0.69608089723624289 0.16687566600739956 0.29545584805309777 0.4513706599095250
0.69608089723624289 0.16687566600739956 0.15273488797247411 0.2829340584985600
0.088823799509555101 0.22627779133617879 0.29545584805309777 0.2829340584985600
0.31677132654003792 0.40077779926359658 0.37858093343675137 0.1509912108588820
0.53872172296978527 0.40077779926359658 0.37858093343675137 0.1509912108588820
0.31677132654003792 0.42948695160448558 0.37858093343675137 0.1509912108588820
0.31677132654003792 0.40077779926359658 0.41226828247308733 0.1509912108588820
0.31677132654003792 0.40077779926359658 0.37858093343675137 0.4239817566209190
0.53872172296978527 0.42948695160448558 0.41226828247308733 0.4239817566209190
0.19768809764645989 0.25209111273288731 0.29209353215992451 0.3544474804354190
0.39288925915025169 0.25209111273288731 0.29209353215992451 0.3544474804354190
0.19768809764645989 0.32819366827607155 0.29209353215992451 0.3544474804354190
0.19768809764645989 0.25209111273288731 0.10469058938324452 0.3544474804354190
0.19768809764645989 0.25209111273288731 0.29209353215992451 0.4493499511999200
0.39288925915025169 0.32819366827607155 0.10469058938324452 0.4493499511999200
0.49004499618895347 0.31858588084578515 0.46480856053531172 0.3147257700220800
0.23339668419212101 0.31858588084578515 0.46480856053531172 0.3147257700220800
0.49004499618895347 0.12503200098872186 0.46480856053531172 0.3147257700220800
0.49004499618895347 0.31858588084578515 0.39031956046819694 0.3147257700220800
0.49004499618895347 0.31858588084578515 0.46480856053531172 0.0916810488576420
0.23339668419212101 0.12503200098872186 0.39031956046819694 0.0916810488576420
0.462192576797679 0.26253418438136578 0.14306055866181852 0.4808830671940110
0.63014062014408401 0.26253418438136578 0.14306055866181852 0.4808830671940110
0.462192576797679 0.44756459407508375 0.14306055866181852 0.4808830671940110
0.462192576797679 0.26253418438136578 0.42640835344791417 0.4808830671940110
0.462192576797679 0.26253418438136578 0.14306055866181852 0.4368620607422230
0.63014062014408401 0.44756459407508375 0.42640835344791417 0.4368620607422230
0.18507544822059568 0.3042365599423647 0.3125346187502146 0.0889758378636640
0.15994584886357188 0.3042365599423647 0.3125346187502146 0.0889758378636640
0.18507544822059568 0.24452223144471646 0.3125346187502146 0.0889758378636640
0.18507544822059568 0.3042365599423647 0.26589230932295327 0.0889758378636640
0.18507544822059568 0.3042365599423647 0.3125346187502146 0.1239158709203100
0.15994584886357188 0.24452223144471646 0.26589230932295327 0.1239158709203100
0.30907781044952565 0.15566355735063553 0.20116895548999311 0.4191443585818650
0.32483104467391966 0.15566355735063553 0.20116895548999311 0.4191443585818650
0.30907781044952565 0.14479298442602159 0.20116895548999311 0.4191443585818650
0.30907781044952565 0.15566355735063553 0.37334755063056946 0.4191443585818650
0.30907781044952565 0.15566355735063553 0.20116895548999311 0.3010181957283020
0.32483104467391966 0.14479298442602159 0.37334755063056946 0.3010181957283020
0.66299196169711649 0.41433365717530257 0.43001182563602924 0.2455620059721000
0.46399577739648512 0.41433365717530257 0.43001182563602924 0.2455620059721000
0.66299196169711649 0.34787978827953336 0.43001182563602924 0.2455620059721000
0.66299196169711649 0.41433365717530257 0.13161750175058842 0.2455620059721000
0.66299196169711649 0.41433365717530257 0.43001182563602924 0.4116718434171230
0.46399577739648512 0.34787978827953336 0.13161750175058842 0.4116718434171230
0.56757255783304572 0.13923871852457526 0.39983789473772047 0.2815838304608250
0.41885028127580876 0.13923871852457526 0.39983789473772047 0.2815838304608250
0.56757255783304572 0.46019154563546183 0.39983789473772047 0.2815838304608250
0.56757255783304572 0.13923871852457526 0.34500901438295839 0.2815838304608250
0.56757255783304572 0.13923871852457526 0.39983789473772047 0.2736283457444620
0.41885028127580876 0.46019154563546183 0.34500901438295839 0.2736283457444620
0.28547618370503186 0.48075773380696774 0.16943260207772254 0.3781624802790340
0.28982715732417996 0.48075773380696774 0.16943260207772254 0.3781624802790340
0.28547618370503186 0.25710273906588554 0.16943260207772254 0.3781624802790340
0.28547618370503186 0.48075773380696774 0.15939453840255738 0.3781624802790340
0.28547618370503186 0.48075773380696774 0.16943260207772254 0.3508869484875020
0.28982715732417996 0.25710273906588554 0.15939453840255738 0.3508869484875020
0.089417999982833868 0.22894697710871698 0.45755614936351774 0.1965437377672590
0.11352585875429212 0.22894697710871698 0.45755614936351774 0.1965437377672590
0.089417999982833868 0.15683484561741354 0.45755614936351774 0.1965437377672590
0.089417999982833868 0.22894697710871698 0.4544539216905833 0.1965437377672590
0.089417999982833868 0.22894697710871698 0.45755614936351774 0.4872702422247100
0.11352585875429212 0.15683484561741354 0.4544539216905833 0.4872702422247100
0.43819421911612144 0.38782452940940859 0.28651946410536766 0.4328581328337650
0.59389199102297419 0.38782452940940859 0.28651946410536766 0.4328581328337650
0.43819421911612144 0.35987348891794679 0.28651946410536766 0.4328581328337650
0.43819421911612144 0.38782452940940859 0.23762699067592621 0.4328581328337650
0.43819421911612144 0.38782452940940859 0.28651946410536766 0.1526166113675550
0.59389199102297419 0.35987348891794679 0.23762699067592621 0.1526166113675550
0.41465974370948966 0.19058451615273952 0.48105537891387939 0.3417392546354370
0.18808761201798913 0.19058451615273952 0.48105537891387939 0.3417392546354370
0.41465974370948966 0.31257775984704494 0.48105537891387939 0.3417392546354370
0.41465974370948966 0.19058451615273952 0.30951783210039141 0.3417392546354370
0.41465974370948966 0.19058451615273952 0.48105537891387939 0.2175408949959890
0.18808761201798913 0.31257775984704494 0.30951783210039141 0.2175408949959890
0.113431146601215 0.43014435805380347 0.25065144822001462 0.3291338105658570
0.68305885638110331 0.43014435805380347 0.25065144822001462 0.3291338105658570
0.113431146601215 0.11564186625182629 0.25065144822001462 0.3291338105658570
0.113431146601215 0.43014435805380347 0.19508103616535666 0.3291338105658570
0.113431146601215 0.43014435805380347 0.25065144822001462 0.3782568368829150
0.68305885638110331 0.11564186625182629 0.19508103616535666 0.3782568368829150
0.24234322276897724 0.27873036563396458 0.36377301663160322 0.4606447743207350
0.5327730834949761 0.27873036563396458 0.36377301663160322 0.4606447743207350
0.24234322276897724 0.21693513691425326 0.36377301663160322 0.4606447743207350
0.24234322276897724 0.27873036563396458 0.48750369995832443 0.4606447743207350
0.24234322276897724 0.27873036563396458 0.36377301663160322 0.4814504300583980
0.5327730834949761 0.21693513691425326 0.48750369995832443 0.4814504300583980
0.610231809085235 0.33877356275916104 0.19273806884884837 0.1288737227614120
0.33709391122683879 0.33877356275916104 0.19273806884884837 0.1288737227614120
0.610231809085235 0.41382353752851486 0.19273806884884837 0.1288737227614120
0.610231809085235 0.33877356275916104 0.20438190288841726 0.1288737227614120
0.610231809085235 0.33877356275916104 0.19273806884884837 0.1888746097632890
0.33709391122683879 0.41382353752851486 0.20438190288841726 0.1888746097632890
0.63415825366973877 0.21386783309280874 0.23678225092589855 0.0736995338479473
0.22102861762978132 0.21386783309280874 0.23678225092589855 0.0736995338479473
0.63415825366973877 0.37652317807078362 0.23678225092589855 0.0736995338479473
0.63415825366973877 0.21386783309280874 0.41601330228149891 0.0736995338479473
0.63415825366973877 0.21386783309280874 0.23678225092589855 0.4620488859986770
0.22102861762978132 0.37652317807078362 0.41601330228149891 0.4620488859986770
0.33806761289015408 0.35363533310592177 0.40625462122261524 0.4912525124615500
0.40652682306244964 0.35363533310592177 0.40625462122261524 0.4912525124615500
0.33806761289015408 0.1796383060514927 0.40625462122261524 0.4912525124615500
0.33806761289015408 0.35363533310592177 0.27648267596960069 0.4912525124615500
0.33806761289015408 0.35363533310592177 0.40625462122261524 0.0267101474681981
0.40652682306244964 0.1796383060514927 0.27648267596960069 0.0267101474681981
0.13711956134065983 0.10543460920453072 0.11989079378545285 0.2546991297676280
0.56568932142108674 0.10543460920453072 0.11989079378545285 0.2546991297676280
0.13711956134065983 0.27834217287600038 0.11989079378545285 0.2546991297676280
0.13711956134065983 0.10543460920453072 0.38149651177227495 0.2546991297676280
0.13711956134065983 0.10543460920453072 0.11989079378545285 0.3188418698188250
0.56568932142108674 0.27834217287600038 0.38149651177227495 0.3188418698188250
0.50998740773648021 0.46529502719640736 0.34873234964907174 0.4048903963598970
0.060586703708395362 0.46529502719640736 0.34873234964907174 0.4048903963598970
0.50998740773648021 0.47528025992214684 0.34873234964907174 0.4048903963598970
0.50998740773648021 0.46529502719640736 0.12327323108911514 0.4048903963598970
0.50998740773648021 0.46529502719640736 0.34873234964907174 0.4093904648972720
0.060586703708395362 0.47528025992214684 0.12327323108911514 0.4093904648972720
0.50245005749166005 0.20750542469322683 0.44183698743581779 0.4360622673058170
0.44869468146935099 0.20750542469322683 0.44183698743581779 0.4360622673058170
0.50245005749166005 0.42399961985647683 0.44183698743581779 0.4360622673058170
0.50245005749166005 0.20750542469322683 0.36593472361564638 0.4360622673058170
0.50245005749166005 0.20750542469322683 0.44183698743581779 0.3870066545817010
0.44869468146935099 0.42399961985647683 0.36593472361564638 0.3870066545817010
0.14481672169640658 0.37264537028968336 0.21452762559056282 0.2005581930364700
0.25875327163375911 0.37264537028968336 0.21452762559056282 0.2005581930364700
0.14481672169640658 0.22081544585525992 0.21452762559056282 0.2005581930364700
0.14481672169640658 0.37264537028968336 0.126561251655221 0.2005581930364700
0.14481672169640658 0.37264537028968336 0.21452762559056282 0.2222075789847560
0.25875327163375911 0.22081544585525992 0.126561251655221 0.2222075789847560
0.3506840179674327 0.12397316172719003 0.30306466221809392 0.3863677636793800
0.10403398252092302 0.12397316172719003 0.30306466221809392 0.3863677636793800
0.3506840179674327 0.12113045081496239 0.30306466221809392 0.3863677636793800
0.3506840179674327 0.12397316172719003 0.43147743046283726 0.3863677636793800
0.3506840179674327 0.12397316172719003 0.30306466221809392 0.1734833097562310
0.10403398252092302 0.12113045081496239 0.43147743046283726 0.1734833097562310
0.62138451803475614 0.4592057392001152 0.12888631746172907 0.2944541725461300
0.60469339583069082 0.4592057392001152 0.12888631746172907 0.2944541725461300
0.62138451803475614 0.32427056506276131 0.12888631746172907 0.2944541725461300
0.62138451803475614 0.4592057392001152 0.27329230941832067 0.2944541725461300
0.62138451803475614 0.4592057392001152 0.12888631746172907 0.4793803672688730
0.60469339583069082 0.32427056506276131 0.27329230941832067 0.4793803672688730
0.60793170141987496 0.18411232791841031 0.29793033860623841 0.2308626577471020
0.63969201776199036 0.18411232791841031 0.29793033860623841 0.2308626577471020
0.60793170141987496 0.48697001338005064 0.29793033860623841 0.2308626577471020
0.60793170141987496 0.18411232791841031 0.45953537262976174 0.2308626577471020
0.60793170141987496 0.18411232791841031 0.29793033860623841 0.0479817835857077
0.63969201776199036 0.48697001338005064 0.45953537262976174 0.0479817835857077
0.2451207558158785 0.44906886257231238 0.47054630853235724 0.4117765674508590
0.14916428774595258 0.44906886257231238 0.47054630853235724 0.4117765674508590
0.2451207558158785 0.28383380919694901 0.47054630853235724 0.4117765674508590
0.2451207558158785 0.44906886257231238 0.24506349265575411 0.4117765674508590
0.2451207558158785 0.44906886257231238 0.47054630853235724 0.4642585764977600
0.14916428774595258 0.28383380919694901 0.24506349265575411 0.4642585764977600
0.13096717898733912 0.29735426008701327 0.15876710824668408 0.0838087925739961
0.29500655112788077 0.29735426008701327 0.15876710824668408 0.0838087925739961
0.13096717898733912 0.18351556323468687 0.15876710824668408 0.0838087925739961
0.13096717898733912 0.29735426008701327 0.33758381344377997 0.0838087925739961
0.13096717898733912 0.29735426008701327 0.15876710824668408 0.4012724697637020
0.29500655112788077 0.18351556323468687 0.33758381344377997 0.4012724697637020
0.39664876549504691 0.33279424533247948 0.38451389260590074 0.4781527870459730
0.49512923774309447 0.33279424533247948 0.38451389260590074 0.4781527870459730
0.39664876549504691 0.38670231215655804 0.38451389260590074 0.4781527870459730
0.39664876549504691 0.33279424533247948 0.15430178642272951 0.4781527870459730
0.39664876549504691 0.33279424533247948 0.38451389260590074 0.3152659620053040
0.49512923774309447 0.38670231215655804 0.15430178642272951 0.3152659620053040
0.45620659692212934 0.13311434723436832 0.17915968410670757 0.4020058320709500
0.25083303987048566 0.13311434723436832 0.17915968410670757 0.4020058320709500
0.45620659692212934 0.33926009722054007 0.17915968410670757 0.4020058320709500
0.45620659692212934 0.13311434723436832 0.49494263380765913 0.4020058320709500
0.45620659692212934 0.13311434723436832 0.17915968410670757 0.1059093501192250
0.25083303987048566 0.33926009722054007 0.49494263380765913 0.1059093501192250
0.071883057244122028 0.4992367651313544 0.35177696831524374 0.2522821208869520
0.37541295941919084 0.4992367651313544 0.35177696831524374 0.2522821208869520
0.071883057244122028 0.14246906675398352 0.35177696831524374 0.2522821208869520
0.071883057244122028 0.4992367651313544 0.20946092195808888 0.2522821208869520
0.071883057244122028 0.4992367651313544 0.35177696831524374 0.4344294390301530
0.37541295941919084 0.14246906675398352 0.20946092195808888 0.4344294390301530
0.28269973061978815 0.24791887924075129 0.26499659977853296 0.4861313561482940
0.55615745754912493 0.24791887924075129 0.26499659977853296 0.4861313561482940
0.28269973061978815 0.24371503666043282 0.26499659977853296 0.4861313561482940
0.28269973061978815 0.24791887924075129 0.30442264825105669 0.4861313561482940
0.28269973061978815 0.24791887924075129 0.26499659977853296 0.4195224256169740
0.55615745754912493 0.24371503666043282 0.30442264825105669 0.4195224256169740
0.56987405540421598 0.38139954805374143 0.49074507392942912 0.0531078015676222
0.071348120877519253 0.38139954805374143 0.49074507392942912 0.0531078015676222
0.56987405540421598 0.44055317863821986 0.49074507392942912 0.0531078015676222
0.56987405540421598 0.38139954805374143 0.18765826709568501 0.0531078015676222
0.56987405540421598 0.38139954805374143 0.49074507392942912 0.3047302066852280
0.071348120877519253 0.44055317863821986 0.18765826709568501 0.3047302066852280
0.67576709692366421 0.25649534575641153 0.33557128012180326 0.1462885094675720
0.19759965157136317 0.25649534575641153 0.33557128012180326 0.1462885094675720
0.67576709692366421 0.35286512523889546 0.33557128012180326 0.1462885094675720
0.67576709692366421 0.25649534575641153 0.37643811590969567 0.1462885094675720
0.67576709692366421 0.25649534575641153 0.33557128012180326 0.3410546875721410
0.19759965157136317 0.35286512523889546 0.37643811590969567 0.3410546875721410
0.29646249501965938 0.32282537110149861 0.10826018080115318 0.4663006030335070
0.67223793719895175 0.32282537110149861 0.10826018080115318 0.4663006030335070
0.29646249501965938 0.15602459907531741 0.10826018080115318 0.4663006030335070
0.29646249501965938 0.32282537110149861 0.11586254984140397 0.4663006030335070
0.29646249501965938 0.32282537110149861 0.10826018080115318 0.2695764634612210
0.67223793719895175 0.15602459907531741 0.11586254984140397 0.2695764634612210
0.17737936782650648 0.17452548891305925 0.42179833799600608 0.3310532257824310
0.5029092221986502 0.17452548891305925 0.42179833799600608 0.3310532257824310
0.17737936782650648 0.25478187315166001 0.42179833799600608 0.3310532257824310
0.17737936782650648 0.17452548891305925 0.42341544814407828 0.3310532257824310
0.17737936782650648 0.17452548891305925 0.42179833799600608 0.1688071748444150
0.5029092221986502 0.25478187315166001 0.42341544814407828 0.1688071748444150
0.4697313169483095 0.40782333388924596 0.24761863127350808 0.3452582275303520
0.36818800382316108 0.40782333388924596 0.24761863127350808 0.3452582275303520
0.4697313169483095 0.45156880281865597 0.24761863127350808 0.3452582275303520
0.4697313169483095 0.40782333388924596 0.28154960721731187 0.3452582275303520
0.4697313169483095 0.40782333388924596 0.24761863127350808 0.4892701653616980
0.36818800382316108 0.45156880281865597 0.28154960721731187 0.4892701653616980
0.48250636742450292 0.16074991188943388 0.36960984691977505 0.1097641537813650
0.58089949958957732 0.16074991188943388 0.36960984691977505 0.1097641537813650
0.48250636742450292 0.17415041401982306 0.36960984691977505 0.1097641537813650
0.48250636742450292 0.16074991188943388 0.14547338783740998 0.1097641537813650
0.48250636742450292 0.16074991188943388 0.36960984691977505 0.1400207979918150
0.58089949958957732 0.17415041401982306 0.14547338783740998 0.1400207979918150
0.20538428942672904 0.41925516165792942 0.19847579300403595 0.4700130041951910
0.12655837172642348 0.41925516165792942 0.19847579300403595 0.4700130041951910
0.20538428942672904 0.37106141671538351 0.19847579300403595 0.4700130041951910
0.20538428942672904 0.41925516165792942 0.36225073970854282 0.4700130041951910
0.20538428942672904 0.41925516165792942 0.19847579300403595 0.4996222771424880
0.12655837172642348 0.37106141671538351 0.36225073970854282 0.4996222771424880
0.32938653058372436 0.27106439769268037 0.48708762302994735 0.2130493447236590
0.27683404479175805 0.27106439769268037 0.48708762302994735 0.2130493447236590
0.32938653058372436 0.47137965150177485 0.48708762302994735 0.2130493447236590
0.32938653058372436 0.27106439769268037 0.25477070212364195 0.2130493447236590
0.32938653058372436 0.27106439769268037 0.48708762302994735 0.3563574988171840
0.27683404479175805 0.47137965150177485 0.25477070212364195 0.3563574988171840
0.68330565062351523 0.31216256842017176 0.25658438354730606 0.4225854505752890
0.43188341534696512 0.31216256842017176 0.25658438354730606 0.4225854505752890
0.68330565062351523 0.27441810406744482 0.25658438354730606 0.4225854505752890
0.68330565062351523 0.31216256842017176 0.44023944474756715 0.4225854505752890
0.68330565062351523 0.31216256842017176 0.25658438354730606 0.2496682881196860
0.43188341534696512 0.27441810406744482 0.44023944474756715 0.2496682881196860
0.54726372146978974 0.23745129294693471 0.11390750296413898 0.3743349633467070
0.46687211543321605 0.23745129294693471 0.11390750296413898 0.3743349633467070
0.54726372146978974 0.13673091046512129 0.11390750296413898 0.3743349633467070
0.54726372146978974 0.23745129294693471 0.22687159515917302 0.3743349633467070
0.54726372146978974 0.23745129294693471 0.11390750296413898 0.4265071328983520
0.46687211543321605 0.13673091046512129 0.22687159515917302 0.4265071328983520
0.26516237854957581 0.39577338509261606 0.34284811727702619 0.3090330331534100
0.32199410828761754 0.39577338509261606 0.34284811727702619 0.3090330331534100
0.26516237854957581 0.33368835709989075 0.34284811727702619 0.3090330331534100
0.26516237854957581 0.39577338509261606 0.46874887943267829 0.3090330331534100
0.26516237854957581 0.39577338509261606 0.34284811727702619 0.2945581273604500
0.32199410828761754 0.33368835709989075 0.46874887943267829 0.2945581273604500
0.069104325585067267 0.14435095861554148 0.23099417127668859 0.4454153765422660
0.16282156822271643 0.14435095861554148 0.23099417127668859 0.4454153765422660
0.069104325585067267 0.43337336331605913 0.23099417127668859 0.4454153765422660
0.069104325585067267 0.14435095861554148 0.17366546429693699 0.4454153765422660
0.069104325585067267 0.14435095861554148 0.23099417127668859 0.0853299677937974
0.16282156822271643 0.43337336331605913 0.17366546429693699 0.0853299677937974
0.41788549413904541 0.48565640300512314 0.40056580267846587 0.1800134908764890
0.62730430243536828 0.48565640300512314 0.40056580267846587 0.1800134908764890
0.41788549413904541 0.23645997643470765 0.40056580267846587 0.1800134908764890
0.41788549413904541 0.48565640300512314 0.33422958552837373 0.1800134908764890
0.41788549413904541 0.48565640300512314 0.40056580267846587 0.4422928656143040
0.62730430243536828 0.23645997643470765 0.33422958552837373 0.4422928656143040
0.39434842295013361 0.28611773960292342 0.20764139033854009 0.3176203392605090
0.057710555754601961 0.28611773960292342 0.20764139033854009 0.3176203392605090
0.39434842295013361 0.28911464437842371 0.20764139033854009 0.3176203392605090
0.39434842295013361 0.28611773960292342 0.21862498074769976 0.3176203392605090
0.39434842295013361 0.28611773960292342 0.20764139033854009 0.3921009041946400
0.057710555754601961 0.28911464437842371 0.21862498074769976 0.3921009041946400
0.093114876421168447 0.34637451656162743 0.43658031485974791 0.3586202589104960
0.56852552532218392 0.34637451656162743 0.43658031485974791 0.3586202589104960
0.093114876421168447 0.49222996309399603 0.43658031485974791 0.3586202589104960
0.093114876421168447 0.34637451656162743 0.47680018432438376 0.3586202589104960
0.093114876421168447 0.34637451656162743 0.43658031485974791 0.3267698243205400
0.56852552532218392 0.49222996309399603 0.47680018432438376 0.3267698243205400
0.22202705428935587 0.19457981139421465 0.14972820468246939 0.1688661984616080
0.40365005643106994 0.19457981139421465 0.14972820468246939 0.1688661984616080
0.22202705428935587 0.39347270168364046 0.14972820468246939 0.1688661984616080
0.22202705428935587 0.19457981139421465 0.18435348719358446 0.1688661984616080
0.22202705428935587 0.19457981139421465 0.14972820468246939 0.0666492549787261
0.40365005643106994 0.39347270168364046 0.18435348719358446 0.0666492549787261
0.58992060939781366 0.43469512835144997 0.31929852180182938 0.4577852326196320
0.22386544020846483 0.43469512835144997 0.31929852180182938 0.4577852326196320
0.58992060939781366 0.19041097946465016 0.31929852180182938 0.4577852326196320
0.58992060939781366 0.43469512835144997 0.3237368781119585 0.4577852326196320
0.58992060939781366 0.43469512835144997 0.31929852180182938 0.4582295081956840
0.22386544020846483 0.19041097946465016 0.3237368781119585 0.4582295081956840
0.6544745383784174 0.10940401889383794 0.45083955004811294 0.4939095403539050
0.35008721505291757 0.10940401889383794 0.45083955004811294 0.4939095403539050
0.6544745383784174 0.20311109684407713 0.45083955004811294 0.4939095403539050
0.6544745383784174 0.10940401889383794 0.11213064379990101 0.4939095403539050
0.6544745383784174 0.10940401889383794 0.45083955004811294 0.1974012309750100
0.35008721505291757 0.20311109684407713 0.11213064379990101 0.1974012309750100
0.35837892880663269 0.46986863277852542 0.27970685809850693 0.0241438937424449
0.51974045550450676 0.46986863277852542 0.27970685809850693 0.0241438937424449
0.35837892880663269 0.40617539398372171 0.27970685809850693 0.0241438937424449
0.35837892880663269 0.46986863277852542 0.39539817422628409 0.0241438937424449
0.35837892880663269 0.46986863277852542 0.27970685809850693 0.4693546690047200
0.51974045550450676 0.40617539398372171 0.39539817422628409 0.4693546690047200
0.15743076587095856 0.22128110453486444 0.39331670925021178 0.3905831760737410
0.69605153910815709 0.22128110453486444 0.39331670925021178 0.3905831760737410
0.15743076587095856 0.30492941141128538 0.39331670925021178 0.3905831760737410
0.15743076587095856 0.22128110453486444 0.29035954363644123 0.3905831760737410
0.15743076587095856 0.22128110453486444 0.39331670925021178 0.3715041260692870
0.69605153910815709 0.30492941141128538 0.29035954363644123 0.3715041260692870
0.53030356168746939 0.36121343970298769 0.16281520724296572 0.2686381835195150
0.17505560512654483 0.36121343970298769 0.16281520724296572 0.2686381835195150
0.53030356168746939 0.10181800276041031 0.16281520724296572 0.2686381835195150
0.53030356168746939 0.36121343970298769 0.4048459187150002 0.2686381835195150
0.53030356168746939 0.36121343970298769 0.16281520724296572 0.2459493612451220
0.17505560512654483 0.10181800276041031 0.4048459187150002 0.2459493612451220
0.53135312641970811 0.22050039172172547 0.21547063104808331 0.4790277759354280
0.30082519506104288 0.22050039172172547 0.21547063104808331 0.4790277759354280
0.53135312641970811 0.49337759912014012 0.21547063104808331 0.4790277759354280
0.53135312641970811 0.22050039172172547 0.24085138328373434 0.4790277759354280
0.53135312641970811 0.22050039172172547 0.21547063104808331 0.0951065886423171
0.30082519506104288 0.49337759912014012 0.24085138328373434 0.0951065886423171
0.15904052318073808 0.3619952969253063 0.44128465540707118 0.0832150144005810
0.49171821093186729 0.3619952969253063 0.44128465540707118 0.0832150144005810
0.15904052318073808 0.29031072705984118 0.44128465540707118 0.0832150144005810
0.15904052318073808 0.3619952969253063 0.45141835957765586 0.0832150144005810
0.15904052318073808 0.3619952969253063 0.44128465540707118 0.4458326853950290
0.49171821093186729 0.29031072705984118 0.45141835957765586 0.4458326853950290
0.3592349116224795 0.11018514297902585 0.12943254671990873 0.4115219140447700
0.64549519233405583 0.11018514297902585 0.12943254671990873 0.4115219140447700
0.3592349116224795 0.18921447359025478 0.12943254671990873 0.4115219140447700
0.3592349116224795 0.11018514297902585 0.15656077452003958 0.4115219140447700
0.3592349116224795 0.11018514297902585 0.12943254671990873 0.4201719636499590
0.64549519233405583 0.18921447359025478 0.15656077452003958 0.4201719636499590
0.6560398404952138 0.4690871272236109 0.30212776102125649 0.2326393255584030
0.14578862483613192 0.4690871272236109 0.30212776102125649 0.2326393255584030
0.6560398404952138 0.39232540540397165 0.30212776102125649 0.2326393255584030
0.6560398404952138 0.4690871272236109 0.34843520373106007 0.2326393255584030
0.6560398404952138 0.4690871272236109 0.30212776102125649 0.2847644123346490
0.14578862483613192 0.39232540540397165 0.34843520373106007 0.2847644123346490
0.58855011686682701 0.19379611387848855 0.47117193043231964 0.2931508957694570
0.11078000720590353 0.19379611387848855 0.47117193043231964 0.2931508957694570
0.58855011686682701 0.40502814389765263 0.47117193043231964 0.2931508957694570
0.58855011686682701 0.19379611387848855 0.13446005433797836 0.2931508957694570
0.58855011686682701 0.19379611387848855 0.47117193043231964 0.3611911809231390
0.11078000720590353 0.40502814389765263 0.13446005433797836 0.3611911809231390
0.221375469956547 0.43547386676073074 0.29691413864493371 0.3868558017733070
0.60035504638217385 0.43547386676073074 0.29691413864493371 0.3868558017733070
0.221375469956547 0.20191463716328145 0.29691413864493371 0.3868558017733070
0.221375469956547 0.43547386676073074 0.36992554850876336 0.3868558017733070
0.221375469956547 0.43547386676073074 0.29691413864493371 0.2560305095225060
0.60035504638217385 0.20191463716328145 0.36992554850876336 0.2560305095225060
0.091312769707292324 0.28690178878605366 0.38552398830652235 0.2012532427718850
0.45547477216459803 0.28690178878605366 0.38552398830652235 0.2012532427718850
0.091312769707292324 0.10301413461565972 0.38552398830652235 0.2012532427718850
0.091312769707292324 0.28690178878605366 0.26265913397073748 0.2012532427718850
0.091312769707292324 0.28690178878605366 0.38552398830652235 0.1256534171870970
0.45547477216459803 0.10301413461565972 0.26265913397073748 0.1256534171870970
0.39309695865958921 0.34559618942439557 0.1581475891172886 0.4352206367402590
0.25440063448622818 0.34559618942439557 0.1581475891172886 0.4352206367402590
0.39309695865958921 0.30607709661126137 0.1581475891172886 0.4352206367402590
0.39309695865958921 0.34559618942439557 0.42943973429501059 0.4352206367402590
0.39309695865958921 0.34559618942439557 0.1581475891172886 0.4947003155999420
0.25440063448622818 0.30607709661126137 0.42943973429501059 0.4947003155999420
0.41655466598458579 0.14512970298528671 0.35240256637334821 0.3449197486228020
0.49901297539472572 0.14512970298528671 0.35240256637334821 0.3449197486228020
0.41655466598458579 0.37147661894559858 0.35240256637334821 0.3449197486228020
0.41655466598458579 0.14512970298528671 0.12004888691008092 0.3449197486228020
0.41655466598458579 0.14512970298528671 0.35240256637334821 0.3638622902159440
0.49901297539472572 0.37147661894559858 0.12004888691008092 0.3638622902159440
0.068333733594045043 0.48487269952893264 0.17814341261982919 0.3324203797698840
0.37474974128417665 0.48487269952893264 0.17814341261982919 0.3324203797698840
0.068333733594045043 0.1745164066553116 0.17814341261982919 0.3324203797698840
0.068333733594045043 0.48487269952893264 0.38453202545642851 0.3324203797698840
0.068333733594045043 0.48487269952893264 0.17814341261982919 0.2347123191991040
0.37474974128417665 0.1745164066553116 0.38453202545642851 0.2347123191991040
0.26332062925212085 0.23667297177016736 0.49175524115562441 0.4671969830897920
0.19367801961489017 0.23667297177016736 0.49175524115562441 0.4671969830897920
0.26332062925212085 0.27405168823897841 0.49175524115562441 0.4671969830897920
0.26332062925212085 0.23667297177016736 0.27931639291346078 0.4671969830897920
0.26332062925212085 0.23667297177016736 0.49175524115562441 0.2049000467186970
0.19367801961489017 0.27405168823897841 0.27931639291346078 0.2049000467186970
0.54613124788738787 0.39655742831528185 0.26437710449099538 0.1458229317298240
0.67880528150126329 0.39655742831528185 0.26437710449099538 0.1458229317298240
0.54613124788738787 0.47096478901803496 0.26437710449099538 0.1458229317298240
0.54613124788738787 0.39655742831528185 0.41258715987205508 0.1458229317298240
0.54613124788738787 0.39655742831528185 0.26437710449099538 0.4725432362306160
0.67880528150126329 0.47096478901803496 0.41258715987205508 0.4725432362306160
0.68431551223620768 0.27184624895453458 0.10920316241681577 0.0541423088869491
0.55256374650634821 0.27184624895453458 0.10920316241681577 0.0541423088869491
0.68431551223620768 0.33327354080975058 0.10920316241681577 0.0541423088869491
0.68431551223620768 0.27184624895453458 0.20153939723968506 0.0541423088869491
0.68431551223620768 0.27184624895453458 0.10920316241681577 0.0497533992176023
0.55256374650634821 0.33327354080975058 0.20153939723968506 0.0497533992176023
0.33111533429473633 0.31138186156749725 0.33501887656748297 0.4854146286915370
0.077607380691915751 0.31138186156749725 0.33501887656748297 0.4854146286915370
0.33111533429473633 0.13636454083025457 0.33501887656748297 0.4854146286915370
0.33111533429473633 0.31138186156749725 0.49092565514147279 0.4854146286915370
0.33111533429473633 0.31138186156749725 0.33501887656748297 0.4524720961915000
0.077607380691915751 0.13636454083025457 0.49092565514147279 0.4524720961915000
0.20627995356917378 0.15996840037405491 0.24816493205726148 0.2508479956951760
0.2472436377778649 0.15996840037405491 0.24816493205726148 0.2508479956951760
0.20627995356917378 0.2368260182440281 0.24816493205726148 0.2508479956951760
0.20627995356917378 0.15996840037405491 0.19831416308879854 0.2508479956951760
0.20627995356917378 0.15996840037405491 0.24816493205726148 0.3964356926476680
0.2472436377778649 0.2368260182440281 0.19831416308879854 0.3964356926476680
0.48395264009013766 0.42003629170358181 0.42086146064102647 0.4024508840353250
0.38164801574312146 0.42003629170358181 0.42086146064102647 0.4024508840353250
0.48395264009013766 0.4337886147201061 0.42086146064102647 0.4024508840353250
0.48395264009013766 0.42003629170358181 0.30648649968206887 0.4024508840353250
0.48395264009013766 0.42003629170358181 0.42086146064102647 0.3319222682126710
0.38164801574312146 0.4337886147201061 0.30648649968206887 0.3319222682126710
0.47133985506370657 0.17374409213662148 0.19949206449091436 0.1817064539250730
0.16894767796620724 0.17374409213662148 0.19949206449091436 0.1817064539250730
0.47133985506370657 0.14361669234931471 0.19949206449091436 0.1817064539250730
0.47133985506370657 0.17374409213662148 0.47039770670235159 0.1817064539250730
0.47133985506370657 0.17374409213662148 0.19949206449091436 0.4052651450392330
0.16894767796620724 0.14361669234931471 0.47039770670235159 0.4052651450392330
0.17842766977846619 0.40860434919595723 0.36898424886167047 0.4450436288613590
0.62360564623959358 0.40860434919595723 0.36898424886167047 0.4450436288613590
0.17842766977846619 0.34045616947114465 0.36898424886167047 0.4450436288613590
0.17842766977846619 0.40860434919595723 0.23711244314908983 0.4450436288613590
0.17842766977846619 0.40860434919595723 0.36898424886167047 0.3206487034732840
0.62360564623959358 0.34045616947114465 0.23711244314908983 0.3206487034732840
0.29802653435617682 0.2572771180421114 0.25720387883484364 0.3084707307564170
0.47300259466283018 0.2572771180421114 0.25720387883484364 0.3084707307564170
0.29802653435617682 0.43935668319463728 0.25720387883484364 0.3084707307564170
0.29802653435617682 0.2572771180421114 0.32984638698399071 0.3084707307564170
0.29802653435617682 0.2572771180421114 0.25720387883484364 0.0302809067259734
0.47300259466283018 0.43935668319463728 0.32984638698399071 0.0302809067259734
0.67662186054512852 0.32204474322497845 0.48607745580375195 0.3754032233860730
0.31827130429446693 0.32204474322497845 0.48607745580375195 0.3754032233860730
0.67662186054512852 0.24256775081157686 0.48607745580375195 0.3754032233860730
0.67662186054512852 0.32204474322497845 0.16537774354219437 0.3754032233860730
0.67662186054512852 0.32204474322497845 0.48607745580375195 0.4588034277100540
0.31827130429446693 0.24256775081157686 0.16537774354219437 0.4588034277100540
0.56922124945558605 0.24714044332504273 0.34340052083134653 0.4215402699762270
0.28329244493506844 0.24714044332504273 0.34340052083134653 0.4215402699762270
0.56922124945558605 0.15487736240029337 0.34340052083134653 0.4215402699762270
0.56922124945558605 0.24714044332504273 0.35178865343332288 0.4215402699762270
0.56922124945558605 0.24714044332504273 0.34340052083134653 0.1810350787096400
0.28329244493506844 0.15487736240029337 0.35178865343332288 0.1810350787096400
0.28132798257283864 0.38218370601534846 0.11296452134847641 0.2134310959731560
0.42785252686589947 0.38218370601534846 0.11296452134847641 0.2134310959731560
0.28132798257283864 0.35166867896914489 0.11296452134847641 0.2134310959731560
0.28132798257283864 0.38218370601534846 0.14360639937222006 0.2134310959731560
0.28132798257283864 0.38218370601534846 0.11296452134847641 0.4824829610804920
0.42785252686589947 0.35166867896914489 0.14360639937222006 0.4824829610804920
0.070630337437614793 0.13389317058026792 0.40150268003344536 0.4702451344623760
0.58733245404437184 0.13389317058026792 0.40150268003344536 0.4702451344623760
0.070630337437614793 0.45276492126286028 0.40150268003344536 0.4702451344623760
0.070630337437614793 0.13389317058026792 0.44874840825796125 0.4702451344623760
0.070630337437614793 0.13389317058026792 0.40150268003344536 0.3796946842292720
0.58733245404437184 0.45276492126286028 0.44874840825796125 0.3796946842292720
0.45440326859243207 0.4984529826790095 0.23044787049293519 0.1073016817795540
0.12253303439356386 0.4984529826790095 0.23044787049293519 0.1073016817795540
0.45440326859243207 0.25592954494059084 0.23044787049293519 0.1073016817795540
0.45440326859243207 0.4984529826790095 0.25937206931412221 0.1073016817795540
0.45440326859243207 0.4984529826790095 0.23044787049293519 0.2106215018774780
0.12253303439356386 0.25592954494059084 0.25937206931412221 0.2106215018774780
0.39587691072374576 0.29813841208815572 0.43713264688849451 0.2680356005871420
0.69180815848521882 0.29813841208815572 0.43713264688849451 0.2680356005871420
0.39587691072374576 0.22123066149652004 0.43713264688849451 0.2680356005871420
0.39587691072374576 0.29813841208815572 0.39372667409479623 0.2680356005871420
0.39587691072374576 0.29813841208815572 0.43713264688849451 0.1553049102052040
0.69180815848521882 0.22123066149652004 0.39372667409479623 0.1553049102052040
0.1296351316384971 0.33201581537723546 0.2066983848810196 0.3915769103588780
0.18194463998079297 0.33201581537723546 0.2066983848810196 0.3915769103588780
0.1296351316384971 0.42436562590301041 0.2066983848810196 0.3915769103588780
0.1296351316384971 0.33201581537723546 0.10186368823051453 0.3915769103588780
0.1296351316384971 0.33201581537723546 0.2066983848810196 0.4842995696409920
0.18194463998079297 0.42436562590301041 0.10186368823051453 0.4842995696409920
0.24398706303909418 0.18332853950560093 0.32023542299866681 0.0266055804082171
0.34587795613333577 0.18332853950560093 0.32023542299866681 0.0266055804082171
0.24398706303909418 0.32390413582324984 0.32023542299866681 0.0266055804082171
0.24398706303909418 0.18332853950560093 0.40925179161131386 0.0266055804082171
0.24398706303909418 0.18332853950560093 0.32023542299866681 0.3458626278801380
0.34587795613333577 0.32390413582324984 0.40925179161131386 0.3458626278801380
0.60608868934214111 0.44984769187867646 0.14918197542428971 0.4935830245832990
0.52661526319570839 0.44984769187867646 0.14918197542428971 0.4935830245832990
0.60608868934214111 0.12071557492017747 0.14918197542428971 0.4935830245832990
0.60608868934214111 0.44984769187867646 0.29867337048053744 0.4935830245832990
0.60608868934214111 0.44984769187867646 0.14918197542428971 0.2756676815943450
0.52661526319570839 0.12071557492017747 0.29867337048053744 0.2756676815943450
0.62311206622980531 0.12475418299436569 0.28072305805981157 0.4580082224805260
0.4003836476244032 0.12475418299436569 0.28072305805981157 0.4580082224805260
0.62311206622980531 0.28341898247599606 0.28072305805981157 0.4580082224805260
0.62311206622980531 0.12475418299436569 0.48723654448986053 0.4580082224805260
0.62311206622980531 0.12475418299436569 0.28072305805981157 0.4129911804787610
0.4003836476244032 0.28341898247599606 0.48723654448986053 0.4129911804787610
0.35169265796430405 0.45842433646321301 0.45021392814815042 0.1667664662480990
0.22977756136097011 0.45842433646321301 0.45021392814815042 0.1667664662480990
0.35169265796430405 0.48660363331437118 0.45021392814815042 0.1667664662480990
0.35169265796430405 0.45842433646321301 0.22046891488134862 0.1667664662480990
0.35169265796430405 0.45842433646321301 0.45021392814815042 0.2955176639609410
0.22977756136097011 0.48660363331437118 0.22046891488134862 0.2955176639609410
0.14626177274622021 0.20672480277717115 0.16343472637236117 0.3573090988128310
0.054428621893748641 0.20672480277717115 0.16343472637236117 0.3573090988128310
0.14626177274622021 0.38706836439669134 0.16343472637236117 0.3573090988128310
0.14626177274622021 0.20672480277717115 0.31525363922119143 0.3573090988128310
0.14626177274622021 0.20672480277717115 0.16343472637236117 0.1147878463140710
0.054428621893748641 0.38706836439669134 0.31525363922119143 0.1147878463140710
0.50334446611814199 0.37342713661491878 0.39230661354959018 0.3179320690680610
0.57447294984012842 0.37342713661491878 0.39230661354959018 0.3179320690680610
0.50334446611814199 0.18393082506954672 0.39230661354959018 0.3179320690680610
0.50334446611814199 0.37342713661491878 0.17977517582476141 0.3179320690680610
0.50334446611814199 0.37342713661491878 0.39230661354959018 0.4381083520275680
0.57447294984012842 0.18393082506954672 0.17977517582476141 0.4381083520275680
0.51104192188940933 0.10621383041143417 0.49827497974038126 0.1152614092506130
0.27251084507443007 0.10621383041143417 0.49827497974038126 0.1152614092506130
0.51104192188940933 0.11683831252157689 0.49827497974038126 0.1152614092506130
0.51104192188940933 0.10621383041143417 0.33726782090961938 0.1152614092506130
0.51104192188940933 0.10621383041143417 0.49827497974038126 0.4903414683465860
0.27251084507443007 0.11683831252157689 0.33726782090961938 0.4903414683465860
0.13872436922974885 0.46451160982251172 0.2709959462285042 0.4719766307574830
0.4374038857407867 0.46451160982251172 0.2709959462285042 0.4719766307574830
0.13872436922974885 0.31372499652206898 0.2709959462285042 0.4719766307574830
0.13872436922974885 0.46451160982251172 0.17043764144182205 0.4719766307574830
0.13872436922974885 0.46451160982251172 0.2709959462285042 0.1607198755333210
0.4374038857407867 0.31372499652206898 0.17043764144182205 0.1607198755333210
0.33891862691380076 0.21308827213943005 0.35911751613020904 0.2265496680154150
0.61846587564796207 0.21308827213943005 0.35911751613020904 0.2265496680154150
0.33891862691380076 0.41267586573958404 0.35911751613020904 0.2265496680154150
0.33891862691380076 0.21308827213943005 0.46532002277672291 0.2265496680154150
0.33891862691380076 0.21308827213943005 0.35911751613020904 0.2634026106228400
0.61846587564796207 0.41267586573958404 0.46532002277672291 0.2634026106228400
0.63572852457873519 0.35441832728683953 0.18495766818523407 0.4298942071054060
0.092708502104505902 0.35441832728683953 0.18495766818523407 0.4298942071054060
0.63572852457873519 0.21573901847004892 0.18495766818523407 0.4298942071054060
0.63572852457873519 0.35441832728683953 0.22970879524946214 0.4298942071054060
0.63572852457873519 0.35441832728683953 0.18495766818523407 0.3425780030328640
0.092708502104505902 0.21573901847004892 0.22970879524946214 0.3425780030328640
0.60886628534644838 0.27951250299811364 0.24149868525564672 0.3653376332528280
0.13787375353276729 0.27951250299811364 0.24149868525564672 0.3653376332528280
0.60886628534644838 0.17844223380088808 0.24149868525564672 0.3653376332528280
0.60886628534644838 0.27951250299811364 0.44365877956151967 0.3653376332528280
0.60886628534644838 0.27951250299811364 0.24149868525564672 0.3067441475683470
0.13787375353276729 0.17844223380088808 0.44365877956151967 0.3067441475683470
0.24168666964396834 0.33799333274364474 0.41409615837037561 0.2980320458815330
0.65345000769011674 0.33799333274364474 0.41409615837037561 0.2980320458815330
0.24168666964396834 0.3753755524754524 0.41409615837037561 0.2980320458815330
0.24168666964396834 0.33799333274364474 0.2519315857440233 0.2980320458815330
0.24168666964396834 0.33799333274364474 0.41409615837037561 0.4156110455949900
0.65345000769011674 0.3753755524754524 0.2519315857440233 0.4156110455949900
0.11162409046664834 0.18980195559561253 0.10273232944309713 0.4431119419192770
0.48380396072752768 0.18980195559561253 0.10273232944309713 0.4431119419192770
0.11162409046664834 0.47642754577100277 0.10273232944309713 0.4431119419192770
0.11162409046664834 0.18980195559561253 0.35922203212976456 0.4431119419192770
0.11162409046664834 0.18980195559561253 0.10273232944309713 0.4307558625795900
0.48380396072752768 0.47642754577100277 0.35922203212976456 0.4307558625795900
0.41341322883963577 0.43092424832284448 0.32844878546893597 0.1749424869512510
0.30877938931807869 0.43092424832284448 0.32844878546893597 0.1749424869512510
0.41341322883963577 0.27953866831958296 0.32844878546893597 0.1749424869512510
0.41341322883963577 0.43092424832284448 0.14870313294231893 0.1749424869512510
0.41341322883963577 0.43092424832284448 0.32844878546893597 0.1087627575221170
0.30877938931807869 0.27953866831958296 0.14870313294231893 0.1087627575221170
0.43686834038235239 0.22816674113273622 0.13521902151405812 0.3141121557606060
0.38956268969923252 0.22816674113273622 0.13521902151405812 0.3141121557606060
0.43686834038235239 0.24488861151039601 0.13521902151405812 0.3141121557606060
0.43686834038235239 0.22816674113273622 0.40180773176252849 0.3141121557606060
0.43686834038235239 0.22816674113273622 0.13521902151405812 0.3098852525641620
0.38956268969923252 0.24488861151039601 0.40180773176252849 0.3098852525641620
0.088642458571121102 0.38860667273402216 0.30781818442046643 0.3555374045446650
0.23928956217132508 0.38860667273402216 0.30781818442046643 0.3555374045446650
0.088642458571121102 0.4479794207960367 0.30781818442046643 0.3555374045446650
0.088642458571121102 0.38860667273402216 0.29358731806278227 0.3555374045446650
0.088642458571121102 0.38860667273402216 0.30781818442046643 0.4025405260246530
0.23928956217132508 0.4479794207960367 0.29358731806278227 0.4025405260246530
0.28362946561537677 0.14001860283315182 0.22145251967012883 0.1528977082236430
0.08552267574705183 0.14001860283315182 0.22145251967012883 0.1528977082236430
0.28362946561537677 0.34746452644467352 0.22145251967012883 0.1528977082236430
0.28362946561537677 0.14001860283315182 0.39882698394358163 0.1528977082236430
0.28362946561537677 0.14001860283315182 0.22145251967012883 0.4654451385173130
0.08552267574705183 0.34746452644467352 0.39882698394358163 0.4654451385173130
0.56644505304284387 0.47997517921030519 0.44717028997838504 0.4510408779074390
0.5446090498007834 0.47997517921030519 0.44717028997838504 0.4510408779074390
0.56644505304284387 0.14442693218588831 0.44717028997838504 0.4510408779074390
0.56644505304284387 0.47997517921030519 0.10929349064826965 0.4510408779074390
0.56644505304284387 0.47997517921030519 0.44717028997838504 0.0374383506173612
0.5446090498007834 0.14442693218588831 0.10929349064826965 0.0374383506173612
0.66400679210200897 0.15488014593720437 0.37949339672923088 0.4995330047038230
0.66069425609894095 0.15488014593720437 0.37949339672923088 0.4995330047038230
0.66400679210200897 0.25673673301935196 0.37949339672923088 0.4995330047038230
0.66400679210200897 0.15488014593720437 0.32031759023666384 0.4995330047038230
0.66400679210200897 0.15488014593720437 0.37949339672923088 0.4762605429751690
0.66069425609894095 0.25673673301935196 0.32031759023666384 0.4762605429751690
0.3108016453683376 0.41511287242174155 0.15221300125122073 0.0448184366528572
0.21174902347847818 0.41511287242174155 0.15221300125122073 0.0448184366528572
0.3108016453683376 0.4597763299942017 0.15221300125122073 0.0448184366528572
0.3108016453683376 0.41511287242174155 0.18719255663454534 0.0448184366528572
0.3108016453683376 0.41511287242174155 0.15221300125122073 0.1758603953745330
0.21174902347847818 0.4597763299942017 0.18719255663454534 0.1758603953745330
0.18596616294234991 0.26331718452274799 0.46533655002713203 0.3931780493262370
0.35663933455944058 0.26331718452274799 0.46533655002713203 0.3931780493262370
0.18596616294234991 0.36028836481273174 0.46533655002713203 0.3931780493262370
0.18596616294234991 0.26331718452274799 0.47982884347438814 0.3931780493262370
0.18596616294234991 0.26331718452274799 0.46533655002713203 0.2246717742308250
0.35663933455944058 0.36028836481273174 0.47982884347438814 0.2246717742308250
0.46364379888400431 0.30345699302852158 0.29117496460676195 0.2723525034380790
0.51708336058072746 0.30345699302852158 0.29117496460676195 0.2723525034380790
0.46364379888400431 0.15720127485692503 0.29117496460676195 0.2723525034380790
0.46364379888400431 0.30345699302852158 0.21539528407156469 0.2723525034380790
0.46364379888400431 0.30345699302852158 0.29117496460676195 0.3826308747544520
0.51708336058072746 0.15720127485692503 0.21539528407156469 0.3826308747544520
0.49164858488366003 0.25287402495741845 0.31356920003890992 0.4338337799229110
0.12033074619248509 0.25287402495741845 0.31356920003890992 0.4338337799229110
0.49164858488366003 0.46707837060093882 0.31356920003890992 0.4338337799229110
0.49164858488366003 0.25287402495741845 0.15147150345146657 0.4338337799229110
0.49164858488366003 0.25287402495741845 0.31356920003890992 0.2391813759718940
0.12033074619248509 0.46707837060093882 0.15147150345146657 0.2391813759718940
0.19874134901911017 0.31780640184879305 0.14241664931178094 0.1960481863365040
0.58957406640984111 0.31780640184879305 0.14241664931178094 0.1960481863365040
0.19874134901911017 0.26386949643492696 0.14241664931178094 0.1960481863365040
0.19874134901911017 0.31780640184879305 0.34099355190992353 0.1960481863365040
0.19874134901911017 0.31780640184879305 0.14241664931178094 0.3730160110922910
0.58957406640984111 0.26386949643492696 0.34099355190992353 0.3730160110922910
0.3183403346687555 0.16609235443174841 0.4306618377566338 0.3779008616726430
0.42565085976384576 0.16609235443174841 0.4306618377566338 0.3779008616726430
0.3183403346687555 0.16281749196350576 0.4306618377566338 0.3779008616726430
0.3183403346687555 0.16609235443174841 0.24828440435230734 0.3779008616726430
0.3183403346687555 0.16609235443174841 0.4306618377566338 0.4703992134819950
0.42565085976384576 0.16281749196350576 0.24828440435230734 0.4703992134819950
0.69693069206550717 0.40155691467225552 0.20012826994061472 0.2832260779203640
0.28553343620151278 0.40155691467225552 0.20012826994061472 0.2832260779203640
0.69693069206550717 0.36598192490637305 0.20012826994061472 0.2832260779203640
0.69693069206550717 0.40155691467225552 0.45651626139879231 0.2832260779203640
0.69693069206550717 0.40155691467225552 0.20012826994061472 0.1901213152078770
0.28553343620151278 0.36598192490637305 0.45651626139879231 0.1901213152078770
0.54890756537206464 0.12626742571592331 0.16995448879897596 0.2440372191484320
0.33066893662326036 0.12626742571592331 0.16995448879897596 0.2440372191484320
0.54890756537206464 0.42829086892306811 0.16995448879897596 0.2440372191484320
0.54890756537206464 0.12626742571592331 0.27008016258478162 0.2440372191484320
0.54890756537206464 0.12626742571592331 0.16995448879897596 0.4547632024934940
0.33066893662326036 0.42829086892306811 0.27008016258478162 0.4547632024934940
0.26101926728151736 0.49138260558247571 0.39892543144524095 0.4195210429282050
0.460644906386733 0.49138260558247571 0.39892543144524095 0.4195210429282050
0.26101926728151736 0.22513015531003477 0.39892543144524095 0.4195210429282050
0.26101926728151736 0.49138260558247571 0.4345007527619601 0.4195210429282050
0.26101926728151736 0.49138260558247571 0.39892543144524095 0.0700338205159450
0.460644906386733 0.22513015531003477 0.4345007527619601 0.0700338205159450
0.050321491388604048 0.24271136932075024 0.28743803165853021 0.0900265359479450
0.63600389724597328 0.24271136932075024 0.28743803165853021 0.0900265359479450
0.050321491388604048 0.12617929726839067 0.28743803165853021 0.0900265359479450
0.050321491388604048 0.24271136932075024 0.1293827757239342 0.0900265359479450
0.050321491388604048 0.24271136932075024 0.28743803165853021 0.3284793182577000
0.63600389724597328 0.12617929726839067 0.1293827757239342 0.3284793182577000
0.43408947312273077 0.37796829529106624 0.45702815987169743 0.4801860303944940
0.15658937101252376 0.37796829529106624 0.45702815987169743 0.4801860303944940
0.43408947312273077 0.3293901741504669 0.45702815987169743 0.4801860303944940
0.43408947312273077 0.37796829529106624 0.36252078004181387 0.4801860303944940
0.43408947312273077 0.37796829529106624 0.45702815987169743 0.3879579252023220
0.15658937101252376 0.3293901741504669 0.36252078004181387 0.3879579252023220
0.37556075192987914 0.17525723949074745 0.25117326341569424 0.4046742237324440
0.56207512742839749 0.17525723949074745 0.25117326341569424 0.4046742237324440
0.37556075192987914 0.39464321359992027 0.25117326341569424 0.4046742237324440
0.37556075192987914 0.17525723949074745 0.28437993861734867 0.4046742237324440
0.37556075192987914 0.17525723949074745 0.25117326341569424 0.4434747788671110
0.56207512742839749 0.39464321359992027 0.28437993861734867 0.4434747788671110
0.10932392226532101 0.44156271368265154 0.48014289177954195 0.2564285906253890
0.066787042655050755 0.44156271368265154 0.48014289177954195 0.2564285906253890
0.10932392226532101 0.19782805517315866 0.48014289177954195 0.2564285906253890
0.10932392226532101 0.44156271368265154 0.42000566124916083 0.2564285906253890
0.10932392226532101 0.44156271368265154 0.48014289177954195 0.0758897989393825
0.066787042655050755 0.19782805517315866 0.42000566124916083 0.0758897989393825
0.22367575196549294 0.29326377995312214 0.19365666024386885 0.4920515374926060
0.21738035762682556 0.29326377995312214 0.19365666024386885 0.4920515374926060
0.22367575196549294 0.2973160330206156 0.19365666024386885 0.4920515374926060
0.22367575196549294 0.29326377995312214 0.11264159120619298 0.4920515374926060
0.22367575196549294 0.29326377995312214 0.19365666024386885 0.2886543279053260
0.21738035762682556 0.2973160330206156 0.11264159120619298 0.2886543279053260
0.58577240947633979 0.32658580653369429 0.3632450986653567 0.0729968303930802
0.41274144970811899 0.32658580653369429 0.3632450986653567 0.0729968303930802
0.58577240947633979 0.49417868442833424 0.3632450986653567 0.0729968303930802
0.58577240947633979 0.32658580653369429 0.37945727407932284 0.0729968303930802
0.58577240947633979 0.32658580653369429 0.3632450986653567 0.4277963744779400
0.41274144970811899 0.49417868442833424 0.37945727407932284 0.4277963744779400
0.64342326107434922 0.20187615156173708 0.40728913098573682 0.1297942942250770
0.52881673900410531 0.20187615156173708 0.40728913098573682 0.1297942942250770
0.64342326107434922 0.30688123367726805 0.40728913098573682 0.1297942942250770
0.64342326107434922 0.20187615156173708 0.19087046086788179 0.1297942942250770
0.64342326107434922 0.20187615156173708 0.40728913098573682 0.2517751952210380
0.52881673900410531 0.30688123367726805 0.19087046086788179 0.2517751952210380
0.37200882160104803 0.36797419711947443 0.23613831773400307 0.4599073516598940
0.34363645878620441 0.36797419711947443 0.23613831773400307 0.4599073516598940
0.37200882160104803 0.11001638881862164 0.23613831773400307 0.4599073516598940
0.37200882160104803 0.36797419711947443 0.30139927901327612 0.4599073516598940
0.37200882160104803 0.36797419711947443 0.23613831773400307 0.3516740199148820
0.34363645878620441 0.11001638881862164 0.30139927901327612 0.3516740199148820
0.16657804776914414 0.11665689013898373 0.34938238561153412 0.3278983158000250
0.18414673688821492 0.11665689013898373 0.34938238561153412 0.3278983158000250
0.16657804776914414 0.21053127050399781 0.34938238561153412 0.3278983158000250
0.16657804776914414 0.11665689013898373 0.20663934946060181 0.3278983158000250
0.16657804776914414 0.11665689013898373 0.34938238561153412 0.4966447095343510
0.18414673688821492 0.21053127050399781 0.20663934946060181 0.4966447095343510
0.52365579172037535 0.45016230084002018 0.11885017976164819 0.3422523984551540
0.68956604003906241 0.45016230084002018 0.11885017976164819 0.3422523984551540
0.52365579172037535 0.40734290033578879 0.11885017976164819 0.3422523984551540
0.52365579172037535 0.45016230084002018 0.49835662581026552 0.3422523984551540
0.52365579172037535 0.45016230084002018 0.11885017976164819 0.1428747054057660
0.68956604003906241 0.40734290033578879 0.49835662581026552 0.1428747054057660
0.51957051046192637 0.19272663295269013 0.33218994140625002 0.2599194596020560
0.44299968346022062 0.19272663295269013 0.33218994140625002 0.2599194596020560
0.51957051046192637 0.33616949208080771 0.33218994140625002 0.2599194596020560
0.51957051046192637 0.19272663295269013 0.44653946533799171 0.2599194596020560
0.51957051046192637 0.19272663295269013 0.33218994140625002 0.1988917293354710
0.44299968346022062 0.33616949208080771 0.44653946533799171 0.1988917293354710
0.17081879870966077 0.42800185903906829 0.11103913113474846 0.4069954748681040
0.26829249244183301 0.42800185903906829 0.11103913113474846 0.4069954748681040
0.17081879870966077 0.13305960632860661 0.11103913113474846 0.4069954748681040
0.17081879870966077 0.42800185903906829 0.26096467487514019 0.4069954748681040
0.17081879870966077 0.42800185903906829 0.11103913113474846 0.4689524038526310
0.26829249244183301 0.13305960632860661 0.26096467487514019 0.4689524038526310
0.36656982777640218 0.2761850353330374 0.42447851151227955 0.0652181404626017
0.097069466579705471 0.2761850353330374 0.42447851151227955 0.0652181404626017
0.36656982777640218 0.23435116186738014 0.42447851151227955 0.0652181404626017
0.36656982777640218 0.2761850353330374 0.35604847148060803 0.0652181404626017
0.36656982777640218 0.2761850353330374 0.42447851151227955 0.3720269522877850
0.097069466579705471 0.23435116186738014 0.35604847148060803 0.3720269522877850
0.64870058391243213 0.34131851233541965 0.24394630268216133 0.4897890511721800
0.61296310112811625 0.34131851233541965 0.24394630268216133 0.4897890511721800
0.64870058391243213 0.43741698786616323 0.24394630268216133 0.4897890511721800
0.64870058391243213 0.34131851233541965 0.13918185643851758 0.4897890511721800
0.64870058391243213 0.34131851233541965 0.24394630268216133 0.2446129715774850
0.61296310112811625 0.43741698786616323 0.13918185643851758 0.2446129715774850
0.58192745479755104 0.21602215841412545 0.17646776251494886 0.4623744647236160
0.65922928145155302 0.21602215841412545 0.17646776251494886 0.4623744647236160
0.58192745479755104 0.37472652643918991 0.17646776251494886 0.4623744647236160
0.58192745479755104 0.21602215841412545 0.32794186882674692 0.4623744647236160
0.58192745479755104 0.21602215841412545 0.17646776251494886 0.3929801142320580
0.65922928145155302 0.37472652643918991 0.32794186882674692 0.3929801142320580
0.22799875312484796 0.3514806255698204 0.35543739385902884 0.1359970653184580
0.13315452267415823 0.3514806255698204 0.35543739385902884 0.1359970653184580
0.22799875312484796 0.1716632753610611 0.35543739385902884 0.1359970653184580
0.22799875312484796 0.3514806255698204 0.16745938137173655 0.1359970653184580
0.22799875312484796 0.3514806255698204 0.35543739385902884 0.3261514888955670
0.13315452267415823 0.1716632753610611 0.16745938137173655 0.3261514888955670
0.10364894350059331 0.10290148444473744 0.26836522482335567 0.3392871433063160
0.31327426056377583 0.10290148444473744 0.26836522482335567 0.3392871433063160
0.10364894350059331 0.27036847881972792 0.26836522482335567 0.3392871433063160
0.10364894350059331 0.10290148444473744 0.4749390374869108 0.3392871433063160
0.10364894350059331 0.10290148444473744 0.26836522482335567 0.0678562359629341
0.31327426056377583 0.27036847881972792 0.4749390374869108 0.0678562359629341
0.38076140596531327 0.46782777123153207 0.48795366026461129 0.3246962913150210
0.47784991599619381 0.46782777123153207 0.48795366026461129 0.3246962913150210
0.38076140596531327 0.47348227463662629 0.48795366026461129 0.3246962913150210
0.38076140596531327 0.46782777123153207 0.23317543044686317 0.3246962913150210
0.38076140596531327 0.46782777123153207 0.48795366026461129 0.4575584149375030
0.47784991599619381 0.47348227463662629 0.23317543044686317 0.4575584149375030
0.42889316556975238 0.26662942916154864 0.29524592719972131 0.1902103286634550
0.23494366267696021 0.26662942916154864 0.29524592719972131 0.1902103286634550
0.42889316556975238 0.40211345292627809 0.29524592719972131 0.1902103286634550
0.42889316556975238 0.26662942916154864 0.31753460988402371 0.1902103286634550
0.42889316556975238 0.26662942916154864 0.29524592719972131 0.4272866338890490
0.23494366267696021 0.40211345292627809 0.31753460988402371 0.4272866338890490
0.055990893580019477 0.30014093294739724 0.47421686686575415 0.4310197745572710
0.39507030346430833 0.30014093294739724 0.47421686686575415 0.4310197745572710
0.055990893580019477 0.20520159490406514 0.47421686686575415 0.4310197745572710
0.055990893580019477 0.30014093294739724 0.17806195579469206 0.4310197745572710
0.055990893580019477 0.30014093294739724 0.47421686686575415 0.2938819721778360
0.39507030346430833 0.20520159490406514 0.17806195579469206 0.2938819721778360
0.25669067986309524 0.15194634906947613 0.16214352957904341 0.2864674417463040
0.53899857453070577 0.15194634906947613 0.16214352957904341 0.2864674417463040
0.25669067986309524 0.10547101423144341 0.16214352957904341 0.2864674417463040
0.25669067986309524 0.15194634906947613 0.48310020491480832 0.2864674417463040
0.25669067986309524 0.15194634906947613 0.16214352957904341 0.0864938271487414
0.53899857453070577 0.10547101423144341 0.48310020491480832 0.0864938271487414
0.55275685684755438 0.4180504847317934 0.38173366077244286 0.3804386465897440
0.089735956676304338 0.4180504847317934 0.38173366077244286 0.3804386465897440
0.55275685684755438 0.30242998376488683 0.38173366077244286 0.3804386465897440
0.55275685684755438 0.4180504847317934 0.22481895349919798 0.3804386465897440
0.55275685684755438 0.4180504847317934 0.38173366077244286 0.4415787697951310
0.089735956676304338 0.30242998376488683 0.22481895349919798 0.4415787697951310
0.69165771086700256 0.14334617182612419 0.43847307711839678 0.4172158681823610
0.20725930142216381 0.14334617182612419 0.43847307711839678 0.4172158681823610
0.69165771086700256 0.49013346135616309 0.43847307711839678 0.4172158681823610
0.69165771086700256 0.14334617182612419 0.41103607676923282 0.4172158681823610
0.69165771086700256 0.14334617182612419 0.43847307711839678 0.1417304319394600
0.20725930142216381 0.49013346135616309 0.41103607676923282 0.1417304319394600
0.32377375676296649 0.4766498982906342 0.21732052341103555 0.2399804983843090
0.66666305586695662 0.4766498982906342 0.21732052341103555 0.2399804983843090
0.32377375676296649 0.293170391023159 0.21732052341103555 0.2399804983843090
0.32377375676296649 0.4766498982906342 0.29666337892413142 0.2399804983843090
0.32377375676296649 0.4766498982906342 0.21732052341103555 0.4992678892065370
0.66666305586695662 0.293170391023159 0.29666337892413142 0.4992678892065370
0.19449501666240393 0.22524197436869145 0.30576102435588837 0.4824703104180810
0.51129932506009934 0.22524197436869145 0.30576102435588837 0.4824703104180810
0.19449501666240393 0.19290421567857266 0.30576102435588837 0.4824703104180810
0.19449501666240393 0.22524197436869145 0.38911045752465723 0.4824703104180810
0.19449501666240393 0.22524197436869145 0.30576102435588837 0.3569112289956260
0.51129932506009934 0.19290421567857266 0.38911045752465723 0.3569112289956260
0.49573819809593256 0.39152915142476563 0.12522745952010156 0.0968147911085413
0.36134357792325311 0.39152915142476563 0.12522745952010156 0.0968147911085413
0.49573819809593256 0.38981368951499462 0.12522745952010156 0.0968147911085413
0.49573819809593256 0.39152915142476563 0.10592456087470055 0.0968147911085413
0.49573819809593256 0.39152915142476563 0.12522745952010156 0.2483440034064860
0.36134357792325311 0.38981368951499462 0.10592456087470055 0.2483440034064860
0.45772872478701165 0.23977449610829354 0.45439727082848547 0.3520889658299380
0.59551700036972754 0.23977449610829354 0.45439727082848547 0.3520889658299380
0.45772872478701165 0.28602806851267815 0.45439727082848547 0.3520889658299380
0.45772872478701165 0.23977449610829354 0.26700373366475105 0.3520889658299380
0.45772872478701165 0.23977449610829354 0.45439727082848547 0.3400347808352100
0.59551700036972754 0.28602806851267815 0.26700373366475105 0.3400347808352100
0.19203694160096346 0.38090287894010544 0.27711687833070753 0.3100944436829200
0.11578509374521673 0.38090287894010544 0.27711687833070753 0.3100944436829200
0.19203694160096346 0.48281652107834816 0.27711687833070753 0.3100944436829200
0.19203694160096346 0.38090287894010544 0.4252720158547163 0.3100944436829200
0.19203694160096346 0.38090287894010544 0.27711687833070753 0.2702830240823750
0.11578509374521673 0.48281652107834816 0.4252720158547163 0.2702830240823750
0.30592291555367407 0.1295826990157366 0.39043573960661893 0.4531605619556150
0.29018203006125981 0.1295826990157366 0.39043573960661893 0.4531605619556150
0.30592291555367407 0.38411133028566835 0.39043573960661893 0.4531605619556150
0.30592291555367407 0.1295826990157366 0.13275207653641702 0.4531605619556150
0.30592291555367407 0.1295826990157366 0.39043573960661893 0.1678217150118880
0.29018203006125981 0.38411133028566835 0.13275207653641702 0.1678217150118880
0.66872362089343362 0.48806962184607983 0.16627415120601655 0.1577594164138770
0.41984061943367118 0.48806962184607983 0.16627415120601655 0.1577594164138770
0.66872362089343362 0.18727233298122883 0.16627415120601655 0.1577594164138770
0.66872362089343362 0.48806962184607983 0.3722377013415098 0.1577594164138770
0.66872362089343362 0.48806962184607983 0.16627415120601655 0.4898748580484600
0.41984061943367118 0.18727233298122883 0.3722377013415098 0.4898748580484600
0.56061137923970816 0.16317066252231599 0.21051045693457127 0.0387731730679972
0.46609688033349805 0.16317066252231599 0.21051045693457127 0.0387731730679972
0.56061137923970816 0.22497495375573637 0.21051045693457127 0.0387731730679972
0.56061137923970816 0.16317066252231599 0.16060247533023359 0.0387731730679972
0.56061137923970816 0.16317066252231599 0.21051045693457127 0.1040823834626950
0.46609688033349805 0.22497495375573637 0.16060247533023359 0.1040823834626950
0.28994095101952549 0.40448242053389549 0.43310962282121179 0.4979406547468120
0.32629684200510378 0.40448242053389549 0.43310962282121179 0.4979406547468120
0.28994095101952549 0.42181156687438492 0.43310962282121179 0.4979406547468120
0.28994095101952549 0.40448242053389549 0.34377692714333535 0.4979406547468120
0.28994095101952549 0.40448242053389549 0.43310962282121179 0.4348737446143900
0.32629684200510378 0.42181156687438492 0.34377692714333535 0.4348737446143900
0.083686665259301657 0.25619856677949426 0.14615802057087424 0.2769487480881900
0.16077677644789218 0.25619856677949426 0.14615802057087424 0.2769487480881900
0.083686665259301657 0.32051999866962433 0.14615802057087424 0.2769487480881900
0.083686665259301657 0.25619856677949426 0.23886036686599255 0.2769487480881900
0.083686665259301657 0.25619856677949426 0.14615802057087424 0.4190631062132250
0.16077677644789218 0.32051999866962433 0.23886036686599255 0.4190631062132250
0.44135003900155417 0.31447804607450963 0.32187578789889815 0.3964624535880790
0.63033748189918692 0.31447804607450963 0.32187578789889815 0.3964624535880790
0.44135003900155417 0.12372744530439378 0.32187578789889815 0.3964624535880790
0.44135003900155417 0.31447804607450963 0.45324450805783278 0.3964624535880790
0.44135003900155417 0.31447804607450963 0.32187578789889815 0.3058805199722060
0.63033748189918692 0.12372744530439378 0.45324450805783278 0.3058805199722060
0.40892595848999913 0.113332449644804 0.11679318733513355 0.4739365218544830
0.062133679771795867 0.113332449644804 0.11679318733513355 0.4739365218544830
0.40892595848999913 0.15226174369454384 0.11679318733513355 0.4739365218544830
0.40892595848999913 0.113332449644804 0.19384909197688105 0.4739365218544830
0.40892595848999913 0.113332449644804 0.11679318733513355 0.0458982269289370
0.062133679771795867 0.15226174369454384 0.19384909197688105 0.0458982269289370
0.11658422541804611 0.45349055528640747 0.33939065746963026 0.1205707774788750
0.56787036815658209 0.45349055528640747 0.33939065746963026 0.1205707774788750
0.11658422541804611 0.35545002147555349 0.33939065746963026 0.1205707774788750
0.11658422541804611 0.45349055528640747 0.31072562597692011 0.1205707774788750
0.11658422541804611 0.45349055528640747 0.33939065746963026 0.4646578033767420
0.56787036815658209 0.35545002147555349 0.31072562597692011 0.4646578033767420
0.23537951619364317 0.20479775406420231 0.22744089104235174 0.4272002651759250
0.40680367220193142 0.20479775406420231 0.22744089104235174 0.4272002651759250
0.23537951619364317 0.45571618564426897 0.22744089104235174 0.4272002651759250
0.23537951619364317 0.20479775406420231 0.20317234620451929 0.4272002651759250
0.23537951619364317 0.20479775406420231 0.22744089104235174 0.4007844737517510
0.40680367220193142 0.45571618564426897 0.20317234620451929 0.4007844737517510
0.61469437773339453 0.36504878066480162 0.40315735004842279 0.2214332855248740
0.22194077721796929 0.36504878066480162 0.40315735004842279 0.2214332855248740
0.61469437773339453 0.25258150435984139 0.40315735004842279 0.2214332855248740
0.61469437773339453 0.36504878066480162 0.48873721919953828 0.2214332855248740
0.61469437773339453 0.36504878066480162 0.40315735004842279 0.3163755900710120
0.22194077721796929 0.25258150435984139 0.48873721919953828 0.3163755900710120
0.6310061192139983 0.28994840532541277 0.3731757931411267 0.3023077115662900
0.33943436369299884 0.28994840532541277 0.3731757931411267 0.3023077115662900
0.6310061192139983 0.13989037685096264 0.3731757931411267 0.3023077115662900
0.6310061192139983 0.28994840532541277 0.27534648142755036 0.3023077115662900
0.6310061192139983 0.28994840532541277 0.3731757931411267 0.3861220177169560
0.33943436369299884 0.13989037685096264 0.27534648142755036 0.3861220177169560
0.34380170321092002 0.32989889159798624 0.19589675664901735 0.3689330585918870
0.534478075383231 0.32989889159798624 0.19589675664901735 0.3689330585918870
0.34380170321092002 0.34302896820008755 0.19589675664901735 0.3689330585918870
0.34380170321092002 0.32989889159798624 0.41712458357214932 0.3689330585918870
0.34380170321092002 0.32989889159798624 0.19589675664901735 0.2230143458987880
0.534478075383231 0.34302896820008755 0.41712458357214932 0.2230143458987880
0.13265792736783621 0.17819420211017134 0.48421363905072212 0.1704425983907710
0.68412914318032558 0.17819420211017134 0.48421363905072212 0.1704425983907710
0.13265792736783621 0.44275956004858019 0.48421363905072212 0.1704425983907710
0.13265792736783621 0.17819420211017134 0.12216323874890805 0.1704425983907710
0.13265792736783621 0.17819420211017134 0.48421363905072212 0.1725153128078570
0.68412914318032558 0.44275956004858019 0.12216323874890805 0.1725153128078570
0.51695140972733489 0.43862804062664507 0.26005379408597951 0.4411379349730210
0.18852367801591752 0.43862804062664507 0.26005379408597951 0.4411379349730210
0.51695140972733489 0.2395738571882248 0.26005379408597951 0.4411379349730210
0.51695140972733489 0.43862804062664507 0.382631229609251 0.4411379349730210
0.51695140972733489 0.43862804062664507 0.26005379408597951 0.4800071746385800
0.18852367801591752 0.2395738571882248 0.382631229609251 0.4800071746385800
0.49925682637840502 0.28396336585283277 0.15562692023813726 0.3885040742971020
0.49596012900583442 0.28396336585283277 0.15562692023813726 0.3885040742971020
0.49925682637840502 0.25958376079797746 0.15562692023813726 0.3885040742971020
0.49925682637840502 0.28396336585283277 0.12532892599701884 0.3885040742971020
0.49925682637840502 0.28396336585283277 0.15562692023813726 0.4624576863134380
0.49596012900583442 0.25958376079797746 0.12532892599701884 0.4624576863134380
0.15051008341833949 0.34852927103638653 0.37511779330670836 0.2634579621593560
0.29520337171852584 0.34852927103638653 0.37511779330670836 0.2634579621593560
0.15051008341833949 0.45652031898498535 0.37511779330670836 0.2634579621593560
0.15051008341833949 0.34852927103638653 0.36714213602244861 0.2634579621593560
0.15051008341833949 0.34852927103638653 0.37511779330670836 0.0245098658433188
0.29520337171852584 0.45652031898498535 0.36714213602244861 0.0245098658433188
0.34626098172739145 0.19711298458278181 0.28853390403091905 0.4953872957295610
0.15126535436138511 0.19711298458278181 0.28853390403091905 0.4953872957295610
0.34626098172739145 0.3577647756785155 0.28853390403091905 0.4953872957295610
0.34626098172739145 0.19711298458278181 0.27208313420414926 0.4953872957295610
0.34626098172739145 0.19711298458278181 0.28853390403091905 0.3199301209981330
0.15126535436138511 0.3577647756785155 0.27208313420414926 0.3199301209981330
0.62838678844273088 0.4321623373776674 0.46740578822791579 0.0330191711790938
0.64115777392871676 0.4321623373776674 0.46740578822791579 0.0330191711790938
0.62838678844273088 0.1608783807605505 0.46740578822791579 0.0330191711790938
0.62838678844273088 0.4321623373776674 0.43271133117377758 0.0330191711790938
0.62838678844273088 0.4321623373776674 0.46740578822791579 0.4089237042958320
0.64115777392871676 0.1608783807605505 0.43271133117377758 0.4089237042958320
0.6022361846175045 0.10726185366511345 0.31242409422993661 0.1621697327080630
0.60504823224619031 0.10726185366511345 0.31242409422993661 0.1621697327080630
0.6022361846175045 0.24818744249641897 0.31242409422993661 0.1621697327080630
0.6022361846175045 0.10726185366511345 0.24392767958343031 0.1621697327080630
0.6022361846175045 0.10726185366511345 0.31242409422993661 0.2183717757073790
0.60504823224619031 0.24818744249641897 0.24392767958343031 0.2183717757073790
0.24831243236549194 0.47201117873191833 0.13198983520269394 0.4561400031354190
0.10502427951432763 0.47201117873191833 0.13198983520269394 0.4561400031354190
0.24831243236549194 0.44507736600935466 0.13198983520269394 0.4561400031354190
0.24831243236549194 0.47201117873191833 0.46064703539013863 0.4561400031354190
0.24831243236549194 0.47201117873191833 0.13198983520269394 0.3773383163325220
0.10502427951432763 0.44507736600935466 0.46064703539013863 0.3773383163325220
0.12396274381317197 0.22382648326456547 0.44494093582034111 0.3219719714366420
0.26037824465893206 0.22382648326456547 0.44494093582034111 0.3219719714366420
0.12396274381317197 0.34383004978299142 0.44494093582034111 0.3219719714366420
0.12396274381317197 0.22382648326456547 0.15319141261279584 0.3219719714366420
0.12396274381317197 0.22382648326456547 0.44494093582034111 0.4820660646246970
0.26037824465893206 0.34383004978299142 0.15319141261279584 0.4820660646246970
0.40107023748569187 0.35866844318807123 0.22388748526573182 0.3609918408404710
0.45095387529581776 0.35866844318807123 0.22388748526573182 0.3609918408404710
0.40107023748569187 0.14689568504691125 0.22388748526573182 0.3609918408404710
0.40107023748569187 0.35866844318807123 0.33871814981102943 0.3609918408404710
0.40107023748569187 0.35866844318807123 0.22388748526573182 0.1879563797905440
0.45095387529581776 0.14689568504691125 0.33871814981102943 0.1879563797905440
0.44920436041429634 0.15664241015911104 0.41869501098990447 0.4472079679575480
0.36925825430080289 0.15664241015911104 0.41869501098990447 0.4472079679575480
0.44920436041429634 0.17557646632194521 0.41869501098990447 0.4472079679575480
0.44920436041429634 0.15664241015911104 0.21057272776961328 0.4472079679575480
0.44920436041429634 0.15664241015911104 0.41869501098990447 0.2743473862633990
0.36925825430080289 0.17557646632194521 0.21057272776961328 0.2743473862633990
0.076307057216763494 0.42336304411292081 0.23825900852680207 0.1862501026646620
0.5033452470321208 0.42336304411292081 0.23825900852680207 0.1862501026646620
0.076307057216763494 0.37861358672380452 0.23825900852680207 0.1862501026646620
0.076307057216763494 0.42336304411292081 0.49380667768418796 0.1862501026646620
0.076307057216763494 0.42336304411292081 0.23825900852680207 0.3498817639727520
0.5033452470321208 0.37861358672380452 0.49380667768418796 0.3498817639727520
0.27700695488601917 0.2747694488614798 0.32621122971177102 0.3721680027664730
0.67457835334353144 0.2747694488614798 0.32621122971177102 0.3721680027664730
0.27700695488601917 0.47893315814435489 0.32621122971177102 0.3721680027664730
0.27700695488601917 0.2747694488614798 0.18879246041178704 0.3721680027664730
0.27700695488601917 0.2747694488614798 0.32621122971177102 0.4878696922787460
0.67457835334353144 0.47893315814435489 0.18879246041178704 0.4878696922787460
0.57306818244978786 0.30845789946615698 0.10515642315149308 0.3043834627099290
0.19930460229516028 0.30845789946615698 0.10515642315149308 0.3043834627099290
0.57306818244978786 0.27584282271564009 0.10515642315149308 0.3043834627099290
0.57306818244978786 0.30845789946615698 0.30331241749227045 0.3043834627099290
0.57306818244978786 0.30845789946615698 0.10515642315149308 0.1516184406738870
0.19930460229516028 0.27584282271564009 0.30331241749227045 0.1516184406738870
0.67134155207313595 0.23335599973797799 0.27439288981258869 0.2187953175262350
0.071624933695420626 0.23335599973797799 0.27439288981258869 0.2187953175262350
0.67134155207313595 0.11354525126516819 0.27439288981258869 0.2187953175262350
0.67134155207313595 0.23335599973797799 0.11707010529935361 0.2187953175262350
0.67134155207313595 0.23335599973797799 0.27439288981258869 0.4373141639995540
0.071624933695420626 0.11354525126516819 0.11707010529935361 0.4373141639995540
0.30346254738979039 0.39986905902624137 0.49388507120311265 0.4245284093964790
0.55706957597285511 0.39986905902624137 0.49388507120311265 0.4245284093964790
0.30346254738979039 0.31663358397781849 0.49388507120311265 0.4245284093964790
0.30346254738979039 0.39986905902624137 0.37520564720034599 0.4245284093964790
0.30346254738979039 0.39986905902624137 0.49388507120311265 0.1221321031048460
0.55706957597285511 0.31663358397781849 0.37520564720034599 0.1221321031048460
0.1741837055888027 0.14806821532547476 0.18230001367628576 0.1020310792588050
0.37695989916101091 0.14806821532547476 0.18230001367628576 0.1020310792588050
0.1741837055888027 0.41631687507033355 0.18230001367628576 0.1020310792588050
0.1741837055888027 0.14806821532547476 0.28278336487710476 0.1020310792588050
0.1741837055888027 0.14806821532547476 0.18230001367628576 0.3021631857978710
0.37695989916101091 0.41631687507033355 0.28278336487710476 0.3021631857978710
0.47542191823013119 0.48193952850997446 0.36117359362542634 0.4684589434330750
0.25301404544152317 0.48193952850997446 0.36117359362542634 0.4684589434330750
0.47542191823013119 0.21327603533864023 0.36117359362542634 0.4684589434330750
0.47542191823013119 0.48193952850997446 0.42220641598105435 0.4684589434330750
0.47542191823013119 0.48193952850997446 0.36117359362542634 0.4112132192328450
0.25301404544152317 0.21327603533864023 0.42220641598105435 0.4112132192328450
0.47804489326663308 0.13681939765810969 0.23410398475825789 0.3352352794503560
0.6281351912766695 0.13681939765810969 0.23410398475825789 0.3352352794503560
0.47804489326663308 0.30944139622151856 0.23410398475825789 0.3352352794503560
0.47804489326663308 0.13681939765810969 0.36111466363072398 0.3352352794503560
0.47804489326663308 0.13681939765810969 0.23410398475825789 0.2822463870406660
0.6281351912766695 0.30944139622151856 0.36111466363072398 0.2822463870406660
0.21234814128838475 0.49553209543228149 0.40991970188915727 0.3477291176115820
0.16301839123480022 0.49553209543228149 0.40991970188915727 0.3477291176115820
0.21234814128838475 0.10627820007503033 0.40991970188915727 0.3477291176115820
0.21234814128838475 0.49553209543228149 0.14658478908240796 0.3477291176115820
0.21234814128838475 0.49553209543228149 0.40991970188915727 0.4247604838382870
0.16301839123480022 0.10627820007503033 0.14658478908240796 0.4247604838382870
0.32623423631303006 0.24381137825548649 0.12326106987893581 0.1392223515063420
0.32409517248161135 0.24381137825548649 0.12326106987893581 0.1392223515063420
0.32623423631303006 0.20752550363540651 0.12326106987893581 0.1392223515063420
0.32623423631303006 0.24381137825548649 0.43912952318787579 0.1392223515063420
0.32623423631303006 0.24381137825548649 0.12326106987893581 0.4486472143984720
0.32409517248161135 0.20752550363540651 0.43912952318787579 0.4486472143984720
0.68903989107348018 0.38550743125379083 0.34595759548246863 0.4647070241097420
0.46833787402138105 0.38550743125379083 0.34595759548246863 0.4647070241097420
0.68903989107348018 0.41073314100503922 0.34595759548246863 0.4647070241097420
0.68903989107348018 0.38550743125379083 0.25590549223124981 0.4647070241097420
0.68903989107348018 0.38550743125379083 0.34595759548246863 0.0928482200935359
0.46833787402138105 0.41073314100503922 0.25590549223124981 0.0928482200935359
0.54030017470940939 0.2602126017212868 0.47769705355167391 0.4876546041398910
0.43223824934102589 0.2602126017212868 0.47769705355167391 0.4876546041398910
0.54030017470940939 0.3984364293515682 0.47769705355167391 0.4876546041398910
0.54030017470940939 0.2602126017212868 0.46751705519855025 0.4876546041398910
0.54030017470940939 0.2602126017212868 0.47769705355167391 0.4934448306065140
0.43223824934102589 0.3984364293515682 0.46751705519855025 0.4934448306065140
0.26962479706853626 0.31910849586129186 0.25343790277838707 0.0614653917881791
0.27782434420660135 0.31910849586129186 0.25343790277838707 0.0614653917881791
0.26962479706853626 0.19522507265210154 0.25343790277838707 0.0614653917881791
0.26962479706853626 0.31910849586129186 0.22807950749993325 0.0614653917881791
0.26962479706853626 0.31910849586129186 0.25343790277838707 0.1360454185493640
0.27782434420660135 0.19522507265210154 0.22807950749993325 0.1360454185493640
0.06337038055062294 0.17043019644916058 0.36646379381418226 0.4000044473288620
0.12818334233015777 0.17043019644916058 0.36646379381418226 0.4000044473288620
0.06337038055062294 0.29398062862455843 0.36646379381418226 0.4000044473288620
0.06337038055062294 0.17043019644916058 0.33302010111510755 0.4000044473288620
0.06337038055062294 0.17043019644916058 0.36646379381418226 0.2610943414243990
0.12818334233015777 0.29398062862455843 0.33302010111510755 0.2610943414243990
0.42103872308507556 0.41191900856792929 0.18908565416932108 0.2468672174546610
0.58315869583748281 0.41191900856792929 0.18908565416932108 0.2468672174546610
0.42103872308507556 0.49714182205498225 0.18908565416932108 0.2468672174546610
0.42103872308507556 0.41191900856792929 0.17489905431866648 0.2468672174546610
0.42103872308507556 0.41191900856792929 0.18908565416932108 0.3600665151963430
0.58315869583748281 0.49714182205498225 0.17489905431866648 0.3600665151963430
0.38861723835580048 0.21003859713673592 0.39646338075399401 0.0756152557342084
0.17612585318274793 0.21003859713673592 0.39646338075399401 0.0756152557342084
0.38861723835580048 0.42572417370975024 0.39646338075399401 0.0756152557342084
0.38861723835580048 0.21003859713673592 0.47800823971629147 0.0756152557342084
0.38861723835580048 0.21003859713673592 0.39646338075399401 0.4753570364745390
0.17612585318274793 0.42572417370975024 0.47800823971629147 0.4753570364745390
0.096270536491647352 0.37011257857084279 0.17220558598637581 0.4766459425238970
0.69648756636306641 0.37011257857084279 0.17220558598637581 0.4766459425238970
0.096270536491647352 0.2288625743240118 0.17220558598637581 0.4766459425238970
0.096270536491647352 0.37011257857084279 0.21739301346242429 0.4766459425238970
0.096270536491647352 0.37011257857084279 0.17220558598637581 0.2037639021095450
0.69648756636306641 0.2288625743240118 0.21739301346242429 0.2037639021095450
0.2150657255668193 0.12181878872215748 0.46022949814796454 0.2363528308381040
0.52208086922764774 0.12181878872215748 0.46022949814796454 0.2363528308381040
0.2150657255668193 0.12917929440736772 0.46022949814796454 0.2363528308381040
0.2150657255668193 0.12181878872215748 0.32497032508254053 0.2363528308381040
0.2150657255668193 0.12181878872215748 0.46022949814796454 0.2312639613018320
0.52208086922764774 0.12917929440736772 0.32497032508254053 0.2312639613018320
0.59438553652726112 0.46136049441993243 0.28285310193896296 0.4137931849247480
0.35179216819815334 0.46136049441993243 0.28285310193896296 0.4137931849247480
0.59438553652726112 0.32599340081214906 0.28285310193896296 0.4137931849247480
0.59438553652726112 0.46136049441993243 0.18314414583146574 0.4137931849247480
0.59438553652726112 0.46136049441993243 0.28285310193896296 0.3690004327847050
0.35179216819815334 0.32599340081214906 0.18314414583146574 0.3690004327847050
0.65131979361176484 0.18665770590305331 0.14037449620664122 0.3842831818390870
0.22414225060492754 0.18665770590305331 0.14037449620664122 0.3842831818390870
0.65131979361176484 0.46330313161015513 0.14037449620664122 0.3842831818390870
0.65131979361176484 0.18665770590305331 0.39650971852242944 0.3842831818390870
0.65131979361176484 0.18665770590305331 0.14037449620664122 0.3364299808124250
0.22414225060492754 0.46330313161015513 0.39650971852242944 0.3364299808124250
0.3641104281879961 0.4465238653123379 0.31618851758539679 0.2896051104912420
0.40456217727623872 0.4465238653123379 0.31618851758539679 0.2896051104912420
0.3641104281879961 0.26649121865630154 0.31618851758539679 0.2896051104912420
0.3641104281879961 0.4465238653123379 0.11099442467093468 0.2896051104912420
0.3641104281879961 0.4465238653123379 0.31618851758539679 0.3957812249312010
0.40456217727623872 0.26649121865630154 0.11099442467093468 0.3957812249312010
0.15296676373109219 0.29521209560334682 0.20453172139823439 0.4379160675611520
0.57007246264256539 0.29521209560334682 0.20453172139823439 0.4379160675611520
0.15296676373109219 0.16617163605988028 0.20453172139823439 0.4379160675611520
0.15296676373109219 0.29521209560334682 0.40598056577146058 0.4379160675611520
0.15296676373109219 0.29521209560334682 0.20453172139823439 0.4507092311603950
0.57007246264256539 0.16617163605988028 0.40598056577146058 0.4507092311603950
0.537265214882791 0.33493679203093052 0.42722693867981432 0.2064878558315820
0.059891563747078186 0.33493679203093052 0.42722693867981432 0.2064878558315820
0.537265214882791 0.36303676404058938 0.42722693867981432 0.2064878558315820
0.537265214882791 0.33493679203093052 0.28924976512789724 0.2064878558315820
0.537265214882791 0.33493679203093052 0.42722693867981432 0.0611729184369570
0.059891563747078186 0.36303676404058938 0.28924976512789724 0.0611729184369570
0.53320119869895277 0.13775401338934901 0.14462963230907919 0.4660538127602270
0.61041206885129207 0.13775401338934901 0.14462963230907919 0.4660538127602270
0.53320119869895277 0.21725677587091924 0.14462963230907919 0.4660538127602270
0.53320119869895277 0.13775401338934901 0.31913477443158628 0.4660538127602270
0.53320119869895277 0.13775401338934901 0.14462963230907919 0.1714063449945580
0.61041206885129207 0.21725677587091924 0.31913477443158628 0.1714063449945580
0.15453135273419319 0.4790655583143234 0.32360059730708601 0.1427189282751260
0.099572462355718011 0.4790655583143234 0.32360059730708601 0.1427189282751260
0.15453135273419319 0.41409396417438982 0.32360059730708601 0.1427189282751260
0.15453135273419319 0.4790655583143234 0.18585510179400444 0.1427189282751260
0.15453135273419319 0.4790655583143234 0.32360059730708601 0.4780421779564560
0.099572462355718011 0.41409396417438982 0.18585510179400444 0.4780421779564560
0.35993241067044429 0.23078568018972875 0.21191752590239049 0.3465238898930620
0.26572719910182058 0.23078568018972875 0.21191752590239049 0.3465238898930620
0.35993241067044429 0.31533975526690483 0.21191752590239049 0.3465238898930620
0.35993241067044429 0.23078568018972875 0.47837504111230378 0.3465238898930620
0.35993241067044429 0.23078568018972875 0.21191752590239049 0.3859636020755930
0.26572719910182058 0.31533975526690483 0.47837504111230378 0.3859636020755930
0.65291911573149264 0.3890650507062674 0.43150768242776394 0.3339983582867720
0.44553676703944795 0.3890650507062674 0.43150768242776394 0.3339983582867720
0.65291911573149264 0.11855005994439126 0.43150768242776394 0.3339983582867720
0.65291911573149264 0.3890650507062674 0.2139008067548275 0.3339983582867720
0.65291911573149264 0.3890650507062674 0.43150768242776394 0.2193492578595970
0.44553676703944795 0.11855005994439126 0.2139008067548275 0.2193492578595970
0.59781972682103512 0.2643606409430504 0.38902826532721524 0.2527672868202280
0.48051059585995964 0.2643606409430504 0.38902826532721524 0.2527672868202280
0.59781972682103512 0.28124032914638519 0.38902826532721524 0.2527672868202280
0.59781972682103512 0.2643606409430504 0.40014617070555691 0.2527672868202280
0.59781972682103512 0.2643606409430504 0.38902826532721524 0.3995154761881200
0.48051059585995964 0.28124032914638519 0.40014617070555691 0.3995154761881200
0.21413096245378255 0.3054893262684345 0.16787573397159578 0.4037430490025900
0.31088230712339276 0.3054893262684345 0.16787573397159578 0.4037430490025900
0.21413096245378255 0.47802783101797108 0.16787573397159578 0.4037430490025900
0.21413096245378255 0.3054893262684345 0.29195880256593232 0.4037430490025900
0.21413096245378255 0.3054893262684345 0.16787573397159578 0.3138797466910690
0.31088230712339276 0.47802783101797108 0.29195880256593232 0.3138797466910690
0.099828685075044638 0.1541666965931654 0.45592601671814925 0.0504434511461438
0.13585053011775017 0.1541666965931654 0.45592601671814925 0.0504434511461438
0.099828685075044638 0.37678490243852136 0.45592601671814925 0.0504434511461438
0.099828685075044638 0.1541666965931654 0.39687536284327507 0.0504434511461438
0.099828685075044638 0.1541666965931654 0.45592601671814925 0.0437710597674972
0.13585053011775017 0.37678490243852136 0.39687536284327507 0.0437710597674972
0.38763778517022723 0.41265363879501826 0.27539247423410418 0.4843804414532680
0.65682182717137039 0.41265363879501826 0.27539247423410418 0.4843804414532680
0.38763778517022723 0.17994418554008007 0.27539247423410418 0.4843804414532680
0.38763778517022723 0.41265363879501826 0.10750413797795773 0.4843804414532680
0.38763778517022723 0.41265363879501826 0.27539247423410418 0.4634728152944150
0.65682182717137039 0.17994418554008007 0.10750413797795773 0.4634728152944150
0.42458203430287533 0.21536469832062721 0.48280662968754773 0.4101693205786800
0.087228080490604043 0.21536469832062721 0.48280662968754773 0.4101693205786800
0.42458203430287533 0.14603956826031209 0.48280662968754773 0.4101693205786800
0.42458203430287533 0.21536469832062721 0.44188735298812387 0.4101693205786800
0.42458203430287533 0.21536469832062721 0.48280662968754773 0.4185979040579080
0.087228080490604043 0.14603956826031209 0.44188735298812387 0.4185979040579080
0.062405844638124111 0.35531534701585776 0.26165579408407214 0.2302071351024230
0.54155448721721766 0.35531534701585776 0.26165579408407214 0.2302071351024230
0.062405844638124111 0.34917834736406805 0.26165579408407214 0.2302071351024230
0.062405844638124111 0.35531534701585776 0.25002230480313303 0.2302071351024230
0.062405844638124111 0.35531534701585776 0.26165579408407214 0.3024916675724950
0.54155448721721766 0.34917834736406805 0.25002230480313303 0.3024916675724950
0.27305399072356518 0.10360816009342672 0.37470414564013488 0.4800110096681790
0.39253825526684516 0.10360816009342672 0.37470414564013488 0.4800110096681790
0.27305399072356518 0.44949353113770485 0.37470414564013488 0.4800110096681790
0.27305399072356518 0.10360816009342672 0.35757558457553384 0.4800110096681790
0.27305399072356518 0.10360816009342672 0.37470414564013488 0.1035520362342090
0.39253825526684516 0.44949353113770485 0.35757558457553384 0.1035520362342090
0.53937033317051819 0.46404225341975691 0.19417191147804261 0.0860900486270680
0.23750392063520848 0.46404225341975691 0.19417191147804261 0.0860900486270680
0.53937033317051819 0.24631031081080437 0.19417191147804261 0.0860900486270680
0.53937033317051819 0.46404225341975691 0.1469992257654667 0.0860900486270680
0.53937033317051819 0.46404225341975691 0.19417191147804261 0.4328600777191670
0.23750392063520848 0.24631031081080437 0.1469992257654667 0.4328600777191670
0.68484695628285408 0.18874580264091492 0.22591218091547491 0.2035117606397750
0.3637405667454004 0.18874580264091492 0.22591218091547491 0.2035117606397750
0.68484695628285408 0.15860702246427538 0.22591218091547491 0.2035117606397750
0.68484695628285408 0.18874580264091492 0.33577982559800146 0.2035117606397750
0.68484695628285408 0.18874580264091492 0.22591218091547491 0.1655380739834230
0.3637405667454004 0.15860702246427538 0.33577982559800146 0.1655380739834230
0.32784839579835529 0.42890384718775754 0.40488178990781309 0.4364137027054170
0.50863360981456929 0.42890384718775754 0.40488178990781309 0.4364137027054170
0.32784839579835529 0.36179396212100989 0.40488178990781309 0.4364137027054170
0.32784839579835529 0.42890384718775754 0.16901473514735699 0.4364137027054170
0.32784839579835529 0.42890384718775754 0.40488178990781309 0.4885487771348080
0.50863360981456929 0.36179396212100989 0.16901473514735699 0.4885487771348080
0.20827920353040097 0.28021506927907469 0.11820060200989246 0.2910280532728130
0.66906562973745165 0.28021506927907469 0.11820060200989246 0.2910280532728130
0.20827920353040097 0.46147591881453998 0.11820060200989246 0.2910280532728130
0.20827920353040097 0.28021506927907469 0.4639760799705982 0.2910280532728130
0.20827920353040097 0.28021506927907469 0.11820060200989246 0.3389136107782050
0.66906562973745165 0.46147591881453998 0.4639760799705982 0.3389136107782050
0.47961447890847914 0.3404657397419214 0.33778901509940629 0.3853424562335290
0.20456817438825964 0.3404657397419214 0.33778901509940629 0.3853424562335290
0.47961447890847914 0.25833914242684841 0.33778901509940629 0.3853424562335290
0.47961447890847914 0.3404657397419214 0.22849507741630079 0.3853424562335290
0.47961447890847914 0.3404657397419214 0.33778901509940629 0.2679517876772360
0.20456817438825964 0.25833914242684841 0.22849507741630079 0.2679517876772360
0.47191831860691302 0.29065813273191454 0.26695815585553651 0.0231472760505417
0.41727967015467576 0.29065813273191454 0.26695815585553651 0.0231472760505417
0.47191831860691302 0.36740449443459511 0.26695815585553651 0.0231472760505417
0.47191831860691302 0.29065813273191454 0.1923334237188101 0.0231472760505417
0.47191831860691302 0.29065813273191454 0.26695815585553651 0.3544020864138540
0.41727967015467576 0.36740449443459511 0.1923334237188101 0.3544020864138540
0.17518795309588314 0.32611642554402354 0.48955560065805914 0.4927034123089760
0.29271477926522488 0.32611642554402354 0.48955560065805914 0.4927034123089760
0.17518795309588314 0.16434296295046807 0.48955560065805914 0.4927034123089760
0.17518795309588314 0.32611642554402354 0.30289681181311612 0.4927034123089760
0.17518795309588314 0.32611642554402354 0.48955560065805914 0.2481060061185690
0.29271477926522488 0.16434296295046807 0.30289681181311612 0.2481060061185690
0.29999364214017982 0.17753369025886059 0.17799615077674391 0.2701214642238010
0.11322971740737557 0.17753369025886059 0.17799615077674391 0.2701214642238010
0.29999364214017982 0.26558588035404684 0.17799615077674391 0.2701214642238010
0.29999364214017982 0.17753369025886059 0.20781301520764828 0.2701214642238010
0.29999364214017982 0.17753369025886059 0.17799615077674391 0.1363648323040860
0.11322971740737557 0.26558588035404684 0.20781301520764828 0.1363648323040860
0.67223168201744554 0.44245971031486986 0.35371258445084097 0.3930945143894430
0.59802433052100235 0.44245971031486986 0.35371258445084097 0.3930945143894430
0.67223168201744554 0.46870062686502934 0.35371258445084097 0.3930945143894430
0.67223168201744554 0.44245971031486986 0.49969103261828429 0.3930945143894430
0.67223168201744554 0.44245971031486986 0.35371258445084097 0.4988622382936810
0.59802433052100235 0.46870062686502934 0.49969103261828429 0.4988622382936810
0.57722140564583235 0.1173594318330288 0.42294976562261588 0.3590509995868260
0.63302791519090529 0.1173594318330288 0.42294976562261588 0.3590509995868260
0.57722140564583235 0.33099819831550126 0.42294976562261588 0.3590509995868260
0.57722140564583235 0.1173594318330288 0.28632240816950799 0.3590509995868260
0.57722140564583235 0.1173594318330288 0.42294976562261588 0.0830386994825160
0.63302791519090529 0.33099819831550126 0.28632240816950799 0.0830386994825160
0.2753530838061124 0.45263473093509676 0.24567070677876474 0.3197985012649190
0.15837490600533782 0.45263473093509676 0.24567070677876474 0.3197985012649190
0.2753530838061124 0.12788545452058317 0.24567070677876474 0.3197985012649190
0.2753530838061124 0.45263473093509676 0.42179196737706659 0.3197985012649190
0.2753530838061124 0.45263473093509676 0.24567070677876474 0.4408511021023360
0.15837490600533782 0.12788545452058317 0.42179196737706659 0.4408511021023360
0.080415706569328907 0.20081997551023961 0.33359741568565371 0.4569655616236560
0.3289630960207432 0.20081997551023961 0.33359741568565371 0.4569655616236560
0.080415706569328907 0.22663967460393908 0.33359741568565371 0.4569655616236560
0.080415706569328907 0.20081997551023961 0.11431231126189233 0.4569655616236560
0.080415706569328907 0.20081997551023961 0.33359741568565371 0.4255357029665300
0.3289630960207432 0.22663967460393908 0.11431231126189233 0.4255357029665300
0.44767448636703189 0.36595382057130343 0.10943754836916925 0.1641508022465990
0.4636993430554866 0.36595382057130343 0.10943754836916925 0.1641508022465990
0.44767448636703189 0.42970492541790006 0.10943754836916925 0.1641508022465990
0.44767448636703189 0.36595382057130343 0.38108884654939179 0.1641508022465990
0.44767448636703189 0.36595382057130343 0.10943754836916925 0.2921185886861870
0.4636993430554866 0.42970492541790006 0.38108884654939179 0.2921185886861870
0.4051738877780735 0.16871131658554078 0.30423267185688019 0.3066704885965640
0.21940314518287773 0.16871131658554078 0.30423267185688019 0.3066704885965640
0.4051738877780735 0.49589719101786611 0.30423267185688019 0.3066704885965640
0.4051738877780735 0.16871131658554078 0.27171745412051679 0.3066704885965640
0.4051738877780735 0.16871131658554078 0.30423267185688019 0.0623659174034641
0.21940314518287773 0.49589719101786611 0.27171745412051679 0.0623659174034641
0.12243778891861438 0.40201526805758481 0.1269523046910763 0.3740184724088640
0.40936950431205327 0.40201526805758481 0.1269523046910763 0.3740184724088640
0.12243778891861438 0.29893621578812601 0.1269523046910763 0.3740184724088640
0.12243778891861438 0.40201526805758481 0.43620160594582558 0.3740184724088640
0.12243778891861438 0.40201526805758481 0.1269523046910763 0.4573642773805830
0.40936950431205327 0.29893621578812601 0.43620160594582558 0.4573642773805830
0.25245081577450035 0.25060946010053159 0.43988008648157118 0.1843932881589870
0.56536807580851012 0.25060946010053159 0.43988008648157118 0.1843932881589870
0.25245081577450035 0.19925427176058294 0.43988008648157118 0.1843932881589870
0.25245081577450035 0.25060946010053159 0.13116335682570934 0.1843932881589870
0.25245081577450035 0.25060946010053159 0.43988008648157118 0.3903895895490010
0.56536807580851012 0.19925427176058294 0.13116335682570934 0.3903895895490010
0.60059722838923335 0.3168967578560114 0.2157185234129429 0.4463437576665360
0.064684018306434152 0.3168967578560114 0.2157185234129429 0.4463437576665360
0.60059722838923335 0.39616508372128012 0.2157185234129429 0.4463437576665360
0.60059722838923335 0.3168967578560114 0.36443311050534255 0.4463437576665360
0.60059722838923335 0.3168967578560114 0.2157185234129429 0.3255251450967760
0.064684018306434152 0.39616508372128012 0.36443311050534255 0.3255251450967760
0.62491296404041341 0.24199789538979533 0.16073611490428449 0.4713962897035310
0.19093058626167475 0.24199789538979533 0.16073611490428449 0.4713962897035310
0.62491296404041341 0.40885602198541171 0.16073611490428449 0.4713962897035310
0.62491296404041341 0.24199789538979533 0.15282459929585457 0.4713962897035310
0.62491296404041341 0.24199789538979533 0.16073611490428449 0.3703009367452130
0.19093058626167475 0.40885602198541171 0.15282459929585457 0.3703009367452130
0.34715611073188479 0.37550908476114275 0.38333530314266684 0.1104029970396450
0.6814336720854044 0.37550908476114275 0.38333530314266684 0.1104029970396450
0.34715611073188479 0.21194168142974379 0.38333530314266684 0.1104029970396450
0.34715611073188479 0.37550908476114275 0.34221032075583935 0.1104029970396450
0.34715611073188479 0.37550908476114275 0.38333530314266684 0.2431432056131310
0.6814336720854044 0.21194168142974379 0.34221032075583935 0.2431432056131310
0.14699156894348561 0.12731085903942585 0.29677463732659815 0.4203932531832030
0.53687072983011597 0.12731085903942585 0.29677463732659815 0.4203932531832030
0.14699156894348561 0.11162648499011994 0.29677463732659815 0.4203932531832030
0.14699156894348561 0.12731085903942585 0.24976324215531351 0.4203932531832030
0.14699156894348561 0.12731085903942585 0.29677463732659815 0.1956169971446940
0.53687072983011597 0.11162648499011994 0.24976324215531351 0.1956169971446940
0.50027591367252167 0.49341496340930469 0.47249242700636385 0.2111762047976450
0.33677299250848586 0.49341496340930469 0.47249242700636385 0.2111762047976450
0.50027591367252167 0.30858526676893239 0.47249242700636385 0.2111762047976450
0.50027591367252167 0.49341496340930469 0.45793611519038679 0.2111762047976450
0.50027591367252167 0.49341496340930469 0.47249242700636385 0.4680236605857730
0.33677299250848586 0.30858526676893239 0.45793611519038679 0.4680236605857730
0.51289239139296106 0.2356278456747532 0.3680905416607857 0.1501934252480670
0.6437896229326725 0.2356278456747532 0.3680905416607857 0.1501934252480670
0.51289239139296106 0.39071921706199653 0.3680905416607857 0.1501934252480670
0.51289239139296106 0.2356278456747532 0.20275821946561337 0.1501934252480670
0.51289239139296106 0.2356278456747532 0.3680905416607857 0.4505099475199210
0.6437896229326725 0.39071921706199653 0.20275821946561337 0.4505099475199210
0.13421759600751101 0.39452371150255205 0.18765456452965737 0.4499709263738630
0.14884333270601927 0.39452371150255205 0.18765456452965737 0.4499709263738630
0.13421759600751101 0.18750652819871905 0.18765456452965737 0.4499709263738630
0.13421759600751101 0.39452371150255205 0.49227670356631281 0.4499709263738630
0.13421759600751101 0.39452371150255205 0.18765456452965737 0.0556023111254790
0.14884333270601927 0.18750652819871905 0.49227670356631281 0.0556023111254790
0.33961868784390387 0.14584482200443746 0.47599781453609469 0.3159999572797490
0.29784948420710861 0.14584482200443746 0.47599781453609469 0.3159999572797490
0.33961868784390387 0.28880285285413265 0.47599781453609469 0.3159999572797490
0.33961868784390387 0.14584482200443746 0.19973196946084501 0.3159999572797490
0.33961868784390387 0.14584482200443746 0.47599781453609469 0.3358231230132520
0.29784948420710861 0.28880285285413265 0.19973196946084501 0.3358231230132520
0.63261036169715223 0.48733331672847269 0.25494303330779078 0.3572892922478770
0.4935040171258151 0.48733331672847269 0.25494303330779078 0.3572892922478770
0.63261036169715223 0.49196194522082803 0.25494303330779078 0.3572892922478770
0.63261036169715223 0.48733331672847269 0.30796739086508751 0.3572892922478770
0.63261036169715223 0.48733331672847269 0.25494303330779078 0.3932148618133230
0.4935040171258151 0.49196194522082803 0.30796739086508751 0.3932148618133230
0.61813348839059468 0.16223151087760926 0.12496066652238369 0.3946873411430200
0.44837339469231657 0.16223151087760926 0.12496066652238369 0.3946873411430200
0.61813348839059468 0.30465307272970676 0.12496066652238369 0.3946873411430200
0.61813348839059468 0.16223151087760926 0.12174721583724023 0.3946873411430200
0.61813348839059468 0.16223151087760926 0.12496066652238369 0.2297424304513310
0.44837339469231657 0.30465307272970676 0.12174721583724023 0.2297424304513310
0.23443975523114202 0.42094433829188349 0.34445287026464944 0.2744133748072640
0.2628505499102175 0.42094433829188349 0.34445287026464944 0.2744133748072640
0.23443975523114202 0.1014900702983141 0.34445287026464944 0.2744133748072640
0.23443975523114202 0.42094433829188349 0.3861718472093344 0.2744133748072640
0.23443975523114202 0.42094433829188349 0.34445287026464944 0.3672579976176500
0.2628505499102175 0.1014900702983141 0.3861718472093344 0.3672579976176500
0.12013745363801717 0.2692287888377905 0.23247683160007002 0.4986741910238510
0.10240846890956162 0.2692287888377905 0.23247683160007002 0.4986741910238510
0.12013745363801717 0.20019698962569238 0.23247683160007002 0.4986741910238510
0.12013745363801717 0.2692287888377905 0.28123125359416012 0.4986741910238510
0.12013745363801717 0.2692287888377905 0.23247683160007002 0.4744503856168940
0.10240846890956162 0.20019698962569238 0.28123125359416012 0.4744503856168940
0.40795150315389034 0.31092505790293218 0.41135043390095238 0.0414894092314146
0.60753604075871404 0.31092505790293218 0.41135043390095238 0.0414894092314146
0.40795150315389034 0.40340710356831555 0.41135043390095238 0.0414894092314146
0.40795150315389034 0.31092505790293218 0.41436521671712401 0.0414894092314146
0.40795150315389034 0.31092505790293218 0.41135043390095238 0.2005282149939290
0.60753604075871404 0.40340710356831555 0.41436521671712401 0.2005282149939290
0.4448982705827802 0.11123962625861168 0.20623102001845839 0.2243689023592580
0.20173166175372897 0.11123962625861168 0.20623102001845839 0.2243689023592580
0.4448982705827802 0.46945288330316548 0.20623102001845839 0.2243689023592580
0.4448982705827802 0.11123962625861168 0.1362438302487135 0.2243689023592580
0.4448982705827802 0.11123962625861168 0.20623102001845839 0.2608649894240740
0.20173166175372897 0.46945288330316548 0.1362438302487135 0.2608649894240740
0.08271713149733842 0.47110614478588109 0.42572186775505549 0.4287798053815700
0.67194146653637288 0.47110614478588109 0.42572186775505549 0.4287798053815700
0.08271713149733842 0.27264001369476321 0.42572186775505549 0.4287798053815700
0.08271713149733842 0.47110614478588109 0.37187054231762884 0.4287798053815700
0.08271713149733842 0.47110614478588109 0.42572186775505549 0.3575822710478120
0.67194146653637288 0.27264001369476321 0.37187054231762884 0.3575822710478120
0.29336522431112821 0.21979949511587621 0.13874771259725094 0.1183084806704090
0.50579647608101364 0.21979949511587621 0.13874771259725094 0.1183084806704090
0.29336522431112821 0.17290771715343001 0.13874771259725094 0.1183084806704090
0.29336522431112821 0.21979949511587621 0.26429323069751265 0.1183084806704090
0.29336522431112821 0.21979949511587621 0.13874771259725094 0.4930295060648520
0.50579647608101364 0.17290771715343001 0.26429323069751265 0.4930295060648520
0.55968653555028136 0.3595242734998465 0.3176195714622736 0.4731205387700360
0.36661702464334661 0.3595242734998465 0.3176195714622736 0.4731205387700360
0.55968653555028136 0.36977113150060181 0.3176195714622736 0.4731205387700360
0.55968653555028136 0.3595242734998465 0.43110792413353927 0.4731205387700360
0.55968653555028136 0.3595242734998465 0.3176195714622736 0.1306073939240000
0.36661702464334661 0.36977113150060181 0.43110792413353927 0.1306073939240000
0.66453568395227192 0.284623883664608 0.46185668706893923 0.4444208360179210
0.2505368573591113 0.284623883664608 0.46185668706893923 0.4444208360179210
0.66453568395227192 0.43206851072609431 0.46185668706893923 0.4444208360179210
0.66453568395227192 0.284623883664608 0.24235096350312235 0.4444208360179210
0.66453568395227192 0.284623883664608 0.46185668706893923 0.4479376496879800
0.2505368573591113 0.43206851072609431 0.24235096350312235 0.4479376496879800
0.30753215467557304 0.34469759538769723 0.2814224056899548 0.1776732121314100
0.37954526259563859 0.34469759538769723 0.2814224056899548 0.1776732121314100
0.30753215467557304 0.23520748056471349 0.2814224056899548 0.1776732121314100
0.30753215467557304 0.34469759538769723 0.45287926904857156 0.1776732121314100
0.30753215467557304 0.34469759538769723 0.2814224056899548 0.0894401143365428
0.37954526259563859 0.23520748056471349 0.45287926904857156 0.0894401143365428
0.18796300599351523 0.1964032631367445 0.39476372450590136 0.3639082152945090
0.55458680526353421 0.1964032631367445 0.39476372450590136 0.3639082152945090
0.18796300599351523 0.13493653610348702 0.39476372450590136 0.3639082152945090
0.18796300599351523 0.1964032631367445 0.15789312794804575 0.3639082152945090
0.18796300599351523 0.1964032631367445 0.39476372450590136 0.2804249397341720
0.55458680526353421 0.13493653610348702 0.15789312794804575 0.2804249397341720
0.45930323079228397 0.43594479747116566 0.17371025159955025 0.2961774303970410
0.074235706496983772 0.43594479747116566 0.17371025159955025 0.2961774303970410
0.45930323079228397 0.33175350651144986 0.17371025159955025 0.2961774303970410
0.45930323079228397 0.43594479747116566 0.34961091689765456 0.2961774303970410
0.45930323079228397 0.43594479747116566 0.17371025159955025 0.4229942822306160
0.074235706496983772 0.33175350651144986 0.34961091689765456 0.4229942822306160
0.49222960062324994 0.18262766599655153 0.44664017483592033 0.4910436411712710
0.47097964244894674 0.18262766599655153 0.44664017483592033 0.4910436411712710
0.49222960062324994 0.24086749665439131 0.44664017483592033 0.4910436411712710
0.49222960062324994 0.18262766599655153 0.48580958805978303 0.4910436411712710
0.49222960062324994 0.18262766599655153 0.44664017483592033 0.2987372743553070
0.47097964244894674 0.24086749665439131 0.48580958805978303 0.2987372743553070
0.19550418453291057 0.44737664386630061 0.22238235473632814 0.0694434412949098
0.32164339497685429 0.44737664386630061 0.22238235473632814 0.0694434412949098
0.19550418453291057 0.43775494359433653 0.22238235473632814 0.0694434412949098
0.19550418453291057 0.44737664386630061 0.21898497566580774 0.0694434412949098
0.19550418453291057 0.44737664386630061 0.22238235473632814 0.4107351115222210
0.32164339497685429 0.43775494359433653 0.21898497566580774 0.4107351115222210
0.32030984936282036 0.29919291995465758 0.31079734638333323 0.4059571336095570
0.16565458429977298 0.29919291995465758 0.31079734638333323 0.4059571336095570
0.32030984936282036 0.33904803544282913 0.31079734638333323 0.4059571336095570
0.32030984936282036 0.29919291995465758 0.31404397748410706 0.4059571336095570
0.32030984936282036 0.29919291995465758 0.31079734638333323 0.4353181052620650
0.16565458429977298 0.33904803544282913 0.31404397748410706 0.4353181052620650
0.6925429204478859 0.33403480984270573 0.13342092484235765 0.2583199480425820
0.62570883524604137 0.33403480984270573 0.13342092484235765 0.2583199480425820
0.6925429204478859 0.14211347699165344 0.13342092484235765 0.2583199480425820
0.6925429204478859 0.33403480984270573 0.17842718288302423 0.2583199480425820
0.6925429204478859 0.33403480984270573 0.13342092484235765 0.1216238174643820
0.62570883524604137 0.14211347699165344 0.17842718288302423 0.1216238174643820
0.55690515968017273 0.20933192744851115 0.29016105718910695 0.3294973021076660
0.58054845938459032 0.20933192744851115 0.29016105718910695 0.3294973021076660
0.55690515968017273 0.25440999940037728 0.29016105718910695 0.3294973021076660
0.55690515968017273 0.20933192744851115 0.39182097241282465 0.3294973021076660
0.55690515968017273 0.20933192744851115 0.29016105718910695 0.4865333370835510
0.58054845938459032 0.25440999940037728 0.39182097241282465 0.4865333370835510
0.25504180663265286 0.3738980904221535 0.46597505621612079 0.3438692144444670
0.13066556700505316 0.3738980904221535 0.46597505621612079 0.3438692144444670
0.25504180663265286 0.45134865865111351 0.46597505621612079 0.3438692144444670
0.25504180663265286 0.3738980904221535 0.10008868835866452 0.3438692144444670
0.25504180663265286 0.3738980904221535 0.46597505621612079 0.1492457234469390
0.13066556700505316 0.45134865865111351 0.10008868835866452 0.1492457234469390
0.060104463296011088 0.12247625477612019 0.15392732359468939 0.1265732033445740
0.27523828945122658 0.12247625477612019 0.15392732359468939 0.1265732033445740
0.060104463296011088 0.35005232281982901 0.15392732359468939 0.1265732033445740
0.060104463296011088 0.12247625477612019 0.40754431113600731 0.1265732033445740
0.060104463296011088 0.12247625477612019 0.15392732359468939 0.2720414684169210
0.27523828945122658 0.35005232281982901 0.40754431113600731 0.2720414684169210
0.42735829367302353 0.45752576701343062 0.37662251852452755 0.4587329278657350
0.43471613842993967 0.45752576701343062 0.37662251852452755 0.4587329278657350
0.42735829367302353 0.1531672600656748 0.37662251852452755 0.4587329278657350
0.42735829367302353 0.45752576701343062 0.29703050218522553 0.4587329278657350
0.42735829367302353 0.45752576701343062 0.37662251852452755 0.3487935313860080
0.43471613842993967 0.1531672600656748 0.29703050218522553 0.3487935313860080
0.38486013589426871 0.25799226015806198 0.18392679728567601 0.3763425718277280
0.35424898108467456 0.25799226015806198 0.18392679728567601 0.3763425718277280
0.38486013589426871 0.11931147240102291 0.18392679728567601 0.3763425718277280
0.38486013589426871 0.25799226015806198 0.35016371123492718 0.3763425718277280
0.38486013589426871 0.25799226015806198 0.18392679728567601 0.4801168164023090
0.35424898108467456 0.11931147240102291 0.35016371123492718 0.4801168164023090
0.10212898645550011 0.32450533583760266 0.35974253974854953 0.2810426321775880
0.51943406541831783 0.32450533583760266 0.35974253974854953 0.2810426321775880
0.10212898645550011 0.32239694111049177 0.35974253974854953 0.2810426321775880
0.10212898645550011 0.32450533583760266 0.14194125905632973 0.2810426321775880
0.10212898645550011 0.32450533583760266 0.35974253974854953 0.1868892121473420
0.51943406541831783 0.32239694111049177 0.14194125905632973 0.1868892121473420
0.23214205689728257 0.17269899062812327 0.27269359119236469 0.4350330068272970
0.69890904198400672 0.17269899062812327 0.27269359119236469 0.4350330068272970
0.23214205689728257 0.42266787290573127 0.27269359119236469 0.4350330068272970
0.23214205689728257 0.17269899062812327 0.44695547632873056 0.4350330068272970
0.23214205689728257 0.17269899062812327 0.27269359119236469 0.2146619331859680
0.69890904198400672 0.42266787290573127 0.44695547632873056 0.2146619331859680
0.58028350071981549 0.40657060928642752 0.49539014212787158 0.1983367986755490
0.17349454052746294 0.40657060928642752 0.49539014212787158 0.1983367986755490
0.58028350071981549 0.21962646394968033 0.49539014212787158 0.1983367986755490
0.58028350071981549 0.40657060928642752 0.25742402151226995 0.1983367986755490
0.58028350071981549 0.40657060928642752 0.49539014212787158 0.3771750623549420
0.17349454052746294 0.21962646394968033 0.25742402151226995 0.3771750623549420
0.64522176166065037 0.1312756858766079 0.32791088595986367 0.0928583099882218
0.057404458662495023 0.1312756858766079 0.32791088595986367 0.0928583099882218
0.64522176166065037 0.18231692537665367 0.32791088595986367 0.0928583099882218
0.64522176166065037 0.1312756858766079 0.46905619576573376 0.0928583099882218
0.64522176166065037 0.1312756858766079 0.32791088595986367 0.3174596672500680
0.057404458662495023 0.18231692537665367 0.46905619576573376 0.3174596672500680
0.36746987714432172 0.49799620211124418 0.10365175753831864 0.4811646515148910
0.57268757950514548 0.49799620211124418 0.10365175753831864 0.4811646515148910
0.36746987714432172 0.38535575941205025 0.10365175753831864 0.4811646515148910
0.36746987714432172 0.49799620211124418 0.23593367747962476 0.4811646515148910
0.36746987714432172 0.49799620211124418 0.10365175753831864 0.4076887361538140
0.57268757950514548 0.38535575941205025 0.23593367747962476 0.4076887361538140
0.16730528208427131 0.24940353073179722 0.41706782206892967 0.2416773973224170
0.40208932356908911 0.24940353073179722 0.41706782206892967 0.2416773973224170
0.16730528208427131 0.48508806861937048 0.41706782206892967 0.2416773973224170
0.16730528208427131 0.24940353073179722 0.32835595980286603 0.2416773973224170
0.16730528208427131 0.24940353073179722 0.41706782206892967 0.4612631308051310
0.40208932356908911 0.48508806861937048 0.32835595980286603 0.4612631308051310
0.52058467739261682 0.38309177719056609 0.23968970477581025 0.4182053308426690
0.22672326997853814 0.38309177719056609 0.23968970477581025 0.4182053308426690
0.52058467739261682 0.28199868984520438 0.23968970477581025 0.4182053308426690
0.52058467739261682 0.38309177719056609 0.16391988508403302 0.4182053308426690
0.52058467739261682 0.38309177719056609 0.23968970477581025 0.0222872647471264
0.22672326997853814 0.28199868984520438 0.16391988508403302 0.0222872647471264
0.52523029772564767 0.27255254313349725 0.40300701186060905 0.2846740682636960
0.14321155725046991 0.27255254313349725 0.40300701186060905 0.2846740682636960
0.52523029772564767 0.16240023821592331 0.40300701186060905 0.2846740682636960
0.52523029772564767 0.27255254313349725 0.11847598552703859 0.2846740682636960
0.52523029772564767 0.27255254313349725 0.40300701186060905 0.1167043429443630
0.14321155725046991 0.16240023821592331 0.11847598552703859 0.1167043429443630
0.16250411216169594 0.30759596228599551 0.22874788045883179 0.3789817416434160
0.64802174386568367 0.30759596228599551 0.22874788045883179 0.3789817416434160
0.16250411216169594 0.35919097959995272 0.22874788045883179 0.3789817416434160
0.16250411216169594 0.30759596228599551 0.37674823738634589 0.3789817416434160
0.16250411216169594 0.30759596228599551 0.22874788045883179 0.4395206930664030
0.64802174386568367 0.35919097959995272 0.37674823738634589 0.4395206930664030
0.37361806072294707 0.15931055881083012 0.34196863248944287 0.1929938845449820
0.48917647334747011 0.15931055881083012 0.34196863248944287 0.1929938845449820
0.37361806072294707 0.4581405144184828 0.34196863248944287 0.1929938845449820
0.37361806072294707 0.15931055881083012 0.28401429355144503 0.1929938845449820
0.37361806072294707 0.15931055881083012 0.34196863248944287 0.4140807782205440
0.48917647334747011 0.4581405144184828 0.28401429355144503 0.4140807782205440
0.63923532413318751 0.42387063167989258 0.11459051817655563 0.4323098635873190
0.30333624333143228 0.42387063167989258 0.11459051817655563 0.4323098635873190
0.63923532413318751 0.26130228005349637 0.11459051817655563 0.4323098635873190
0.63923532413318751 0.42387063167989258 0.42349594868719576 0.4323098635873190
0.63923532413318751 0.42387063167989258 0.11459051817655563 0.2980896361122610
0.30333624333143228 0.26130228005349637 0.42349594868719576 0.2980896361122610
0.58484756578691299 0.14915935546159745 0.25863536186516289 0.4835056876428200
0.25708487010560926 0.14915935546159745 0.25863536186516289 0.4835056876428200
0.58484756578691299 0.14859973080456257 0.25863536186516289 0.4835056876428200
0.58484756578691299 0.14915935546159745 0.21247490085661414 0.4835056876428200
0.58484756578691299 0.14915935546159745 0.25863536186516289 0.3460935140969480
0.25708487010560926 0.14859973080456257 0.21247490085661414 0.3460935140969480
0.22710002525709566 0.4840195454657078 0.48445110134780411 0.1001785028400870
0.45305678341537708 0.4840195454657078 0.48445110134780411 0.1001785028400870
0.22710002525709566 0.34544015862047672 0.48445110134780411 0.1001785028400870
0.22710002525709566 0.4840195454657078 0.49564566910266883 0.1001785028400870
0.22710002525709566 0.4840195454657078 0.48445110134780411 0.2790107612491900
0.45305678341537708 0.34544015862047672 0.49564566910266883 0.2790107612491900
0.10835438850335777 0.23269175998866559 0.19798809029161932 0.4159681055015850
0.60302501851692791 0.23269175998866559 0.19798809029161932 0.4159681055015850
0.10835438850335777 0.44648776426911352 0.19798809029161932 0.4159681055015850
0.10835438850335777 0.23269175998866559 0.19050366021692755 0.4159681055015850
0.10835438850335777 0.23269175998866559 0.19798809029161932 0.1562020011873020
0.60302501851692791 0.44648776426911352 0.19050366021692755 0.1562020011873020
0.37910898351110511 0.39745903499424462 0.37068464420735836 0.2380154830686340
0.10839610868133603 0.39745903499424462 0.37068464420735836 0.2380154830686340
0.37910898351110511 0.24970055148005488 0.37068464420735836 0.2380154830686340
0.37910898351110511 0.39745903499424462 0.30489148497581486 0.2380154830686340
0.37910898351110511 0.39745903499424462 0.37068464420735836 0.4861862098507550
0.10839610868133603 0.24970055148005488 0.30489148497581486 0.4861862098507550
0.43311501778662198 0.19933943822979927 0.16486655510962012 0.0622446047346809
0.67628376777283838 0.19933943822979927 0.16486655510962012 0.0622446047346809
0.43311501778662198 0.2774650901556015 0.16486655510962012 0.0622446047346809
0.43311501778662198 0.19933943822979927 0.24552467912435533 0.0622446047346809
0.43311501778662198 0.19933943822979927 0.16486655510962012 0.3805442601412190
0.67628376777283838 0.2774650901556015 0.24552467912435533 0.3805442601412190
0.053874719608575108 0.43300938457250593 0.39068055711686611 0.4888332052975210
0.19625004939734936 0.43300938457250593 0.39068055711686611 0.4888332052975210
0.053874719608575108 0.48064955323934555 0.39068055711686611 0.4888332052975210
0.053874719608575108 0.43300938457250593 0.46240058131515982 0.4888332052975210
0.053874719608575108 0.43300938457250593 0.39068055711686611 0.2132573902183980
0.19625004939734936 0.48064955323934555 0.46240058131515982 0.2132573902183980
0.26007950631901622 0.28130924887955189 0.27921876199543477 0.2621810126605270
0.37223381018266077 0.28130924887955189 0.27921876199543477 0.2621810126605270
0.26007950631901622 0.38013904653489594 0.27921876199543477 0.2621810126605270
0.26007950631901622 0.28130924887955189 0.15501247793436052 0.2621810126605270
0.26007950631901622 0.28130924887955189 0.27921876199543477 0.1833145183586310
0.37223381018266077 0.38013904653489594 0.15501247793436052 0.1833145183586310
0.5523466760292649 0.34801146797835825 0.45191395394504075 0.4083554453850490
0.50155959581024945 0.34801146797835825 0.45191395394504075 0.4083554453850490
0.5523466760292649 0.1769990246742964 0.45191395394504075 0.4083554453850490
0.5523466760292649 0.34801146797835825 0.34057798273861406 0.4083554453850490
0.5523466760292649 0.34801146797835825 0.45191395394504075 0.4839362696116060
0.50155959581024945 0.1769990246742964 0.34057798273861406 0.4839362696116060
0.69853493454866111 0.22272035777568819 0.32173936143517495 0.3410265248372330
0.38406112166121598 0.22272035777568819 0.32173936143517495 0.3410265248372330
0.69853493454866111 0.21469008065760137 0.32173936143517495 0.3410265248372330
0.69853493454866111 0.22272035777568819 0.1266249466687441 0.3410265248372330
0.69853493454866111 0.22272035777568819 0.32173936143517495 0.0305644061514485
0.38406112166121598 0.21469008065760137 0.1266249466687441 0.0305644061514485
0.31415731930173929 0.35659806951880457 0.14748154431581498 0.3266335981930630
0.2445642849896103 0.35659806951880457 0.14748154431581498 0.3266335981930630
0.31415731930173929 0.41782638318836696 0.14748154431581498 0.3266335981930630
0.31415731930173929 0.35659806951880457 0.36840396672487263 0.3266335981930630
0.31415731930173929 0.35659806951880457 0.14748154431581498 0.4606025413280060
0.2445642849896103 0.41782638318836696 0.36840396672487263 0.4606025413280060
0.20030101765878494 0.10791597329080105 0.43570122346282003 0.4612785760677090
0.079996317019686097 0.10791597329080105 0.43570122346282003 0.4612785760677090
0.20030101765878494 0.31833975240588186 0.43570122346282003 0.4612785760677090
0.20030101765878494 0.10791597329080105 0.27361924238502977 0.4612785760677090
0.20030101765878494 0.10791597329080105 0.43570122346282003 0.4057941194065370
0.079996317019686097 0.31833975240588186 0.27361924238502977 0.4057941194065370
0.4875895665492862 0.47443513907492163 0.20832479894161227 0.1333682618373760
0.54988873656839132 0.47443513907492163 0.20832479894161227 0.1333682618373760
0.4875895665492862 0.11515328660607338 0.20832479894161227 0.1333682618373760
0.4875895665492862 0.47443513907492163 0.43408631533384323 0.1333682618373760
0.4875895665492862 0.47443513907492163 0.20832479894161227 0.3240279088136160
0.54988873656839132 0.11515328660607338 0.43408631533384323 0.3240279088136160
0.46465796581469471 0.11916469484567643 0.38695587664842612 0.4258356907821080
0.31572399255819616 0.11916469484567643 0.38695587664842612 0.4258356907821080
0.46465796581469471 0.41215485297143462 0.38695587664842612 0.4258356907821080
0.46465796581469471 0.11916469484567643 0.39528793990612032 0.4258356907821080
0.46465796581469471 0.11916469484567643 0.38695587664842612 0.3983249463121580
0.31572399255819616 0.41215485297143462 0.39528793990612032 0.3983249463121580
0.18245264631696045 0.4608426667749882 0.15652159228920937 0.2190810697149960
0.47551922677084796 0.4608426667749882 0.15652159228920937 0.2190810697149960
0.18245264631696045 0.20903962664306164 0.15652159228920937 0.2190810697149960
0.18245264631696045 0.4608426667749882 0.10970793999731542 0.2190810697149960
0.18245264631696045 0.4608426667749882 0.15652159228920937 0.3333336206193190
0.47551922677084796 0.20903962664306164 0.10970793999731542 0.3333336206193190
0.31170169473625714 0.21226507537066938 0.46966759860515594 0.4748756526672540
0.62103415280580521 0.21226507537066938 0.46966759860515594 0.4748756526672540
0.31170169473625714 0.10799200832843781 0.46966759860515594 0.4748756526672540
0.31170169473625714 0.21226507537066938 0.40456552505493171 0.4748756526672540
0.31170169473625714 0.21226507537066938 0.46966759860515594 0.0537847355448798
0.62103415280580521 0.10799200832843781 0.40456552505493171 0.0537847355448798
0.66052796985022721 0.37095960266888139 0.29861412867903714 0.1233904529821820
0.17146864566020664 0.37095960266888139 0.29861412867903714 0.1233904529821820
0.66052796985022721 0.31105401962995527 0.29861412867903714 0.1233904529821820
0.66052796985022721 0.37095960266888139 0.28770411945879459 0.1233904529821820
0.66052796985022721 0.37095960266888139 0.29861412867903714 0.4532056547175610
0.17146864566020664 0.31105401962995527 0.28770411945879459 0.4532056547175610
0.56480109896510833 0.2958661906421185 0.13093652091920377 0.1730331631025380
0.12520735058933496 0.2958661906421185 0.13093652091920377 0.1730331631025380
0.56480109896510833 0.49874421879649167 0.13093652091920377 0.1730331631025380
0.56480109896510833 0.2958661906421185 0.47628788091242313 0.1730331631025380
0.56480109896510833 0.2958661906421185 0.13093652091920377 0.2093753887112950
0.12520735058933496 0.49874421879649167 0.47628788091242313 0.2093753887112950
0.28777276938781138 0.33736077547073362 0.3004273656755686 0.4422346454582580
0.58494422114454203 0.33736077547073362 0.3004273656755686 0.4422346454582580
0.28777276938781138 0.29568020477890966 0.3004273656755686 0.4422346454582580
0.28777276938781138 0.33736077547073362 0.21581088900566103 0.4422346454582580
0.28777276938781138 0.33736077547073362 0.3004273656755686 0.4728928678910570
0.58494422114454203 0.29568020477890966 0.21581088900566103 0.4728928678910570
0.087122501526027907 0.18555155731737616 0.21403914801776411 0.3003612978175750
0.43053241842426354 0.18555155731737616 0.21403914801776411 0.3003612978175750
0.087122501526027907 0.19673068262636662 0.21403914801776411 0.3003612978175750
0.087122501526027907 0.18555155731737616 0.32307730354368691 0.3003612978175750
0.087122501526027907 0.18555155731737616 0.21403914801776411 0.3664426165475740
0.43053241842426354 0.19673068262636662 0.32307730354368691 0.3664426165475740
0.44096707031130783 0.44445351622998719 0.44291100986301901 0.3672288040913420
0.28087879056110976 0.44445351622998719 0.44291100986301901 0.3672288040913420
0.44096707031130783 0.39984218962490559 0.44291100986301901 0.3672288040913420
0.44096707031130783 0.44445351622998719 0.18130820095539094 0.3672288040913420
0.44096707031130783 0.44445351622998719 0.44291100986301901 0.2350289489452160
0.28087879056110976 0.39984218962490559 0.18130820095539094 0.2350289489452160
0.41187835694290692 0.24647955000400545 0.2496692281216383 0.4518816232747430
0.52410366646945472 0.24647955000400545 0.2496692281216383 0.4518816232747430
0.41187835694290692 0.32770513705909254 0.2496692281216383 0.4518816232747430
0.41187835694290692 0.24647955000400545 0.46568683534860611 0.4518816232747430
0.41187835694290692 0.24647955000400545 0.2496692281216383 0.1297929796626130
0.52410366646945472 0.32770513705909254 0.46568683534860611 0.1297929796626130
0.11573766018263995 0.38601499423384666 0.41916143484413626 0.1549219731041230
0.34842023248784237 0.38601499423384666 0.41916143484413626 0.1549219731041230
0.11573766018263995 0.13079404197633268 0.41916143484413626 0.1549219731041230
0.11573766018263995 0.38601499423384666 0.2262166250497103 0.1549219731041230
0.11573766018263995 0.38601499423384666 0.41916143484413626 0.4955687928304770
0.34842023248784237 0.13079404197633268 0.2262166250497103 0.4955687928304770
0.24003779641352591 0.13460251651704314 0.10777133367955685 0.3535637241566070
0.1794187918771058 0.13460251651704314 0.10777133367955685 0.3535637241566070
0.24003779641352591 0.23028068393468859 0.10777133367955685 0.3535637241566070
0.24003779641352591 0.13460251651704314 0.33143225759267808 0.3535637241566070
0.24003779641352591 0.13460251651704314 0.10777133367955685 0.3629189243002730
0.1794187918771058 0.23028068393468859 0.33143225759267808 0.3629189243002730
0.61301458817906673 0.49467013515532021 0.33664493300020693 0.3118884718372810
0.69438453232869501 0.49467013515532021 0.33664493300020693 0.3118884718372810
0.61301458817906673 0.42724194228649137 0.33664493300020693 0.3118884718372810
0.61301458817906673 0.49467013515532021 0.17314856238663195 0.3118884718372810
0.61301458817906673 0.49467013515532021 0.33664493300020693 0.2572526960258530
0.69438453232869501 0.42724194228649137 0.17314856238663195 0.2572526960258530
0.63661373415961853 0.16976593211293223 0.49318666458129889 0.2788563834498950
0.57685630233027041 0.16976593211293223 0.49318666458129889 0.2788563834498950
0.63661373415961853 0.36453872695565226 0.49318666458129889 0.2788563834498950
0.63661373415961853 0.16976593211293223 0.35958771295845515 0.2788563834498950
0.63661373415961853 0.16976593211293223 0.49318666458129889 0.4226356596300910
0.57685630233027041 0.36453872695565226 0.35958771295845515 0.4226356596300910
0.33545471951365463 0.40950900763273246 0.26275069043040278 0.3976985872533210
0.051759186107665306 0.40950900763273246 0.26275069043040278 0.3976985872533210
0.33545471951365463 0.16758099719882014 0.26275069043040278 0.3976985872533210
0.33545471951365463 0.40950900763273246 0.14521285742521287 0.3976985872533210
0.33545471951365463 0.40950900763273246 0.26275069043040278 0.2855298397065500
0.051759186107665306 0.16758099719882014 0.14521285742521287 0.2855298397065500
0.13973353710025549 0.26130371876060965 0.35089862793684012 0.0351878308502710
0.23219625111669301 0.26130371876060965 0.35089862793684012 0.0351878308502710
0.13973353710025549 0.26809149272739885 0.35089862793684012 0.0351878308502710
0.13973353710025549 0.26130371876060965 0.43782434947788718 0.0351878308502710
0.13973353710025549 0.26130371876060965 0.35089862793684012 0.1001244535136340
0.23219625111669301 0.26809149272739885 0.43782434947788718 0.1001244535136340
0.50753332441672683 0.32118853740394115 0.17984384372830392 0.4968933296942810
0.39769872068427498 0.32118853740394115 0.17984384372830392 0.4968933296942810
0.50753332441672683 0.46500478126108646 0.17984384372830392 0.4968933296942810
0.50753332441672683 0.32118853740394115 0.25464061051607134 0.4968933296942810
0.50753332441672683 0.32118853740394115 0.17984384372830392 0.4459249684892740
0.39769872068427498 0.46500478126108646 0.25464061051607134 0.4459249684892740
0.50491405175998805 0.15085353925824166 0.28583529256284235 0.3704808318811760
0.09536390686407685 0.15085353925824166 0.28583529256284235 0.3704808318811760
0.50491405175998805 0.43581280298531055 0.28583529256284235 0.3704808318811760
0.50491405175998805 0.15085353925824166 0.40966781377792361 0.3704808318811760
0.50491405175998805 0.15085353925824166 0.28583529256284235 0.4975066985107130
0.09536390686407685 0.43581280298531055 0.40966781377792361 0.4975066985107130
0.14219283498823643 0.4159690842032433 0.45843447782099245 0.3024481784002530
0.61601781868375838 0.4159690842032433 0.45843447782099245 0.3024481784002530
0.14219283498823643 0.23265342153608801 0.45843447782099245 0.3024481784002530
0.14219283498823643 0.4159690842032433 0.29513275362551217 0.3024481784002530
0.14219283498823643 0.4159690842032433 0.45843447782099245 0.1468540279585290
0.61601781868375838 0.23265342153608801 0.29513275362551217 0.1468540279585290
0.35330681744962927 0.26729533858597276 0.17167849950492381 0.4482812937463710
0.44002396292053159 0.26729533858597276 0.17167849950492381 0.4482812937463710
0.35330681744962927 0.13155239894986154 0.17167849950492381 0.4482812937463710
0.35330681744962927 0.26729533858597276 0.38784190118312833 0.4482812937463710
0.35330681744962927 0.26729533858597276 0.17167849950492381 0.2530107394032230
0.44002396292053159 0.13155239894986154 0.38784190118312833 0.2530107394032230
0.61891913143917909 0.30255234055221081 0.39739629216492178 0.1887436480534490
0.270078288950026 0.30255234055221081 0.39739629216492178 0.1887436480534490
0.61891913143917909 0.3347653768956661 0.39739629216492178 0.1887436480534490
0.61891913143917909 0.30255234055221081 0.10462305583059789 0.1887436480534490
0.61891913143917909 0.30255234055221081 0.39739629216492178 0.3534532629163530
0.270078288950026 0.3347653768956661 0.10462305583059789 0.3534532629163530
0.60515884780324991 0.22745740115642549 0.4289381846785546 0.1049699524243580
0.30617287340573962 0.22745740115642549 0.4289381846785546 0.1049699524243580
0.60515884780324991 0.47206196933984756 0.4289381846785546 0.1049699524243580
0.60515884780324991 0.22745740115642549 0.31566776670515539 0.1049699524243580
0.60515884780324991 0.22745740115642549 0.4289381846785546 0.2894108666496950
0.30617287340573962 0.47206196933984756 0.31566776670515539 0.2894108666496950
0.24741625669412315 0.392389514297247 0.20165781453251841 0.4694174543850900
0.48629982173442832 0.392389514297247 0.20165781453251841 0.4694174543850900
0.24741625669412315 0.26885290145874025 0.20165781453251841 0.4694174543850900
0.24741625669412315 0.392389514297247 0.17623569071292877 0.4694174543850900
0.24741625669412315 0.392389514297247 0.20165781453251841 0.4301956105122870
0.48629982173442832 0.26885290145874025 0.17623569071292877 0.4301956105122870
0.12867059572599826 0.1406795021146536 0.31517153382301333 0.2164276890591840
0.65085775284096592 0.1406795021146536 0.31517153382301333 0.2164276890591840
0.12867059572599826 0.16995068304240704 0.31517153382301333 0.2164276890591840
0.12867059572599826 0.1406795021146536 0.48135366775095467 0.2164276890591840
0.12867059572599826 0.1406795021146536 0.31517153382301333 0.4435680658960750
0.65085775284096592 0.16995068304240704 0.48135366775095467 0.4435680658960750
0.39942022194154553 0.47614388503134253 0.14100997373461724 0.4231513731646830
0.14033552673645316 0.47614388503134253 0.14100997373461724 0.4231513731646830
0.39942022194154553 0.3731126394122839 0.14100997373461724 0.4231513731646830
0.39942022194154553 0.47614388503134253 0.22322714924812317 0.4231513731646830
0.39942022194154553 0.47614388503134253 0.14100997373461724 0.0811234210121743
0.14033552673645316 0.3731126394122839 0.22322714924812317 0.0811234210121743
0.45342381540685883 0.2772894911468029 0.34765831530094149 0.4943290423385490
0.54705222635529926 0.2772894911468029 0.34765831530094149 0.4943290423385490
0.45342381540685883 0.30092675723135476 0.34765831530094149 0.4943290423385490
0.45342381540685883 0.2772894911468029 0.32635578960180284 0.4943290423385490
0.45342381540685883 0.2772894911468029 0.34765831530094149 0.3299047149045540
0.54705222635529926 0.30092675723135476 0.32635578960180284 0.3299047149045540
0.074188486021012065 0.34338750243186955 0.12037925943732262 0.0293898214278756
0.082872151397168636 0.34338750243186955 0.12037925943732262 0.0293898214278756
0.074188486021012065 0.10406286902725698 0.12037925943732262 0.0293898214278756
0.074188486021012065 0.34338750243186955 0.16574298329651355 0.0293898214278756
0.074188486021012065 0.34338750243186955 0.12037925943732262 0.3899002788474600
0.082872151397168636 0.10406286902725698 0.16574298329651355 0.3899002788474600
0.28039321945980189 0.19207418300211432 0.40889190584421164 0.3897733392321210
0.24172715367749331 0.19207418300211432 0.40889190584421164 0.3897733392321210
0.28039321945980189 0.20359986647963524 0.40889190584421164 0.3897733392321210
0.28039321945980189 0.19207418300211432 0.47310705333948133 0.3897733392321210
0.28039321945980189 0.19207418300211432 0.40889190584421164 0.4554908466807190
0.24172715367749331 0.20359986647963524 0.47310705333948133 0.4554908466807190
0.57265543974936006 0.42557928226888186 0.23473203554749489 0.2654378582404900
0.38693757713772353 0.42557928226888186 0.23473203554749489 0.2654378582404900
0.57265543974936006 0.40041320994496343 0.23473203554749489 0.2654378582404900
0.57265543974936006 0.42557928226888186 0.2312784541398287 0.2654378582404900
0.57265543974936006 0.42557928226888186 0.23473203554749489 0.0738962689336351
0.38693757713772353 0.40041320994496343 0.2312784541398287 0.0738962689336351
0.67822118266485631 0.10067355185747147 0.19205429069697857 0.3237044122201250
0.51459253495559087 0.10067355185747147 0.19205429069697857 0.3237044122201250
0.67822118266485631 0.38810359835624697 0.19205429069697857 0.3237044122201250
0.67822118266485631 0.10067355185747147 0.44525665529072289 0.3237044122201250
0.67822118266485631 0.10067355185747147 0.19205429069697857 0.4707518886958750
0.51459253495559087 0.38810359835624697 0.44525665529072289 0.4707518886958750
0.29384851683862506 0.46697914972901344 0.36465173847973353 0.3624260165525430
0.35924081509001549 0.46697914972901344 0.36465173847973353 0.3624260165525430
0.29384851683862506 0.19128787070512773 0.36465173847973353 0.3624260165525430
0.29384851683862506 0.46697914972901344 0.2597392275929451 0.3624260165525430
0.29384851683862506 0.46697914972901344 0.36465173847973353 0.1947648438487400
0.35924081509001549 0.19128787070512773 0.2597392275929451 0.1947648438487400
0.17999225878156722 0.21867775432765485 0.25289697609841821 0.1593626427714290
0.20928236986510451 0.21867775432765485 0.25289697609841821 0.1593626427714290
0.17999225878156722 0.29175411723554134 0.25289697609841821 0.1593626427714290
0.17999225878156722 0.21867775432765485 0.35449915714561941 0.1593626427714290
0.17999225878156722 0.21867775432765485 0.25289697609841821 0.2394936435405550
0.20928236986510451 0.29175411723554134 0.35449915714561941 0.2394936435405550
0.46727583887986834 0.3520000029355288 0.47861340679228304 0.4548752590365230
0.66329139135777948 0.3520000029355288 0.47861340679228304 0.4548752590365230
0.46727583887986834 0.48861390464007859 0.47861340679228304 0.4548752590365230
0.46727583887986834 0.3520000029355288 0.1377704903483391 0.4548752590365230
0.46727583887986834 0.3520000029355288 0.47861340679228304 0.3755224853116610
0.66329139135777948 0.48861390464007859 0.1377704903483391 0.3755224853116610
0.48497172738425426 0.20414532721042633 0.10100831873714924 0.2343684356121570
0.28815908753313119 0.20414532721042633 0.10100831873714924 0.2343684356121570
0.48497172738425426 0.185566832870245 0.10100831873714924 0.2343684356121570
0.48497172738425426 0.20414532721042633 0.27660587728023533 0.2343684356121570
0.48497172738425426 0.20414532721042633 0.10100831873714924 0.2272155132837770
0.28815908753313119 0.185566832870245 0.27660587728023533 0.2272155132837770
0.20276143909431993 0.36262617930769925 0.32997792474925519 0.4125303820753190
0.4232127198018133 0.36262617930769925 0.32997792474925519 0.4125303820753190
0.20276143909431993 0.38250262811779978 0.32997792474925519 0.4125303820753190
0.20276143909431993 0.36262617930769925 0.41842303313314921 0.4125303820753190
0.20276143909431993 0.36262617930769925 0.32997792474925519 0.3834726987255620
0.4232127198018133 0.38250262811779978 0.41842303313314921 0.3834726987255620
0.33201046329922967 0.1144369300454855 0.24310142435133458 0.0791392048777522
0.59222389701753853 0.1144369300454855 0.24310142435133458 0.0791392048777522
0.33201046329922967 0.48140485920011999 0.24310142435133458 0.0791392048777522
0.33201046329922967 0.1144369300454855 0.1235406517982483 0.0791392048777522
0.33201046329922967 0.1144369300454855 0.24310142435133458 0.4777487681707830
0.59222389701753853 0.48140485920011999 0.1235406517982483 0.4777487681707830
0.68084168783389032 0.45555952228605745 0.41268984042108059 0.4777049846326300
0.11788827306590974 0.45555952228605745 0.41268984042108059 0.4777049846326300
0.68084168783389032 0.28451617546379571 0.41268984042108059 0.4777049846326300
0.68084168783389032 0.45555952228605745 0.38416490294039252 0.4777049846326300
0.68084168783389032 0.45555952228605745 0.41268984042108059 0.1781679019646780
0.11788827306590974 0.28451617546379571 0.38416490294039252 0.1781679019646780
0.54449229165911672 0.18084977343678477 0.35751518234610558 0.4391748115568230
0.15399277210235596 0.18084977343678477 0.35751518234610558 0.4391748115568230
0.54449229165911672 0.12220742367208004 0.35751518234610558 0.4391748115568230
0.54449229165911672 0.18084977343678477 0.19560478068888187 0.4391748115568230
0.54449229165911672 0.18084977343678477 0.35751518234610558 0.4672002373070450
0.15399277210235596 0.12220742367208004 0.19560478068888187 0.4672002373070450
0.2674590126611292 0.43914744108915327 0.18636434376239777 0.2091602278623170
0.63847000482492144 0.43914744108915327 0.18636434376239777 0.2091602278623170
0.2674590126611292 0.31909200660884385 0.18636434376239777 0.2091602278623170
0.2674590126611292 0.43914744108915327 0.31232047677040098 0.2091602278623170
0.2674590126611292 0.43914744108915327 0.18636434376239777 0.0377165993156898
0.63847000482492144 0.31909200660884385 0.31232047677040098 0.0377165993156898
0.066808778699487453 0.28772044964134691 0.49999863281846046 0.3828446759094000
0.45804273453541094 0.28772044964134691 0.49999863281846046 0.3828446759094000
0.066808778699487453 0.42019301652908325 0.49999863281846046 0.3828446759094000
0.066808778699487453 0.28772044964134691 0.20503003038465978 0.3828446759094000
0.066808778699487453 0.28772044964134691 0.49999863281846046 0.3133726605065860
0.45804273453541094 0.42019301652908325 0.20503003038465978 0.3133726605065860
0.42065831627696748 0.32905029468238356 0.26946640163660052 0.2878279645572670
0.33316046325489873 0.32905029468238356 0.26946640163660052 0.2878279645572670
0.42065831627696748 0.22325483709573746 0.26946640163660052 0.2878279645572670
0.42065831627696748 0.32905029468238356 0.49056042730808258 0.2878279645572670
0.42065831627696748 0.32905029468238356 0.26946640163660052 0.4030746057912840
0.33316046325489873 0.22325483709573746 0.49056042730808258 0.4030746057912840
0.39156708461232476 0.13024863153696062 0.46373377516865733 0.1366124653214180
0.41517470683902497 0.13024863153696062 0.46373377516865733 0.1366124653214180
0.39156708461232476 0.2511658616364002 0.46373377516865733 0.1366124653214180
0.39156708461232476 0.13024863153696062 0.1624436154961586 0.1366124653214180
0.39156708461232476 0.13024863153696062 0.46373377516865733 0.4322051334448560
0.41517470683902497 0.2511658616364002 0.1624436154961586 0.4322051334448560
0.095421419059857723 0.4904810048639775 0.29258124679327013 0.4636203627601590
0.21475958912633358 0.4904810048639775 0.29258124679327013 0.4636203627601590
0.095421419059857723 0.45420832261443145 0.29258124679327013 0.4636203627601590
0.095421419059857723 0.4904810048639775 0.34567695744335653 0.4636203627601590
0.095421419059857723 0.4904810048639775 0.29258124679327013 0.1107044792067330
0.21475958912633358 0.45420832261443145 0.34567695744335653 0.1107044792067330
0.21972159887664017 0.23868171088397505 0.38121746703982351 0.3371130813374500
0.069234553584828967 0.23868171088397505 0.38121746703982351 0.3371130813374500
0.21972159887664017 0.35374206490814686 0.38121746703982351 0.3371130813374500
0.21972159887664017 0.23868171088397505 0.24043729156255722 0.3371130813374500
0.21972159887664017 0.23868171088397505 0.38121746703982351 0.3092355023980430
0.069234553584828967 0.35374206490814686 0.24043729156255722 0.3092355023980430
0.59270334006287151 0.37882145531475542 0.15068392157554628 0.3494247842054170
0.55942025901749726 0.37882145531475542 0.15068392157554628 0.3494247842054170
0.59270334006287151 0.15065554417669774 0.15068392157554628 0.3494247842054170
0.59270334006287151 0.37882145531475542 0.45495785661041743 0.3494247842054170
0.59270334006287151 0.37882145531475542 0.15068392157554628 0.4166911865691390
0.55942025901749726 0.15065554417669774 0.45495785661041743 0.4166911865691390
0.65692997043952339 0.25353187248110776 0.21972880698740482 0.4013962975425850
0.68710497026331718 0.25353187248110776 0.21972880698740482 0.4013962975425850
0.65692997043952339 0.2379528056830168 0.21972880698740482 0.4013962975425850
0.65692997043952339 0.25353187248110776 0.26854389496147635 0.4013962975425850
0.65692997043952339 0.25353187248110776 0.21972880698740482 0.2668602228680780
0.68710497026331718 0.2379528056830168 0.26854389496147635 0.2668602228680780
0.35576600637286898 0.31397205591201782 0.44869977496564395 0.2492085873993710
0.18673829799517988 0.31397205591201782 0.44869977496564395 0.2492085873993710
0.35576600637286898 0.44104190133512022 0.44869977496564395 0.2492085873993710
0.35576600637286898 0.31397205591201782 0.42668033093214042 0.2492085873993710
0.35576600637286898 0.31397205591201782 0.44869977496564395 0.3428115160975580
0.18673829799517988 0.44104190133512022 0.42668033093214042 0.3428115160975580
0.16004477068781853 0.16538606621325017 0.13682139106094837 0.4866909808273070
0.34114004932343955 0.16538606621325017 0.13682139106094837 0.4866909808273070
0.16004477068781853 0.3415049150586128 0.13682139106094837 0.4866909808273070
0.16004477068781853 0.16538606621325017 0.13404404409229756 0.4866909808273070
0.16004477068781853 0.16538606621325017 0.13682139106094837 0.4921840583406640
0.34114004932343955 0.3415049150586128 0.13404404409229756 0.4921840583406640
0.52784952679648989 0.40534280799329281 0.3064115446060896 0.0584687169474685
0.53142379368655379 0.40534280799329281 0.3064115446060896 0.0584687169474685
0.52784952679648989 0.13846636414527894 0.3064115446060896 0.0584687169474685
0.52784952679648989 0.40534280799329281 0.37346620112657547 0.0584687169474685
0.52784952679648989 0.40534280799329281 0.3064115446060896 0.1616046865361820
0.53142379368655379 0.13846636414527894 0.37346620112657547 0.1616046865361820
0.5280449084471911 0.25405800901353359 0.11518940180540085 0.1349653948495390
0.37610951410606497 0.25405800901353359 0.11518940180540085 0.1349653948495390
0.5280449084471911 0.28502896577119829 0.11518940180540085 0.1349653948495390
0.5280449084471911 0.25405800901353359 0.34747230783104899 0.1349653948495390
0.5280449084471911 0.25405800901353359 0.11518940180540085 0.4746899974474390
0.37610951410606497 0.28502896577119829 0.34747230783104899 0.4746899974474390
0.15953146503306925 0.31276461519300935 0.34093034341931344 0.4619048803416430
0.25152409062720832 0.31276461519300935 0.34093034341931344 0.4619048803416430
0.15953146503306925 0.48186863064765928 0.34093034341931344 0.4619048803416430
0.15953146503306925 0.31276461519300935 0.15730384700000288 0.4619048803416430
0.15953146503306925 0.31276461519300935 0.34093034341931344 0.1998591237467530
0.25152409062720832 0.48186863064765928 0.15730384700000288 0.1998591237467530
0.35493493047542862 0.16407885849475862 0.22895618677139284 0.3241258686796810
0.070769579848274589 0.16407885849475862 0.22895618677139284 0.3241258686796810
0.35493493047542862 0.38233182542026045 0.22895618677139284 0.3241258686796810
0.35493493047542862 0.16407885849475862 0.45072100237011914 0.3241258686796810
0.35493493047542862 0.16407885849475862 0.22895618677139284 0.2303979243861630
0.070769579848274589 0.38233182542026045 0.45072100237011914 0.2303979243861630
0.65807773298583916 0.40576881989836699 0.40157795473933222 0.3386382032368670
0.55558457057923072 0.40576881989836699 0.40157795473933222 0.3386382032368670
0.65807773298583916 0.18554232381284239 0.40157795473933222 0.3386382032368670
0.65807773298583916 0.40576881989836699 0.24176837019622327 0.3386382032368670
0.65807773298583916 0.40576881989836699 0.40157795473933222 0.3669342969267600
0.55558457057923072 0.18554232381284239 0.24176837019622327 0.3669342969267600
0.592819607257843 0.13047856874763966 0.37159948013722899 0.4074352060759210
0.67292923252098258 0.13047856874763966 0.37159948013722899 0.4074352060759210
0.592819607257843 0.22283989377319813 0.37159948013722899 0.4074352060759210
0.592819607257843 0.13047856874763966 0.42857143096625805 0.4074352060759210
0.592819607257843 0.13047856874763966 0.37159948013722899 0.3353344539495340
0.67292923252098258 0.22283989377319813 0.42857143096625805 0.3353344539495340
0.21928725028410551 0.48936834745109081 0.19741509892046452 0.2607328946084310
0.19829536117613311 0.48936834745109081 0.19741509892046452 0.2607328946084310
0.21928725028410551 0.41963139809668071 0.19741509892046452 0.2607328946084310
0.21928725028410551 0.48936834745109081 0.26330761387944224 0.2607328946084310
0.21928725028410551 0.48936834745109081 0.19741509892046452 0.3935119958366220
0.19829536117613311 0.41963139809668071 0.26330761387944224 0.3935119958366220
0.094670075085014099 0.23767034485936167 0.48575641922652724 0.4901486821109700
0.3676141022704541 0.23767034485936167 0.48575641922652724 0.4901486821109700
0.094670075085014099 0.31916534379124639 0.48575641922652724 0.4901486821109700
0.094670075085014099 0.23767034485936167 0.36932891122996814 0.4901486821109700
0.094670075085014099 0.23767034485936167 0.48575641922652724 0.4502479734499390
0.3676141022704541 0.31916534379124639 0.36932891122996814 0.4502479734499390
0.39263526778668162 0.37915304154157636 0.25845304317772388 0.0666361898868471
0.50233105649240306 0.37915304154157636 0.25845304317772388 0.0666361898868471
0.39263526778668162 0.12232939824461937 0.25845304317772388 0.0666361898868471
0.39263526778668162 0.37915304154157636 0.13527632132172585 0.0666361898868471
0.39263526778668162 0.37915304154157636 0.25845304317772388 0.0565353164913631
0.50233105649240306 0.12232939824461937 0.13527632132172585 0.0565353164913631
0.41958439913578327 0.18029844872653486 0.4528790961951018 0.2398125785627780
0.2593242262955755 0.18029844872653486 0.4528790961951018 0.2398125785627780
0.41958439913578327 0.15014275312423708 0.4528790961951018 0.2398125785627780
0.41958439913578327 0.18029844872653486 0.41337901577353475 0.2398125785627780
0.41958439913578327 0.18029844872653486 0.4528790961951018 0.2809663295279280
0.2593242262955755 0.15014275312423708 0.41337901577353475 0.2809663295279280
0.067564616864547136 0.44037854559719569 0.27869302518665795 0.4170346382274210
0.44927020538598295 0.44037854559719569 0.27869302518665795 0.4170346382274210
0.067564616864547136 0.35327829271554945 0.27869302518665795 0.4170346382274210
0.067564616864547136 0.44037854559719569 0.27869534455239775 0.4170346382274210
0.067564616864547136 0.44037854559719569 0.27869302518665795 0.4227053511324840
0.44927020538598295 0.35327829271554945 0.27869534455239775 0.4227053511324840
0.26789785544387995 0.2890528216958046 0.39203627668321139 0.0964645628720697
0.60399916330352421 0.2890528216958046 0.39203627668321139 0.0964645628720697
0.26789785544387995 0.45437912605702879 0.39203627668321139 0.0964645628720697
0.26789785544387995 0.2890528216958046 0.38520492240786552 0.0964645628720697
0.26789785544387995 0.2890528216958046 0.39203627668321139 0.4481836678968810
0.60399916330352421 0.45437912605702879 0.38520492240786552 0.4481836678968810
0.54437029049731789 0.32860064283013346 0.1647315863519907 0.4822922599462240
0.10333564081229268 0.32860064283013346 0.1647315863519907 0.4822922599462240
0.54437029049731789 0.25119037143886092 0.1647315863519907 0.4822922599462240
0.54437029049731789 0.32860064283013346 0.11920500062406064 0.4822922599462240
0.54437029049731789 0.32860064283013346 0.1647315863519907 0.0885220302902842
0.10333564081229268 0.25119037143886092 0.11920500062406064 0.0885220302902842
0.67968819132074709 0.20389022566378118 0.2089709371328354 0.4311580096124000
0.14974052114412187 0.20389022566378118 0.2089709371328354 0.4311580096124000
0.67968819132074709 0.13888130821287634 0.2089709371328354 0.4311580096124000
0.67968819132074709 0.20389022566378118 0.30737907551229005 0.4311580096124000
0.67968819132074709 0.20389022566378118 0.2089709371328354 0.4928220364766840
0.14974052114412187 0.13888130821287634 0.30737907551229005 0.4928220364766840
0.33284603338688606 0.36376247666776185 0.43471324071288109 0.1906444804288610
0.64026290220208459 0.36376247666776185 0.43471324071288109 0.1906444804288610
0.33284603338688606 0.34206653423607347 0.43471324071288109 0.1906444804288610
0.33284603338688606 0.36376247666776185 0.19759239479899407 0.1906444804288610
0.33284603338688606 0.36376247666776185 0.43471324071288109 0.1314435801534150
0.64026290220208459 0.34206653423607347 0.19759239479899407 0.1314435801534150
0.20327923893928523 0.11547348424792291 0.14773720055818559 0.3805495561938140
0.49443034636788064 0.11547348424792291 0.14773720055818559 0.3805495561938140
0.20327923893928523 0.44096856340765955 0.14773720055818559 0.3805495561938140
0.20327923893928523 0.11547348424792291 0.49169314466416836 0.3805495561938140
0.20327923893928523 0.11547348424792291 0.14773720055818559 0.2602922510077600
0.49443034636788064 0.44096856340765955 0.49169314466416836 0.2602922510077600
0.4847706117667257 0.45520427227020266 0.32036070600152017 0.2867381125983140
0.29431346878409381 0.45520427227020266 0.32036070600152017 0.2867381125983140
0.4847706117667257 0.23783083036541941 0.32036070600152017 0.2867381125983140
0.4847706117667257 0.45520427227020266 0.20060091838240623 0.2867381125983140
0.4847706117667257 0.45520427227020266 0.32036070600152017 0.3579397598914370
0.29431346878409381 0.23783083036541941 0.20060091838240623 0.3579397598914370
0.46676214458420867 0.10109974332153798 0.29991958960890774 0.4978056423585470
0.56922207758761945 0.10109974332153798 0.29991958960890774 0.4978056423585470
0.46676214458420867 0.33478969596326352 0.29991958960890774 0.4978056423585470
0.46676214458420867 0.10109974332153798 0.1645095355808735 0.4978056423585470
0.46676214458420867 0.10109974332153798 0.29991958960890774 0.2716134778956180
0.56922207758761945 0.33478969596326352 0.1645095355808735 0.2716134778956180
0.18018787167966366 0.46567176394164567 0.46948523223400118 0.0385098977437727
0.058401608932763339 0.46567176394164567 0.46948523223400118 0.0385098977437727
0.18018787167966366 0.1317233931273222 0.46948523223400118 0.0385098977437727
0.18018787167966366 0.46567176394164567 0.33049496226012709 0.0385098977437727
0.18018787167966366 0.46567176394164567 0.46948523223400118 0.3492625152638760
0.058401608932763339 0.1317233931273222 0.33049496226012709 0.3492625152638760
0.29499604571610688 0.21747049167752266 0.15743628516793251 0.3962222692816740
0.22328689675778146 0.21747049167752266 0.15743628516793251 0.3962222692816740
0.29499604571610688 0.23218945860862733 0.15743628516793251 0.3962222692816740
0.29499604571610688 0.21747049167752266 0.23651590123772623 0.3962222692816740
0.29499604571610688 0.21747049167752266 0.15743628516793251 0.4862571765244860
0.22328689675778146 0.23218945860862733 0.23651590123772623 0.4862571765244860
0.67739049298688769 0.35252595990896229 0.38638293296098714 0.2767234171557140
0.40307717188261444 0.35252595990896229 0.38638293296098714 0.2767234171557140
0.67739049298688769 0.43530020266771319 0.38638293296098714 0.2767234171557140
0.67739049298688769 0.35252595990896229 0.47121406905353069 0.2767234171557140
0.67739049298688769 0.35252595990896229 0.38638293296098714 0.1498727688955830
0.40307717188261444 0.43530020266771319 0.47121406905353069 0.1498727688955830
0.57222147979773574 0.27762089930474759 0.44311926849186423 0.3104087799905790
0.52043174840509887 0.27762089930474759 0.44311926849186423 0.3104087799905790
0.57222147979773574 0.37299047335982327 0.44311926849186423 0.3104087799905790
0.57222147979773574 0.27762089930474759 0.2584092687815428 0.3104087799905790
0.57222147979773574 0.27762089930474759 0.44311926849186423 0.4356515063538040
0.52043174840509887 0.37299047335982327 0.2584092687815428 0.4356515063538040
0.28050925540737803 0.34237631596624851 0.2126102339476347 0.3522704840170420
0.35078292707912617 0.34237631596624851 0.2126102339476347 0.3522704840170420
0.28050925540737803 0.16987753584980964 0.2126102339476347 0.3522704840170420
0.28050925540737803 0.34237631596624851 0.44949157610535628 0.3522704840170420
0.28050925540737803 0.34237631596624851 0.2126102339476347 0.1209534825718730
0.35078292707912617 0.16987753584980964 0.44949157610535628 0.1209534825718730
0.075256902864202863 0.19096134603023529 0.30102629698812966 0.1581406097003730
0.17448170115239917 0.19096134603023529 0.30102629698812966 0.1581406097003730
0.075256902864202863 0.26941432990133762 0.30102629698812966 0.1581406097003730
0.075256902864202863 0.19096134603023529 0.14290913753211498 0.1581406097003730
0.075256902864202863 0.19096134603023529 0.30102629698812966 0.2991345693050300
0.17448170115239917 0.26941432990133762 0.14290913753211498 0.2991345693050300
0.45267208521254354 0.42580939754843716 0.12989808879792691 0.4532463517044170
0.69547337582334867 0.42580939754843716 0.12989808879792691 0.4532463517044170
0.45267208521254354 0.47247710414230826 0.12989808879792691 0.4532463517044170
0.45267208521254354 0.42580939754843716 0.35270573571324348 0.4532463517044170
0.45267208521254354 0.42580939754843716 0.12989808879792691 0.4103508159661580
0.69547337582334867 0.47247710414230826 0.35270573571324348 0.4103508159661580
0.40017644632607691 0.2270075473934412 0.33690044619143011 0.3682836490515560
0.12712932396680116 0.2270075473934412 0.33690044619143011 0.3682836490515560
0.40017644632607691 0.40038889162242419 0.33690044619143011 0.3682836490515560
0.40017644632607691 0.2270075473934412 0.29956604167819023 0.3682836490515560
0.40017644632607691 0.2270075473934412 0.33690044619143011 0.4609416115167070
0.12712932396680116 0.40038889162242419 0.29956604167819023 0.4609416115167070
0.1275964449159801 0.39372208975255496 0.10639272592961789 0.3016361333855100
0.58147502592764788 0.39372208975255496 0.10639272592961789 0.3016361333855100
0.1275964449159801 0.20342887304723264 0.10639272592961789 0.3016361333855100
0.1275964449159801 0.39372208975255496 0.40853011868894107 0.3016361333855100
0.1275964449159801 0.39372208975255496 0.10639272592961789 0.0230577455870925
0.58147502592764788 0.20342887304723264 0.40853011868894107 0.0230577455870925
0.24729448677971955 0.14191040322184564 0.41980771608650691 0.4406742439840730
0.43118918039835985 0.14191040322184564 0.41980771608650691 0.4406742439840730
0.24729448677971955 0.10452683120965958 0.41980771608650691 0.4406742439840730
0.24729448677971955 0.14191040322184564 0.10263127312064171 0.4406742439840730
0.24729448677971955 0.14191040322184564 0.41980771608650691 0.3170557782753610
0.43118918039835985 0.10452683120965958 0.10263127312064171 0.3170557782753610
0.60559730194509032 0.47559276223182678 0.24868119768798352 0.1695779026806420
0.2761357055045664 0.47559276223182678 0.24868119768798352 0.1695779026806420
0.60559730194509032 0.30143935680389405 0.24868119768798352 0.1695779026806420
0.60559730194509032 0.47559276223182678 0.39278829060494902 0.1695779026806420
0.60559730194509032 0.47559276223182678 0.24868119768798352 0.4080559365380480
0.2761357055045664 0.30143935680389405 0.39278829060494902 0.4080559365380480
0.6197543153073638 0.15049849264323711 0.18119961097836496 0.1217149381129570
0.32257033926434808 0.15049849264323711 0.18119961097836496 0.1217149381129570
0.6197543153073638 0.4887360699474812 0.18119961097836496 0.1217149381129570
0.6197543153073638 0.15049849264323711 0.18056712709367276 0.1217149381129570
0.6197543153073638 0.15049849264323711 0.18119961097836496 0.2151966880465840
0.32257033926434808 0.4887360699474812 0.18056712709367276 0.2151966880465840
0.35215355460532005 0.41700543649494648 0.35076351612806322 0.4742830739334290
0.46744300229474894 0.41700543649494648 0.35076351612806322 0.4742830739334290
0.35215355460532005 0.29182726368308065 0.35076351612806322 0.4742830739334290
0.35215355460532005 0.41700543649494648 0.31463268622756002 0.4742830739334290
0.35215355460532005 0.41700543649494648 0.35076351612806322 0.3767688062459430
0.46744300229474894 0.29182726368308065 0.31463268622756002 0.3767688062459430
0.14199148812331258 0.26843183785676961 0.26371578499674797 0.2224184662579030
0.62660540863871572 0.26843183785676961 0.26371578499674797 0.2224184662579030
0.14199148812331258 0.1907264430075884 0.26371578499674797 0.2224184662579030
0.14199148812331258 0.26843183785676961 0.22114190720021726 0.2224184662579030
0.14199148812331258 0.26843183785676961 0.26371578499674797 0.4804156876517610
0.62660540863871572 0.1907264430075884 0.22114190720021726 0.4804156876517610
0.50543224024586375 0.30229703560471533 0.4926610708236695 0.4276516056482410
0.16212848830036819 0.30229703560471533 0.4926610708236695 0.4276516056482410
0.50543224024586375 0.3876884642988444 0.4926610708236695 0.4276516056482410
0.50543224024586375 0.30229703560471533 0.48639275357127187 0.4276516056482410
0.50543224024586375 0.30229703560471533 0.4926610708236695 0.1863547721722690
0.16212848830036819 0.3876884642988444 0.48639275357127187 0.1863547721722690
0.50773358768783505 0.16950700394809248 0.39801815934479234 0.4559417641407080
0.50961081227287641 0.16950700394809248 0.39801815934479234 0.4559417641407080
0.50773358768783505 0.3116154480725527 0.39801815934479234 0.4559417641407080
0.50773358768783505 0.16950700394809248 0.23064723983407021 0.4559417641407080
0.50773358768783505 0.16950700394809248 0.39801815934479234 0.0445091915910587
0.50961081227287641 0.3116154480725527 0.23064723983407021 0.0445091915910587
0.13921519485302269 0.41064150221645834 0.17061722688376904 0.1618751374185060
0.36029494483955199 0.41064150221645834 0.17061722688376904 0.1618751374185060
0.13921519485302269 0.10840714313089848 0.17061722688376904 0.1618751374185060
0.13921519485302269 0.41064150221645834 0.46455257050693033 0.1618751374185060
0.13921519485302269 0.41064150221645834 0.17061722688376904 0.4631541119436950
0.36029494483955199 0.10840714313089848 0.46455257050693033 0.4631541119436950
0.33461876199580726 0.26234407573938368 0.45866557694971566 0.3607776473124090
0.20557573805563151 0.26234407573938368 0.45866557694971566 0.3607776473124090
0.33461876199580726 0.20891746059060098 0.45866557694971566 0.3607776473124090
0.33461876199580726 0.26234407573938368 0.17115944698452951 0.3607776473124090
0.33461876199580726 0.26234407573938368 0.45866557694971566 0.3998926484384080
0.20557573805563151 0.20891746059060098 0.17115944698452951 0.3998926484384080
0.63776653329841793 0.3208371140062809 0.28438344262540338 0.3218356699012550
0.66560945399105542 0.3208371140062809 0.28438344262540338 0.3218356699012550
0.63776653329841793 0.41208170577883718 0.28438344262540338 0.3218356699012550
0.63776653329841793 0.3208371140062809 0.33637521080672739 0.3218356699012550
0.63776653329841793 0.3208371140062809 0.28438344262540338 0.3134710269529610
0.66560945399105542 0.41208170577883718 0.33637521080672739 0.3134710269529610
0.61313589196652174 0.24593052603304388 0.14190182611346247 0.2637432310499720
0.53810815825127056 0.24593052603304388 0.14190182611346247 0.2637432310499720
0.61313589196652174 0.39937822669744494 0.14190182611346247 0.2637432310499720
0.61313589196652174 0.24593052603304388 0.14954696111381055 0.2637432310499720
0.61313589196652174 0.24593052603304388 0.14190182611346247 0.3855684499604270
0.53810815825127056 0.39937822669744494 0.14954696111381055 0.3855684499604270
0.23959856620058417 0.38724837563931946 0.31462152600288396 0.3886154982514600
0.088205970637500283 0.38724837563931946 0.31462152600288396 0.3886154982514600
0.23959856620058417 0.19621808230876925 0.31462152600288396 0.3886154982514600
0.23959856620058417 0.38724837563931946 0.35854919627308846 0.3886154982514600
0.23959856620058417 0.38724837563931946 0.31462152600288396 0.2198769706200230
0.088205970637500283 0.19621808230876925 0.35854919627308846 0.2198769706200230
0.11498127961531281 0.13593261167407036 0.20294033959507943 0.0336471707759941
0.23404829697683449 0.13593261167407036 0.20294033959507943 0.0336471707759941
0.11498127961531281 0.29570452384650708 0.20294033959507943 0.0336471707759941
0.11498127961531281 0.13593261167407036 0.25255269519984724 0.0336471707759941
0.11498127961531281 0.13593261167407036 0.20294033959507943 0.1708521192141470
0.23404829697683449 0.29570452384650708 0.25255269519984724 0.1708521192141470
0.41295142173767085 0.4942181825637818 0.42877865880727772 0.4954946446749820
0.39354528621770435 0.4942181825637818 0.42877865880727772 0.4954946446749820
0.41295142173767085 0.49891521297395236 0.42877865880727772 0.4954946446749820
0.41295142173767085 0.4942181825637818 0.44286686554551125 0.4954946446749820
0.41295142173767085 0.4942181825637818 0.42877865880727772 0.4783436432720730
0.39354528621770435 0.49891521297395236 0.44286686554551125 0.4783436432720730
0.43989818976260714 0.29609840475022797 0.23567114248871804 0.4240331316650100
0.31178876119665799 0.29609840475022797 0.23567114248871804 0.4240331316650100
0.43989818976260714 0.42668051458895206 0.23567114248871804 0.4240331316650100
0.43989818976260714 0.29609840475022797 0.10847716554999352 0.4240331316650100
0.43989818976260714 0.29609840475022797 0.23567114248871804 0.3393965997110840
0.31178876119665799 0.42668051458895206 0.10847716554999352 0.3393965997110840
0.087873458070680505 0.33625041879713535 0.40839220434427259 0.2180354638249200
0.47699437811970702 0.33625041879713535 0.40839220434427259 0.2180354638249200
0.087873458070680505 0.22986554987728597 0.40839220434427259 0.2180354638249200
0.087873458070680505 0.33625041879713535 0.39942368231713776 0.2180354638249200
0.087873458070680505 0.33625041879713535 0.40839220434427259 0.2675183739272420
0.47699437811970702 0.22986554987728597 0.39942368231713776 0.2675183739272420
0.28820657557807861 0.18453789055347444 0.12170913442969322 0.4680014377694770
0.65773881329223505 0.18453789055347444 0.12170913442969322 0.4680014377694770
0.28820657557807861 0.13091620728373529 0.12170913442969322 0.4680014377694770
0.28820657557807861 0.18453789055347444 0.29293889924883842 0.4680014377694770
0.28820657557807861 0.18453789055347444 0.12170913442969322 0.1661421182402220
0.65773881329223505 0.13091620728373529 0.29293889924883842 0.1661421182402220
0.56468397942371662 0.44478282555937765 0.34754919111728666 0.1009089536666470
0.13230393421836195 0.44478282555937765 0.34754919111728666 0.1009089536666470
0.56468397942371662 0.32777828350663185 0.34754919111728666 0.1009089536666470
0.56468397942371662 0.44478282555937765 0.40267597697675228 0.1009089536666470
0.56468397942371662 0.44478282555937765 0.34754919111728666 0.4882749777863010
0.13230393421836195 0.32777828350663185 0.40267597697675228 0.4882749777863010
0.65937935495749112 0.11968702860176564 0.47928558029234414 0.1873186424514850
0.096055382583290327 0.11968702860176564 0.47928558029234414 0.1873186424514850
0.65937935495749112 0.4654687434434891 0.47928558029234414 0.1873186424514850
0.65937935495749112 0.11968702860176564 0.21447826288640501 0.1873186424514850
0.65937935495749112 0.11968702860176564 0.47928558029234414 0.1028548167665900
0.096055382583290327 0.4654687434434891 0.21447826288640501 0.1028548167665900
0.31253222823143001 0.45963139943778519 0.25188295803964139 0.4476317299275580
0.61131936558522282 0.45963139943778519 0.25188295803964139 0.4476317299275580
0.31253222823143001 0.2686040922999382 0.25188295803964139 0.4476317299275580
0.31253222823143001 0.45963139943778519 0.48052623793482785 0.4476317299275580
0.31253222823143001 0.45963139943778519 0.25188295803964139 0.4331965908951520
0.61131936558522282 0.2686040922999382 0.48052623793482785 0.4331965908951520
0.18296556454151869 0.2109616942703724 0.36493323929607868 0.3051049861526510
0.44199056825600558 0.2109616942703724 0.36493323929607868 0.3051049861526510
0.18296556454151869 0.16755667887628078 0.36493323929607868 0.3051049861526510
0.18296556454151869 0.2109616942703724 0.18644952140748502 0.3051049861526510
0.18296556454151869 0.2109616942703724 0.36493323929607868 0.4182235839431870
0.44199056825600558 0.16755667887628078 0.18644952140748502 0.4182235839431870
0.46446188678964967 0.37138941735029218 0.19064979068934917 0.3726572699057090
0.26664380747824906 0.37138941735029218 0.19064979068934917 0.3726572699057090
0.46446188678964967 0.36436773352324969 0.19064979068934917 0.3726572699057090
0.46446188678964967 0.37138941735029218 0.32128045186400411 0.3726572699057090
0.46446188678964967 0.37138941735029218 0.19064979068934917 0.3028841213871370
0.26664380747824906 0.36436773352324969 0.32128045186400411 0.3028841213871370
0.4870709906332194 0.2223691139370203 0.41397231779992583 0.0603668387493660
0.68244063039310277 0.2223691139370203 0.41397231779992583 0.0603668387493660
0.4870709906332194 0.26137561723589897 0.41397231779992583 0.0603668387493660
0.4870709906332194 0.2223691139370203 0.45735999420285223 0.0603668387493660
0.4870709906332194 0.2223691139370203 0.41397231779992583 0.4252495219308860
0.68244063039310277 0.26137561723589897 0.45735999420285223 0.4252495219308860
0.2005016671493649 0.3576382484287024 0.24294204153120519 0.4872635194883780
0.18747504493221639 0.3576382484287024 0.24294204153120519 0.4872635194883780
0.2005016671493649 0.45826248899102218 0.24294204153120519 0.4872635194883780
0.2005016671493649 0.3576382484287024 0.24761147312819959 0.4872635194883780
0.2005016671493649 0.3576382484287024 0.24294204153120519 0.2926431492776400
0.18747504493221639 0.45826248899102218 0.24761147312819959 0.2926431492776400
0.31530972979962824 0.10904864594340324 0.33086982481181626 0.2460812568189140
0.33775080032646648 0.10904864594340324 0.33086982481181626 0.2460812568189140
0.31530972979962824 0.35877603627741339 0.33086982481181626 0.2460812568189140
0.31530972979962824 0.10904864594340324 0.34161456599831586 0.2460812568189140
0.31530972979962824 0.10904864594340324 0.33086982481181626 0.0821066151899595
0.33775080032646648 0.35877603627741339 0.34161456599831586 0.0821066151899595
0.69769920827820897 0.47417603135108954 0.10045816786587239 0.3994207514349100
0.5334244735073298 0.47417603135108954 0.10045816786587239 0.3994207514349100
0.69769920827820897 0.16183861978352071 0.10045816786587239 0.3994207514349100
0.69769920827820897 0.47417603135108954 0.15067949406802655 0.3994207514349100
0.69769920827820897 0.47417603135108954 0.10045816786587239 0.4411032770042440
0.5334244735073298 0.16183861978352071 0.15067949406802655 0.4411032770042440
0.55190767948515707 0.19888730756938458 0.2696976438164711 0.3483182177570630
0.40591325592249627 0.19888730756938458 0.2696976438164711 0.3483182177570630
0.55190767948515707 0.24952974878251555 0.2696976438164711 0.3483182177570630
0.55190767948515707 0.19888730756938458 0.36345912925899027 0.3483182177570630
0.55190767948515707 0.19888730756938458 0.2696976438164711 0.1371891537480230
0.40591325592249627 0.24952974878251555 0.36345912925899027 0.1371891537480230
0.26020042388699949 0.43433965928852558 0.49854673519730575 0.3359510368387870
0.22041079117916523 0.43433965928852558 0.49854673519730575 0.3359510368387870
0.26020042388699949 0.44646325521171093 0.49854673519730575 0.3359510368387870
0.26020042388699949 0.43433965928852558 0.12861522808671 0.3359510368387870
0.26020042388699949 0.43433965928852558 0.49854673519730575 0.4986593270782280
0.22041079117916523 0.44646325521171093 0.12861522808671 0.4986593270782280
0.05494817304424942 0.28254245072603223 0.18698606789112093 0.4650643167331270
0.061238314071670172 0.28254245072603223 0.18698606789112093 0.4650643167331270
0.05494817304424942 0.34595294892787931 0.18698606789112093 0.4650643167331270
0.05494817304424942 0.28254245072603223 0.43522246293723588 0.4650643167331270
0.05494817304424942 0.28254245072603223 0.18698606789112093 0.3547634355105370
0.061238314071670172 0.34595294892787931 0.43522246293723588 0.3547634355105370
0.43235840597189956 0.34746262207627299 0.35645395740866659 0.1403255586043530
0.56634535090997817 0.34746262207627299 0.35645395740866659 0.1403255586043530
0.43235840597189956 0.14906350225210191 0.35645395740866659 0.1403255586043530
0.43235840597189956 0.34746262207627299 0.26918745711445813 0.1403255586043530
0.43235840597189956 0.34746262207627299 0.35645395740866659 0.2475139484005300
0.56634535090997817 0.14906350225210191 0.26918745711445813 0.2475139484005300
0.37986017130315297 0.1494884628802538 0.15096547007560732 0.2893905221297600
0.15929127708077429 0.1494884628802538 0.15096547007560732 0.2893905221297600
0.37986017130315297 0.17692568674683573 0.15096547007560732 0.2893905221297600
0.37986017130315297 0.1494884628802538 0.37854015752673154 0.2893905221297600
0.37986017130315297 0.1494884628802538 0.15096547007560732 0.1949389325615310
0.15929127708077429 0.17692568674683573 0.37854015752673154 0.1949389325615310
0.10728511931374668 0.48300608210265639 0.37981282398104665 0.3840297701322910
0.62948194402270019 0.48300608210265639 0.37981282398104665 0.3840297701322910
0.10728511931374668 0.38001707121729855 0.37981282398104665 0.3840297701322910
0.10728511931374668 0.48300608210265639 0.11333889029920102 0.3840297701322910
0.10728511931374668 0.48300608210265639 0.37981282398104665 0.4682689544668570
0.62948194402270019 0.38001707121729855 0.11333889029920102 0.4682689544668570
0.22698329193517564 0.231581199914217 0.29325337260961537 0.2063023727844390
0.46460641217418008 0.231581199914217 0.29325337260961537 0.2063023727844390
0.22698329193517564 0.48106449730694301 0.29325337260961537 0.2063023727844390
0.22698329193517564 0.231581199914217 0.41926253065466879 0.2063023727844390
0.22698329193517564 0.231581199914217 0.29325337260961537 0.3699806413063460
0.46460641217418008 0.48106449730694301 0.41926253065466879 0.3699806413063460
0.58528113830834627 0.39769145101308823 0.46271990016102793 0.4377485527702490
0.32544625354930756 0.39769145101308823 0.46271990016102793 0.4377485527702490
0.58528113830834627 0.27802670933306217 0.46271990016102793 0.4377485527702490
0.58528113830834627 0.39769145101308823 0.28534270487725732 0.4377485527702490
0.58528113830834627 0.39769145101308823 0.46271990016102793 0.2437767379042540
0.32544625354930756 0.27802670933306217 0.28534270487725732 0.2437767379042540
0.64006562638096509 0.27298256121575837 0.30774127654731276 0.4767260086035560
0.28916794606484469 0.27298256121575837 0.30774127654731276 0.4767260086035560
0.64006562638096509 0.11532409004867078 0.30774127654731276 0.4767260086035560
0.64006562638096509 0.27298256121575837 0.49754020534455778 0.4767260086035560
0.64006562638096509 0.27298256121575837 0.30774127654731276 0.3906897321586230
0.28916794606484469 0.11532409004867078 0.49754020534455778 0.3906897321586230
0.37246983447112136 0.30629237927496433 0.13671231456100941 0.0760661800797366
0.41819688389077775 0.30629237927496433 0.13671231456100941 0.0760661800797366
0.37246983447112136 0.31836426220834257 0.13671231456100941 0.0760661800797366
0.37246983447112136 0.30629237927496433 0.20723595246672633 0.0760661800797366
0.37246983447112136 0.30629237927496433 0.13671231456100941 0.3250217614939700
0.41819688389077775 0.31836426220834257 0.20723595246672633 0.3250217614939700
0.16230764691717919 0.15809949338436127 0.44963902495801455 0.4139386709460530
0.59450788516551256 0.15809949338436127 0.44963902495801455 0.4139386709460530
0.16230764691717919 0.41731359213590624 0.44963902495801455 0.4139386709460530
0.16230764691717919 0.15809949338436127 0.30075076483190061 0.4139386709460530
0.16230764691717919 0.15809949338436127 0.44963902495801455 0.0632845303749229
0.59450788516551256 0.41731359213590624 0.30075076483190061 0.0632845303749229
0.52574344961903985 0.42439276203513143 0.21922905780375004 0.2367413072516590
0.11413640878163278 0.42439276203513143 0.21922905780375004 0.2367413072516590
0.52574344961903985 0.21422630846500398 0.21922905780375004 0.2367413072516590
0.52574344961903985 0.42439276203513143 0.19173861071467402 0.2367413072516590
0.52574344961903985 0.42439276203513143 0.21922905780375004 0.4571086125633150
0.11413640878163278 0.21422630846500398 0.19173861071467402 0.4571086125633150
0.52007168047130103 0.13260653279721737 0.43244678936898706 0.3874170924146800
0.35578400008380406 0.13260653279721737 0.43244678936898706 0.3874170924146800
0.52007168047130103 0.14150303043425083 0.43244678936898706 0.3874170924146800
0.52007168047130103 0.13260653279721737 0.13992799408733847 0.3874170924146800
0.52007168047130103 0.13260653279721737 0.43244678936898706 0.4438919435298780
0.35578400008380406 0.14150303043425083 0.13992799408733847 0.4438919435298780
0.16750159235671161 0.49754502512514598 0.21141782440245152 0.2937717759611600
0.51559837455861268 0.49754502512514598 0.21141782440245152 0.2937717759611600
0.16750159235671161 0.33829129524528978 0.21141782440245152 0.2937717759611600
0.16750159235671161 0.49754502512514598 0.35508251339197161 0.2937717759611600
0.16750159235671161 0.49754502512514598 0.21141782440245152 0.0803902144312758
0.51559837455861268 0.33829129524528978 0.35508251339197161 0.0803902144312758
0.36861794842407103 0.24885373115539552 0.3249304722994566 0.4357362718638860
0.65984385167248538 0.24885373115539552 0.3249304722994566 0.4357362718638860
0.36861794842407103 0.43802340254187588 0.3249304722994566 0.4357362718638860
0.36861794842407103 0.24885373115539552 0.26187859959900384 0.4357362718638860
0.36861794842407103 0.24885373115539552 0.3249304722994566 0.2898185607186690
0.65984385167248538 0.43802340254187588 0.26187859959900384 0.2898185607186690
0.64439161438494919 0.38432440683245661 0.14452050812542439 0.2021389241432570
0.21025904929265377 0.38432440683245661 0.14452050812542439 0.2021389241432570
0.64439161438494919 0.24118497446179391 0.14452050812542439 0.2021389241432570
0.64439161438494919 0.38432440683245661 0.44584517329931261 0.2021389241432570
0.64439161438494919 0.38432440683245661 0.14452050812542439 0.4298361344041910
0.21025904929265377 0.24118497446179391 0.44584517329931261 0.4298361344041910
0.57985008317045861 0.25902728922665119 0.27606464773416517 0.0818548584541444
0.083878504345193505 0.25902728922665119 0.27606464773416517 0.0818548584541444
0.57985008317045861 0.15387517213821411 0.27606464773416517 0.0818548584541444
0.57985008317045861 0.25902728922665119 0.2338208481669426 0.0818548584541444
0.57985008317045861 0.25902728922665119 0.27606464773416517 0.2525603329457890
0.083878504345193505 0.15387517213821411 0.2338208481669426 0.2525603329457890
0.2322586352471262 0.3241485606878996 0.45491199865937237 0.4786508665049760
0.54359483988955615 0.3241485606878996 0.45491199865937237 0.4786508665049760
0.2322586352471262 0.35071159750223158 0.45491199865937237 0.4786508665049760
0.2322586352471262 0.3241485606878996 0.47407379932701588 0.4786508665049760
0.2322586352471262 0.3241485606878996 0.45491199865937237 0.3539157565898660
0.54359483988955615 0.35071159750223158 0.47407379932701588 0.3539157565898660
0.10319810067303478 0.17244541421532633 0.16815723478794098 0.2317593041205500
0.38791358824819322 0.17244541421532633 0.16815723478794098 0.2317593041205500
0.10319810067303478 0.4509823527187109 0.16815723478794098 0.2317593041205500
0.10319810067303478 0.17244541421532633 0.16827871352434159 0.2317593041205500
0.10319810067303478 0.17244541421532633 0.16815723478794098 0.4972421004697040
0.38791358824819322 0.4509823527187109 0.16827871352434159 0.4972421004697040
0.38410910307429724 0.40770843178033833 0.38762376531958587 0.4110914505589220
0.23828034042380747 0.40770843178033833 0.38762376531958587 0.4110914505589220
0.38410910307429724 0.25419036857783794 0.38762376531958587 0.4110914505589220
0.38410910307429724 0.40770843178033833 0.32734216935932636 0.4110914505589220
0.38410910307429724 0.40770843178033833 0.38762376531958587 0.1474842630118740
0.23828034042380747 0.25419036857783794 0.32734216935932636 0.1474842630118740
0.42811506045982234 0.20802319459617138 0.19479377865791322 0.4855920067165290
0.48275491115637115 0.20802319459617138 0.19479377865791322 0.4855920067165290
0.42811506045982234 0.22023691125214101 0.19479377865791322 0.4855920067165290
0.42811506045982234 0.20802319459617138 0.22419483698904516 0.4855920067165290
0.42811506045982234 0.20802319459617138 0.19479377865791322 0.2399953967737390
0.48275491115637115 0.22023691125214101 0.22419483698904516 0.2399953967737390
0.059030854888260362 0.37432257719337947 0.37364287301898003 0.0545173882769643
0.3070907699875533 0.37432257719337947 0.37364287301898003 0.0545173882769643
0.059030854888260362 0.42342461384832863 0.37364287301898003 0.0545173882769643
0.059030854888260362 0.37432257719337947 0.48389512002468116 0.0545173882769643
0.059030854888260362 0.37432257719337947 0.37364287301898003 0.3751142522230270
0.3070907699875533 0.42342461384832863 0.48389512002468116 0.3751142522230270
0.25492073409259319 0.12300391644239426 0.26188689321279524 0.4026381042907800
0.13681971579790114 0.12300391644239426 0.26188689321279524 0.4026381042907800
0.25492073409259319 0.32212848141789441 0.26188689321279524 0.4026381042907800
0.25492073409259319 0.12300391644239426 0.17722112871706486 0.4026381042907800
0.25492073409259319 0.12300391644239426 0.26188689321279524 0.4710614904265790
0.13681971579790114 0.32212848141789441 0.17722112871706486 0.4710614904265790
0.55734431119635697 0.45631985142827036 0.48135477975010876 0.2510142546749030
0.6517663184087723 0.45631985142827036 0.48135477975010876 0.2510142546749030
0.55734431119635697 0.11899399384856224 0.48135477975010876 0.2510142546749030
0.55734431119635697 0.45631985142827036 0.31820443868637083 0.2510142546749030
0.55734431119635697 0.45631985142827036 0.48135477975010876 0.1942404066397450
0.6517663184087723 0.11899399384856224 0.31820443868637083 0.1942404066397450
0.69337880169041455 0.18161477483808997 0.33868086747825144 0.3321858026002310
0.61693607363849878 0.18161477483808997 0.33868086747825144 0.3321858026002310
0.69337880169041455 0.28129077702760696 0.33868086747825144 0.3321858026002310
0.69337880169041455 0.18161477483808997 0.10520585179328919 0.3321858026002310
0.69337880169041455 0.18161477483808997 0.33868086747825144 0.4551625372763630
0.61693607363849878 0.28129077702760696 0.10520585179328919 0.4551625372763630
0.31915728389285503 0.44770670495927334 0.11765059418976308 0.3447918754596820
0.091818579798564309 0.44770670495927334 0.11765059418976308 0.3447918754596820
0.31915728389285503 0.48442879319190979 0.11765059418976308 0.3447918754596820
0.31915728389285503 0.44770670495927334 0.38999996520578861 0.3447918754596820
0.31915728389285503 0.44770670495927334 0.11765059418976308 0.0745879851625026
0.091818579798564309 0.48442879319190979 0.38999996520578861 0.0745879851625026
0.19530338007025416 0.29942438229918478 0.40616431497037409 0.1453322225911870
0.27098603122867643 0.29942438229918478 0.40616431497037409 0.1453322225911870
0.19530338007025416 0.38572206608951098 0.40616431497037409 0.1453322225911870
0.19530338007025416 0.29942438229918478 0.2957218319177628 0.1453322225911870
0.19530338007025416 0.29942438229918478 0.40616431497037409 0.3295152143375980
0.27098603122867643 0.38572206608951098 0.2957218319177628 0.3295152143375980
0.49274833151139313 0.33292367756366731 0.22575265504419806 0.4670772868171040
0.43650903338566416 0.33292367756366731 0.22575265504419806 0.4670772868171040
0.49274833151139313 0.18253655694425108 0.22575265504419806 0.4670772868171040
0.49274833151139313 0.33292367756366731 0.41180662550032143 0.4670772868171040
0.49274833151139313 0.33292367756366731 0.22575265504419806 0.3902896851819300
0.43650903338566416 0.18253655694425108 0.41180662550032143 0.3902896851819300
0.45949915484525256 0.2858563113957644 0.35399413295090199 0.2136940783992910
0.18329140241257846 0.2858563113957644 0.35399413295090199 0.2136940783992910
0.45949915484525256 0.49164465740323071 0.35399413295090199 0.2136940783992910
0.45949915484525256 0.2858563113957644 0.37288321442902095 0.2136940783992910
0.45949915484525256 0.2858563113957644 0.35399413295090199 0.3128501635493320
0.18329140241257846 0.49164465740323071 0.37288321442902095 0.3128501635493320
0.18745024274103345 0.34414799921214578 0.17659150771796706 0.4217637253642820
0.68808105401694775 0.34414799921214578 0.17659150771796706 0.4217637253642820
0.18745024274103345 0.28853420242667199 0.17659150771796706 0.4217637253642820
0.18745024274103345 0.34414799921214578 0.13188693374395372 0.4217637253642820
0.18745024274103345 0.34414799921214578 0.17659150771796706 0.4033619978564810
0.68808105401694775 0.28853420242667199 0.13188693374395372 0.4033619978564810
0.30670177615247662 0.19595188274979591 0.49022772647440438 0.1075364058610960
0.52796633457764974 0.19595188274979591 0.49022772647440438 0.1075364058610960
0.30670177615247662 0.18826345987617971 0.49022772647440438 0.1075364058610960
0.30670177615247662 0.19595188274979591 0.42609144337475302 0.1075364058610960
0.30670177615247662 0.19595188274979591 0.49022772647440438 0.4669540723633300
0.52796633457764974 0.18826345987617971 0.42609144337475302 0.4669540723633300
0.66568414387293151 0.43727584630250937 0.26594428084790711 0.4703938138242990
0.34214648460038 0.43727584630250937 0.26594428084790711 0.4703938138242990
0.66568414387293151 0.39132947362959392 0.26594428084790711 0.4703938138242990
0.66568414387293151 0.43727584630250937 0.26640412956476212 0.4703938138242990
0.66568414387293151 0.43727584630250937 0.26594428084790711 0.0386856929596859
0.34214648460038 0.39132947362959392 0.26640412956476212 0.0386856929596859
0.55980350011959668 0.11237765215337277 0.11076728031039239 0.4449535358866950
0.21573618622496721 0.11237765215337277 0.11076728031039239 0.4449535358866950
0.55980350011959668 0.4036269258707762 0.11076728031039239 0.4449535358866950
0.55980350011959668 0.11237765215337277 0.45399074107408521 0.4449535358866950
0.55980350011959668 0.11237765215337277 0.11076728031039239 0.4779852551394500
0.21573618622496721 0.4036269258707762 0.45399074107408521 0.4779852551394500
0.29293157309293744 0.47085236646234996 0.33348833918571474 0.1813528453173490
0.41172723979689174 0.47085236646234996 0.33348833918571474 0.1813528453173490
0.29293157309293744 0.20056310556828977 0.33348833918571474 0.1813528453173490
0.29293157309293744 0.47085236646234996 0.2378945041447878 0.1813528453173490
0.29293157309293744 0.47085236646234996 0.33348833918571474 0.1774605271672510
0.41172723979689174 0.20056310556828977 0.2378945041447878 0.1774605271672510
0.081966329924762243 0.21944292187690737 0.24660995677113534 0.3752379291220110
0.56042602597735824 0.21944292187690737 0.24660995677113534 0.3752379291220110
0.081966329924762243 0.10083098560571671 0.24660995677113534 0.3752379291220110
0.081966329924762243 0.21944292187690737 0.34469094723463056 0.3752379291220110
0.081966329924762243 0.21944292187690737 0.24660995677113534 0.2278755918688470
0.56042602597735824 0.10083098560571671 0.34469094723463056 0.2278755918688470
0.44596699615940444 0.36055909916758544 0.42245001643896107 0.3081519126693140
0.065777820907533174 0.36055909916758544 0.42245001643896107 0.3081519126693140
0.44596699615940444 0.30394496917724612 0.42245001643896107 0.3081519126693140
0.44596699615940444 0.36055909916758544 0.1599082786589861 0.3081519126693140
0.44596699615940444 0.36055909916758544 0.42245001643896107 0.3831655576548980
0.065777820907533174 0.30394496917724612 0.1599082786589861 0.3831655576548980
0.40687828338704995 0.1610257748514414 0.21700100079178811 0.1676305080451080
0.6349548476748168 0.1610257748514414 0.21700100079178811 0.1676305080451080
0.40687828338704995 0.37008841857314112 0.21700100079178811 0.1676305080451080
0.40687828338704995 0.1610257748514414 0.48801860548555853 0.1676305080451080
0.40687828338704995 0.1610257748514414 0.21700100079178811 0.4919757754565720
0.6349548476748168 0.37008841857314112 0.48801860548555853 0.4919757754565720
0.12089398917742072 0.42147182188928134 0.43972070366144178 0.4584451543402160
0.15490075168199835 0.42147182188928134 0.43972070366144178 0.4584451543402160
0.12089398917742072 0.1731763668358326 0.43972070366144178 0.4584451543402160
0.12089398917742072 0.42147182188928134 0.2040619492530823 0.4584451543402160
0.12089398917742072 0.42147182188928134 0.43972070366144178 0.1623820078301250
0.15490075168199835 0.1731763668358326 0.2040619492530823 0.1623820078301250
0.2348791404161602 0.26965345367789273 0.12784420475363734 0.3185754791889310
0.32961489888839418 0.26965345367789273 0.12784420475363734 0.3185754791889310
0.2348791404161602 0.27188308276236062 0.12784420475363734 0.3185754791889310
0.2348791404161602 0.26965345367789273 0.30978417433798311 0.3185754791889310
0.2348791404161602 0.26965345367789273 0.12784420475363734 0.2662969930018330
0.32961489888839418 0.27188308276236062 0.30978417433798311 0.2662969930018330
0.61801202963106328 0.30961614549160005 0.30368252098560333 0.3579774279399180
0.45896121710538856 0.30961614549160005 0.30368252098560333 0.3579774279399180
0.61801202963106328 0.46884262748062611 0.30368252098560333 0.3579774279399180
0.61801202963106328 0.30961614549160005 0.19461973607540131 0.3579774279399180
0.61801202963106328 0.30961614549160005 0.30368252098560333 0.3431858298235300
0.45896121710538856 0.46884262748062611 0.19461973607540131 0.3431858298235300
0.63145740758627644 0.2345165353268385 0.47272366918623454 0.3910634123332450
0.42412105775438241 0.2345165353268385 0.47272366918623454 0.3910634123332450
0.63145740758627644 0.33153368495404723 0.47272366918623454 0.3910634123332450
0.63145740758627644 0.2345165353268385 0.38200720846652991 0.3910634123332450
0.63145740758627644 0.2345165353268385 0.47272366918623454 0.3097341997966250
0.42412105775438241 0.33153368495404723 0.38200720846652991 0.3097341997966250
0.34045480033382769 0.39475535340607171 0.29532273970544343 0.2671659173055130
0.28464351389557119 0.39475535340607171 0.29532273970544343 0.2671659173055130
0.34045480033382769 0.1345704209059477 0.29532273970544343 0.2671659173055130
0.34045480033382769 0.39475535340607171 0.12295824922621251 0.2671659173055130
0.34045480033382769 0.39475535340607171 0.29532273970544343 0.4163957477665420
0.28464351389557119 0.1345704209059477 0.12295824922621251 0.4163957477665420
0.13473609322682023 0.14617470353841783 0.38395702727139003 0.4932627931821680
0.11880593234673142 0.14617470353841783 0.38395702727139003 0.4932627931821680
0.13473609322682023 0.23586656451225282 0.38395702727139003 0.4932627931821680
0.13473609322682023 0.14617470353841783 0.41628385186195371 0.4932627931821680
0.13473609322682023 0.14617470353841783 0.38395702727139003 0.4324655205747230
0.11880593234673142 0.23586656451225282 0.41628385186195371 0.4324655205747230
0.51269197314977644 0.48632060363888741 0.15967488996684553 0.0251910658089590
0.58867921405471857 0.48632060363888741 0.15967488996684553 0.0251910658089590
0.51269197314977644 0.43277661353349683 0.15967488996684553 0.0251910658089590
0.51269197314977644 0.48632060363888741 0.27601640559732915 0.0251910658089590
0.51269197314977644 0.48632060363888741 0.15967488996684553 0.1098291655329310
0.58867921405471857 0.43277661353349683 0.27601640559732915 0.1098291655329310
0.4997578801587223 0.24098270349204542 0.25590817555785184 0.2981751767856410
0.24556009378284216 0.24098270349204542 0.25590817555785184 0.2981751767856410
0.4997578801587223 0.46804154217243199 0.25590817555785184 0.2981751767856410
0.4997578801587223 0.24098270349204542 0.4319408405572176 0.2981751767856410
0.4997578801587223 0.24098270349204542 0.25590817555785184 0.1569885743800530
0.24556009378284216 0.46804154217243199 0.4319408405572176 0.1569885743800530
0.14719276083633304 0.37583686895668511 0.47547207772731781 0.3655524736977820
0.38059443323872977 0.37583686895668511 0.47547207772731781 0.3655524736977820
0.14719276083633304 0.2648777768015862 0.47547207772731781 0.3655524736977820
0.14719276083633304 0.37583686895668511 0.27302462011575701 0.3655524736977820
0.14719276083633304 0.37583686895668511 0.47547207772731781 0.4859727780788020
0.38059443323872977 0.2648777768015862 0.27302462011575701 0.4859727780788020
0.34830921860411757 0.12754459828138354 0.1890102840960026 0.1752344460110460
0.55087521434761577 0.12754459828138354 0.1890102840960026 0.1752344460110460
0.34830921860411757 0.16456278525292872 0.1890102840960026 0.1752344460110460
0.34830921860411757 0.12754459828138354 0.3662525672465563 0.1752344460110460
0.34830921860411757 0.12754459828138354 0.1890102840960026 0.3464644207806380
0.55087521434761577 0.16456278525292872 0.3662525672465563 0.3464644207806380
0.62407793514430521 0.49230613186955452 0.36795557290315628 0.4433179917431280
0.076558728236705065 0.49230613186955452 0.36795557290315628 0.4433179917431280
0.62407793514430521 0.3677706103771925 0.36795557290315628 0.4433179917431280
0.62407793514430521 0.49230613186955452 0.12604769319295883 0.4433179917431280
0.62407793514430521 0.49230613186955452 0.36795557290315628 0.2784666343531680
0.076558728236705065 0.3677706103771925 0.12604769319295883 0.2784666343531680
0.60015892921946945 0.16740641035139561 0.41199657209217555 0.4718575563338180
0.19278263454325495 0.16740641035139561 0.41199657209217555 0.4718575563338180
0.60015892921946945 0.43046185709536078 0.41199657209217555 0.4718575563338180
0.60015892921946945 0.16740641035139561 0.33804835528135302 0.4718575563338180
0.60015892921946945 0.16740641035139561 0.41199657209217555 0.4137829068448860
0.19278263454325495 0.43046185709536078 0.33804835528135302 0.4137829068448860
0.2525724307168275 0.40244355760514738 0.23148884885013105 0.1147424974203700
0.67728024488314986 0.40244355760514738 0.23148884885013105 0.1147424974203700
0.2525724307168275 0.22724993117153647 0.23148884885013105 0.1147424974203700
0.2525724307168275 0.40244355760514738 0.15403220243752003 0.1147424974203700
0.2525724307168275 0.40244355760514738 0.23148884885013105 0.2986051579223060
0.67728024488314986 0.22724993117153647 0.15403220243752003 0.2986051579223060
0.12351178475655615 0.25113331899046898 0.34470852650702 0.4298003040743140
0.49812257848680014 0.25113331899046898 0.34470852650702 0.4298003040743140
0.12351178475655615 0.12756816670298576 0.34470852650702 0.4298003040743140
0.12351178475655615 0.25113331899046898 0.4598520830273628 0.4298003040743140
0.12351178475655615 0.25113331899046898 0.34470852650702 0.1158398415871000
0.49812257848680014 0.12756816670298576 0.4598520830273628 0.1158398415871000
0.40441781836561852 0.31568701565265656 0.1235820110887289 0.2262313108226240
0.37321977461688216 0.31568701565265656 0.1235820110887289 0.2262313108226240
0.40441781836561852 0.33072954788804054 0.1235820110887289 0.2262313108226240
0.40441781836561852 0.31568701565265656 0.24455183036625386 0.2262313108226240
0.40441781836561852 0.31568701565265656 0.1235820110887289 0.4397742158106930
0.37321977461688216 0.33072954788804054 0.24455183036625386 0.4397742158106930
0.44842637153342357 0.11839826367795468 0.31821845509111879 0.0460760700699119
0.45398432337678962 0.11839826367795468 0.31821845509111879 0.0460760700699119
0.44842637153342357 0.39682416766881945 0.31821845509111879 0.0460760700699119
0.44842637153342357 0.11839826367795468 0.30391215123236182 0.0460760700699119
0.44842637153342357 0.11839826367795468 0.31821845509111879 0.4060791234952300
0.45398432337678962 0.39682416766881945 0.30391215123236182 0.4060791234952300
0.079347134754061702 0.45228178240358829 0.13770942352712157 0.4999392638766760
0.25355006540194153 0.45228178240358829 0.13770942352712157 0.4999392638766760
0.079347134754061702 0.19996237456798555 0.13770942352712157 0.4999392638766760
0.079347134754061702 0.45228178240358829 0.18797309100627901 0.4999392638766760
0.079347134754061702 0.45228178240358829 0.13770942352712157 0.3235220731684320
0.25355006540194153 0.19996237456798555 0.18797309100627901 0.3235220731684320
0.27523689288645981 0.20056257247924805 0.42593017406761646 0.2730135618114160
0.10929448846727609 0.20056257247924805 0.42593017406761646 0.2730135618114160
0.27523689288645981 0.29871639423072338 0.42593017406761646 0.2730135618114160
0.27523689288645981 0.20056257247924805 0.49467187859117989 0.2730135618114160
0.27523689288645981 0.20056257247924805 0.42593017406761646 0.0315467942529128
0.10929448846727609 0.29871639423072338 0.49467187859117989 0.0315467942529128
0.57765552056953307 0.36708784028887753 0.20480196289718153 0.3937244601429450
0.5994994891341775 0.36708784028887753 0.20480196289718153 0.3937244601429450
0.57765552056953307 0.49553107582032685 0.20480196289718153 0.3937244601429450
0.57765552056953307 0.36708784028887753 0.20992734432220461 0.3937244601429450
0.57765552056953307 0.36708784028887753 0.20480196289718153 0.4603500556442290
0.5994994891341775 0.49553107582032685 0.20992734432220461 0.4603500556442290
0.67306252666749056 0.29198670275509359 0.17462508752942085 0.3550172919020670
0.64448605775833123 0.29198670275509359 0.17462508752942085 0.3550172919020670
0.67306252666749056 0.30782833583652974 0.17462508752942085 0.3550172919020670
0.67306252666749056 0.29198670275509359 0.42290076613426208 0.3550172919020670
0.67306252666749056 0.29198670275509359 0.17462508752942085 0.1826152328895570
0.64448605775833123 0.30782833583652974 0.42290076613426208 0.1826152328895570
0.2988459582906216 0.32566294781863692 0.39419073313474662 0.3134119512654130
0.14413992050103841 0.32566294781863692 0.39419073313474662 0.3134119512654130
0.2988459582906216 0.11101622916758061 0.39419073313474662 0.3134119512654130
0.2988459582906216 0.32566294781863692 0.28186937905848031 0.3134119512654130
0.2988459582906216 0.32566294781863692 0.39419073313474662 0.4841669872269180
0.14413992050103841 0.11101622916758061 0.28186937905848031 0.4841669872269180
0.17499218522571025 0.17698619142174721 0.28272772356867792 0.4506239721586660
0.29981113043613727 0.17698619142174721 0.28272772356867792 0.4506239721586660
0.17499218522571025 0.2122589685022831 0.28272772356867792 0.4506239721586660
0.17499218522571025 0.17698619142174721 0.3761715441942215 0.4506239721586660
0.17499218522571025 0.17698619142174721 0.28272772356867792 0.3802344825069610
0.29981113043613727 0.2122589685022831 0.3761715441942215 0.3802344825069610
0.47243216787464909 0.44369461685419087 0.46167436838150022 0.1517297362402560
0.49007449476048343 0.44369461685419087 0.46167436838150022 0.1517297362402560
0.47243216787464909 0.4091246716678143 0.46167436838150022 0.1517297362402560
0.47243216787464909 0.44369461685419087 0.11632402576506139 0.1517297362402560
0.47243216787464909 0.44369461685419087 0.46167436838150022 0.2139422086916330
0.49007449476048343 0.4091246716678143 0.11632402576506139 0.2139422086916330
0.4798154395539313 0.18763676919043065 0.13367643803358079 0.4200693849296670
0.052745077898725873 0.18763676919043065 0.13367643803358079 0.4200693849296670
0.4798154395539313 0.11818375401198865 0.13367643803358079 0.4200693849296670
0.4798154395539313 0.18763676919043065 0.25523560233414178 0.4200693849296670
0.4798154395539313 0.18763676919043065 0.13367643803358079 0.3660221195126000
0.052745077898725873 0.11818375401198865 0.25523560233414178 0.3660221195126000
0.20776155865751206 0.4291377898305655 0.30941873863339425 0.2448241472622160
0.57341936733573673 0.4291377898305655 0.30941873863339425 0.2448241472622160
0.20776155865751206 0.31512012444436555 0.30941873863339425 0.2448241472622160
0.20776155865751206 0.4291377898305655 0.4399702176451683 0.2448241472622160
0.20776155865751206 0.4291377898305655 0.30941873863339425 0.2355359559151510
0.57341936733573673 0.31512012444436555 0.4399702176451683 0.2355359559151510
0.32701298068277534 0.28054265007376672 0.22302863597869874 0.4805865163012090
0.39869511546567077 0.28054265007376672 0.22302863597869874 0.4805865163012090
0.32701298068277534 0.41480187624692921 0.22302863597869874 0.4805865163012090
0.32701298068277534 0.28054265007376672 0.14578974135220052 0.4805865163012090
0.32701298068277534 0.28054265007376672 0.22302863597869874 0.2088705152678620
0.39869511546567077 0.41480187624692921 0.14578974135220052 0.2088705152678620
0.6860002978239208 0.33945074975490575 0.44565214440226553 0.0910648321883147
0.22872890890575942 0.33945074975490575 0.44565214440226553 0.0910648321883147
0.6860002978239208 0.21791605055332186 0.44565214440226553 0.0910648321883147
0.6860002978239208 0.33945074975490575 0.36173871904611588 0.0910648321883147
0.6860002978239208 0.33945074975490575 0.44565214440226553 0.4732001792481960
0.22872890890575942 0.21791605055332186 0.36173871904611588 0.4732001792481960
0.53949217936024063 0.2141551595181227 0.37797828577458858 0.1950896848244740
0.34498257106170055 0.2141551595181227 0.37797828577458858 0.1950896848244740
0.53949217936024063 0.18021264448761942 0.37797828577458858 0.1950896848244740
0.53949217936024063 0.2141551595181227 0.17412846833467482 0.1950896848244740
0.53949217936024063 0.2141551595181227 0.37797828577458858 0.0545079123987067
0.34498257106170055 0.18021264448761942 0.17412846833467482 0.0545079123987067
0.27261530291289088 0.35583900399506097 0.15379221178591251 0.4334317912881490
0.52509022657759485 0.35583900399506097 0.15379221178591251 0.4334317912881490
0.27261530291289088 0.37710238024592402 0.15379221178591251 0.4334317912881490
0.27261530291289088 0.35583900399506097 0.33396149165928368 0.4334317912881490
0.27261530291289088 0.35583900399506097 0.15379221178591251 0.4528747731555630
0.52509022657759485 0.37710238024592402 0.33396149165928368 0.4528747731555630
0.061650161445140836 0.10403665155172348 0.46694015078246598 0.2823890977697260
0.69091776157729323 0.10403665155172348 0.46694015078246598 0.2823890977697260
0.061650161445140836 0.47741738446056847 0.46694015078246598 0.2823890977697260
0.061650161445140836 0.10403665155172348 0.22718984335660936 0.2823890977697260
0.061650161445140836 0.10403665155172348 0.46694015078246598 0.3987034461925570
0.69091776157729323 0.47741738446056847 0.22718984335660936 0.3987034461925570
0.42565579647198315 0.4627371437847615 0.28963546343147756 0.3773675631907350
0.18041467331349847 0.4627371437847615 0.28963546343147756 0.3773675631907350
0.42565579647198315 0.28048358894884584 0.28963546343147756 0.3773675631907350
0.42565579647198315 0.4627371437847615 0.46823572702705862 0.3773675631907350
0.42565579647198315 0.4627371437847615 0.28963546343147756 0.3329475481184090
0.18041467331349847 0.28048358894884584 0.46823572702705862 0.3329475481184090
0.38656944702379398 0.26549484021961689 0.49669560305774219 0.4600634743087730
0.58584200525656338 0.26549484021961689 0.49669560305774219 0.4600634743087730
0.38656944702379398 0.24667661748826505 0.49669560305774219 0.4600634743087730
0.38656944702379398 0.26549484021961689 0.18383840061724188 0.4600634743087730
0.38656944702379398 0.26549484021961689 0.49669560305774219 0.0994222691045786
0.58584200525656338 0.24667661748826505 0.18383840061724188 0.0994222691045786
0.10058018402196467 0.30523174516856671 0.27251122482120993 0.1300100484219670
0.12168246530927716 0.30523174516856671 0.27251122482120993 0.1300100484219670
0.10058018402196467 0.44971316270530226 0.27251122482120993 0.1300100484219670
0.10058018402196467 0.30523174516856671 0.32405624389648435 0.1300100484219670
0.10058018402196467 0.30523174516856671 0.27251122482120993 0.4462463037919360
0.12168246530927716 0.44971316270530226 0.32405624389648435 0.4462463037919360
0.2145654660183936 0.15381392613053324 0.36065723262727267 0.3425373783321620
0.28180692619644104 0.15381392613053324 0.36065723262727267 0.3425373783321620
0.2145654660183936 0.34847043454647064 0.36065723262727267 0.3425373783321620
0.2145654660183936 0.15381392613053324 0.21835881508886815 0.3425373783321620
0.2145654660183936 0.15381392613053324 0.36065723262727267 0.4222663663391560
0.28180692619644104 0.34847043454647064 0.21835881508886815 0.4222663663391560
0.59770330465398724 0.41369229108095174 0.18335385359823705 0.3280929439126910
0.42699696961790318 0.41369229108095174 0.18335385359823705 0.3280929439126910
0.59770330465398724 0.14538029283285142 0.18335385359823705 0.3280929439126910
0.59770330465398724 0.41369229108095174 0.47726206481456757 0.3280929439126910
0.59770330465398724 0.41369229108095174 0.18335385359823705 0.2859413688803170
0.42699696961790318 0.14538029283285142 0.47726206481456757 0.2859413688803170
0.65177119821310037 0.13898874185979368 0.23989796340465547 0.2560631662368530
0.47199346008710558 0.13898874185979368 0.23989796340465547 0.2560631662368530
0.65177119821310037 0.25807068273425104 0.23989796340465547 0.2560631662368530
0.65177119821310037 0.13898874185979368 0.28984940350055699 0.2560631662368530
0.65177119821310037 0.13898874185979368 0.23989796340465547 0.3633676748708270
0.47199346008710558 0.25807068273425104 0.28984940350055699 0.3633676748708270
0.36076364153996104 0.4785182390362025 0.41563890799880032 0.4045208491897360
0.31662259995937342 0.4785182390362025 0.41563890799880032 0.4045208491897360
0.36076364153996104 0.46115844026207931 0.41563890799880032 0.4045208491897360
0.36076364153996104 0.4785182390362025 0.40516110099852087 0.4045208491897360
0.36076364153996104 0.4785182390362025 0.41563890799880032 0.2568067750130040
0.31662259995937342 0.46115844026207931 0.40516110099852087 0.2568067750130040
0.15504481336101889 0.23033202290534974 0.10425068885087968 0.0725347143273954
0.16793361334130166 0.23033202290534974 0.10425068885087968 0.0725347143273954
0.15504481336101889 0.36240440942347052 0.10425068885087968 0.0725347143273954
0.15504481336101889 0.23033202290534974 0.111859530210495 0.0725347143273954
0.15504481336101889 0.23033202290534974 0.10425068885087968 0.1304495083966540
0.16793361334130166 0.36240440942347052 0.111859530210495 0.1304495083966540
0.53300566207617517 0.3903937987983227 0.32687245383858682 0.4919774648620020
0.62196193006820977 0.3903937987983227 0.32687245383858682 0.4919774648620020
0.53300566207617517 0.15936376340687275 0.32687245383858682 0.4919774648620020
0.53300566207617517 0.3903937987983227 0.39586423970758922 0.4919774648620020
0.53300566207617517 0.3903937987983227 0.32687245383858682 0.4953023409904630
0.62196193006820977 0.15936376340687275 0.39586423970758922 0.4953023409904630
0.53650930044241241 0.18700895048677924 0.24500757530331613 0.0997384479017913
0.20759868058376013 0.18700895048677924 0.24500757530331613 0.0997384479017913
0.53650930044241241 0.4103668350726366 0.24500757530331613 0.0997384479017913
0.53650930044241241 0.18700895048677924 0.21325533986091616 0.0997384479017913
0.53650930044241241 0.18700895048677924 0.24500757530331613 0.4304746328820220
0.20759868058376013 0.4103668350726366 0.21325533986091616 0.4304746328820220
0.15404060459695756 0.4454836871474982 0.42385664433240888 0.4834236429509230
0.66223735362291336 0.4454836871474982 0.42385664433240888 0.4834236429509230
0.15404060459695756 0.20730587281286716 0.42385664433240888 0.4834236429509230
0.15404060459695756 0.4454836871474982 0.47924013473093507 0.4834236429509230
0.15404060459695756 0.4454836871474982 0.42385664433240888 0.1095931699046230
0.66223735362291336 0.20730587281286716 0.47924013473093507 0.1095931699046230
0.36423250804655249 0.29407942220568661 0.11249098107218743 0.2376370937634380
0.51290391562506554 0.29407942220568661 0.11249098107218743 0.2376370937634380
0.36423250804655249 0.10698611214756966 0.11249098107218743 0.2376370937634380
0.36423250804655249 0.29407942220568661 0.18503562510013583 0.2376370937634380
0.36423250804655249 0.29407942220568661 0.11249098107218743 0.3062120713681610
0.51290391562506554 0.10698611214756966 0.18503562510013583 0.3062120713681610
0.65088102952577165 0.33519589900970459 0.33195884227752687 0.4158288269267950
0.35819176551885895 0.33519589900970459 0.33195884227752687 0.4158288269267950
0.65088102952577165 0.31010067090392113 0.33195884227752687 0.4158288269267950
0.65088102952577165 0.33519589900970459 0.31973442472517488 0.4158288269267950
0.65088102952577165 0.33519589900970459 0.33195884227752687 0.4158867343031350
0.35819176551885895 0.31010067090392113 0.31973442472517488 0.4158867343031350
0.59355004271492362 0.21049072854220868 0.48850366808474066 0.3792336718486270
0.24083230132237077 0.21049072854220868 0.48850366808474066 0.3792336718486270
0.59355004271492362 0.49741028100252149 0.48850366808474066 0.3792336718486270
0.59355004271492362 0.21049072854220868 0.10675795115530491 0.3792336718486270
0.59355004271492362 0.21049072854220868 0.48850366808474066 0.2640029755493600
0.24083230132237077 0.49741028100252149 0.10675795115530491 0.2640029755493600
0.21621929835528131 0.36878230459988115 0.26747337244451047 0.2848839548574550
0.38541276329196983 0.36878230459988115 0.26747337244451047 0.2848839548574550
0.21621929835528131 0.29429810643196108 0.26747337244451047 0.2848839548574550
0.21621929835528131 0.36878230459988115 0.39784117639064787 0.2848839548574550
0.21621929835528131 0.36878230459988115 0.26747337244451047 0.3422290573657220
0.38541276329196983 0.29429810643196108 0.39784117639064787 0.3422290573657220
0.096471573412418354 0.12058558613061905 0.35559691973030572 0.4324853905453650
0.54616230404935773 0.12058558613061905 0.35559691973030572 0.4324853905453650
0.096471573412418354 0.19461462609469893 0.35559691973030572 0.4324853905453650
0.096471573412418354 0.12058558613061905 0.2910447333008051 0.4324853905453650
0.096471573412418354 0.12058558613061905 0.35559691973030572 0.4905665093212180
0.54616230404935773 0.19461462609469893 0.2910447333008051 0.4905665093212180
0.38809935981407756 0.46190933957695968 0.17518523745238782 0.1931951759262380
0.081342349387705321 0.46190933957695968 0.17518523745238782 0.1931951759262380
0.38809935981407756 0.39767968915402896 0.17518523745238782 0.1931951759262380
0.38809935981407756 0.46190933957695968 0.40084041357040412 0.1931951759262380
0.38809935981407756 0.46190933957695968 0.17518523745238782 0.1599813092984130
0.081342349387705321 0.39767968915402896 0.40084041357040412 0.1599813092984130
0.42155210743658239 0.25988349504768848 0.3822333622723818 0.3259042635024910
0.6493677786551415 0.25988349504768848 0.3822333622723818 0.3259042635024910
0.42155210743658239 0.32635970748960974 0.3822333622723818 0.3259042635024910
0.42155210743658239 0.25988349504768848 0.14771788567304611 0.3259042635024910
0.42155210743658239 0.25988349504768848 0.3822333622723818 0.2240425317426670
0.6493677786551415 0.32635970748960974 0.14771788567304611 0.2240425317426670
0.063175077596679327 0.3201219599694014 0.16120442263782025 0.3404305894557750
0.13948512230999766 0.3201219599694014 0.16120442263782025 0.3404305894557750
0.063175077596679327 0.12939892597496511 0.16120442263782025 0.3404305894557750
0.063175077596679327 0.3201219599694014 0.35668593235313895 0.3404305894557750
0.063175077596679327 0.3201219599694014 0.16120442263782025 0.3829614805569800
0.13948512230999766 0.12939892597496511 0.35668593235313895 0.3829614805569800
0.2684769582469016 0.1715407557785511 0.47432599104940898 0.1322359780206460
0.30468788738362484 0.1715407557785511 0.47432599104940898 0.1322359780206460
0.2684769582469016 0.22815466150641442 0.47432599104940898 0.1322359780206460
0.2684769582469016 0.1715407557785511 0.25096370726823808 0.1322359780206460
0.2684769582469016 0.1715407557785511 0.47432599104940898 0.4760387973140240
0.30468788738362484 0.22815466150641442 0.25096370726823808 0.4760387973140240
0.54113117433153091 0.41168659180402756 0.29391605220735073 0.4609119426865330
0.48544448725879186 0.41168659180402756 0.29391605220735073 0.4609119426865330
0.54113117433153091 0.42506489828228955 0.29391605220735073 0.4609119426865330
0.54113117433153091 0.41168659180402756 0.44111675508320336 0.4609119426865330
0.54113117433153091 0.41168659180402756 0.29391605220735073 0.1766107255085040
0.48544448725879186 0.42506489828228955 0.44111675508320336 0.1766107255085040
0.68947416096925729 0.13638938032090664 0.12624147757887841 0.4892258746186050
0.43901474117301398 0.13638938032090664 0.12624147757887841 0.4892258746186050
0.68947416096925729 0.36276830434799201 0.12624147757887841 0.4892258746186050
0.68947416096925729 0.13638938032090664 0.22911914475262166 0.4892258746186050
0.68947416096925729 0.13638938032090664 0.12624147757887841 0.4656757373283000
0.43901474117301398 0.36276830434799201 0.22911914475262166 0.4656757373283000
0.32611789042130107 0.49683567918837068 0.30508885085582738 0.0633520372755610
0.2684291874989867 0.49683567918837068 0.30508885085582738 0.0633520372755610
0.32611789042130107 0.16585415750741961 0.30508885085582738 0.0633520372755610
0.32611789042130107 0.49683567918837068 0.46318102031946184 0.0633520372755610
0.32611789042130107 0.49683567918837068 0.30508885085582738 0.0364117010783582
0.2684291874989867 0.16585415750741961 0.46318102031946184 0.0364117010783582
0.21128003438934684 0.24502244293689729 0.21872502341866495 0.4089166246653310
0.094349696952849615 0.24502244293689729 0.21872502341866495 0.4089166246653310
0.21128003438934684 0.26710166595876217 0.21872502341866495 0.4089166246653310
0.21128003438934684 0.24502244293689729 0.16985541768372059 0.4089166246653310
0.21128003438934684 0.24502244293689729 0.21872502341866495 0.3103835690224510
0.094349696952849615 0.26710166595876217 0.16985541768372059 0.3103835690224510
0.47879631351679558 0.38498530015349386 0.43819157630205152 0.2629254959241110
0.61437364728190003 0.38498530015349386 0.43819157630205152 0.2629254959241110
0.47879631351679558 0.46405987255275249 0.43819157630205152 0.2629254959241110
0.47879631351679558 0.38498530015349386 0.33510994762182233 0.2629254959241110
0.47879631351679558 0.38498530015349386 0.43819157630205152 0.4022308263915350
0.61437364728190003 0.46405987255275249 0.33510994762182233 0.4022308263915350
0.47649614531546824 0.23361492864787581 0.16643353402614594 0.4418071304847520
0.33945636004209512 0.23361492864787581 0.16643353402614594 0.4418071304847520
0.47649614531546824 0.16021929606795313 0.16643353402614594 0.4418071304847520
0.47649614531546824 0.23361492864787581 0.49894494116306309 0.4418071304847520
0.47649614531546824 0.23361492864787581 0.16643353402614594 0.3288428988044600
0.33945636004209512 0.16021929606795313 0.49894494116306309 0.3288428988044600
0.17342755747959016 0.3987365651875735 0.38915326222777369 0.1719368425463600
0.53036975595168767 0.3987365651875735 0.38915326222777369 0.1719368425463600
0.17342755747959016 0.35705667212605474 0.38915326222777369 0.1719368425463600
0.17342755747959016 0.3987365651875735 0.20877892412245275 0.1719368425463600
0.17342755747959016 0.3987365651875735 0.38915326222777369 0.3875428973368870
0.53036975595168767 0.35705667212605474 0.20877892412245275 0.3875428973368870
0.30302401455119249 0.14702785760164261 0.27766702920198438 0.3667251044360350
0.68541635093279174 0.14702785760164261 0.27766702920198438 0.3667251044360350
0.30302401455119249 0.456740141287446 0.27766702920198438 0.3667251044360350
0.30302401455119249 0.14702785760164261 0.30198283791542058 0.3667251044360350
0.30302401455119249 0.14702785760164261 0.27766702920198438 0.4550743899569860
0.68541635093279174 0.456740141287446 0.30198283791542058 0.4550743899569860
0.67146324329078189 0.4822909511625767 0.45350537076592445 0.2996226945914270
0.1856892484240234 0.4822909511625767 0.45350537076592445 0.2996226945914270
0.67146324329078189 0.25994987674057485 0.45350537076592445 0.2996226945914270
0.67146324329078189 0.4822909511625767 0.19302776195108892 0.2996226945914270
0.67146324329078189 0.4822909511625767 0.45350537076592445 0.0692838126782320
0.1856892484240234 0.25994987674057485 0.19302776195108892 0.0692838126782320
0.57422136901877818 0.15719143487513065 0.32332768552005292 0.2198481750918910
0.068339701229706409 0.15719143487513065 0.32332768552005292 0.2198481750918910
0.57422136901877818 0.14765261672437191 0.32332768552005292 0.2198481750918910
0.57422136901877818 0.15719143487513065 0.38044347502291209 0.2198481750918910
0.57422136901877818 0.15719143487513065 0.32332768552005292 0.4701054864062480
0.068339701229706409 0.14765261672437191 0.38044347502291209 0.4701054864062480
0.27617169474251563 0.42212966345250613 0.14592677839100363 0.4263328546827200
0.55789544517174361 0.42212966345250613 0.14592677839100363 0.4263328546827200
0.27617169474251563 0.34444030635058881 0.14592677839100363 0.4263328546827200
0.27617169474251563 0.42212966345250613 0.11517750024795533 0.4263328546827200
0.27617169474251563 0.42212966345250613 0.14592677839100363 0.1906900341647280
0.55789544517174361 0.34444030635058881 0.11517750024795533 0.1906900341647280
0.075788947427645331 0.27343935295939448 0.43417084775865078 0.1244456074761250
0.41428478453308337 0.27343935295939448 0.43417084775865078 0.1244456074761250
0.075788947427645331 0.44476007819175722 0.43417084775865078 0.1244456074761250
0.075788947427645331 0.27343935295939448 0.42097258605062959 0.1244456074761250
0.075788947427645331 0.27343935295939448 0.43417084775865078 0.2387134567396290
0.41428478453308337 0.44476007819175722 0.42097258605062959 0.2387134567396290
0.44940578597597769 0.30890985131263737 0.20988873280584813 0.4753172223962840
0.21322978711687024 0.30890985131263737 0.20988873280584813 0.4753172223962840
0.44940578597597769 0.24791879206895828 0.20988873280584813 0.4753172223962840
0.44940578597597769 0.30890985131263737 0.28692215383052827 0.4753172223962840
0.44940578597597769 0.30890985131263737 0.20988873280584813 0.3734506755379610
0.21322978711687024 0.24791879206895828 0.28692215383052827 0.3734506755379610
0.40087454589083787 0.10702964030206204 0.40456199310719965 0.3975849184184250
0.45655276034958653 0.10702964030206204 0.40456199310719965 0.3975849184184250
0.40087454589083787 0.27650190666317942 0.40456199310719965 0.3975849184184250
0.40087454589083787 0.10702964030206204 0.36505727320909498 0.3975849184184250
0.40087454589083787 0.10702964030206204 0.40456199310719965 0.4969249434840820
0.45655276034958653 0.27650190666317942 0.36505727320909498 0.4969249434840820
0.12447635941207408 0.47312153615057473 0.2271593425422907 0.2785748360830030
0.33231005882844322 0.47312153615057473 0.2271593425422907 0.2785748360830030
0.12447635941207408 0.47964126095175741 0.2271593425422907 0.2785748360830030
0.12447635941207408 0.47312153615057473 0.13036839254200461 0.2785748360830030
0.12447635941207408 0.47312153615057473 0.2271593425422907 0.1422813330871580
0.33231005882844322 0.47964126095175741 0.13036839254200461 0.1422813330871580
0.24914319831877946 0.22484014928340912 0.34040453247725966 0.4967904089413430
0.15250778608024118 0.22484014928340912 0.34040453247725966 0.4967904089413430
0.24914319831877946 0.37839376516640189 0.34040453247725966 0.4967904089413430
0.24914319831877946 0.22484014928340912 0.4370423838496208 0.4967904089413430
0.24914319831877946 0.22484014928340912 0.34040453247725966 0.2522602244743010
0.15250778608024118 0.37839376516640189 0.4370423838496208 0.2522602244743010
0.60108873201534152 0.35833913311362264 0.11612106151878834 0.0345760527993212
0.63761467034928498 0.35833913311362264 0.11612106151878834 0.0345760527993212
0.60108873201534152 0.17521035112440586 0.11612106151878834 0.0345760527993212
0.60108873201534152 0.35833913311362264 0.27104767151176934 0.0345760527993212
0.60108873201534152 0.35833913311362264 0.11612106151878834 0.3512337042520120
0.63761467034928498 0.17521035112440586 0.27104767151176934 0.3512337042520120
0.62827083119191229 0.28344103284180167 0.26016287058591847 0.1552110202376620
0.59121467527002092 0.28344103284180167 0.26016287058591847 0.1552110202376620
0.62827083119191229 0.21251910440623761 0.26016287058591847 0.1552110202376620
0.62827083119191229 0.28344103284180167 0.45865487046539788 0.1552110202376620
0.62827083119191229 0.28344103284180167 0.26016287058591847 0.2882147901401500
0.59121467527002092 0.21251910440623761 0.45865487046539788 0.2882147901401500
0.34669502037577327 0.34974053911864755 0.48288390710949902 0.4520783981454540
0.11623917161487042 0.34974053911864755 0.48288390710949902 0.4520783981454540
0.34669502037577327 0.41570661924779417 0.48288390710949902 0.4520783981454540
0.34669502037577327 0.34974053911864755 0.2488736853003502 0.4520783981454540
0.34669502037577327 0.34974053911864755 0.48288390710949902 0.4281386925459960
0.11623917161487042 0.41570661924779417 0.2488736853003502 0.4281386925459960
0.15126173733733594 0.19841636493802073 0.19639650583267212 0.3120357971052370
0.28714487762190399 0.19841636493802073 0.19639650583267212 0.3120357971052370
0.15126173733733594 0.3169508710503578 0.19639650583267212 0.3120357971052370
0.15126173733733594 0.19841636493802073 0.34315181858837607 0.3120357971052370
0.15126173733733594 0.19841636493802073 0.19639650583267212 0.4431320328796730
0.28714487762190399 0.3169508710503578 0.34315181858837607 0.4431320328796730
0.49818833325989537 0.4317325219511986 0.37223654314875609 0.3537889027662010
0.42156854839995495 0.4317325219511986 0.37223654314875609 0.3537889027662010
0.49818833325989537 0.11381390094757081 0.37223654314875609 0.3537889027662010
0.49818833325989537 0.4317325219511986 0.15205409675836565 0.3537889027662010
0.49818833325989537 0.4317325219511986 0.37223654314875609 0.0765795392369235
0.42156854839995495 0.11381390094757081 0.15205409675836565 0.0765795392369235
0.51620053187943993 0.28952221460640432 0.46844407729804516 0.4690601569375540
0.079140759771689773 0.28952221460640432 0.46844407729804516 0.4690601569375540
0.51620053187943993 0.18695504516363146 0.46844407729804516 0.4690601569375540
0.51620053187943993 0.28952221460640432 0.30863732695579527 0.4690601569375540
0.51620053187943993 0.28952221460640432 0.46844407729804516 0.1250350192742610
0.079140759771689773 0.18695504516363146 0.30863732695579527 0.1250350192742610
0.13372688661329446 0.33120627813041215 0.28793502040207386 0.1037695635837400
0.54840321782976387 0.33120627813041215 0.28793502040207386 0.1037695635837400
0.13372688661329446 0.38384267985820775 0.28793502040207386 0.1037695635837400
0.13372688661329446 0.33120627813041215 0.19889122582972052 0.1037695635837400
0.13372688661329446 0.33120627813041215 0.28793502040207386 0.4949825523994470
0.54840321782976387 0.38384267985820775 0.19889122582972052 0.4949825523994470
0.34391874647699289 0.17940146401524545 0.37654685042798519 0.4226979428936240
0.38321055257692926 0.17940146401524545 0.37654685042798519 0.4226979428936240
0.34391874647699289 0.48357345275580887 0.37654685042798519 0.4226979428936240
0.34391874647699289 0.17940146401524545 0.49307170212268836 0.4226979428936240
0.34391874647699289 0.17940146401524545 0.37654685042798519 0.3607639674864140
0.38321055257692926 0.48357345275580887 0.49307170212268836 0.3607639674864140
0.63057223674841223 0.43810208290815356 0.15541861392557621 0.2154366373746320
0.2430738362018019 0.43810208290815356 0.15541861392557621 0.2154366373746320
0.63057223674841223 0.28663832508027554 0.15541861392557621 0.2154366373746320
0.63057223674841223 0.43810208290815356 0.20213421024382117 0.2154366373746320
0.63057223674841223 0.43810208290815356 0.15541861392557621 0.2565107133367300
0.2430738362018019 0.28663832508027554 0.20213421024382117 0.2565107133367300
0.61386376554146405 0.11300104223191738 0.22446047663688662 0.3031110707505680
0.3705900940112769 0.11300104223191738 0.22446047663688662 0.3031110707505680
0.61386376554146405 0.12394726760685444 0.22446047663688662 0.3031110707505680
0.61386376554146405 0.11300104223191738 0.41513584889471533 0.3031110707505680
0.61386376554146405 0.11300104223191738 0.22446047663688662 0.4205237196681770
0.3705900940112769 0.12394726760685444 0.41513584889471533 0.4205237196681770
0.23652805238962171 0.45450174249708652 0.44402609989047048 0.3711198851600150
0.50054553118534384 0.45450174249708652 0.44402609989047048 0.3711198851600150
0.23652805238962171 0.32088611461222172 0.44402609989047048 0.3711198851600150
0.23652805238962171 0.45450174249708652 0.28028981387615204 0.3711198851600150
0.23652805238962171 0.45450174249708652 0.44402609989047048 0.2843206175130740
0.50054553118534384 0.32088611461222172 0.28028981387615204 0.2843206175130740
0.11678038071841002 0.20591059029102327 0.13217215389013293 0.1895786145626250
0.67463506343774493 0.20591059029102327 0.13217215389013293 0.1895786145626250
0.11678038071841002 0.42115248218178747 0.13217215389013293 0.1895786145626250
0.11678038071841002 0.20591059029102327 0.38706146217882631 0.1895786145626250
0.11678038071841002 0.20591059029102327 0.13217215389013293 0.0957670498170947
0.67463506343774493 0.42115248218178747 0.38706146217882631 0.0957670498170947
0.40841311654075974 0.36481866464018819 0.31111877635121343 0.4487369172722670
0.19524091482162476 0.36481866464018819 0.31111877635121343 0.4487369172722670
0.40841311654075974 0.22426685020327569 0.31111877635121343 0.4487369172722670
0.40841311654075974 0.36481866464018819 0.12102859020233155 0.4487369172722670
0.40841311654075974 0.36481866464018819 0.31111877635121343 0.4454926027266290
0.19524091482162476 0.22426685020327569 0.12102859020233155 0.4454926027266290
0.44186830497346813 0.16362051703035832 0.10568215996026993 0.3622561051491510
0.60197636606171723 0.16362051703035832 0.10568215996026993 0.3622561051491510
0.44186830497346813 0.2528987914323807 0.10568215996026993 0.3622561051491510
0.44186830497346813 0.16362051703035832 0.43041371554136276 0.3622561051491510
0.44186830497346813 0.16362051703035832 0.10568215996026993 0.3960323662121170
0.60197636606171723 0.2528987914323807 0.43041371554136276 0.3960323662121170
0.083486325712874537 0.40314984582364566 0.32524608746171002 0.3234088430467560
0.10670757652260363 0.40314984582364566 0.32524608746171002 0.3234088430467560
0.083486325712874537 0.45598483532667167 0.32524608746171002 0.3234088430467560
0.083486325712874537 0.40314984582364566 0.26520726270973682 0.3234088430467560
0.083486325712874537 0.40314984582364566 0.32524608746171002 0.3322826226548550
0.10670757652260363 0.45598483532667167 0.26520726270973682 0.3322826226548550
0.28878823057748376 0.25496766492724421 0.23839397728443146 0.4547855856902970
0.25603128760121763 0.25496766492724421 0.23839397728443146 0.4547855856902970
0.28878823057748376 0.3546930905431509 0.23839397728443146 0.4547855856902970
0.28878823057748376 0.25496766492724421 0.37090469151735306 0.4547855856902970
0.28878823057748376 0.25496766492724421 0.23839397728443146 0.0489693118344964
0.25603128760121763 0.3546930905431509 0.37090469151735306 0.0489693118344964
0.56144741545431309 0.31502916812896731 0.41733929142355919 0.1589721826263310
0.45137323942035429 0.31502916812896731 0.41733929142355919 0.1589721826263310
0.56144741545431309 0.15165148787200453 0.41733929142355919 0.1589721826263310
0.56144741545431309 0.31502916812896731 0.13699005134403708 0.1589721826263310
0.56144741545431309 0.31502916812896731 0.41733929142355919 0.4527856740681180
0.45137323942035429 0.15165148787200453 0.13699005134403708 0.4527856740681180
0.66916292738169425 0.24012954346835613 0.36216157637536528 0.0296724653837394
0.48764650668017562 0.24012954346835613 0.36216157637536528 0.0296724653837394
0.66916292738169425 0.23935403563082219 0.36216157637536528 0.0296724653837394
0.66916292738169425 0.24012954346835613 0.34901132471859453 0.0296724653837394
0.66916292738169425 0.24012954346835613 0.36216157637536528 0.2054474362209280
0.48764650668017562 0.23935403563082219 0.34901132471859453 0.2054474362209280
0.30580168804153796 0.37986652739346027 0.18165387548506262 0.4944697957125030
0.30244584642350669 0.37986652739346027 0.18165387548506262 0.4944697957125030
0.30580168804153796 0.44239344485104082 0.18165387548506262 0.4944697957125030
0.30580168804153796 0.37986652739346027 0.15871254354715347 0.4944697957125030
0.30580168804153796 0.37986652739346027 0.18165387548506262 0.4722517022377880
0.30244584642350669 0.44239344485104082 0.15871254354715347 0.4722517022377880
0.19096379810944197 0.12844619899988174 0.49526372663676743 0.2656621106710180
0.1416865206323564 0.12844619899988174 0.49526372663676743 0.2656621106710180
0.19096379810944197 0.34368805214762688 0.49526372663676743 0.2656621106710180
0.19096379810944197 0.12844619899988174 0.45201411433517935 0.2656621106710180
0.19096379810944197 0.12844619899988174 0.49526372663676743 0.3643099972440510
0.1416865206323564 0.34368805214762688 0.45201411433517935 0.3643099972440510
0.45848502665758128 0.48832492604851729 0.27413723357021813 0.3900130040018230
0.64712635879404834 0.48832492604851729 0.27413723357021813 0.3900130040018230
0.45848502665758128 0.14059847965836525 0.27413723357021813 0.3900130040018230
0.45848502665758128 0.48832492604851729 0.24299648851156236 0.3900130040018230
0.45848502665758128 0.48832492604851729 0.27413723357021813 0.2342396000073400
0.64712635879404834 0.14059847965836525 0.24299648851156236 0.2342396000073400
0.49680738858878604 0.14282003603875637 0.34613996185362339 0.2087548998058090
0.23134069386869666 0.14282003603875637 0.34613996185362339 0.2087548998058090
0.49680738858878604 0.43680654130876062 0.34613996185362339 0.2087548998058090
0.49680738858878604 0.14282003603875637 0.1791977196931839 0.2087548998058090
0.49680738858878604 0.14282003603875637 0.34613996185362339 0.3800281915884400
0.23134069386869666 0.43680654130876062 0.1791977196931839 0.3800281915884400
0.19374375017359852 0.47785733975470068 0.12195560894906521 0.4390450973582380
0.39621320194564752 0.47785733975470068 0.12195560894906521 0.4390450973582380
0.19374375017359852 0.23359442166984082 0.12195560894906521 0.4390450973582380
0.19374375017359852 0.47785733975470068 0.31310244239866736 0.4390450973582380
0.19374375017359852 0.47785733975470068 0.12195560894906521 0.2099684761932320
0.39621320194564752 0.23359442166984082 0.31310244239866736 0.2099684761932320
0.32334026051685211 0.22654918134212496 0.41049264557659626 0.2875506247600700
0.5760057332459837 0.22654918134212496 0.41049264557659626 0.2875506247600700
0.32334026051685211 0.13332806527614594 0.41049264557659626 0.2875506247600700
0.32334026051685211 0.22654918134212496 0.21987449526786806 0.2875506247600700
0.32334026051685211 0.22654918134212496 0.41049264557659626 0.1817768365277510
0.5760057332459837 0.13332806527614594 0.21987449526786806 0.1817768365277510
0.69177452046424148 0.39110313877463343 0.23318929187953474 0.3827290045445400
0.050268737319856885 0.39110313877463343 0.23318929187953474 0.3827290045445400
0.69177452046424148 0.33648696988821031 0.23318929187953474 0.3827290045445400
0.69177452046424148 0.39110313877463343 0.48509086705744264 0.3827290045445400
0.69177452046424148 0.39110313877463343 0.23318929187953474 0.4822666284066850
0.050268737319856885 0.33648696988821031 0.48509086705744264 0.4822666284066850
0.55390516179613769 0.26639949269592766 0.19051456823945045 0.4127196849681280
0.17777507570572199 0.26639949269592766 0.19051456823945045 0.4127196849681280
0.55390516179613769 0.47419018670916557 0.19051456823945045 0.4127196849681280
0.55390516179613769 0.26639949269592766 0.29770034290850167 0.4127196849681280
0.55390516179613769 0.26639949269592766 0.19051456823945045 0.0292399631814768
0.17777507570572199 0.47419018670916557 0.29770034290850167 0.0292399631814768
0.25586045631207521 0.30125359110534189 0.36625553518533704 0.2345476396946830
0.69337046770378941 0.30125359110534189 0.36625553518533704 0.2345476396946830
0.25586045631207521 0.27102775350213049 0.36625553518533704 0.2345476396946830
0.25586045631207521 0.30125359110534189 0.40670347213745117 0.2345476396946830
0.25586045631207521 0.30125359110534189 0.36625553518533704 0.4590400154732380
0.69337046770378941 0.27102775350213049 0.40670347213745117 0.4590400154732380
0.055477665411308413 0.15295771434903147 0.25447633489966393 0.4778820806457590
0.52245496213436127 0.15295771434903147 0.25447633489966393 0.4778820806457590
0.055477665411308413 0.17129696942865849 0.25447633489966393 0.4778820806457590
0.055477665411308413 0.15295771434903147 0.10088359154760838 0.4778820806457590
0.055477665411308413 0.15295771434903147 0.25447633489966393 0.4049579929060800
0.52245496213436127 0.17129696942865849 0.10088359154760838 0.4049579929060800
0.42908955453895026 0.41771889775991444 0.47709812223911285 0.0794900755135437
0.34741109791211777 0.41771889775991444 0.47709812223911285 0.0794900755135437
0.42908955453895026 0.37450689561665063 0.47709812223911285 0.0794900755135437
0.42908955453895026 0.41771889775991444 0.39119686782360075 0.0794900755135437
0.42908955453895026 0.41771889775991444 0.47709812223911285 0.3211310943740830
0.34741109791211777 0.37450689561665063 0.39119686782360075 0.3211310943740830
0.38056083275005215 0.21657348386943343 0.28423170968890188 0.2483609724023170
0.42948376596905286 0.21657348386943343 0.28423170968890188 0.2483609724023170
0.38056083275005215 0.30304043106734757 0.28423170968890188 0.2483609724023170
0.38056083275005215 0.21657348386943343 0.25682433396577836 0.2483609724023170
0.38056083275005215 0.21657348386943343 0.28423170968890188 0.1156079363770600
0.42948376596905286 0.30304043106734757 0.25682433396577836 0.1156079363770600
0.10416759569197892 0.35024952180683611 0.45997398495674136 0.4009421292334900
0.27919025840237732 0.35024952180683611 0.45997398495674136 0.4009421292334900
0.10416759569197892 0.1062277551740408 0.45997398495674136 0.4009421292334900
0.10416759569197892 0.35024952180683611 0.44777479656040675 0.4009421292334900
0.10416759569197892 0.35024952180683611 0.45997398495674136 0.4378345843064830
0.27919025840237732 0.1062277551740408 0.44777479656040675 0.4378345843064830
0.22883440069854255 0.10156911164522171 0.17319361642003062 0.0570391778867196
0.12415376808494329 0.10156911164522171 0.17319361642003062 0.0570391778867196
0.22883440069854255 0.20493313521146775 0.17319361642003062 0.0570391778867196
0.22883440069854255 0.10156911164522171 0.14107600897550585 0.0570391778867196
0.22883440069854255 0.10156911164522171 0.17319361642003062 0.4132690820843620
0.12415376808494329 0.20493313521146775 0.14107600897550585 0.4132690820843620
0.58077496560290454 0.46827742233872416 0.39581709951162336 0.4863304773896910
0.58326067714951935 0.46827742233872416 0.39581709951162336 0.4863304773896910
0.58077496560290454 0.40179597437381742 0.39581709951162336 0.4863304773896910
0.58077496560290454 0.46827742233872416 0.35080914087593562 0.4863304773896910
0.58077496560290454 0.46827742233872416 0.39581709951162336 0.2949676606333570
0.58326067714951935 0.40179597437381742 0.35080914087593562 0.2949676606333570
0.64857959006913002 0.19298173524439335 0.42736205048859122 0.4640827492588720
0.61950418613851066 0.19298173524439335 0.42736205048859122 0.4640827492588720
0.64857959006913002 0.38910577669739721 0.42736205048859122 0.4640827492588720
0.64857959006913002 0.19298173524439335 0.16322558112442492 0.4640827492588720
0.64857959006913002 0.19298173524439335 0.42736205048859122 0.3455168828797440
0.61950418613851066 0.38910577669739721 0.16322558112442492 0.3455168828797440
0.36700874804519112 0.4268655624240637 0.20317595414817335 0.1376292255800210
0.17057824875228106 0.4268655624240637 0.20317595414817335 0.1376292255800210
0.36700874804519112 0.192244940251112 0.20317595414817335 0.1376292255800210
0.36700874804519112 0.4268655624240637 0.32926989644765858 0.1376292255800210
0.36700874804519112 0.4268655624240637 0.20317595414817335 0.2762475887983930
0.17057824875228106 0.192244940251112 0.32926989644765858 0.2762475887983930
0.17157548922114074 0.27514848038554196 0.31671411134302618 0.3500589863886410
0.31419895594008262 0.27514848038554196 0.31671411134302618 0.3500589863886410
0.17157548922114074 0.29353669770061974 0.31671411134302618 0.3500589863886410
0.17157548922114074 0.27514848038554196 0.23496773131191731 0.3500589863886410
0.17157548922114074 0.27514848038554196 0.31671411134302618 0.1545576502104060
0.31419895594008262 0.29353669770061974 0.23496773131191731 0.1545576502104060
0.51849713572300971 0.34167376160621643 0.139409401640296 0.3376682383023410
0.47462384169921273 0.34167376160621643 0.139409401640296 0.3376682383023410
0.51849713572300971 0.49035309292376039 0.139409401640296 0.3376682383023410
0.51849713572300971 0.34167376160621643 0.46980232149362566 0.3376682383023410
0.51849713572300971 0.34167376160621643 0.139409401640296 0.4845301493347540
0.47462384169921273 0.49035309292376039 0.46980232149362566 0.4845301493347540
0.52472932143136852 0.20298518575727942 0.30265349783003331 0.4038916158544430
0.55289816656149926 0.20298518575727942 0.30265349783003331 0.4038916158544430
0.52472932143136852 0.3660552620887757 0.30265349783003331 0.4038916158544430
0.52472932143136852 0.20298518575727942 0.42436411045491695 0.4038916158544430
0.52472932143136852 0.20298518575727942 0.30265349783003331 0.4817852652605470
0.55289816656149926 0.3660552620887757 0.42436411045491695 0.4817852652605470
0.16582120228558778 0.36774025522172449 0.1284674044698477 0.2531277139544010
0.073186637554317716 0.36774025522172449 0.1284674044698477 0.2531277139544010
0.16582120228558778 0.16293946653604507 0.1284674044698477 0.2531277139544010
0.16582120228558778 0.36774025522172449 0.28336576744914055 0.2531277139544010
0.16582120228558778 0.36774025522172449 0.1284674044698477 0.1885284500026710
0.073186637554317716 0.16293946653604507 0.28336576744914055 0.1885284500026710
0.3715697463601827 0.11632930859923363 0.44141962416470049 0.4844606766114220
0.24885318744927643 0.11632930859923363 0.44141962416470049 0.4844606766114220
0.3715697463601827 0.26345455311238763 0.44141962416470049 0.4844606766114220
0.3715697463601827 0.11632930859923363 0.37734482847154138 0.4844606766114220
0.3715697463601827 0.11632930859923363 0.44141962416470049 0.2178776155861840
0.24885318744927643 0.26345455311238763 0.37734482847154138 0.2178776155861840
0.64354440988972783 0.45117729008197782 0.21411491148173811 0.0509410537906971
0.37849124423228198 0.45117729008197782 0.21411491148173811 0.0509410537906971
0.64354440988972783 0.46651675216853616 0.21411491148173811 0.0509410537906971
0.64354440988972783 0.45117729008197782 0.11765957698225976 0.0509410537906971
0.64354440988972783 0.45117729008197782 0.21411491148173811 0.3777668295739750
0.37849124423228198 0.46651675216853616 0.11765957698225976 0.3777668295739750
0.58692505364306269 0.17646677903831007 0.15913557186722757 0.1424982302163530
0.50490657314658161 0.17646677903831007 0.15913557186722757 0.1424982302163530
0.58692505364306269 0.32921937145292757 0.15913557186722757 0.1424982302163530
0.58692505364306269 0.17646677903831007 0.30585423931479455 0.1424982302163530
0.58692505364306269 0.17646677903831007 0.15913557186722757 0.3203032313520510
0.50490657314658161 0.32921937145292757 0.30585423931479455 0.3203032313520510
0.22283994941972196 0.44103905744850636 0.38487785011529929 0.4658968230063060
0.36508724200539283 0.44103905744850636 0.38487785011529929 0.4658968230063060
0.22283994941972196 0.12615478821098805 0.38487785011529929 0.4658968230063060
0.22283994941972196 0.44103905744850636 0.18976054154336452 0.4658968230063060
0.22283994941972196 0.44103905744850636 0.38487785011529929 0.4085367958238990
0.36508724200539283 0.12615478821098805 0.18976054154336452 0.4085367958238990
0.10880511510185897 0.2928352877497673 0.2982927940785885 0.3338138527451450
0.20083679002709687 0.2928352877497673 0.2982927940785885 0.3338138527451450
0.10880511510185897 0.22564294561743736 0.2982927940785885 0.3338138527451450
0.10880511510185897 0.2928352877497673 0.49634298011660583 0.3338138527451450
0.10880511510185897 0.2928352877497673 0.2982927940785885 0.4627600202403590
0.20083679002709687 0.22564294561743736 0.49634298011660583 0.4627600202403590
0.37576148011721666 0.32789091542363169 0.47091627418994908 0.3462488737010680
0.67041663331910961 0.32789091542363169 0.47091627418994908 0.3462488737010680
0.37576148011721666 0.4287546403706074 0.47091627418994908 0.3462488737010680
0.37576148011721666 0.32789091542363169 0.21155777238309384 0.3462488737010680
0.37576148011721666 0.32789091542363169 0.47091627418994908 0.0236841535641185
0.67041663331910961 0.4287546403706074 0.21155777238309384 0.0236841535641185
0.43389323912560934 0.12513322718441489 0.26541539356112481 0.4368163116150140
0.10092346351593733 0.12513322718441489 0.26541539356112481 0.4368163116150140
0.43389323912560934 0.49410534650087357 0.26541539356112481 0.4368163116150140
0.43389323912560934 0.12513322718441489 0.33968526534736154 0.4368163116150140
0.43389323912560934 0.12513322718441489 0.26541539356112481 0.3017404164637430
0.10092346351593733 0.49410534650087357 0.33968526534736154 0.3017404164637430
0.050834564585238697 0.49164018742740156 0.49115635752677922 0.2044599023252230
0.60668068691156807 0.49164018742740156 0.49115635752677922 0.2044599023252230
0.050834564585238697 0.29719405770301821 0.49115635752677922 0.2044599023252230
0.050834564585238697 0.49164018742740156 0.15573420003056526 0.2044599023252230
0.050834564585238697 0.49164018742740156 0.49115635752677922 0.4115758219189110
0.60668068691156807 0.29719405770301821 0.15573420003056526 0.4115758219189110
0.261849335860461 0.24306413903832436 0.17957246974110605 0.3858564818086090
0.44688343987800172 0.24306413903832436 0.17957246974110605 0.3858564818086090
0.261849335860461 0.19824299924075606 0.17957246974110605 0.3858564818086090
0.261849335860461 0.24306413903832436 0.46163304559886453 0.3858564818086090
0.261849335860461 0.24306413903832436 0.17957246974110605 0.4369636372352370
0.44688343987800172 0.19824299924075606 0.46163304559886453 0.4369636372352370
0.54775941539555784 0.37692964226007464 0.35219426006078725 0.2918373705243470
0.26200016485527156 0.37692964226007464 0.35219426006078725 0.2918373705243470
0.54775941539555784 0.39520483277738094 0.35219426006078725 0.2918373705243470
0.54775941539555784 0.37692964226007464 0.24646301642060281 0.2918373705243470
0.54775941539555784 0.37692964226007464 0.35219426006078725 0.1227542051783070
0.26200016485527156 0.39520483277738094 0.24646301642060281 0.1227542051783070
0.69681403744034465 0.25163929723203182 0.42143445201218133 0.2293981411672720
0.29683529366739092 0.25163929723203182 0.42143445201218133 0.2293981411672720
0.69681403744034465 0.40751370377838614 0.42143445201218133 0.2293981411672720
0.69681403744034465 0.25163929723203182 0.43329431787133221 0.2293981411672720
0.69681403744034465 0.25163929723203182 0.42143445201218133 0.4881599016669320
0.29683529366739092 0.40751370377838614 0.43329431787133221 0.4881599016669320
0.31877367594279343 0.31835372187197208 0.24725009612739088 0.4096072405205500
0.49185986509546631 0.31835372187197208 0.24725009612739088 0.4096072405205500
0.31877367594279343 0.2105557803064585 0.24725009612739088 0.4096072405205500
0.31877367594279343 0.31835372187197208 0.27424024455249307 0.4096072405205500
0.31877367594279343 0.31835372187197208 0.24725009612739088 0.1510374537714430
0.49185986509546631 0.2105557803064585 0.27424024455249307 0.1510374537714430
0.19949246053583919 0.16654601097106936 0.33520119525492192 0.0850279863830462
0.64278038181364527 0.16654601097106936 0.33520119525492192 0.0850279863830462
0.19949246053583919 0.10950359776616098 0.33520119525492192 0.0850279863830462
0.19949246053583919 0.16654601097106936 0.36773102357983589 0.0850279863830462
0.19949246053583919 0.16654601097106936 0.33520119525492192 0.2748033557049450
0.64278038181364527 0.10950359776616098 0.36773102357983589 0.2748033557049450
0.49057954936288289 0.4002281658351422 0.10789784453809262 0.4796056679534880
0.1471942118834704 0.4002281658351422 0.10789784453809262 0.4796056679534880
0.49057954936288289 0.30641746148467064 0.10789784453809262 0.4796056679534880
0.49057954936288289 0.4002281658351422 0.12746869139373304 0.4796056679534880
0.49057954936288289 0.4002281658351422 0.10789784453809262 0.3494388118889500
0.1471942118834704 0.30641746148467064 0.12746869139373304 0.3494388118889500
0.46288734204135829 0.15589533858001234 0.48745606355369098 0.3204927842218980
0.40040068486705416 0.15589533858001234 0.48745606355369098 0.3204927842218980
0.46288734204135829 0.2163004469126463 0.48745606355369098 0.3204927842218980
0.46288734204135829 0.15589533858001234 0.28866696916520596 0.3204927842218980
0.46288734204135829 0.15589533858001234 0.48745606355369098 0.2616982187003130
0.40040068486705416 0.2163004469126463 0.28866696916520596 0.2616982187003130
0.18703946140594779 0.41478508897125721 0.2569483656436205 0.3595708332700930
0.2256742010358721 0.41478508897125721 0.2569483656436205 0.3595708332700930
0.18703946140594779 0.41309100054204462 0.2569483656436205 0.3595708332700930
0.18703946140594779 0.41478508897125721 0.4038225017488003 0.3595708332700930
0.18703946140594779 0.41478508897125721 0.2569483656436205 0.3597357007659060
0.2256742010358721 0.41309100054204462 0.4038225017488003 0.3597357007659060
0.3109230278525501 0.26308344453573229 0.36997227929532528 0.1652742939397840
0.055720788752660157 0.26308344453573229 0.36997227929532528 0.1652742939397840
0.3109230278525501 0.31360283046960835 0.36997227929532528 0.1652742939397840
0.3109230278525501 0.26308344453573229 0.11040534637868404 0.1652742939397840
0.3109230278525501 0.26308344453573229 0.36997227929532528 0.4936672597314680
0.055720788752660157 0.31360283046960835 0.11040534637868404 0.4936672597314680
0.66356733064167195 0.30456582382321362 0.19884578324854374 0.4573684093279870
0.57163356114178898 0.30456582382321362 0.19884578324854374 0.4573684093279870
0.66356733064167195 0.1167651653289795 0.19884578324854374 0.4573684093279870
0.66356733064167195 0.30456582382321362 0.39437090680003173 0.4573684093279870
0.66356733064167195 0.30456582382321362 0.19884578324854374 0.1352631161036600
0.57163356114178898 0.1167651653289795 0.39437090680003173 0.1352631161036600
0.56560886185616255 0.22947164811193943 0.23058298230171204 0.4922890825808890
0.69801913904957469 0.22947164811193943 0.23058298230171204 0.4922890825808890
0.56560886185616255 0.27907470539212231 0.23058298230171204 0.4922890825808890
0.56560886185616255 0.22947164811193943 0.18217645809054375 0.4922890825808890
0.56560886185616255 0.22947164811193943 0.23058298230171204 0.4483832469025610
0.69801913904957469 0.27907470539212231 0.18217645809054375 0.4483832469025610
0.28478234102949496 0.3881783839315176 0.40014691278338432 0.0218425461197166
0.17196475788950918 0.3881783839315176 0.40014691278338432 0.0218425461197166
0.28478234102949496 0.4759149454534054 0.40014691278338432 0.0218425461197166
0.28478234102949496 0.3881783839315176 0.32242887280881405 0.0218425461197166
0.28478234102949496 0.3881783839315176 0.40014691278338432 0.0937081559390023
0.17196475788950918 0.4759149454534054 0.32242887280881405 0.0937081559390023
0.088842953089624643 0.13949474319815636 0.11349011510610581 0.3925415123777840
0.3533541093580424 0.13949474319815636 0.11349011510610581 0.3925415123777840
0.088842953089624643 0.37539987154304988 0.11349011510610581 0.3925415123777840
0.088842953089624643 0.13949474319815636 0.2164075754582882 0.3925415123777840
0.088842953089624643 0.13949474319815636 0.11349011510610581 0.2816762678509650
0.3533541093580424 0.37539987154304988 0.2164075754582882 0.2816762678509650
0.43634991943836204 0.48118492066860197 0.34243542626500134 0.2694473064927740
0.51790923220105467 0.48118492066860197 0.34243542626500134 0.2694473064927740
0.43634991943836204 0.17861322797834875 0.34243542626500134 0.2694473064927740
0.43634991943836204 0.48118492066860197 0.47547156773507593 0.2694473064927740
0.43634991943836204 0.48118492066860197 0.34243542626500134 0.4250277639877360
0.51790923220105467 0.17861322797834875 0.47547156773507593 0.4250277639877360
0.41392591581679877 0.27847367189824579 0.1493643417954445 0.1109154091647230
0.27375328405760224 0.27847367189824579 0.1493643417954445 0.1109154091647230
0.41392591581679877 0.14386550448834898 0.1493643417954445 0.1109154091647230
0.41392591581679877 0.27847367189824579 0.17235666029155255 0.1109154091647230
0.41392591581679877 0.27847367189824579 0.1493643417954445 0.4509525751351550
0.27375328405760224 0.14386550448834898 0.17235666029155255 0.4509525751351550
0.11142809013836086 0.33834628202021122 0.3189299620687962 0.4715114415585550
0.43386078458279365 0.33834628202021122 0.3189299620687962 0.4715114415585550
0.11142809013836086 0.34704939238727095 0.3189299620687962 0.4715114415585550
0.11142809013836086 0.33834628202021122 0.33205335512757306 0.4715114415585550
0.11142809013836086 0.33834628202021122 0.3189299620687962 0.0601958872994013
0.43386078458279365 0.34704939238727095 0.33205335512757306 0.0601958872994013
0.24053828842006619 0.19005935788154604 0.20727132856845856 0.2115162539734090
0.57905850457027552 0.19005935788154604 0.20727132856845856 0.2115162539734090
0.24053828842006619 0.44810158610343931 0.20727132856845856 0.2115162539734090
0.24053828842006619 0.19005935788154604 0.22554377727210523 0.2115162539734090
0.24053828842006619 0.19005935788154604 0.20727132856845856 0.3368909180912860
0.57905850457027552 0.44810158610343931 0.22554377727210523 0.3368909180912860
0.60969674256630235 0.42979022786021237 0.43621795400977137 0.4204952024421520
0.12981518195010722 0.42979022786021237 0.43621795400977137 0.4204952024421520
0.60969674256630235 0.24496175795793534 0.43621795400977137 0.4204952024421520
0.60969674256630235 0.42979022786021237 0.46653067544102667 0.4204952024421520
0.60969674256630235 0.42979022786021237 0.43621795400977137 0.3954646470673100
0.12981518195010722 0.24496175795793534 0.46653067544102667 0.3954646470673100
0.63616225207224486 0.10488526113331319 0.39373552761971953 0.3738033487264020
0.16464039376005529 0.10488526113331319 0.39373552761971953 0.3738033487264020
0.63616225207224486 0.15766523703932764 0.39373552761971953 0.3738033487264020
0.63616225207224486 0.10488526113331319 0.25374798849225044 0.3738033487264020
0.63616225207224486 0.10488526113331319 0.39373552761971953 0.2306451011966400
0.16464039376005529 0.15766523703932764 0.25374798849225044 0.2306451011966400
0.33880173861980434 0.46496508829295635 0.16322646774351596 0.3065235248621650
0.62406468321569264 0.46496508829295635 0.16322646774351596 0.3065235248621650
0.33880173861980434 0.36080096438527109 0.16322646774351596 0.3065235248621650
0.33880173861980434 0.46496508829295635 0.4385461669415236 0.3065235248621650
0.33880173861980434 0.46496508829295635 0.16322646774351596 0.3693456082088660
0.62406468321569264 0.36080096438527109 0.4385461669415236 0.3693456082088660
0.13765556495636699 0.21363577023148539 0.45125236026942728 0.4461445796167400
0.46997040132991963 0.21363577023148539 0.45125236026942728 0.4461445796167400
0.13765556495636699 0.45975201167166235 0.45125236026942728 0.4461445796167400
0.13765556495636699 0.21363577023148539 0.14444541707634928 0.4461445796167400
0.13765556495636699 0.21363577023148539 0.45125236026942728 0.4751346536547090
0.46997040132991963 0.45975201167166235 0.14444541707634928 0.4751346536547090
0.51179264476522801 0.3531834200024605 0.28012412674725057 0.1841179198285950
0.31999427415430542 0.3531834200024605 0.28012412674725057 0.1841179198285950
0.51179264476522801 0.25656573958694939 0.28012412674725057 0.1841179198285950
0.51179264476522801 0.3531834200024605 0.36052614562213425 0.1841179198285950
0.51179264476522801 0.3531834200024605 0.28012412674725057 0.2044646007465330
0.31999427415430542 0.25656573958694939 0.36052614562213425 0.2044646007465330
0.50441311420872803 0.12352175600826741 0.18545736968517304 0.2752582563098290
0.66821504128165543 0.12352175600826741 0.18545736968517304 0.2752582563098290
0.50441311420872803 0.24259206987917425 0.18545736968517304 0.2752582563098290
0.50441311420872803 0.12352175600826741 0.10377927683293819 0.2752582563098290
0.50441311420872803 0.12352175600826741 0.18545736968517304 0.0668940329817156
0.66821504128165543 0.24259206987917425 0.10377927683293819 0.0668940329817156
0.14550996385514736 0.45897393338382242 0.3581784091889858 0.3951893461850200
0.20307770622894167 0.45897393338382242 0.3581784091889858 0.3951893461850200
0.14550996385514736 0.43952767737209797 0.3581784091889858 0.3951893461850200
0.14550996385514736 0.45897393338382242 0.38851488158106806 0.3951893461850200
0.14550996385514736 0.45897393338382242 0.3581784091889858 0.4577959548659580
0.20307770622894167 0.43952767737209797 0.38851488158106806 0.4577959548659580
0.35125846434384578 0.20717618241906166 0.27110507041215898 0.0428705943579915
0.36288502886891361 0.20717618241906166 0.27110507041215898 0.0428705943579915
0.35125846434384578 0.33999220654368401 0.27110507041215898 0.0428705943579915
0.35125846434384578 0.20717618241906166 0.29451178871095185 0.0428705943579915
0.35125846434384578 0.20717618241906166 0.27110507041215898 0.3926603107351330
0.36288502886891361 0.33999220654368401 0.29451178871095185 0.3926603107351330
0.62322817845270029 0.37209608703851704 0.49694510474801068 0.4989913027534780
0.50714811044745145 0.37209608703851704 0.49694510474801068 0.4989913027534780
0.62322817845270029 0.14310409203171731 0.49694510474801068 0.4989913027534780
0.62322817845270029 0.37209608703851704 0.41045977696776392 0.4989913027534780
0.62322817845270029 0.37209608703851704 0.49694510474801068 0.3266263112760890
0.50714811044745145 0.14310409203171731 0.41045977696776392 0.3266263112760890
0.60723629691638048 0.29700038693845277 0.32946280352771284 0.4495155888545750
0.39088957030326121 0.29700038693845277 0.32946280352771284 0.4495155888545750
0.60723629691638048 0.25580737888813021 0.32946280352771284 0.4495155888545750
0.60723629691638048 0.29700038693845277 0.22228875383734703 0.4495155888545750
0.60723629691638048 0.29700038693845277 0.32946280352771284 0.3723685693729620
0.39088957030326121 0.25580737888813021 0.22228875383734703 0.3723685693729620
0.24315614211373027 0.3322695944458246 0.10206015594303608 0.1492818372370340
0.23649480543099344 0.3322695944458246 0.10206015594303608 0.1492818372370340
0.24315614211373027 0.45269177407026295 0.10206015594303608 0.1492818372370340
0.24315614211373027 0.3322695944458246 0.48212126456201077 0.1492818372370340
0.24315614211373027 0.3322695944458246 0.10206015594303608 0.2440147291984500
0.23649480543099344 0.45269177407026295 0.48212126456201077 0.2440147291984500
0.12912136106751859 0.18368511199951174 0.41550065837800509 0.3566257958276750
0.085584344947710639 0.18368511199951174 0.41550065837800509 0.3566257958276750
0.12912136106751859 0.35223010741174221 0.41550065837800509 0.3566257958276750
0.12912136106751859 0.18368511199951174 0.17551402971148491 0.3566257958276750
0.12912136106751859 0.18368511199951174 0.41550065837800509 0.1996018067153850
0.085584344947710639 0.35223010741174221 0.17551402971148491 0.1996018067153850
0.3960727572906762 0.44881286546587951 0.24121718443930151 0.3153588233377490
0.54054040322080255 0.44881286546587951 0.24121718443930151 0.3153588233377490
0.3960727572906762 0.15529249720275404 0.24121718443930151 0.3153588233377490
0.3960727572906762 0.44881286546587951 0.31656042598187928 0.3153588233377490
0.3960727572906762 0.44881286546587951 0.24121718443930151 0.4687247406105760
0.54054040322080255 0.15529249720275404 0.31656042598187928 0.4687247406105760
0.45420199800282712 0.24834618009626866 0.44823156259953978 0.1780403088160410
0.13479692824184894 0.24834618009626866 0.44823156259953978 0.1780403088160410
0.45420199800282712 0.12069125659763813 0.44823156259953978 0.1780403088160410
0.45420199800282712 0.24834618009626866 0.2321955244988203 0.1780403088160410
0.45420199800282712 0.24834618009626866 0.44823156259953978 0.3565768743835140
0.13479692824184894 0.12069125659763813 0.2321955244988203 0.3565768743835140
0.071148292254656548 0.38165622316300873 0.22083065249025824 0.4445157713582990
0.65513826380483797 0.38165622316300873 0.22083065249025824 0.4445157713582990
0.071148292254656548 0.32373314239084722 0.22083065249025824 0.4445157713582990
0.071148292254656548 0.38165622316300873 0.47240980342030525 0.4445157713582990
0.071148292254656548 0.38165622316300873 0.22083065249025824 0.2489682045572610
0.65513826380483797 0.32373314239084722 0.47240980342030525 0.2489682045572610
0.28216308774426574 0.13346850499510765 0.3092700343579054 0.2964998955880150
0.47946196277625852 0.13346850499510765 0.3092700343579054 0.2964998955880150
0.28216308774426574 0.42482958808541305 0.3092700343579054 0.2964998955880150
0.28216308774426574 0.13346850499510765 0.16648616306483746 0.2964998955880150
0.28216308774426574 0.13346850499510765 0.3092700343579054 0.1409592954992480
0.47946196277625852 0.42482958808541305 0.16648616306483746 0.1409592954992480
0.56806821785867212 0.49976189434528351 0.13498792238533497 0.3640733972317000
0.30919379433616989 0.49976189434528351 0.13498792238533497 0.3640733972317000
0.56806821785867212 0.22174326106905939 0.13498792238533497 0.3640733972317000
0.56806821785867212 0.49976189434528351 0.32539297714829446 0.3640733972317000
0.56806821785867212 0.49976189434528351 0.13498792238533497 0.4994853977885790
0.30919379433616989 0.22174326106905939 0.32539297714829446 0.4994853977885790
0.67650032429955897 0.17485540322959425 0.29172497242689133 0.4285665318923400
0.2642021818552166 0.17485540322959425 0.29172497242689133 0.4285665318923400
0.67650032429955897 0.18405299037694933 0.29172497242689133 0.4285665318923400
0.67650032429955897 0.17485540322959425 0.13858686462044717 0.4285665318923400
0.67650032429955897 0.17485540322959425 0.29172497242689133 0.0873667650134846
0.2642021818552166 0.18405299037694933 0.13858686462044717 0.0873667650134846
0.29846491222269828 0.40837270803749559 0.46444469764828689 0.2241219161634760
0.44464140133932228 0.40837270803749559 0.46444469764828689 0.2241219161634760
0.29846491222269828 0.38714151084423065 0.46444469764828689 0.2241219161634760
0.29846491222269828 0.40837270803749559 0.3539026033133269 0.2241219161634760
0.29846491222269828 0.40837270803749559 0.46444469764828689 0.4413082283322600
0.44464140133932228 0.38714151084423065 0.3539026033133269 0.4413082283322600
0.17918366291560234 0.25694723576307299 0.15237252712249758 0.4729692828417140
0.60888208281248801 0.25694723576307299 0.15237252712249758 0.4729692828417140
0.17918366291560234 0.48604220561683176 0.15237252712249758 0.4729692828417140
0.17918366291560234 0.25694723576307299 0.26038779094815256 0.4729692828417140
0.17918366291560234 0.25694723576307299 0.15237252712249758 0.4275513209913270
0.60888208281248801 0.48604220561683176 0.26038779094815256 0.4275513209913270
0.47026578295044597 0.32305745556950571 0.37821087166666989 0.1180679885533440
0.098682046076282864 0.32305745556950571 0.37821087166666989 0.1180679885533440
0.47026578295044597 0.28300384841859338 0.37821087166666989 0.1180679885533440
0.47026578295044597 0.32305745556950571 0.44438845925033099 0.1180679885533440
0.47026578295044597 0.32305745556950571 0.37821087166666989 0.2933296442115440
0.098682046076282864 0.28300384841859338 0.44438845925033099 0.2933296442115440
0.48320106486789877 0.27051540277898312 0.20153291299939158 0.3440040040022410
0.53602014137431975 0.27051540277898312 0.20153291299939158 0.3440040040022410
0.48320106486789877 0.39283819571137435 0.20153291299939158 0.3440040040022410
0.48320106486789877 0.27051540277898312 0.38322641216218478 0.3440040040022410
0.48320106486789877 0.27051540277898312 0.20153291299939158 0.4194163660141760
0.53602014137431975 0.39283819571137435 0.38322641216218478 0.4194163660141760
0.20734821544028814 0.31183303929865358 0.43038028925657279 0.3297405632263910
0.33528252434916789 0.31183303929865358 0.43038028925657279 0.3297405632263910
0.20734821544028814 0.18967824503779412 0.43038028925657279 0.3297405632263910
0.20734821544028814 0.31183303929865358 0.12430815324187279 0.3297405632263910
0.20734821544028814 0.31183303929865358 0.43038028925657279 0.3054627759685910
0.33528252434916789 0.18967824503779412 0.12430815324187279 0.3054627759685910
0.33123183515854177 0.16051819920539856 0.14343052431941034 0.4588519700093250
0.19007504838518796 0.16051819920539856 0.14343052431941034 0.4588519700093250
0.33123183515854177 0.29013992436230185 0.14343052431941034 0.4588519700093250
0.33123183515854177 0.16051819920539856 0.41770127676427371 0.4588519700093250
0.33123183515854177 0.16051819920539856 0.14343052431941034 0.1047294373039070
0.19007504838518796 0.29013992436230185 0.41770127676427371 0.1047294373039070
0.68388108736835418 0.41880366131663327 0.31289707422256474 0.1270740636520690
0.67994817271828645 0.41880366131663327 0.31289707422256474 0.1270740636520690
0.68388108736835418 0.49335309006273753 0.31289707422256474 0.1270740636520690
0.68388108736835418 0.41880366131663327 0.27749844118952749 0.1270740636520690
0.68388108736835418 0.41880366131663327 0.31289707422256474 0.4345199246141350
0.67994817271828645 0.49335309006273753 0.27749844118952749 0.4345199246141350
0.54530009329318996 0.14409467466175557 0.45713723637163639 0.0690928157728251
0.56371939084492617 0.14409467466175557 0.45713723637163639 0.0690928157728251
0.54530009329318996 0.30566215328872204 0.45713723637163639 0.0690928157728251
0.54530009329318996 0.14409467466175557 0.48971655294299132 0.0690928157728251
0.54530009329318996 0.14409467466175557 0.45713723637163639 0.1672618705086530
0.56371939084492617 0.30566215328872204 0.48971655294299132 0.1672618705086530
0.26446862304583191 0.48522947542369366 0.28610829971730711 0.4908738332979840
0.063674903102219099 0.48522947542369366 0.28610829971730711 0.4908738332979840
0.26446862304583191 0.10245251618325711 0.28610829971730711 0.4908738332979840
0.26446862304583191 0.48522947542369366 0.20570291541516783 0.4908738332979840
0.26446862304583191 0.48522947542369366 0.28610829971730711 0.4901626310703940
0.063674903102219099 0.10245251618325711 0.20570291541516783 0.4901626310703940
0.068529191520065064 0.23692654743790628 0.39942518062889576 0.2581487778987330
0.21775940963998436 0.23692654743790628 0.39942518062889576 0.2581487778987330
0.068529191520065064 0.20198797434568405 0.39942518062889576 0.2581487778987330
0.068529191520065064 0.23692654743790628 0.31169941648840904 0.2581487778987330
0.068529191520065064 0.23692654743790628 0.39942518062889576 0.3395785875497770
0.21775940963998436 0.20198797434568405 0.31169941648840904 0.3395785875497770
0.41604112666100257 0.39541960507631302 0.16901523880660535 0.4057668073350400
0.40835542031563815 0.39541960507631302 0.16901523880660535 0.4057668073350400
0.41604112666100257 0.405150118470192 0.16901523880660535 0.4057668073350400
0.41604112666100257 0.39541960507631302 0.19639664851129057 0.4057668073350400
0.41604112666100257 0.39541960507631302 0.16901523880660535 0.2707447624256590
0.40835542031563815 0.405150118470192 0.19639664851129057 0.2707447624256590
0.39361468222923574 0.19510484747588636 0.3634044814854861 0.4815339942479700
0.327909494144842 0.19510484747588636 0.3634044814854861 0.4815339942479700
0.39361468222923574 0.47045199796557424 0.3634044814854861 0.4815339942479700
0.39361468222923574 0.19510484747588636 0.45577413551509383 0.4815339942479700
0.39361468222923574 0.19510484747588636 0.3634044814854861 0.1731085040815110
0.327909494144842 0.47045199796557424 0.45577413551509383 0.1731085040815110
0.091111887758597729 0.4350493807345629 0.19237418286502361 0.0941739546611753
0.4620157796889543 0.4350493807345629 0.19237418286502361 0.0941739546611753
0.091111887758597729 0.273587916046381 0.19237418286502361 0.0941739546611753
0.091111887758597729 0.4350493807345629 0.23984064236283303 0.0941739546611753
0.091111887758597729 0.4350493807345629 0.19237418286502361 0.4797239618578200
0.4620157796889543 0.273587916046381 0.23984064236283303 0.4797239618578200
0.22022205214016138 0.28637412637472154 0.4806930426508188 0.4186304523436630
0.63197928210720411 0.28637412637472154 0.4806930426508188 0.4186304523436630
0.22022205214016138 0.174687210097909 0.4806930426508188 0.4186304523436630
0.22022205214016138 0.28637412637472154 0.34632542543113232 0.4186304523436630
0.22022205214016138 0.28637412637472154 0.4806930426508188 0.3865387750177430
0.63197928210720411 0.174687210097909 0.34632542543113232 0.3865387750177430
0.58938545570708811 0.34680210426449776 0.25028136335313322 0.2425432614574340
0.15668639321811495 0.34680210426449776 0.25028136335313322 0.2425432614574340
0.58938545570708811 0.37150112874805929 0.25028136335313322 0.2425432614574340
0.58938545570708811 0.34680210426449776 0.16157532408833505 0.2425432614574340
0.58938545570708811 0.34680210426449776 0.25028136335313322 0.2225267774807130
0.15668639321811495 0.37150112874805929 0.16157532408833505 0.2225267774807130
0.6564784496091306 0.22151328362524511 0.12030207738280296 0.2803912580879110
0.11170470016077161 0.22151328362524511 0.12030207738280296 0.2803912580879110
0.6564784496091306 0.43420355878770356 0.12030207738280296 0.2803912580879110
0.6564784496091306 0.22151328362524511 0.37438317611813543 0.2803912580879110
0.6564784496091306 0.22151328362524511 0.12030207738280296 0.4003871083709170
0.11170470016077161 0.43420355878770356 0.37438317611813543 0.4003871083709170
0.35911298673599951 0.36166523657739169 0.34915114343166354 0.3757548939745070
0.59712896482087674 0.36166523657739169 0.34915114343166354 0.3757548939745070
0.35911298673599951 0.23738763742148877 0.34915114343166354 0.3757548939745070
0.35911298673599951 0.36166523657739169 0.13334669880568983 0.3757548939745070
0.35911298673599951 0.36166523657739169 0.34915114343166354 0.3167531245126500
0.59712896482087674 0.23738763742148877 0.13334669880568983 0.3167531245126500
0.15796683728694916 0.10995367988944055 0.23719954267144205 0.1974523932104400
0.41574968411587171 0.10995367988944055 0.23719954267144205 0.1974523932104400
0.15796683728694916 0.1362912029027939 0.23719954267144205 0.1974523932104400
0.15796683728694916 0.10995367988944055 0.42742341533303263 0.1974523932104400
0.15796683728694916 0.10995367988944055 0.23719954267144205 0.0451073357792969
0.41574968411587171 0.1362912029027939 0.42742341533303263 0.0451073357792969
0.5321088858880102 0.47019825875759125 0.40666740685701375 0.4345209589313170
0.29182436298578973 0.47019825875759125 0.40666740685701375 0.4345209589313170
0.5321088858880102 0.33315156549215319 0.40666740685701375 0.4345209589313170
0.5321088858880102 0.47019825875759125 0.26758098714053635 0.4345209589313170
0.5321088858880102 0.47019825875759125 0.40666740685701375 0.4649574487287640
0.29182436298578973 0.33315156549215319 0.26758098714053635 0.4649574487287640
0.53081648112274704 0.11073430478572846 0.35870024822652347 0.3166267260528080
0.082255782652646298 0.11073430478572846 0.35870024822652347 0.3166267260528080
0.53081648112274704 0.27478440999984743 0.35870024822652347 0.3166267260528080
0.53081648112274704 0.11073430478572846 0.47888554707169539 0.3166267260528080
0.53081648112274704 0.11073430478572846 0.35870024822652347 0.3444604529274840
0.082255782652646298 0.27478440999984743 0.47888554707169539 0.3444604529274840
0.15723468805663288 0.46941648945212366 0.18454485870897772 0.3561471412791900
0.54644027189351618 0.46941648945212366 0.18454485870897772 0.3561471412791900
0.15723468805663288 0.47159928232431414 0.18454485870897772 0.3561471412791900
0.15723468805663288 0.46941648945212366 0.21358601562678814 0.3561471412791900
0.15723468805663288 0.46941648945212366 0.18454485870897772 0.2770054341135000
0.54644027189351618 0.47159928232431414 0.21358601562678814 0.2770054341135000
0.35723031512461595 0.22073227129876616 0.4978637199848891 0.1483805314768710
0.387595093389973 0.22073227129876616 0.4978637199848891 0.1483805314768710
0.35723031512461595 0.37035350464284422 0.4978637199848891 0.1483805314768710
0.35723031512461595 0.22073227129876616 0.31940551474690437 0.1483805314768710
0.35723031512461595 0.22073227129876616 0.4978637199848891 0.1534528714458590
0.387595093389973 0.37035350464284422 0.31940551474690437 0.1534528714458590
0.65530507308430963 0.36244663037359715 0.27057712860405447 0.4502907468213740
0.24238040577620268 0.36244663037359715 0.27057712860405447 0.4502907468213740
0.65530507308430963 0.17349113933742047 0.27057712860405447 0.4502907468213740
0.65530507308430963 0.36244663037359715 0.18538864068686964 0.4502907468213740
0.65530507308430963 0.36244663037359715 0.27057712860405447 0.4851781297416380
0.24238040577620268 0.17349113933742047 0.18538864068686964 0.4851781297416380
0.59035441437736147 0.2871579058468342 0.10309468954801559 0.4982215660419760
0.35862910519354041 0.2871579058468342 0.10309468954801559 0.4982215660419760
0.59035441437736147 0.23619151748716832 0.10309468954801559 0.4982215660419760
0.59035441437736147 0.2871579058468342 0.39739007763564593 0.4982215660419760
0.59035441437736147 0.2871579058468342 0.10309468954801559 0.1137211515766170
0.35862910519354041 0.23619151748716832 0.39739007763564593 0.1137211515766170
0.22190993353724475 0.34602328389883041 0.32881884649395943 0.0435925447242323
0.51397532112896438 0.34602328389883041 0.32881884649395943 0.0435925447242323
0.22190993353724475 0.43305588550865648 0.32881884649395943 0.0435925447242323
0.22190993353724475 0.34602328389883041 0.10718437507748604 0.0435925447242323
0.22190993353724475 0.34602328389883041 0.32881884649395943 0.4383093124301880
0.51397532112896438 0.43305588550865648 0.10718437507748604 0.4383093124301880
0.092045994661748398 0.19432069249451162 0.24186724424362183 0.3954233035615790
0.66394362887367597 0.19432069249451162 0.24186724424362183 0.3954233035615790
0.092045994661748398 0.33429880365729336 0.24186724424362183 0.3954233035615790
0.092045994661748398 0.19432069249451162 0.40041270367801196 0.3954233035615790
0.092045994661748398 0.19432069249451162 0.24186724424362183 0.4127568655954330
0.66394362887367597 0.33429880365729336 0.40041270367801196 0.4127568655954330
0.39509937828406688 0.4358278136700392 0.41446002051234243 0.2735994677966010
0.20994026144035161 0.4358278136700392 0.41446002051234243 0.2735994677966010
0.39509937828406688 0.13748765066266061 0.41446002051234243 0.2735994677966010
0.39509937828406688 0.4358278136700392 0.29149731174111371 0.2735994677966010
0.39509937828406688 0.4358278136700392 0.41446002051234243 0.2962075379618140
0.20994026144035161 0.13748765066266061 0.29149731174111371 0.2962075379618140
0.41712911478243764 0.23614772111177446 0.22186520993709566 0.1170575798554760
0.61536759338341651 0.23614772111177446 0.22186520993709566 0.1170575798554760
0.41712911478243764 0.19004467278718951 0.22186520993709566 0.1170575798554760
0.41712911478243764 0.23614772111177446 0.35711221322417264 0.1170575798554760
0.41712911478243764 0.23614772111177446 0.22186520993709566 0.0269644211476389
0.61536759338341651 0.19004467278718951 0.35711221322417264 0.0269644211476389
0.070177391590550545 0.3962033905088902 0.44758767709136016 0.4736940131665360
0.094708332605659959 0.3962033905088902 0.44758767709136016 0.4736940131665360
0.070177391590550545 0.39325307011604316 0.44758767709136016 0.4736940131665360
0.070177391590550545 0.3962033905088902 0.14726692996919155 0.4736940131665360
0.070177391590550545 0.3962033905088902 0.44758767709136016 0.4594834414007380
0.094708332605659959 0.39325307011604316 0.14726692996919155 0.4594834414007380
0.26528368354775012 0.14487310163676739 0.1356379106640816 0.2257102218178490
0.27069202074781057 0.14487310163676739 0.1356379106640816 0.2257102218178490
0.26528368354775012 0.49293787591159344 0.1356379106640816 0.2257102218178490
0.26528368354775012 0.14487310163676739 0.44156947657465939 0.2257102218178490
0.26528368354775012 0.14487310163676739 0.1356379106640816 0.4044357969873540
0.27069202074781057 0.49293787591159344 0.44156947657465939 0.4044357969873540
0.54682449246756726 0.48444532640278337 0.30822937265038491 0.4282113508769700
0.44064350374974304 0.48444532640278337 0.30822937265038491 0.4282113508769700
0.54682449246756726 0.28977391980588441 0.30822937265038491 0.4282113508769700
0.54682449246756726 0.48444532640278337 0.25053585432469849 0.4282113508769700
0.54682449246756726 0.48444532640278337 0.30822937265038491 0.3222798730733330
0.44064350374974304 0.28977391980588441 0.25053585432469849 0.3222798730733330
0.68246969189494844 0.15973643586039543 0.46496656052768237 0.3643589487105240
0.48564495695754878 0.15973643586039543 0.46496656052768237 0.3643589487105240
0.68246969189494844 0.1020864624530077 0.46496656052768237 0.3643589487105240
0.68246969189494844 0.15973643586039543 0.46351155303418634 0.3643589487105240
0.68246969189494844 0.15973643586039543 0.46496656052768237 0.3790767140365850
0.48564495695754878 0.1020864624530077 0.46351155303418634 0.3790767140365850
0.33053932851180429 0.41958428025245664 0.29081253297626974 0.2949032202750300
0.30552257788367565 0.41958428025245664 0.29081253297626974 0.2949032202750300
0.33053932851180429 0.30524688996374605 0.29081253297626974 0.2949032202750300
0.33053932851180429 0.41958428025245664 0.22876470014452935 0.2949032202750300
0.33053932851180429 0.41958428025245664 0.29081253297626974 0.2108748849429360
0.30552257788367565 0.30524688996374605 0.22876470014452935 0.2108748849429360
0.20558455148711796 0.27129680253565314 0.37912941537797451 0.4435858071957990
0.14095451789908109 0.27129680253565314 0.37912941537797451 0.4435858071957990
0.20558455148711796 0.40556494668126108 0.37912941537797451 0.4435858071957990
0.20558455148711796 0.27129680253565314 0.33546310625970366 0.4435858071957990
0.20558455148711796 0.27129680253565314 0.37912941537797451 0.1807458570217910
0.14095451789908109 0.40556494668126108 0.33546310625970366 0.1807458570217910
0.48198802396655077 0.31105202101171014 0.15184456147253514 0.1785379593846950
0.65147263482213014 0.31105202101171014 0.15184456147253514 0.1785379593846950
0.48198802396655077 0.20235435590147974 0.15184456147253514 0.1785379593846950
0.48198802396655077 0.31105202101171014 0.1695263646543026 0.1785379593846950
0.48198802396655077 0.31105202101171014 0.15184456147253514 0.4829178096297180
0.65147263482213014 0.20235435590147974 0.1695263646543026 0.4829178096297180
0.46953485049307342 0.25772873833775523 0.43102417476475241 0.4068353387081180
0.21414321796037256 0.25772873833775523 0.43102417476475241 0.4068353387081180
0.46953485049307342 0.32492964975535871 0.43102417476475241 0.4068353387081180
0.46953485049307342 0.25772873833775523 0.20832808688282967 0.4068353387081180
0.46953485049307342 0.25772873833775523 0.43102417476475241 0.2069877264588140
0.21414321796037256 0.32492964975535871 0.20832808688282967 0.2069877264588140
0.17789251850917936 0.32227633446455006 0.20049835555255413 0.2577307068826910
0.41456275479868049 0.32227633446455006 0.20049835555255413 0.2577307068826910
0.17789251850917936 0.12183855436742307 0.20049835555255413 0.2577307068826910
0.17789251850917936 0.32227633446455006 0.49937162809073932 0.2577307068826910
0.17789251850917936 0.32227633446455006 0.20049835555255413 0.4718222077500770
0.41456275479868049 0.12183855436742307 0.49937162809073932 0.4718222077500770
0.2972927960567176 0.17407354898750782 0.31393773593008523 0.4907005349961970
0.56007777284830806 0.17407354898750782 0.31393773593008523 0.4907005349961970
0.2972927960567176 0.22059562355279924 0.31393773593008523 0.4907005349961970
0.2972927960567176 0.17407354898750782 0.19259959831833839 0.4907005349961970
0.2972927960567176 0.17407354898750782 0.31393773593008523 0.3648950924359830
0.56007777284830806 0.22059562355279924 0.19259959831833839 0.3648950924359830
0.67461886946111915 0.40915341787040238 0.14278053604066374 0.0718423166458151
0.069887808104977009 0.40915341787040238 0.14278053604066374 0.0718423166458151
0.67461886946111915 0.42363350391387944 0.14278053604066374 0.0718423166458151
0.67461886946111915 0.40915341787040238 0.30243496410548687 0.0718423166458151
0.67461886946111915 0.40915341787040238 0.14278053604066374 0.2327935489148310
0.069887808104977009 0.42363350391387944 0.30243496410548687 0.2327935489148310
0.56975732329301532 0.13424682915210726 0.2870207391679287 0.1250267078372050
0.18612658567726609 0.13424682915210726 0.2870207391679287 0.1250267078372050
0.56975732329301532 0.38594538047909743 0.2870207391679287 0.1250267078372050
0.56975732329301532 0.13424682915210726 0.11482241265475751 0.1250267078372050
0.56975732329301532 0.13424682915210726 0.2870207391679287 0.3969428236161400
0.18612658567726609 0.38594538047909743 0.11482241265475751 0.3969428236161400
0.28313330435194073 0.49897784814238555 0.45661537349224091 0.4591812541368590
0.68648775885812929 0.49897784814238555 0.45661537349224091 0.4591812541368590
0.28313330435194073 0.18290530666708948 0.45661537349224091 0.4591812541368590
0.28313330435194073 0.49897784814238555 0.38077364936470992 0.4591812541368590
0.28313330435194073 0.49897784814238555 0.45661537349224091 0.3316195823776590
0.68648775885812929 0.18290530666708948 0.38077364936470992 0.3316195823776590
0.072634246246889231 0.24756744466722014 0.16954320445656779 0.3303130299297980
0.53207602878101168 0.24756744466722014 0.16954320445656779 0.3303130299297980
0.072634246246889231 0.28415109701454644 0.16954320445656779 0.3303130299297980
0.072634246246889231 0.24756744466722014 0.28659355454146862 0.3303130299297980
0.072634246246889231 0.24756744466722014 0.16954320445656779 0.0503296916537336
0.53207602878101168 0.28415109701454644 0.28659355454146862 0.0503296916537336
0.45513732894323761 0.38243991769850261 0.39850663691759114 0.3428875028926810
0.34179794332012531 0.38243991769850261 0.39850663691759114 0.3428875028926810
0.45513732894323761 0.48723866380751135 0.39850663691759114 0.3428875028926810
0.45513732894323761 0.38243991769850261 0.42132591083645821 0.3428875028926810
0.45513732894323761 0.38243991769850261 0.39850663691759114 0.4520647530352850
0.34179794332012531 0.48723866380751135 0.42132591083645821 0.4520647530352850
0.39772221772000188 0.18290107175707818 0.19328669384121897 0.4343235398153130
0.42256249208003277 0.18290107175707818 0.19328669384121897 0.4343235398153130
0.39772221772000188 0.43989409469068053 0.19328669384121897 0.4343235398153130
0.39772221772000188 0.18290107175707818 0.13069842383265495 0.4343235398153130
0.39772221772000188 0.18290107175707818 0.19328669384121897 0.4213600083764320
0.42256249208003277 0.43989409469068053 0.13069842383265495 0.4213600083764320
0.13021056596189737 0.44959118366241457 0.36288264244794843 0.1994624765716290
0.28750351569615301 0.44959118366241457 0.36288264244794843 0.1994624765716290
0.13021056596189737 0.24300693385303021 0.36288264244794843 0.1994624765716290
0.13021056596189737 0.44959118366241457 0.36470232866704466 0.1994624765716290
0.13021056596189737 0.44959118366241457 0.36288264244794843 0.2835636469930280
0.28750351569615301 0.24300693385303021 0.36470232866704466 0.2835636469930280
0.24468175806105136 0.29778408743441109 0.25080930516123773 0.3769605531381760
0.11850200244225562 0.29778408743441109 0.25080930516123773 0.3769605531381760
0.24468175806105136 0.14268888831138613 0.25080930516123773 0.3769605531381760
0.24468175806105136 0.29778408743441109 0.27140113934874532 0.3769605531381760
0.24468175806105136 0.29778408743441109 0.25080930516123773 0.0970045495097938
0.11850200244225562 0.14268888831138613 0.27140113934874532 0.0970045495097938
0.60805261777713893 0.33149085305631165 0.4797744274139405 0.2799636064936380
0.59284344026818869 0.33149085305631165 0.4797744274139405 0.2799636064936380
0.60805261777713893 0.33962621241807939 0.4797744274139405 0.2799636064936380
0.60805261777713893 0.33149085305631165 0.43671364150941372 0.2799636064936380
0.60805261777713893 0.33149085305631165 0.4797744274139405 0.4447505954707580
0.59284344026818869 0.33962621241807939 0.43671364150941372 0.4447505954707580
0.62253692974336439 0.20639505535364153 0.34979510046541695 0.2432353500894130
0.63781513762660325 0.20639505535364153 0.34979510046541695 0.2432353500894130
0.62253692974336439 0.45232573375105856 0.34979510046541695 0.2432353500894130
0.62253692974336439 0.20639505535364153 0.24930022917687894 0.2432353500894130
0.62253692974336439 0.20639505535364153 0.34979510046541695 0.1268925140997200
0.63781513762660325 0.45232573375105856 0.24930022917687894 0.1268925140997200
0.34984829290769986 0.37287759557366373 0.11926754377782345 0.4177762726796250
0.15334247900173067 0.37287759557366373 0.11926754377782345 0.4177762726796250
0.34984829290769986 0.25539212897419927 0.11926754377782345 0.4177762726796250
0.34984829290769986 0.37287759557366373 0.45820417627692223 0.4177762726796250
0.34984829290769986 0.37287759557366373 0.11926754377782345 0.4945897502363480
0.15334247900173067 0.25539212897419927 0.45820417627692223 0.4945897502363480
0.14429814699105917 0.12430245988070965 0.4077080447226763 0.0919265892223465
0.33377945199608799 0.12430245988070965 0.4077080447226763 0.0919265892223465
0.14429814699105917 0.15570731200277807 0.4077080447226763 0.0919265892223465
0.14429814699105917 0.12430245988070965 0.15250636599957945 0.0919265892223465
0.14429814699105917 0.12430245988070965 0.4077080447226763 0.3613563678308870
0.33377945199608799 0.15570731200277807 0.15250636599957945 0.3613563678308870
0.50265070819295943 0.45819208510220055 0.23654948286712171 0.4818505015584910
0.45865761893801382 0.45819208510220055 0.23654948286712171 0.4818505015584910
0.50265070819295943 0.35259647555649287 0.23654948286712171 0.4818505015584910
0.50265070819295943 0.45819208510220055 0.34272351190447808 0.4818505015584910
0.50265070819295943 0.45819208510220055 0.23654948286712171 0.2551403674923790
0.45865761893801382 0.35259647555649287 0.34272351190447808 0.2551403674923790
0.51050520879216488 0.21285665780305862 0.12901976034045221 0.3476181296805970
0.19694722881540655 0.21285665780305862 0.12901976034045221 0.3476181296805970
0.51050520879216488 0.3481970760971308 0.12901976034045221 0.3476181296805970
0.51050520879216488 0.21285665780305862 0.19922163859009745 0.3476181296805970
0.51050520879216488 0.21285665780305862 0.12901976034045221 0.2874780275789550
0.19694722881540655 0.3481970760971308 0.19922163859009745 0.2874780275789550
0.13691844693385063 0.35396672859787948 0.30171046853065492 0.3335030812826580
0.67697668303735548 0.35396672859787948 0.30171046853065492 0.3335030812826580
0.13691844693385063 0.14506163485348225 0.30171046853065492 0.3335030812826580
0.13691844693385063 0.35396672859787948 0.30828276388347153 0.3335030812826580
0.13691844693385063 0.35396672859787948 0.30171046853065492 0.4289460803761870
0.67697668303735548 0.14506163485348225 0.30828276388347153 0.4289460803761870
0.33691411758773021 0.10566473715007306 0.21505183652043344 0.4656888807669090
0.50098290960304437 0.10566473715007306 0.21505183652043344 0.4656888807669090
0.33691411758773021 0.24376529976725581 0.21505183652043344 0.4656888807669090
0.33691411758773021 0.10566473715007306 0.20248729661107065 0.4656888807669090
0.33691411758773021 0.10566473715007306 0.21505183652043344 0.4423764933705830
0.50098290960304437 0.24376529976725581 0.20248729661107065 0.4423764933705830
0.63499382496811441 0.46418217904865744 0.44087337106466296 0.1447001805629960
0.37166153825819487 0.46418217904865744 0.44087337106466296 0.1447001805629960
0.63499382496811441 0.44695433750748637 0.44087337106466296 0.1447001805629960
0.63499382496811441 0.46418217904865744 0.4927425783127547 0.1447001805629960
0.63499382496811441 0.46418217904865744 0.44087337106466296 0.0778881442491992
0.37166153825819487 0.44695433750748637 0.4927425783127547 0.0778881442491992
0.61067065065726633 0.18927711769938471 0.38589407391846187 0.0485741955218510
0.24525620504282414 0.18927711769938471 0.38589407391846187 0.0485741955218510
0.61067065065726633 0.35965366661548615 0.38589407391846187 0.0485741955218510
0.61067065065726633 0.18927711769938471 0.28071597628295419 0.0485741955218510
0.61067065065726633 0.18927711769938471 0.38589407391846187 0.4965406698152870
0.24525620504282414 0.35965366661548615 0.28071597628295419 0.4965406698152870
0.2422212203964591 0.43057056069374089 0.15850992612540724 0.4848070565688640
0.3847586957737803 0.43057056069374089 0.15850992612540724 0.4848070565688640
0.2422212203964591 0.15646872967481615 0.15850992612540724 0.4848070565688640
0.2422212203964591 0.43057056069374089 0.4146847732365132 0.4848070565688640
0.2422212203964591 0.43057056069374089 0.15850992612540724 0.1440491200677210
0.3847586957737803 0.15646872967481615 0.4146847732365132 0.1440491200677210
0.11235722824931144 0.27925631143152718 0.47153581716120241 0.2537382935636650
0.54931668983772397 0.27925631143152718 0.47153581716120241 0.2537382935636650
0.11235722824931144 0.25776182375848294 0.47153581716120241 0.2537382935636650
0.11235722824931144 0.27925631143152718 0.12148124091327191 0.2537382935636650
0.11235722824931144 0.27925631143152718 0.47153581716120241 0.2508622103557640
0.54931668983772397 0.25776182375848294 0.12148124091327191 0.2508622103557640
0.41541558066383 0.33756631277501581 0.29728267453610902 0.4029483077823250
0.079418766358867285 0.33756631277501581 0.29728267453610902 0.4029483077823250
0.41541558066383 0.46089964918792248 0.29728267453610902 0.4029483077823250
0.41541558066383 0.33756631277501581 0.38663353696465497 0.4029483077823250
0.41541558066383 0.33756631277501581 0.29728267453610902 0.3518536031912360
0.079418766358867285 0.46089964918792248 0.38663353696465497 0.3518536031912360
0.43744287635199719 0.14027508199214936 0.49217260517179973 0.4793897114440680
0.6485957931261509 0.14027508199214936 0.49217260517179973 0.4793897114440680
0.43744287635199719 0.41350625045597555 0.49217260517179973 0.4793897114440680
0.43744287635199719 0.14027508199214936 0.26475604400038721 0.4793897114440680
0.43744287635199719 0.14027508199214936 0.49217260517179973 0.4696828110193220
0.6485957931261509 0.41350625045597555 0.26475604400038721 0.4696828110193220
0.090486184367910033 0.48040267452597618 0.26478981934487822 0.0875895965631264
0.1437914155423641 0.48040267452597618 0.26478981934487822 0.0875895965631264
0.090486184367910033 0.21666648723185064 0.26478981934487822 0.0875895965631264
0.090486184367910033 0.48040267452597618 0.4308400209993124 0.0875895965631264
0.090486184367910033 0.48040267452597618 0.26478981934487822 0.1922628718071230
0.1437914155423641 0.21666648723185064 0.4308400209993124 0.1922628718071230
0.28559245211072265 0.22869168482720853 0.35281373150646689 0.4107064112697570
0.30264635486528274 0.22869168482720853 0.35281373150646689 0.4107064112697570
0.28559245211072265 0.11639879718422891 0.35281373150646689 0.4107064112697570
0.28559245211072265 0.22869168482720853 0.13656226918101311 0.4107064112697570
0.28559245211072265 0.22869168482720853 0.35281373150646689 0.2372631917157020
0.30264635486528274 0.11639879718422891 0.13656226918101311 0.2372631917157020
0.56713821045123036 0.38896101750433443 0.17856232635676861 0.2290140936268470
0.48848123592324549 0.38896101750433443 0.17856232635676861 0.2290140936268470
0.56713821045123036 0.31318801566958432 0.17856232635676861 0.2290140936268470
0.56713821045123036 0.38896101750433443 0.37135719917714594 0.2290140936268470
0.56713821045123036 0.38896101750433443 0.17856232635676861 0.3740339904941270
0.48848123592324549 0.31318801566958432 0.37135719917714594 0.3740339904941270
0.66216088458895683 0.2638667471706867 0.24780247583985329 0.2924121755976140
0.45363611141219728 0.2638667471706867 0.24780247583985329 0.2924121755976140
0.66216088458895683 0.47550008147954947 0.24780247583985329 0.2924121755976140
0.66216088458895683 0.2638667471706867 0.15835783742368223 0.2924121755976140
0.66216088458895683 0.2638667471706867 0.24780247583985329 0.3281904130169770
0.45363611141219728 0.47550008147954947 0.15835783742368223 0.3281904130169770
0.31022557178512211 0.30378671735525131 0.42049149423837662 0.3848351132270660
0.25766008892096576 0.30378671735525131 0.42049149423837662 0.3848351132270660
0.31022557178512211 0.27870828807353976 0.42049149423837662 0.3848351132270660
0.31022557178512211 0.30378671735525131 0.34934188053011894 0.3848351132270660
0.31022557178512211 0.30378671735525131 0.42049149423837662 0.3884653970958470
0.25766008892096576 0.27870828807353976 0.34934188053011894 0.3884653970958470
0.18527082866057754 0.15511242337524891 0.10883469805121422 0.2028407149117290
0.10770156136713921 0.15511242337524891 0.10883469805121422 0.2028407149117290
0.18527082866057754 0.17897922210395337 0.10883469805121422 0.2028407149117290
0.18527082866057754 0.15511242337524891 0.24266750775277615 0.2028407149117290
0.18527082866057754 0.15511242337524891 0.10883469805121422 0.4543481473547640
0.10770156136713921 0.17897922210395337 0.24266750775277615 0.4543481473547640
0.46167926993221037 0.41556457094848154 0.33465491831302641 0.4372085555394410
0.60233504045754671 0.41556457094848154 0.33465491831302641 0.4372085555394410
0.46167926993221037 0.37581507526338098 0.33465491831302641 0.4372085555394410
0.46167926993221037 0.41556457094848154 0.45236705765128138 0.4372085555394410
0.46167926993221037 0.41556457094848154 0.33465491831302641 0.0706180060485615
0.60233504045754671 0.37581507526338098 0.45236705765128138 0.0706180060485615
0.48984364811331027 0.16576301977038382 0.2575739398598671 0.2707951480975100
0.34911740948446091 0.16576301977038382 0.2575739398598671 0.2707951480975100
0.48984364811331027 0.29834173098206518 0.2575739398598671 0.2707951480975100
0.48984364811331027 0.16576301977038382 0.31352910473942758 0.2707951480975100
0.48984364811331027 0.16576301977038382 0.2575739398598671 0.4661149448285340
0.34911740948446091 0.29834173098206518 0.31352910473942758 0.4661149448285340
0.19820628492161629 0.40100772380828864 0.48643981590867047 0.3920925395622900
0.52479658415541053 0.40100772380828864 0.48643981590867047 0.3920925395622900
0.19820628492161629 0.49530146643519402 0.48643981590867047 0.3920925395622900
0.19820628492161629 0.40100772380828864 0.1787471454590559 0.3920925395622900
0.19820628492161629 0.40100772380828864 0.48643981590867047 0.0341498479903034
0.52479658415541053 0.49530146643519402 0.1787471454590559 0.0341498479903034
0.31760650919750327 0.25242271162569524 0.19985592663288118 0.0207076857708102
0.69380784370005122 0.25242271162569524 0.19985592663288118 0.0207076857708102
0.31760650919750327 0.39400838501751423 0.19985592663288118 0.0207076857708102
0.31760650919750327 0.25242271162569524 0.4855432070791722 0.0207076857708102
0.31760650919750327 0.25242271162569524 0.19985592663288118 0.3115578001622190
0.69380784370005122 0.39400838501751423 0.4855432070791722 0.3115578001622190
0.69492763318121431 0.31757450364530088 0.36935280784964564 0.4929945514219450
0.17884652237407861 0.31757450364530088 0.36935280784964564 0.4929945514219450
0.69492763318121431 0.19709576107561588 0.36935280784964564 0.4929945514219450
0.69492763318121431 0.31757450364530088 0.21944626085460187 0.4929945514219450
0.69492763318121431 0.31757450364530088 0.36935280784964564 0.4017116141504210
0.17884652237407861 0.19709576107561588 0.21944626085460187 0.4017116141504210
0.54944357140921052 0.24228425174951554 0.40108987055718903 0.4564475313528470
0.052451103739440445 0.24228425174951554 0.40108987055718903 0.4564475313528470
0.54944357140921052 0.20940849594771863 0.40108987055718903 0.4564475313528470
0.54944357140921052 0.24228425174951554 0.40703362338244919 0.4564475313528470
0.54944357140921052 0.24228425174951554 0.40108987055718903 0.2249297158380940
0.052451103739440445 0.20940849594771863 0.40703362338244919 0.2249297158380940
0.26282450188882645 0.37771219983696935 0.23003060258924962 0.1656982666035140
0.57755387886427345 0.37771219983696935 0.23003060258924962 0.1656982666035140
0.26282450188882645 0.4063172098249197 0.23003060258924962 0.1656982666035140
0.26282450188882645 0.37771219983696935 0.29734551683068278 0.1656982666035140
0.26282450188882645 0.37771219983696935 0.23003060258924962 0.3820101524651910
0.57755387886427345 0.4063172098249197 0.29734551683068278 0.3820101524651910
0.052325487369671464 0.12591345421969891 0.3429817032068968 0.3599065066612530
0.39712667153216891 0.12591345421969891 0.3429817032068968 0.3599065066612530
0.052325487369671464 0.30761353224515919 0.3429817032068968 0.3599065066612530
0.052325487369671464 0.12591345421969891 0.39155040793120865 0.3599065066612530
0.052325487369671464 0.12591345421969891 0.3429817032068968 0.4766997824309880
0.39712667153216891 0.30761353224515919 0.39155040793120865 0.4766997824309880
0.43482360127381975 0.49085805304348473 0.11255326159298421 0.3190623155151920
0.2316187028773129 0.49085805304348473 0.11255326159298421 0.3190623155151920
0.43482360127381975 0.11065122187137605 0.11255326159298421 0.3190623155151920
0.43482360127381975 0.49085805304348473 0.10055491998791695 0.3190623155151920
0.43482360127381975 0.49085805304348473 0.11255326159298421 0.1755827271671860
0.2316187028773129 0.11065122187137605 0.10055491998791695 0.1755827271671860
0.37740597175434226 0.29361783936619756 0.3198729913681746 0.1833726214325650
0.47609327360987658 0.29361783936619756 0.3198729913681746 0.1833726214325650
0.37740597175434226 0.16335472986102106 0.3198729913681746 0.1833726214325650
0.37740597175434226 0.29361783936619756 0.44741982743144038 0.1833726214325650
0.37740597175434226 0.29361783936619756 0.3198729913681746 0.2648062343222560
0.47609327360987658 0.16335472986102106 0.44741982743144038 0.2648062343222560
0.10989928878843784 0.3271110340952873 0.14881198592483999 0.4469630682801710
0.31630385327152905 0.3271110340952873 0.14881198592483999 0.4469630682801710
0.10989928878843784 0.36642131581902504 0.14881198592483999 0.4469630682801710
0.10989928878843784 0.3271110340952873 0.25715462826192381 0.4469630682801710
0.10989928878843784 0.3271110340952873 0.14881198592483999 0.3411454398444390
0.31630385327152905 0.36642131581902504 0.25715462826192381 0.3411454398444390
0.22437051478773351 0.17568463869392872 0.4367642071098089 0.3077637829977830
0.17077875477261839 0.17568463869392872 0.4367642071098089 0.3077637829977830
0.22437051478773351 0.46615037061274056 0.4367642071098089 0.3077637829977830
0.22437051478773351 0.17568463869392872 0.35048061236739159 0.3077637829977830
0.22437051478773351 0.17568463869392872 0.4367642071098089 0.4911899188394610
0.17077875477261839 0.46615037061274056 0.35048061236739159 0.4911899188394610
0.58773642508313062 0.44181929044425494 0.20633440352976323 0.3733061438824700
0.6203389178030192 0.44181929044425494 0.20633440352976323 0.3733061438824700
0.58773642508313062 0.26303972490131855 0.20633440352976323 0.3733061438824700
0.58773642508313062 0.44181929044425494 0.14142940603196621 0.3733061438824700
0.58773642508313062 0.44181929044425494 0.20633440352976323 0.1589179527386790
0.6203389178030192 0.26303972490131855 0.14142940603196621 0.1589179527386790
0.6428482117597013 0.11710887253284455 0.16385211348533629 0.4207522657462450
0.58552354671992357 0.11710887253284455 0.16385211348533629 0.4207522657462450
0.6428482117597013 0.12573991380631924 0.16385211348533629 0.4207522657462450
0.6428482117597013 0.11710887253284455 0.32881917916238312 0.4207522657462450
0.6428482117597013 0.11710887253284455 0.16385211348533629 0.4309741944983080
0.58552354671992357 0.12573991380631924 0.32881917916238312 0.4309741944983080
0.37016452434472735 0.45039429292082789 0.39271930381655695 0.2096217771208500
0.12578257182613015 0.45039429292082789 0.39271930381655695 0.2096217771208500
0.37016452434472735 0.32885294370353224 0.39271930381655695 0.2096217771208500
0.37016452434472735 0.45039429292082789 0.16365238651633263 0.2096217771208500
0.37016452434472735 0.45039429292082789 0.39271930381655695 0.1076517571738330
0.12578257182613015 0.32885294370353224 0.16365238651633263 0.1076517571738330
0.16461435421369969 0.20220597349107267 0.28113424628973005 0.4706193194158130
0.28018424082547422 0.20220597349107267 0.28113424628973005 0.4706193194158130
0.16461435421369969 0.42912064492702484 0.28113424628973005 0.4706193194158130
0.16461435421369969 0.20220597349107267 0.46937423013150692 0.4706193194158130
0.16461435421369969 0.20220597349107267 0.28113424628973005 0.3073942625369590
0.28018424082547422 0.42912064492702484 0.46937423013150692 0.3073942625369590
0.52296194662339979 0.36852366365492351 0.45063281729817395 0.1114500667761770
0.429842442786321 0.36852366365492351 0.45063281729817395 0.1114500667761770
0.52296194662339979 0.2260581597685814 0.45063281729817395 0.1114500667761770
0.52296194662339979 0.36852366365492351 0.23541992828249933 0.1114500667761770
0.52296194662339979 0.36852366365492351 0.45063281729817395 0.4153916223458560
0.429842442786321 0.2260581597685814 0.23541992828249933 0.4153916223458560
0.51776621537283063 0.27592871785163881 0.28895129114389417 0.4491149379750310
0.67133130393922325 0.27592871785163881 0.28895129114389417 0.4491149379750310
0.51776621537283063 0.10503128953278065 0.28895129114389417 0.4491149379750310
0.51776621537283063 0.27592871785163881 0.28369470126926899 0.4491149379750310
0.51776621537283063 0.27592871785163881 0.28895129114389417 0.4008969695878070
0.67133130393922325 0.10503128953278065 0.28369470126926899 0.4008969695878070
0.1702843327075243 0.34089161679148672 0.46781847849488256 0.1878931395748380
0.2011160000693053 0.34089161679148672 0.46781847849488256 0.1878931395748380
0.1702843327075243 0.30189317502081392 0.46781847849488256 0.1878931395748380
0.1702843327075243 0.34089161679148672 0.42401121407747266 0.1878931395748380
0.1702843327075243 0.34089161679148672 0.46781847849488256 0.3156721880813700
0.2011160000693053 0.30189317502081392 0.42401121407747266 0.3156721880813700
0.36583660040050742 0.19220186136662962 0.15603810846805574 0.3700463689479680
0.36727080945856866 0.19220186136662962 0.15603810846805574 0.3700463689479680
0.36583660040050742 0.40294365361332896 0.15603810846805574 0.3700463689479680
0.36583660040050742 0.19220186136662962 0.1180143315345049 0.3700463689479680
0.36583660040050742 0.19220186136662962 0.15603810846805574 0.0472497036052936
0.36727080945856866 0.40294365361332896 0.1180143315345049 0.0472497036052936
0.64669816670939317 0.42764810658991337 0.37553668245673177 0.3036719226219270
0.50645591979846349 0.42764810658991337 0.37553668245673177 0.3036719226219270
0.64669816670939317 0.20612926110625268 0.37553668245673177 0.3036719226219270
0.64669816670939317 0.42764810658991337 0.3770142242312432 0.3036719226219270
0.64669816670939317 0.42764810658991337 0.37553668245673177 0.4645760178550160
0.50645591979846349 0.20612926110625268 0.3770142242312432 0.4645760178550160
0.58246409767307339 0.10235251560807229 0.4445785041898489 0.2150427236079280
0.37892982126213604 0.10235251560807229 0.4445785041898489 0.2150427236079280
0.58246409767307339 0.19344101697206498 0.4445785041898489 0.2150427236079280
0.58246409767307339 0.10235251560807229 0.19018827527761462 0.2150427236079280
0.58246409767307339 0.10235251560807229 0.4445785041898489 0.1740351069429180
0.37892982126213604 0.19344101697206498 0.19018827527761462 0.1740351069429180
0.22980459067039188 0.46749821454286578 0.2235174957662821 0.4237462407419940
0.2499258351512253 0.46749821454286578 0.2235174957662821 0.4237462407419940
0.22980459067039188 0.39025340676307685 0.2235174957662821 0.4237462407419940
0.22980459067039188 0.46749821454286578 0.3054017800837755 0.4237462407419940
0.22980459067039188 0.46749821454286578 0.2235174957662821 0.4790804307316610
0.2499258351512253 0.39025340676307685 0.3054017800837755 0.4790804307316610
0.10565354241989552 0.21579047925770284 0.31205565445125105 0.1062227890386160
0.074894150160253053 0.21579047925770284 0.31205565445125105 0.1062227890386160
0.10565354241989552 0.48920579068362713 0.31205565445125105 0.1062227890386160
0.10565354241989552 0.21579047925770284 0.21200903803110124 0.1062227890386160
0.10565354241989552 0.21579047925770284 0.31205565445125105 0.3873995026667490
0.074894150160253053 0.48920579068362713 0.21200903803110124 0.3873995026667490
0.38149617095477872 0.35102909319102771 0.13162585385143757 0.4688379303413770
0.55524098961614066 0.35102909319102771 0.13162585385143757 0.4688379303413770
0.38149617095477872 0.29234018586575983 0.13162585385143757 0.4688379303413770
0.38149617095477872 0.35102909319102771 0.49591662771999834 0.4688379303413770
0.38149617095477872 0.35102909319102771 0.13162585385143757 0.2216820569323310
0.55524098961614066 0.29234018586575983 0.49591662771999834 0.2216820569323310
0.43073898348957296 0.15217851251363756 0.32579842023551464 0.3890279304782450
0.14818691578693688 0.15217851251363756 0.32579842023551464 0.3890279304782450
0.43073898348957296 0.23322804607450964 0.32579842023551464 0.3890279304782450
0.43073898348957296 0.15217851251363756 0.15528150238096716 0.3890279304782450
0.43073898348957296 0.15217851251363756 0.32579842023551464 0.1682080819033880
0.14818691578693688 0.23322804607450964 0.15528150238096716 0.1682080819033880
0.056566901784390215 0.41850229576230047 0.10473915524780751 0.2662482289339300
0.64313778011128298 0.41850229576230047 0.10473915524780751 0.2662482289339300
0.056566901784390215 0.43639171905815599 0.10473915524780751 0.2662482289339300
0.056566901784390215 0.41850229576230047 0.34011323750019073 0.2662482289339300
0.056566901784390215 0.41850229576230047 0.10473915524780751 0.4895432183249150
0.64313778011128298 0.43639171905815599 0.34011323750019073 0.4895432183249150
0.25738608436658977 0.26717907004058361 0.41827619336545474 0.4948012525100300
0.49412145614624015 0.26717907004058361 0.41827619336545474 0.4948012525100300
0.25738608436658977 0.33690221533179288 0.41827619336545474 0.4948012525100300
0.25738608436658977 0.26717907004058361 0.24603690244257451 0.4948012525100300
0.25738608436658977 0.26717907004058361 0.41827619336545474 0.3405735900192120
0.49412145614624015 0.33690221533179288 0.24603690244257451 0.3405735900192120
0.55472147054970267 0.3004705805331469 0.23784774877130987 0.0272063847169820
0.29846281888894732 0.3004705805331469 0.23784774877130987 0.0272063847169820
0.55472147054970267 0.13369410112500191 0.23784774877130987 0.0272063847169820
0.55472147054970267 0.3004705805331469 0.46208407282829289 0.0272063847169820
0.55472147054970267 0.3004705805331469 0.23784774877130987 0.2700066004768740
0.29846281888894732 0.13369410112500191 0.46208407282829289 0.2700066004768740
0.69108326449058943 0.22576703056693079 0.18267007470130922 0.1610952180967120
0.26219939235597844 0.22576703056693079 0.18267007470130922 0.1610952180967120
0.69108326449058943 0.27139374017715456 0.18267007470130922 0.1610952180967120
0.69108326449058943 0.22576703056693079 0.27388710975646974 0.1610952180967120
0.69108326449058943 0.22576703056693079 0.18267007470130922 0.4198950208602860
0.26219939235597844 0.27139374017715456 0.27388710975646974 0.4198950208602860
0.32193009634502229 0.39188338220119479 0.36153595373034475 0.4545664691500740
0.44771689302287987 0.39188338220119479 0.36153595373034475 0.4545664691500740
0.32193009634502229 0.47460538297891619 0.36153595373034475 0.4545664691500740
0.32193009634502229 0.39188338220119479 0.43362349011003976 0.4545664691500740
0.32193009634502229 0.39188338220119479 0.36153595373034475 0.3043394591347330
0.44771689302287987 0.47460538297891619 0.43362349011003976 0.3043394591347330
0.19253195994533595 0.14360257424414158 0.27475675195455551 0.3230856125164770
0.60814884030260141 0.14360257424414158 0.27475675195455551 0.3230856125164770
0.19253195994533595 0.37409202717244627 0.27475675195455551 0.3230856125164770
0.19253195994533595 0.14360257424414158 0.12713832557201388 0.3230856125164770
0.19253195994533595 0.14360257424414158 0.27475675195455551 0.1066024451970900
0.60814884030260141 0.37409202717244627 0.12713832557201388 0.1066024451970900
0.49504495593719178 0.47707747183740146 0.4942536301910877 0.3635628897874160
0.1030270823277533 0.47707747183740146 0.4942536301910877 0.3635628897874160
0.49504495593719178 0.17093054763972759 0.4942536301910877 0.3635628897874160
0.49504495593719178 0.47707747183740146 0.368085539713502 0.3635628897874160
0.49504495593719178 0.47707747183740146 0.4942536301910877 0.4340944429532960
0.1030270823277533 0.17093054763972759 0.368085539713502 0.4340944429532960
0.45719265337102111 0.12922885194420816 0.12289861366152764 0.0800566531566474
0.51882390524260691 0.12922885194420816 0.12289861366152764 0.0800566531566474
0.45719265337102111 0.45478838309645653 0.12289861366152764 0.0800566531566474
0.45719265337102111 0.12922885194420816 0.4042505461722613 0.0800566531566474
0.45719265337102111 0.12922885194420816 0.12289861366152764 0.0862540985458405
0.51882390524260691 0.45478838309645653 0.4042505461722613 0.0862540985458405
0.19023161740042266 0.48754494339227683 0.34558762907981877 0.4770133337939360
0.35363331697881217 0.48754494339227683 0.34558762907981877 0.4770133337939360
0.19023161740042266 0.25175154879689221 0.34558762907981877 0.4770133337939360
0.19023161740042266 0.48754494339227683 0.28821481913328173 0.4770133337939360
0.19023161740042266 0.48754494339227683 0.34558762907981877 0.4420414194914440
0.35363331697881217 0.25175154879689221 0.28821481913328173 0.4420414194914440
0.30391900432296093 0.23934731371700765 0.23373552039265633 0.2327674306268790
0.17414832776412364 0.23934731371700765 0.23373552039265633 0.2327674306268790
0.30391900432296093 0.15279915370047092 0.23373552039265633 0.2327674306268790
0.30391900432296093 0.23934731371700765 0.39482167251408107 0.2327674306268790
0.30391900432296093 0.23934731371700765 0.23373552039265633 0.4267924248873310
0.17414832776412364 0.15279915370047092 0.39482167251408107 0.4267924248873310
0.66798956296406686 0.38064684979617602 0.40955574363470082 0.4129815149066470
0.69956848328001797 0.38064684979617602 0.40955574363470082 0.4129815149066470
0.66798956296406686 0.35588920302689075 0.40955574363470082 0.4129815149066470
0.66798956296406686 0.38064684979617602 0.10997849255800247 0.4129815149066470
0.66798956296406686 0.38064684979617602 0.40955574363470082 0.2940372511585890
0.69956848328001797 0.35588920302689075 0.10997849255800247 0.2940372511585890
0.5624163813889026 0.25574712753295903 0.36688115783035757 0.3822427546278000
0.57207214059308165 0.25574712753295903 0.36688115783035757 0.3822427546278000
0.5624163813889026 0.44358951114118106 0.36688115783035757 0.3822427546278000
0.5624163813889026 0.25574712753295903 0.32275735288858415 0.3822427546278000
0.5624163813889026 0.25574712753295903 0.36688115783035757 0.3559980523040520
0.57207214059308165 0.44358951114118106 0.32275735288858415 0.3559980523040520
0.29047610471025104 0.31424627229571345 0.18949836902320386 0.2888630349072850
0.056793434033170345 0.31424627229571345 0.18949836902320386 0.2888630349072850
0.29047610471025104 0.2405016552656889 0.18949836902320386 0.2888630349072850
0.29047610471025104 0.31424627229571345 0.18182310946285726 0.2888630349072850
0.29047610471025104 0.31424627229571345 0.18949836902320386 0.2502573282481890
0.056793434033170345 0.2405016552656889 0.18182310946285726 0.2502573282481890
0.084420405980199564 0.16284139417111876 0.47810821868479259 0.4398875443679400
0.22738171606324609 0.16284139417111876 0.47810821868479259 0.4398875443679400
0.084420405980199564 0.13945118784904481 0.47810821868479259 0.4398875443679400
0.084420405980199564 0.16284139417111876 0.47582658380270004 0.4398875443679400
0.084420405980199564 0.16284139417111876 0.47810821868479259 0.1392014007284790
0.22738171606324609 0.13945118784904481 0.47582658380270004 0.1392014007284790
0.44335302766412488 0.4039331648498774 0.25385681651532654 0.2080502842088930
0.40274350550025695 0.4039331648498774 0.25385681651532654 0.2080502842088930
0.44335302766412488 0.34249155074357984 0.25385681651532654 0.2080502842088930
0.44335302766412488 0.4039331648498774 0.21607723422348502 0.2080502842088930
0.44335302766412488 0.4039331648498774 0.25385681651532654 0.4998243389966190
0.40274350550025695 0.34249155074357984 0.21607723422348502 0.4998243389966190
0.40950109255500133 0.20512768849730492 0.46059958375990395 0.3363058424355280
0.32098698047921059 0.20512768849730492 0.46059958375990395 0.3363058424355280
0.40950109255500133 0.38347629383206372 0.46059958375990395 0.3363058424355280
0.40950109255500133 0.20512768849730492 0.33169976808130741 0.3363058424355280
0.40950109255500133 0.20512768849730492 0.46059958375990395 0.3718229863728780
0.32098698047921059 0.38347629383206372 0.33169976808130741 0.3718229863728780
0.11842859289608895 0.36559813320636747 0.28321543894708157 0.3504077555082590
0.47032779720611861 0.36559813320636747 0.28321543894708157 0.3504077555082590
0.11842859289608895 0.18654021248221397 0.28321543894708157 0.3504077555082590
0.11842859289608895 0.36559813320636747 0.17268537878990176 0.3504077555082590
0.11842859289608895 0.36559813320636747 0.28321543894708157 0.2453198345787990
0.47032779720611861 0.18654021248221397 0.17268537878990176 0.2453198345787990
0.23734314437024295 0.11378435529768467 0.39682726748287678 0.1380881555202830
0.62632627668790519 0.11378435529768467 0.39682726748287678 0.1380881555202830
0.23734314437024295 0.28705358095467093 0.39682726748287678 0.1380881555202830
0.23734314437024295 0.11378435529768467 0.46620057262480263 0.1380881555202830
0.23734314437024295 0.11378435529768467 0.39682726748287678 0.1980747368087220
0.62632627668790519 0.28705358095467093 0.46620057262480263 0.1980747368087220
0.61538813323713837 0.45372262559831145 0.17257412187755108 0.4631827183654860
0.16626791656017303 0.45372262559831145 0.17257412187755108 0.4631827183654860
0.61538813323713837 0.48393949903547762 0.17257412187755108 0.4631827183654860
0.61538813323713837 0.45372262559831145 0.22589855492115021 0.4631827183654860
0.61538813323713837 0.45372262559831145 0.17257412187755108 0.4691102952645780
0.16626791656017303 0.48393949903547762 0.22589855492115021 0.4691102952645780
0.62916081463918083 0.17862148731946947 0.20411893501877787 0.4870504370740320
0.13001441187225282 0.17862148731946947 0.20411893501877787 0.4870504370740320
0.62916081463918083 0.32125211469829085 0.20411893501877787 0.4870504370740320
0.62916081463918083 0.17862148731946947 0.43809377849102027 0.4870504370740320
0.62916081463918083 0.17862148731946947 0.20411893501877787 0.0657357494130433
0.13001441187225282 0.32125211469829085 0.43809377849102027 0.0657357494130433
0.34322626646608106 0.43888472989201543 0.4268096461892128 0.0559905944833538
0.57989195529371496 0.43888472989201543 0.4268096461892128 0.0559905944833538
0.34322626646608106 0.12436247728765011 0.4268096461892128 0.0559905944833538
0.34322626646608106 0.43888472989201543 0.25417627133429055 0.0559905944833538
0.34322626646608106 0.43888472989201543 0.4268096461892128 0.4584837958473620
0.57989195529371496 0.12436247728765011 0.25417627133429055 0.4584837958473620
0.13196322992444037 0.29030254296958447 0.13995570167899132 0.4005087650977250
0.43532894039526576 0.29030254296958447 0.13995570167899132 0.4005087650977250
0.13196322992444037 0.22385196834802629 0.13995570167899132 0.4005087650977250
0.13196322992444037 0.29030254296958447 0.36009953022003172 0.4005087650977250
0.13196322992444037 0.29030254296958447 0.13995570167899132 0.3918025590942440
0.43532894039526576 0.22385196834802629 0.36009953022003172 0.3918025590942440
0.51498748371377578 0.33042404241859913 0.31577723324298856 0.2497843761835310
0.27585690044797956 0.33042404241859913 0.31577723324298856 0.2497843761835310
0.51498748371377578 0.42078604698181155 0.31577723324298856 0.2497843761835310
0.51498748371377578 0.33042404241859913 0.14489594437181952 0.2497843761835310
0.51498748371377578 0.33042404241859913 0.31577723324298856 0.3272713756930610
0.27585690044797956 0.42078604698181155 0.14489594437181952 0.3272713756930610
0.49745246348902578 0.197637639939785 0.42489122636616228 0.1936690342044310
0.54224795456975694 0.197637639939785 0.42489122636616228 0.1936690342044310
0.49745246348902578 0.47849364131689076 0.42489122636616228 0.1936690342044310
0.49745246348902578 0.197637639939785 0.388161676004529 0.1936690342044310
0.49745246348902578 0.197637639939785 0.42489122636616228 0.2320181043095390
0.54224795456975694 0.47849364131689076 0.388161676004529 0.2320181043095390
0.14997553024441002 0.43251620605587959 0.24436366669833662 0.4315167147798030
0.087927206745371217 0.43251620605587959 0.24436366669833662 0.4315167147798030
0.14997553024441002 0.27530584037303929 0.24436366669833662 0.4315167147798030
0.14997553024441002 0.43251620605587959 0.10410837680101395 0.4315167147798030
0.14997553024441002 0.43251620605587959 0.24436366669833662 0.3687795863214540
0.087927206745371217 0.27530584037303929 0.10410837680101395 0.3687795863214540
0.34552784152328964 0.28421937040984635 0.33260885514318944 0.2832380199516270
0.23693342120386657 0.28421937040984635 0.33260885514318944 0.2832380199516270
0.34552784152328964 0.1764068525284529 0.33260885514318944 0.2832380199516270
0.34552784152328964 0.28421937040984635 0.41012929268181331 0.2832380199516270
0.34552784152328964 0.28421937040984635 0.33260885514318944 0.4755008688675750
0.23693342120386657 0.1764068525284529 0.41012929268181331 0.4755008688675750
0.62638443903997532 0.34895647950470449 0.11145029626786709 0.3795029877153440
0.39196225674822921 0.34895647950470449 0.11145029626786709 0.3795029877153440
0.62638443903997532 0.37954105697572238 0.11145029626786709 0.3795029877153440
0.62638443903997532 0.34895647950470449 0.29486618489027028 0.3795029877153440
0.62638443903997532 0.34895647950470449 0.11145029626786709 0.2029805287200760
0.39196225674822921 0.37954105697572238 0.29486618489027028 0.2029805287200760
0.60277289529331024 0.22405828461050989 0.26799525842070582 0.4154545186322140
0.50933171664364629 0.22405828461050989 0.26799525842070582 0.4154545186322140
0.60277289529331024 0.41685386188328266 0.26799525842070582 0.4154545186322140
0.60277289529331024 0.22405828461050989 0.48166849464178085 0.4154545186322140
0.60277289529331024 0.22405828461050989 0.26799525842070582 0.4516693329527310
0.50933171664364629 0.41685386188328266 0.48166849464178085 0.4516693329527310
0.25011835708282887 0.3591198533773422 0.48759120404720313 0.2391739874908370
0.36443441426381462 0.3591198533773422 0.48759120404720313 0.2391739874908370
0.25011835708282887 0.2137155566364527 0.48759120404720313 0.2391739874908370
0.25011835708282887 0.3591198533773422 0.22271665520966055 0.2391739874908370
0.25011835708282887 0.3591198533773422 0.48759120404720313 0.0589888493612627
0.36443441426381462 0.2137155566364527 0.22271665520966055 0.0589888493612627
0.12596725556068122 0.10781112946569921 0.17610380426049232 0.4841221037413620
0.20399241559207437 0.10781112946569921 0.17610380426049232 0.4841221037413620
0.12596725556068122 0.11261778846383096 0.17610380426049232 0.4841221037413620
0.12596725556068122 0.10781112946569921 0.31613419204950333 0.4841221037413620
0.12596725556068122 0.10781112946569921 0.17610380426049232 0.3374995485496280
0.20399241559207437 0.11261778846383096 0.31613419204950333 0.3374995485496280
0.40180493467487388 0.47234042845666413 0.35506892949342728 0.0986800796554846
0.66849429006688288 0.47234042845666413 0.35506892949342728 0.0986800796554846
0.40180493467487388 0.31580320522189143 0.35506892949342728 0.0986800796554846
0.40180493467487388 0.47234042845666413 0.17596493847668171 0.0986800796554846
0.40180493467487388 0.47234042845666413 0.35506892949342728 0.3946282422407300
0.66849429006688288 0.31580320522189143 0.17596493847668171 0.3946282422407300
0.45105026550590988 0.27422006726264958 0.16172623708844186 0.2612049912045270
0.10015023821033536 0.27422006726264958 0.16172623708844186 0.2612049912045270
0.45105026550590988 0.35664146244525907 0.16172623708844186 0.2612049912045270
0.45105026550590988 0.27422006726264958 0.47283746637403967 0.2612049912045270
0.45105026550590988 0.27422006726264958 0.16172623708844186 0.4491050224713870
0.10015023821033536 0.35664146244525907 0.47283746637403967 0.4491050224713870
0.076883133221417668 0.30812799260020257 0.38132087439298634 0.4091422893040810
0.61098574036732312 0.30812799260020257 0.38132087439298634 0.4091422893040810
0.076883133221417668 0.15985329598188402 0.38132087439298634 0.4091422893040810
0.076883133221417668 0.30812799260020257 0.23174299299716949 0.4091422893040810
0.076883133221417668 0.30812799260020257 0.38132087439298634 0.0925934130455702
0.61098574036732312 0.15985329598188402 0.23174299299716949 0.0925934130455702
0.27770229158923027 0.1564103212207556 0.2948346428573132 0.0640501924340253
0.4448406675830483 0.1564103212207556 0.2948346428573132 0.0640501924340253
0.27770229158923027 0.26031631194055083 0.2948346428573132 0.0640501924340253
0.27770229158923027 0.1564103212207556 0.32584412433207033 0.0640501924340253
0.27770229158923027 0.1564103212207556 0.2948346428573132 0.2823952331877410
0.4448406675830483 0.26031631194055083 0.32584412433207033 0.2823952331877410
0.57503270898014303 0.42291115857660777 0.47379807233810423 0.4884239211220020
0.26503567374311388 0.42291115857660777 0.47379807233810423 0.4884239211220020
0.57503270898014303 0.4571550231426954 0.47379807233810423 0.4884239211220020
0.57503270898014303 0.42291115857660777 0.16605969071388244 0.4884239211220020
0.57503270898014303 0.42291115857660777 0.47379807233810423 0.4242693555193720
0.26503567374311388 0.4571550231426954 0.16605969071388244 0.4242693555193720
0.67076701852492981 0.14781154766678811 0.30612336136400697 0.4616527204799420
0.31145542412996285 0.14781154766678811 0.30612336136400697 0.4616527204799420
0.67076701852492981 0.34485513903200626 0.30612336136400697 0.4616527204799420
0.67076701852492981 0.14781154766678811 0.35423146486282353 0.4616527204799420
0.67076701852492981 0.14781154766678811 0.30612336136400697 0.2629556060844930
0.31145542412996285 0.34485513903200626 0.35423146486282353 0.2629556060844930
0.30161881917156275 0.48151222020387652 0.12559754513204099 0.1313025850750470
0.48108952674083405 0.48151222020387652 0.12559754513204099 0.1313025850750470
0.30161881917156275 0.14801900275051594 0.12559754513204099 0.1313025850750470
0.30161881917156275 0.48151222020387652 0.13823389746248724 0.1313025850750470
0.30161881917156275 0.48151222020387652 0.12559754513204099 0.3591530570493980
0.48108952674083405 0.14801900275051594 0.13823389746248724 0.3591530570493980
0.17222071667201816 0.23283087499439717 0.43884161300957203 0.3399310906960780
0.65613100645132361 0.23283087499439717 0.43884161300957203 0.3399310906960780
0.17222071667201816 0.24755274578928949 0.43884161300957203 0.3399310906960780
0.17222071667201816 0.23283087499439717 0.44474309384822852 0.3399310906960780
0.17222071667201816 0.23283087499439717 0.43884161300957203 0.4940085569094980
0.65613100645132361 0.24755274578928949 0.44474309384822852 0.4940085569094980
0.47472876324318342 0.39951489679515362 0.21768441013991835 0.3271303789292910
0.13515436528250574 0.39951489679515362 0.21768441013991835 0.3271303789292910
0.47472876324318342 0.44434482231736183 0.21768441013991835 0.3271303789292910
0.47472876324318342 0.39951489679515362 0.26005706824362279 0.3271303789292910
0.47472876324318342 0.39951489679515362 0.21768441013991835 0.1334995149838230
0.13515436528250574 0.44434482231736183 0.26005706824362279 0.1334995149838230
0.47750888965092592 0.24423830136656763 0.39006575010716915 0.4756430956673870
0.41006297408603126 0.24423830136656763 0.39006575010716915 0.4756430956673870
0.47750888965092592 0.12825129590928555 0.39006575010716915 0.4756430956673870
0.47750888965092592 0.24423830136656763 0.12385583706200123 0.4756430956673870
0.47750888965092592 0.24423830136656763 0.39006575010716915 0.4875452397492930
0.41006297408603126 0.12825129590928555 0.12385583706200123 0.4875452397492930
0.21054290425963695 0.38576371967792511 0.16591171957552434 0.1223394501315130
0.22010226901620622 0.38576371967792511 0.16591171957552434 0.1223394501315130
0.21054290425963695 0.32516363076865673 0.16591171957552434 0.1223394501315130
0.21054290425963695 0.38576371967792511 0.38365476578474045 0.1223394501315130
0.21054290425963695 0.38576371967792511 0.16591171957552434 0.1519931399099520
0.22010226901620622 0.32516363076865673 0.38365476578474045 0.1519931399099520
0.32423023791052397 0.13717317022383213 0.4540332894772291 0.4254987818336970
0.064113521296530959 0.13717317022383213 0.4540332894772291 0.4254987818336970
0.32423023791052397 0.42626141011714935 0.4540332894772291 0.4254987818336970
0.32423023791052397 0.13717317022383213 0.27707194574177263 0.4254987818336970
0.32423023791052397 0.13717317022383213 0.4540332894772291 0.2740543139136330
0.064113521296530959 0.42626141011714935 0.27707194574177263 0.2740543139136330
0.68830576534382992 0.49605684839189057 0.27674843855202202 0.2205870175387110
0.56479207486845551 0.49605684839189057 0.27674843855202202 0.2205870175387110
0.68830576534382992 0.22930196374654771 0.27674843855202202 0.2205870175387110
0.68830576534382992 0.49605684839189057 0.41815192252397537 0.2205870175387110
0.68830576534382992 0.49605684839189057 0.27674843855202202 0.3504204233574300
0.56479207486845551 0.22930196374654771 0.41815192252397537 0.3504204233574300
0.54210510905832043 0.17075973004102707 0.14657071083784104 0.2992204668643540
0.68213178133592001 0.17075973004102707 0.14657071083784104 0.2992204668643540
0.54210510905832043 0.16700141355395318 0.14657071083784104 0.2992204668643540
0.54210510905832043 0.17075973004102707 0.20534939914941788 0.2992204668643540
0.54210510905832043 0.17075973004102707 0.14657071083784104 0.3006238670573440
0.68213178133592001 0.16700141355395318 0.20534939914941788 0.3006238670573440
0.27015986358746885 0.41246799901127817 0.32229317501187327 0.3679622182268940
0.19162443135865032 0.41246799901127817 0.32229317501187327 0.3679622182268940
0.27015986358746885 0.36396476998925209 0.32229317501187327 0.3679622182268940
0.27015986358746885 0.41246799901127817 0.49004534371197228 0.3679622182268940
0.27015986358746885 0.41246799901127817 0.32229317501187327 0.4120548012942860
0.19162443135865032 0.36396476998925209 0.49004534371197228 0.4120548012942860
0.06410420844331384 0.26066410951316354 0.21092934608459474 0.1740719741066520
0.33619723613373931 0.26066410951316354 0.21092934608459474 0.1740719741066520
0.06410420844331384 0.46286374665796759 0.21092934608459474 0.1740719741066520
0.06410420844331384 0.26066410951316354 0.19606666415929797 0.1740719741066520
0.06410420844331384 0.26066410951316354 0.21092934608459474 0.4365297393852460
0.33619723613373931 0.46286374665796759 0.19606666415929797 0.4365297393852460
0.42304177954792971 0.31934020109474659 0.43352081105113027 0.4416173144186880
0.53629938773810859 0.31934020109474659 0.43352081105113027 0.4416173144186880
0.42304177954792971 0.26595398671925069 0.43352081105113027 0.4416173144186880
0.42304177954792971 0.31934020109474659 0.31205431409180162 0.4416173144186880
0.42304177954792971 0.31934020109474659 0.43352081105113027 0.1245803946970790
0.53629938773810859 0.26595398671925069 0.31205431409180162 0.1245803946970790
0.38919228524900967 0.12136699929833412 0.22780325114727021 0.3527081285778050
0.29329255754128097 0.12136699929833412 0.22780325114727021 0.3527081285778050
0.38919228524900967 0.20689067654311658 0.22780325114727021 0.3527081285778050
0.38919228524900967 0.12136699929833412 0.24016919471323492 0.3527081285778050
0.38919228524900967 0.12136699929833412 0.22780325114727021 0.3192444371798260
0.29329255754128097 0.20689067654311658 0.24016919471323492 0.3192444371798260
0.098114836169406777 0.46112830787897108 0.40352741107344625 0.3126348048543970
0.4178533392492681 0.46112830787897108 0.40352741107344625 0.3126348048543970
0.098114836169406777 0.41000084839761264 0.40352741107344625 0.3126348048543970
0.098114836169406777 0.46112830787897108 0.45542085766792295 0.3126348048543970
0.098114836169406777 0.46112830787897108 0.40352741107344625 0.4090253032775540
0.4178533392492681 0.41000084839761264 0.45542085766792295 0.4090253032775540
0.21702942154370247 0.20970897562801838 0.11716174632310868 0.4524138005725570
0.59732823348604136 0.20970897562801838 0.11716174632310868 0.4524138005725570
0.21702942154370247 0.310467092692852 0.11716174632310868 0.4524138005725570
0.21702942154370247 0.20970897562801838 0.16193046011030676 0.4524138005725570
0.21702942154370247 0.20970897562801838 0.11716174632310868 0.4623687669640210
0.59732823348604136 0.310467092692852 0.16193046011030676 0.4623687669640210
0.59507937920279796 0.36956291310489175 0.33975451961159708 0.1532991892288050
0.11253818962723017 0.36956291310489175 0.33975451961159708 0.1532991892288050
0.59507937920279796 0.107400980591774 0.33975451961159708 0.1532991892288050
0.59507937920279796 0.36956291310489175 0.34599520266056061 0.1532991892288050
0.59507937920279796 0.36956291310489175 0.33975451961159708 0.0259438032967286
0.11253818962723017 0.107400980591774 0.34599520266056061 0.0259438032967286
0.64947457620874038 0.2948578357696533 0.48379637114703655 0.0375383095982891
0.15894802543334663 0.2948578357696533 0.48379637114703655 0.0375383095982891
0.64947457620874038 0.29471292868256571 0.48379637114703655 0.0375383095982891
0.64947457620874038 0.2948578357696533 0.13377481400966645 0.0375383095982891
0.64947457620874038 0.2948578357696533 0.48379637114703655 0.4811526721905670
0.15894802543334663 0.29471292868256571 0.13377481400966645 0.4811526721905670
0.36353505924344059 0.33441176339983941 0.25964098460972307 0.4966188048746690
0.63360684365034103 0.33441176339983941 0.25964098460972307 0.4966188048746690
0.36353505924344059 0.49777665659785275 0.25964098460972307 0.4966188048746690
0.36353505924344059 0.33441176339983941 0.37393109835684302 0.4966188048746690
0.36353505924344059 0.33441176339983941 0.25964098460972307 0.1894053198655980
0.63360684365034103 0.49777665659785275 0.37393109835684302 0.1894053198655980
0.15227199848741291 0.18623011372983456 0.37276453338563442 0.2781759422963860
0.46300852475687854 0.18623011372983456 0.37276453338563442 0.2781759422963860
0.15227199848741291 0.39731365330517299 0.37276453338563442 0.2781759422963860
0.15227199848741291 0.18623011372983456 0.26803187131881712 0.2781759422963860
0.15227199848741291 0.18623011372983456 0.37276453338563442 0.2170097305898290
0.46300852475687854 0.39731365330517299 0.26803187131881712 0.2170097305898290
0.53530120169743889 0.44626748301088814 0.19547793902456762 0.3986860042804690
0.32826692876406011 0.44626748301088814 0.19547793902456762 0.3986860042804690
0.53530120169743889 0.19419938065111639 0.19547793902456762 0.3986860042804690
0.53530120169743889 0.44626748301088814 0.42699668146669867 0.3986860042804690
0.53530120169743889 0.44626748301088814 0.19547793902456762 0.3786612666180960
0.32826692876406011 0.19419938065111639 0.42699668146669867 0.3786612666180960
0.53373659453354771 0.231115048378706 0.47641510702669621 0.2280466788217550
0.50395796182565389 0.231115048378706 0.47641510702669621 0.2280466788217550
0.53373659453354771 0.44856587089598177 0.47641510702669621 0.2280466788217550
0.53373659453354771 0.231115048378706 0.15687575340270998 0.2280466788217550
0.53373659453354771 0.231115048378706 0.47641510702669621 0.3915596259319130
0.50395796182565389 0.44856587089598177 0.15687575340270998 0.3915596259319130
0.15633595776744186 0.38961420655250556 0.2553558196872473 0.4295509848783440
0.36987631320953362 0.38961420655250556 0.2553558196872473 0.4295509848783440
0.15633595776744186 0.24548011608421805 0.2553558196872473 0.4295509848783440
0.15633595776744186 0.38961420655250556 0.34792450405657294 0.4295509848783440
0.15633595776744186 0.38961420655250556 0.2553558196872473 0.3244176005706370
0.36987631320953362 0.24548011608421805 0.34792450405657294 0.3244176005706370
0.36193575770594172 0.13820535279810431 0.36850182600319392 0.1142123515982370
0.1986533793620765 0.13820535279810431 0.36850182600319392 0.1142123515982370
0.36193575770594172 0.14657635912299158 0.36850182600319392 0.1142123515982370
0.36193575770594172 0.13820535279810431 0.24131765067577363 0.1142123515982370
0.36193575770594172 0.13820535279810431 0.36850182600319392 0.0645355816472919
0.1986533793620765 0.14657635912299158 0.24131765067577363 0.0645355816472919
0.65365265305154019 0.47929743193089969 0.18807335905730727 0.4727457103500110
0.6739213165361434 0.47929743193089969 0.18807335905730727 0.4727457103500110
0.65365265305154019 0.3496180541813374 0.18807335905730727 0.4727457103500110
0.65365265305154019 0.47929743193089969 0.45114780701696877 0.4727457103500110
0.65365265305154019 0.47929743193089969 0.18807335905730727 0.4564244459810480
0.6739213165361434 0.3496180541813374 0.45114780701696877 0.4564244459810480
0.59601419921964405 0.15459378510713578 0.23211449459195138 0.4424883092408060
0.55768756950274112 0.15459378510713578 0.23211449459195138 0.4424883092408060
0.59601419921964405 0.46230610609054568 0.23211449459195138 0.4424883092408060
0.59601419921964405 0.15459378510713578 0.26297908462584019 0.4424883092408060
0.59601419921964405 0.15459378510713578 0.23211449459195138 0.1964164150394610
0.55768756950274112 0.46230610609054568 0.26297908462584019 0.1964164150394610
0.21359524941071867 0.41290976181626327 0.41098034828901298 0.1759938779225640
0.072238353127613661 0.41290976181626327 0.41098034828901298 0.1759938779225640
0.21359524941071867 0.2592667952179909 0.41098034828901298 0.1759938779225640
0.21359524941071867 0.41290976181626327 0.42892482578754432 0.1759938779225640
0.21359524941071867 0.41290976181626327 0.41098034828901298 0.4678763595733610
0.072238353127613661 0.2592667952179909 0.42892482578754432 0.4678763595733610
0.099094230029731986 0.26471458189189434 0.12459213063120843 0.3660625252527440
0.25235816366039215 0.26471458189189434 0.12459213063120843 0.3660625252527440
0.099094230029731986 0.15816731117665769 0.12459213063120843 0.3660625252527440
0.099094230029731986 0.26471458189189434 0.13492135144770145 0.3660625252527440
0.099094230029731986 0.26471458189189434 0.12459213063120843 0.3705212734450930
0.25235816366039215 0.15816731117665769 0.13492135144770145 0.3705212734450930
0.38563411608338349 0.30601391084492208 0.34408898353576661 0.2969008709616970
0.37630812171846623 0.30601391084492208 0.34408898353576661 0.2969008709616970
0.38563411608338349 0.36125716678798203 0.34408898353576661 0.2969008709616970
0.38563411608338349 0.30601391084492208 0.36965920329093938 0.2969008709616970
0.38563411608338349 0.30601391084492208 0.34408898353576661 0.2424115654922280
0.37630812171846623 0.36125716678798203 0.36965920329093938 0.2424115654922280
0.42400633604265742 0.10325411632657051 0.13833499774336816 0.1512909443970290
0.29586219554767007 0.10325411632657051 0.13833499774336816 0.1512909443970290
0.42400633604265742 0.31470524258911614 0.13833499774336816 0.1512909443970290
0.42400633604265742 0.10325411632657051 0.27904888242483139 0.1512909443970290
0.42400633604265742 0.10325411632657051 0.13833499774336816 0.1388929153930100
0.29586219554767007 0.31470524258911614 0.27904888242483139 0.1388929153930100
0.06056095655076206 0.46351700872182844 0.31720220744609834 0.4515644624906220
0.49661453370936209 0.46351700872182844 0.31720220744609834 0.4515644624906220
0.06056095655076206 0.11781731881201268 0.31720220744609834 0.4515644624906220
0.06056095655076206 0.46351700872182844 0.41305034346878533 0.4515644624906220
0.06056095655076206 0.46351700872182844 0.31720220744609834 0.4983089295542430
0.49661453370936209 0.11781731881201268 0.41305034346878533 0.4983089295542430
0.27108968696556984 0.21493731923401357 0.20581210628151894 0.3148665653969240
0.64054273213259871 0.21493731923401357 0.20581210628151894 0.3148665653969240
0.27108968696556984 0.21828205063939096 0.20581210628151894 0.3148665653969240
0.27108968696556984 0.21493731923401357 0.11953514963388444 0.3148665653969240
0.27108968696556984 0.21493731923401357 0.20581210628151894 0.3553281571493180
0.64054273213259871 0.21828205063939096 0.11953514963388444 0.3553281571493180
0.53867585849948219 0.35505875162780287 0.42531070262193682 0.3546767645713400
0.15065457187592982 0.35505875162780287 0.42531070262193682 0.3546767645713400
0.53867585849948219 0.41521708592772488 0.42531070262193682 0.3546767645713400
0.53867585849948219 0.35505875162780287 0.38485009558498862 0.3546767645713400
0.53867585849948219 0.35505875162780287 0.42531070262193682 0.2461675589398500
0.15065457187592982 0.41521708592772488 0.38485009558498862 0.2461675589398500
0.6866915465332567 0.27976306378841398 0.39513369090855122 0.3941706004524950
0.10567784397862851 0.27976306378841398 0.39513369090855122 0.3941706004524950
0.6866915465332567 0.37751763612031941 0.39513369090855122 0.3941706004524950
0.6866915465332567 0.27976306378841398 0.19804473407566547 0.3941706004524950
0.6866915465332567 0.27976306378841398 0.39513369090855122 0.4260242128058300
0.10567784397862851 0.37751763612031941 0.19804473407566547 0.4260242128058300
0.32842315211892126 0.34023376926779747 0.17407270781695844 0.2716733003349370
0.60570729579776528 0.34023376926779747 0.17407270781695844 0.2716733003349370
0.32842315211892126 0.18057869076728822 0.17407270781695844 0.2716733003349370
0.32842315211892126 0.34023376926779747 0.30695083886384966 0.2716733003349370
0.32842315211892126 0.34023376926779747 0.17407270781695844 0.2919730474105030
0.60570729579776528 0.18057869076728822 0.30695083886384966 0.2919730474105030
0.20897337552160022 0.18841596804559232 0.4622206453233958 0.4992532968544410
0.45034347297623745 0.18841596804559232 0.4622206453233958 0.4992532968544410
0.20897337552160022 0.28011720292270181 0.4622206453233958 0.4992532968544410
0.20897337552160022 0.18841596804559232 0.20102757997810841 0.4992532968544410
0.20897337552160022 0.18841596804559232 0.4622206453233958 0.0832969320287690
0.45034347297623745 0.28011720292270181 0.20102757997810841 0.0832969320287690
0.48157784556969996 0.42835439480841164 0.28179087005555631 0.0471539949180434
0.25976218343712387 0.42835439480841164 0.28179087005555631 0.0471539949180434
0.48157784556969996 0.47700255177915096 0.28179087005555631 0.0471539949180434
0.48157784556969996 0.42835439480841164 0.49124256819486622 0.0471539949180434
0.48157784556969996 0.42835439480841164 0.28179087005555631 0.4403787334911760
0.25976218343712387 0.47700255177915096 0.49124256819486622 0.4403787334911760
0.4737245726399123 0.1777652755379677 0.3104349862784147 0.3784135845412670
0.69710027873516078 0.1777652755379677 0.3104349862784147 0.3784135845412670
0.4737245726399123 0.19881507232785225 0.3104349862784147 0.3784135845412670
0.4737245726399123 0.1777652755379677 0.3301659792661667 0.3784135845412670
0.4737245726399123 0.1777652755379677 0.3104349862784147 0.1009826492911190
0.69710027873516078 0.19881507232785225 0.3301659792661667 0.1009826492911190
0.17572433445602653 0.44291133657097814 0.13305086381733419 0.2817975208471930
0.17674391451291738 0.44291133657097814 0.13305086381733419 0.2817975208471930
0.17572433445602653 0.39562765583395965 0.13305086381733419 0.2817975208471930
0.17572433445602653 0.44291133657097814 0.16486247815191746 0.2817975208471930
0.17572433445602653 0.44291133657097814 0.13305086381733419 0.4336539956890440
0.17674391451291738 0.39562765583395965 0.16486247815191746 0.4336539956890440
0.30072862990200516 0.29120719544589524 0.44627161584794528 0.4330344862954880
0.35114094284363084 0.29120719544589524 0.44627161584794528 0.4330344862954880
0.30072862990200516 0.49672715254127986 0.44627161584794528 0.4330344862954880
0.30072862990200516 0.29120719544589524 0.47085936069488532 0.4330344862954880
0.30072862990200516 0.29120719544589524 0.44627161584794528 0.4177744890419040
0.35114094284363084 0.49672715254127986 0.47085936069488532 0.4177744890419040
0.67423590319231153 0.32644588835537436 0.22201849259436132 0.1967409280129350
0.52142383484169841 0.32644588835537436 0.22201849259436132 0.1967409280129350
0.67423590319231153 0.29986402429640291 0.22201849259436132 0.1967409280129350
0.67423590319231153 0.32644588835537436 0.23684645630419254 0.1967409280129350
0.67423590319231153 0.32644588835537436 0.22201849259436132 0.3040221078707500
0.52142383484169841 0.29986402429640291 0.23684645630419254 0.3040221078707500
0.57668656189925971 0.20134484693408014 0.15434459149837496 0.0885217489754706
0.40518016838468607 0.20134484693408014 0.15434459149837496 0.0885217489754706
0.57668656189925971 0.1121639084070921 0.15434459149837496 0.0885217489754706
0.57668656189925971 0.20134484693408014 0.44906379319727419 0.0885217489754706
0.57668656189925971 0.20134484693408014 0.15434459149837496 0.3383546650227820
0.40518016838468607 0.1121639084070921 0.44906379319727419 0.3383546650227820
0.27354901148937638 0.3663074731826782 0.37703532800078399 0.4808011643632280
0.22475567245855926 0.3663074731826782 0.37703532800078399 0.4808011643632280
0.27354901148937638 0.3090244617313147 0.37703532800078399 0.4808011643632280
0.27354901148937638 0.3663074731826782 0.25886177420616152 0.4808011643632280
0.27354901148937638 0.3663074731826782 0.37703532800078399 0.2682485530074030
0.22475567245855926 0.3090244617313147 0.25886177420616152 0.2682485530074030
0.078413027850911018 0.11761564947664738 0.29057231694459917 0.2451932707197420
0.059235679544508459 0.11761564947664738 0.29057231694459917 0.2451932707197420
0.078413027850911018 0.40792820602655411 0.29057231694459917 0.2451932707197420
0.078413027850911018 0.11761564947664738 0.35225451625883586 0.2451932707197420
0.078413027850911018 0.11761564947664738 0.29057231694459917 0.1651742758479280
0.059235679544508459 0.40792820602655411 0.35225451625883586 0.1651742758479280
0.44694167547859243 0.45306172631680963 0.46639387384057052 0.4190052884167630
0.56942068762145936 0.45306172631680963 0.46639387384057052 0.4190052884167630
0.44694167547859243 0.21111171245574953 0.46639387384057052 0.4190052884167630
0.44694167547859243 0.45306172631680963 0.14333544075489046 0.4190052884167630
0.44694167547859243 0.45306172631680963 0.46639387384057052 0.4888715947892450
0.56942068762145936 0.21111171245574953 0.14333544075489046 0.4888715947892450
0.40332983024418351 0.25035295784473421 0.27306358069181447 0.4916404796955790
0.16367721264250573 0.25035295784473421 0.27306358069181447 0.4916404796955790
0.40332983024418351 0.26446290835738184 0.27306358069181447 0.4916404796955790
0.40332983024418351 0.25035295784473421 0.40898276716470716 0.4916404796955790
0.40332983024418351 0.25035295784473421 0.27306358069181447 0.3846721276671600
0.16367721264250573 0.26446290835738184 0.40898276716470716 0.3846721276671600
0.12186358468607067 0.31646928414702413 0.49575257375836379 0.0747833953709204
0.62878959840163584 0.31646928414702413 0.49575257375836379 0.0747833953709204
0.12186358468607067 0.46767512038350112 0.49575257375836379 0.0747833953709204
0.12186358468607067 0.31646928414702413 0.29913811571896076 0.0747833953709204
0.12186358468607067 0.31646928414702413 0.49575257375836379 0.2207040330286660
0.62878959840163584 0.46767512038350112 0.29913811571896076 0.2207040330286660
0.25175737021490929 0.16818636022508143 0.18429077863693238 0.4054594438467550
0.46772282980382435 0.16818636022508143 0.18429077863693238 0.4054594438467550
0.25175737021490929 0.36813659705221657 0.18429077863693238 0.4054594438467550
0.25175737021490929 0.16818636022508143 0.39321445077657702 0.4054594438467550
0.25175737021490929 0.16818636022508143 0.18429077863693238 0.1698938978067410
0.46772282980382435 0.36813659705221657 0.39321445077657702 0.1698938978067410
0.59863453004509204 0.40166093744337561 0.36011097952723503 0.2554567711177220
0.32348439241759475 0.40166093744337561 0.36011097952723503 0.2554567711177220
0.59863453004509204 0.16497798152267934 0.36011097952723503 0.2554567711177220
0.59863453004509204 0.40166093744337561 0.10218019671738149 0.2554567711177220
0.59863453004509204 0.40166093744337561 0.36011097952723503 0.4789671808433990
0.32348439241759475 0.16497798152267934 0.10218019671738149 0.4789671808433990
0.62548933061771095 0.12676131203770638 0.4166551318019629 0.3284082496745640
0.2784779062494635 0.12676131203770638 0.4166551318019629 0.3284082496745640
0.62548933061771095 0.22766517661511898 0.4166551318019629 0.3284082496745640
0.62548933061771095 0.12676131203770638 0.31498577184975152 0.3284082496745640
0.62548933061771095 0.12676131203770638 0.4166551318019629 0.0423904478537699
0.2784779062494635 0.22766517661511898 0.31498577184975152 0.0423904478537699
0.34900172525085504 0.49308522194623949 0.23927231766283513 0.3411461787410380
0.43289731531403952 0.49308522194623949 0.23927231766283513 0.3411461787410380
0.34900172525085504 0.43082789294421675 0.23927231766283513 0.3411461787410380
0.34900172525085504 0.49308522194623949 0.18023800104856491 0.3411461787410380
0.34900172525085504 0.49308522194623949 0.23927231766283513 0.4635617716935620
0.43289731531403952 0.43082789294421675 0.18023800104856491 0.4635617716935620
0.14895642478950322 0.24176563806831838 0.3274919968098402 0.1277325922413850
0.58254829109646378 0.24176563806831838 0.3274919968098402 0.1277325922413850
0.14895642478950322 0.33036317229270939 0.3274919968098402 0.1277325922413850
0.14895642478950322 0.24176563806831838 0.48672316558659079 0.1277325922413850
0.14895642478950322 0.24176563806831838 0.3274919968098402 0.3994114242448160
0.58254829109646378 0.33036317229270939 0.48672316558659079 0.3994114242448160
0.50097092106007035 0.37505736760795116 0.10324056930840016 0.4602761554856770
0.12756728352978824 0.37505736760795116 0.10324056930840016 0.4602761554856770
0.50097092106007035 0.12715334445238113 0.10324056930840016 0.4602761554856770
0.50097092106007035 0.37505736760795116 0.22078734189271929 0.4602761554856770
0.50097092106007035 0.37505736760795116 0.10324056930840016 0.3145773731760550
0.12756728352978824 0.12715334445238113 0.22078734189271929 0.3145773731760550
0.513427874399349 0.1453932173550129 0.21233033537864687 0.4119651028395330
0.39437939799390725 0.1453932173550129 0.21233033537864687 0.4119651028395330
0.513427874399349 0.17198024094104769 0.21233033537864687 0.4119651028395330
0.513427874399349 0.1453932173550129 0.46500483751296995 0.4119651028395330
0.513427874399349 0.1453932173550129 0.21233033537864687 0.2160192035721820
0.39437939799390725 0.17198024094104769 0.46500483751296995 0.2160192035721820
0.13602226884104313 0.48710170835256583 0.43192495033144951 0.2310456457742860
0.23424694333225488 0.48710170835256583 0.43192495033144951 0.2310456457742860
0.13602226884104313 0.36894073933362959 0.43192495033144951 0.2310456457742860
0.13602226884104313 0.48710170835256583 0.23021893240511418 0.2310456457742860
0.13602226884104313 0.48710170835256583 0.43192495033144951 0.3758550779698180
0.23424694333225488 0.36894073933362959 0.23021893240511418 0.3758550779698180
0.34162196707911785 0.23529840894043447 0.14504844993352892 0.4783306297188580
0.0903090083040297 0.23529840894043447 0.14504844993352892 0.4783306297188580
0.34162196707911785 0.46998988352715976 0.14504844993352892 0.4783306297188580
0.34162196707911785 0.23529840894043447 0.33680175244808197 0.4783306297188580
0.34162196707911785 0.23529840894043447 0.14504844993352892 0.4810405104129560
0.0903090083040297 0.46998988352715976 0.33680175244808197 0.4810405104129560
0.63334381184540689 0.39397462420165541 0.32401185706257818 0.0841528838481092
0.53957697027362883 0.39397462420165541 0.32401185706257818 0.0841528838481092
0.63334381184540689 0.2730795484036207 0.32401185706257818 0.0841528838481092
0.63334381184540689 0.39397462420165541 0.17070875205099584 0.0841528838481092
0.63334381184540689 0.39397462420165541 0.32401185706257818 0.1854179498029530
0.53957697027362883 0.2730795484036207 0.17070875205099584 0.1854179498029530
0.61632787361741059 0.26887510716915131 0.45555595569312579 0.2001415330071880
0.66596751092001794 0.26887510716915131 0.45555595569312579 0.2001415330071880
0.61632787361741059 0.13576693274080753 0.45555595569312579 0.2001415330071880
0.61632787361741059 0.26887510716915131 0.35890266336500642 0.2001415330071880
0.61632787361741059 0.26887510716915131 0.45555595569312579 0.4613463366305120
0.66596751092001794 0.13576693274080753 0.35890266336500642 0.4613463366305120
0.2339039743877947 0.31040021404623985 0.27503011412918565 0.4359323369235340
0.2065678608138114 0.31040021404623985 0.27503011412918565 0.4359323369235340
0.2339039743877947 0.33268098719418049 0.27503011412918565 0.4359323369235340
0.2339039743877947 0.31040021404623985 0.14921821653842926 0.4359323369235340
0.2339039743877947 0.31040021404623985 0.27503011412918565 0.0208653277404687
0.2065678608138114 0.33268098719418049 0.14921821653842926 0.0208653277404687
0.11940306639298796 0.16180449686944487 0.38866440318524842 0.2941837729605660
0.36192188891582183 0.16180449686944487 0.38866440318524842 0.2941837729605660
0.11940306639298796 0.43162898346781731 0.38866440318524842 0.2941837729605660
0.11940306639298796 0.16180449686944487 0.44319689609110358 0.2941837729605660
0.11940306639298796 0.16180449686944487 0.38866440318524842 0.3181604884169160
0.36192188891582183 0.43162898346781731 0.44319689609110358 0.3181604884169160
0.40594792123883955 0.42068814076483252 0.16750717498362067 0.3862520437365820
0.51187306195497506 0.42068814076483252 0.16750717498362067 0.3862520437365820
0.40594792123883955 0.23467048779129984 0.16750717498362067 0.3862520437365820
0.40594792123883955 0.42068814076483252 0.25219774842262266 0.3862520437365820
0.40594792123883955 0.42068814076483252 0.16750717498362067 0.4075795973904640
0.51187306195497506 0.23467048779129984 0.25219774842262266 0.4075795973904640
0.44432250452227884 0.22022699639201165 0.37428675852715976 0.4667573532955100
0.26771711381152269 0.22022699639201165 0.37428675852715976 0.4667573532955100
0.44432250452227884 0.28816816657781602 0.37428675852715976 0.4667573532955100
0.44432250452227884 0.22022699639201165 0.3990950807929039 0.4667573532955100
0.44432250452227884 0.22022699639201165 0.37428675852715976 0.4360932991308080
0.26771711381152269 0.28816816657781602 0.3990950807929039 0.4360932991308080
0.080872156238183376 0.35978074669837956 0.1937592212110758 0.1472852567374480
0.44242856414057308 0.35978074669837956 0.1937592212110758 0.1472852567374480
0.080872156238183376 0.4912294119596482 0.1937592212110758 0.1472852567374480
0.080872156238183376 0.35978074669837956 0.10883048959076405 0.1472852567374480
0.080872156238183376 0.35978074669837956 0.1937592212110758 0.1191860881110560
0.44242856414057308 0.4912294119596482 0.10883048959076405 0.1191860881110560
0.29140100772492583 0.11159397698938847 0.48239544145762925 0.3459022229880230
0.61366160749457777 0.11159397698938847 0.48239544145762925 0.3459022229880230
0.29140100772492583 0.39174429588019855 0.48239544145762925 0.3459022229880230
0.29140100772492583 0.11159397698938847 0.40232088714838032 0.3459022229880230
0.29140100772492583 0.11159397698938847 0.48239544145762925 0.3003025440015560
0.61366160749457777 0.39174429588019855 0.40232088714838032 0.3003025440015560
0.55899212867952885 0.47163108251988894 0.26123690493404866 0.3316168509771060
0.097763553820550436 0.47163108251988894 0.26123690493404866 0.3316168509771060
0.55899212867952885 0.18862983547151091 0.26123690493404866 0.3316168509771060
0.55899212867952885 0.47163108251988894 0.29326907284557824 0.3316168509771060
0.55899212867952885 0.47163108251988894 0.26123690493404866 0.4098762117063190
0.097763553820550436 0.18862983547151091 0.29326907284557824 0.4098762117063190
0.66638034200295804 0.1967329815030098 0.11856303364038467 0.2514392730853110
0.13258380289189517 0.1967329815030098 0.11856303364038467 0.2514392730853110
0.66638034200295804 0.20092952735722067 0.11856303364038467 0.2514392730853110
0.66638034200295804 0.1967329815030098 0.48009807355701928 0.2514392730853110
0.66638034200295804 0.1967329815030098 0.11856303364038467 0.2723151132556530
0.13258380289189517 0.20092952735722067 0.48009807355701928 0.2723151132556530
0.30810699816793197 0.43649436607956893 0.33815900459885595 0.4015539679626010
0.65865290276706212 0.43649436607956893 0.33815900459885595 0.4015539679626010
0.30810699816793197 0.40404179431498055 0.33815900459885595 0.4015539679626010
0.30810699816793197 0.43649436607956893 0.21493038684129717 0.4015539679626010
0.30810699816793197 0.43649436607956893 0.33815900459885595 0.3482670818898920
0.65865290276706212 0.40404179431498055 0.21493038684129717 0.3482670818898920
0.18865709081292154 0.28507557623088364 0.22628062069416047 0.0516651848892492
0.4785431436263024 0.28507557623088364 0.22628062069416047 0.0516651848892492
0.18865709081292154 0.3035297729074955 0.22628062069416047 0.0516651848892492
0.18865709081292154 0.28507557623088364 0.32082961387932302 0.0516651848892492
0.18865709081292154 0.28507557623088364 0.22628062069416047 0.4868685293988580
0.4785431436263024 0.3035297729074955 0.32082961387932302 0.4868685293988580
0.46126652965322129 0.34492987878620629 0.40524577125906946 0.4857691092434190
0.31397298728115852 0.34492987878620629 0.40524577125906946 0.4857691092434190
0.46126652965322129 0.10046499893069268 0.40524577125906946 0.4857691092434190
0.46126652965322129 0.34492987878620629 0.18687620609998704 0.4857691092434190
0.46126652965322129 0.34492987878620629 0.40524577125906946 0.1488405211538700
0.31397298728115852 0.10046499893069268 0.18687620609998704 0.1488405211538700
0.49403576748445621 0.2986437350511551 0.17762606516480448 0.3096888768991480
0.56717946026474231 0.2986437350511551 0.17762606516480448 0.3096888768991480
0.49403576748445621 0.42222850136458878 0.17762606516480448 0.3096888768991480
0.49403576748445621 0.2986437350511551 0.2479646295309067 0.3096888768991480
0.49403576748445621 0.2986437350511551 0.17762606516480448 0.4924574666023970
0.56717946026474231 0.42222850136458878 0.2479646295309067 0.4924574666023970
0.19604049809277058 0.33370546922087674 0.35335024744272236 0.3749617938376160
0.061436962848529217 0.33370546922087674 0.35335024744272236 0.3749617938376160
0.19604049809277058 0.21908924542367458 0.35335024744272236 0.3749617938376160
0.19604049809277058 0.33370546922087674 0.45703094042837622 0.3749617938376160
0.19604049809277058 0.33370546922087674 0.35335024744272236 0.1331860508052340
0.061436962848529217 0.21908924542367458 0.45703094042837622 0.1331860508052340
0.3210449049249291 0.18239577375352384 0.26659426912665368 0.1808590659409220
0.22251382642425593 0.18239577375352384 0.26659426912665368 0.1808590659409220
0.3210449049249291 0.12014123648405076 0.26659426912665368 0.1808590659409220
0.3210449049249291 0.18239577375352384 0.15101002454757692 0.1808590659409220
0.3210449049249291 0.18239577375352384 0.26659426912665368 0.2590042057839650
0.22251382642425593 0.12014123648405076 0.15101002454757692 0.2590042057839650
0.69454722879454489 0.44692532457411294 0.48918706476688389 0.4458791505421010
0.40738207036629315 0.44692532457411294 0.48918706476688389 0.4458791505421010
0.69454722879454489 0.32332493364810944 0.48918706476688389 0.4458791505421010
0.69454722879454489 0.44692532457411294 0.34126012064516542 0.4458791505421010
0.69454722879454489 0.44692532457411294 0.48918706476688389 0.3584900013772570
0.40738207036629315 0.32332493364810944 0.34126012064516542 0.3584900013772570
0.55637040310539299 0.12222015336155892 0.33401020206511023 0.4696596291938960
0.5337825280148536 0.12222015336155892 0.33401020206511023 0.4696596291938960
0.55637040310539299 0.48562529459595682 0.33401020206511023 0.4696596291938960
0.55637040310539299 0.12222015336155892 0.12906794883310796 0.4696596291938960
0.55637040310539299 0.12222015336155892 0.33401020206511023 0.2802628889178330
0.5337825280148536 0.48562529459595682 0.12906794883310796 0.2802628889178330
0.25323780211620028 0.45709865540266037 0.10985484085977078 0.1085677765628220
0.33874292550608509 0.45709865540266037 0.10985484085977078 0.1085677765628220
0.25323780211620028 0.28243806883692746 0.10985484085977078 0.1085677765628220
0.25323780211620028 0.45709865540266037 0.36303127408027647 0.1085677765628220
0.25323780211620028 0.45709865540266037 0.10985484085977078 0.4234945941203330
0.33874292550608509 0.28243806883692746 0.36303127408027647 0.4234945941203330
0.058101716777309777 0.20880736894905569 0.42336856015026569 0.4221273468940140
0.18910198658704758 0.20880736894905569 0.42336856015026569 0.4221273468940140
0.058101716777309777 0.18138893730938435 0.42336856015026569 0.4221273468940140
0.058101716777309777 0.20880736894905569 0.26961373724043369 0.4221273468940140
0.058101716777309777 0.20880736894905569 0.42336856015026569 0.4474840154574260
0.18910198658704758 0.18138893730938435 0.26961373724043369 0.4474840154574260
0.42662539561279111 0.37354412488639355 0.2460819911211729 0.2120567612720200
0.68470288249664002 0.37354412488639355 0.2460819911211729 0.2120567612720200
0.42662539561279111 0.38452599979937074 0.2460819911211729 0.2120567612720200
0.42662539561279111 0.37354412488639355 0.43477150499820716 0.2120567612720200
0.42662539561279111 0.37354412488639355 0.2460819911211729 0.0896762335495508
0.68470288249664002 0.38452599979937074 0.43477150499820716 0.0896762335495508
0.3830161461606621 0.17322421222925188 0.44024254269897944 0.0244403822881124
0.11520971269346773 0.17322421222925188 0.44024254269897944 0.0244403822881124
0.3830161461606621 0.33792524896562104 0.44024254269897944 0.0244403822881124
0.3830161461606621 0.17322421222925188 0.11291117817163468 0.0244403822881124
0.3830161461606621 0.17322421222925188 0.44024254269897944 0.3347325869343590
0.11520971269346773 0.33792524896562104 0.11291117817163468 0.3347325869343590
0.10155486939474939 0.4069246746599674 0.21608848981559278 0.4940476255480020
0.59494588347151878 0.4069246746599674 0.21608848981559278 0.4940476255480020
0.10155486939474939 0.14108777455985547 0.21608848981559278 0.4940476255480020
0.10155486939474939 0.4069246746599674 0.37899273522198207 0.4940476255480020
0.10155486939474939 0.4069246746599674 0.21608848981559278 0.3943878186995250
0.59494588347151878 0.14108777455985547 0.37899273522198207 0.3943878186995250
0.23144852416589856 0.25824883095920087 0.30460113622248175 0.2688545555610920
0.42053912337869398 0.25824883095920087 0.30460113622248175 0.2688545555610920
0.23144852416589856 0.24159980714321139 0.30460113622248175 0.2688545555610920
0.23144852416589856 0.25824883095920087 0.28489160388708112 0.2688545555610920
0.23144852416589856 0.25824883095920087 0.30460113622248175 0.4495575136469770
0.42053912337869398 0.24159980714321139 0.28489160388708112 0.4495575136469770
0.57832073457539079 0.32493274100124836 0.1273162629455328 0.3908263251786990
0.29087611972354349 0.32493274100124836 0.1273162629455328 0.3908263251786990
0.57832073457539079 0.43838978856801991 0.1273162629455328 0.3908263251786990
0.57832073457539079 0.32493274100124836 0.41968895383179194 0.3908263251786990
0.57832073457539079 0.32493274100124836 0.1273162629455328 0.0577702362330362
0.29087611972354349 0.43838978856801991 0.41968895383179194 0.0577702362330362
0.6457980604376643 0.24963552877306938 0.29635727331042294 0.3584528821737700
0.32572611980140204 0.24963552877306938 0.29635727331042294 0.3584528821737700
0.6457980604376643 0.35107803270220761 0.29635727331042294 0.3584528821737700
0.6457980604376643 0.24963552877306938 0.20690704174339772 0.3584528821737700
0.6457980604376643 0.24963552877306938 0.29635727331042294 0.4742963013063990
0.32572611980140204 0.35107803270220761 0.20690704174339772 0.4742963013063990
0.36931540449149902 0.38354375362396242 0.47207971215248112 0.3173142562290580
0.46552050407044582 0.38354375362396242 0.47207971215248112 0.3173142562290580
0.36931540449149902 0.15429005399346352 0.47207971215248112 0.3173142562290580
0.36931540449149902 0.38354375362396242 0.49789321869611747 0.3173142562290580
0.36931540449149902 0.38354375362396242 0.47207971215248112 0.2013417100633850
0.46552050407044582 0.15429005399346352 0.49789321869611747 0.2013417100633850
0.16927022510208189 0.1318251583725214 0.16032494977116585 0.4576931804136060
0.6310307071078568 0.1318251583725214 0.16032494977116585 0.4576931804136060
0.16927022510208189 0.25377515889704227 0.16032494977116585 0.4576931804136060
0.16927022510208189 0.1318251583725214 0.19138402231037618 0.4576931804136060
0.16927022510208189 0.1318251583725214 0.16032494977116585 0.2290069013169460
0.6310307071078568 0.25377515889704227 0.19138402231037618 0.2290069013169460
0.5212797525804489 0.49832601808011534 0.38291638940572736 0.1684923514356930
0.16147550558671353 0.49832601808011534 0.38291638940572736 0.1684923514356930
0.5212797525804489 0.45061635263264177 0.38291638940572736 0.1684923514356930
0.5212797525804489 0.49832601808011534 0.30108143836259843 0.1684923514356930
0.5212797525804489 0.49832601808011534 0.38291638940572736 0.3674654969834550
0.16147550558671353 0.45061635263264177 0.30108143836259843 0.3674654969834550
0.52703582290560003 0.15888365730643272 0.17126113548874855 0.4956667169209670
0.2399084831122309 0.15888365730643272 0.17126113548874855 0.4956667169209670
0.52703582290560003 0.3811643198132515 0.17126113548874855 0.4956667169209670
0.52703582290560003 0.15888365730643272 0.35553339980542664 0.4956667169209670
0.52703582290560003 0.15888365730643272 0.17126113548874855 0.3627448527241540
0.2399084831122309 0.3811643198132515 0.35553339980542664 0.3627448527241540
0.16303982762619851 0.4236143201589585 0.39698357731103895 0.0306597715964830
0.39017704138532278 0.4236143201589585 0.39698357731103895 0.0306597715964830
0.16303982762619851 0.17812214493751527 0.39698357731103895 0.0306597715964830
0.16303982762619851 0.4236143201589585 0.13950126096606255 0.0306597715964830
0.16303982762619851 0.4236143201589585 0.39698357731103895 0.2581494097867360
0.39017704138532278 0.17812214493751527 0.13950126096606255 0.2581494097867360
0.37435251818969839 0.27219878472387793 0.28542412742972378 0.3874776233488310
0.54395409543067208 0.27219878472387793 0.28542412742972378 0.3874776233488310
0.37435251818969839 0.2768305789679289 0.28542412742972378 0.3874776233488310
0.37435251818969839 0.27219878472387793 0.44627329073846345 0.3874776233488310
0.37435251818969839 0.27219878472387793 0.28542412742972378 0.1285773125197220
0.54395409543067208 0.2768305789679289 0.44627329073846345 0.1285773125197220
0.64123899079859248 0.30707119666039945 0.45801556408405308 0.2641588599208280
0.084871830558404332 0.30707119666039945 0.45801556408405308 0.2641588599208280
0.64123899079859248 0.47991681359708316 0.45801556408405308 0.2641588599208280
0.64123899079859248 0.30707119666039945 0.26142652258276944 0.2641588599208280
0.64123899079859248 0.30707119666039945 0.45801556408405308 0.4956726388994470
0.084871830558404332 0.47991681359708316 0.26142652258276944 0.4956726388994470
0.58431217237375677 0.23236220926046372 0.31553399004042149 0.3212522716120610
0.21236328557133671 0.23236220926046372 0.31553399004042149 0.3212522716120610
0.58431217237375677 0.31721662469208245 0.31553399004042149 0.3212522716120610
0.58431217237375677 0.23236220926046372 0.47442893609404568 0.3212522716120610
0.58431217237375677 0.23236220926046372 0.31553399004042149 0.0982202883961287
0.21236328557133671 0.31721662469208245 0.47442893609404568 0.0982202883961287
0.2252954178024083 0.39691006019711494 0.14137994013726712 0.3618313758424520
0.6613138671498745 0.39691006019711494 0.14137994013726712 0.3618313758424520
0.2252954178024083 0.11412800587713719 0.14137994013726712 0.3618313758424520
0.2252954178024083 0.39691006019711494 0.23349062763154507 0.3618313758424520
0.2252954178024083 0.39691006019711494 0.14137994013726712 0.4470089069976330
0.6613138671498745 0.11412800587713719 0.23349062763154507 0.4470089069976330
0.10635103904642164 0.14870782904326918 0.42930664904415605 0.1637489638970920
0.51643368494696906 0.14870782904326918 0.42930664904415605 0.1637489638970920
0.10635103904642164 0.21542281582951547 0.42930664904415605 0.1637489638970920
0.10635103904642164 0.14870782904326918 0.32767072245478635 0.1637489638970920
0.10635103904642164 0.14870782904326918 0.42930664904415605 0.4214595949243850
0.51643368494696906 0.21542281582951547 0.32767072245478635 0.4214595949243850
0.37837544861249622 0.48378786034882071 0.20202177278697492 0.4556108764986480
0.35598384989425536 0.48378786034882071 0.20202177278697492 0.4556108764986480
0.37837544861249622 0.41846088990569119 0.20202177278697492 0.4556108764986480
0.37837544861249622 0.48378786034882071 0.16792543791234493 0.4556108764986480
0.37837544861249622 0.48378786034882071 0.20202177278697492 0.2867113863090200
0.35598384989425536 0.41846088990569119 0.16792543791234493 0.2867113863090200
0.43127042995765796 0.28176106587052346 0.40930469222366817 0.3714380207602090
0.43805651795119038 0.28176106587052346 0.40930469222366817 0.3714380207602090
0.43127042995765796 0.45867730379104621 0.40930469222366817 0.3714380207602090
0.43127042995765796 0.28176106587052346 0.48356513790786271 0.3714380207602090
0.43127042995765796 0.28176106587052346 0.40930469222366817 0.0531812857886295
0.43805651795119038 0.45867730379104621 0.48356513790786271 0.0531812857886295
0.053299960866570475 0.34824362546205523 0.23514932803809643 0.3054999220464340
0.27316898121498523 0.34824362546205523 0.23514932803809643 0.3054999220464340
0.053299960866570475 0.26174198538064958 0.23514932803809643 0.3054999220464340
0.053299960866570475 0.34824362546205523 0.22454973533749581 0.3054999220464340
0.053299960866570475 0.34824362546205523 0.23514932803809643 0.4536231471636520
0.27316898121498523 0.26174198538064958 0.22454973533749581 0.4536231471636520
0.25938533190637825 0.19966909177601339 0.34807710982859136 0.4478178336063060
0.092097167531028395 0.19966909177601339 0.34807710982859136 0.4478178336063060
0.25938533190637825 0.16147257946431637 0.34807710982859136 0.4478178336063060
0.25938533190637825 0.19966909177601339 0.31785092465579512 0.4478178336063060
0.25938533190637825 0.19966909177601339 0.34807710982859136 0.3978342189964640
0.092097167531028395 0.16147257946431637 0.31785092465579512 0.3978342189964640
0.55038331178948285 0.43355901949107645 0.12079054377973081 0.1852523067500440
0.61784888701513407 0.43355901949107645 0.12079054377973081 0.1852523067500440
0.55038331178948285 0.35836078636348245 0.12079054377973081 0.1852523067500440
0.55038331178948285 0.43355901949107645 0.17754992023110391 0.1852523067500440
0.55038331178948285 0.43355901949107645 0.12079054377973081 0.3336187402584810
0.61784888701513407 0.35836078636348245 0.17754992023110391 0.3336187402584810
0.69911063038744026 0.10827019810676575 0.25252689048647881 0.1031185227869270
0.65410727937705815 0.10827019810676575 0.25252689048647881 0.1031185227869270
0.69911063038744026 0.44604805149137972 0.25252689048647881 0.1031185227869270
0.69911063038744026 0.10827019810676575 0.38957347050309188 0.1031185227869270
0.69911063038744026 0.10827019810676575 0.25252689048647881 0.3654007190165300
0.65410727937705815 0.44604805149137972 0.38957347050309188 0.3654007190165300
0.31600220981054006 0.47496020123362548 0.47825106978416443 0.4676657933890500
0.1385266109369695 0.47496020123362548 0.47825106978416443 0.4676657933890500
0.31600220981054006 0.2491637546569109 0.47825106978416443 0.4676657933890500
0.31600220981054006 0.47496020123362548 0.1056564997881651 0.4676657933890500
0.31600220981054006 0.47496020123362548 0.47825106978416443 0.2369597366826000
0.1385266109369695 0.2491637546569109 0.1056564997881651 0.2369597366826000
0.20226532383821905 0.22314792536199093 0.19169040396809578 0.2172921986265180
0.30816279537975783 0.22314792536199093 0.19169040396809578 0.2172921986265180
0.20226532383821905 0.14942991957068444 0.19169040396809578 0.2172921986265180
0.20226532383821905 0.22314792536199093 0.41135431006550793 0.2172921986265180
0.20226532383821905 0.22314792536199093 0.19169040396809578 0.2073246068281770
0.30816279537975783 0.14942991957068444 0.41135431006550793 0.2073246068281770
0.48828403879888349 0.35685447789728642 0.36428320258855817 0.4248716920006540
0.48319163094274692 0.35685447789728642 0.36428320258855817 0.4248716920006540
0.48828403879888349 0.34636781290173535 0.36428320258855817 0.4248716920006540
0.48828403879888349 0.35685447789728642 0.29615018777549268 0.4248716920006540
0.48828403879888349 0.35685447789728642 0.36428320258855817 0.4736010174506040
0.48319163094274692 0.34636781290173535 0.29615018777549268 0.4736010174506040
0.46519280713982875 0.21174040287733079 0.24346385598182679 0.1412388163814770
0.067405966017395264 0.21174040287733079 0.24346385598182679 0.1412388163814770
0.46519280713982875 0.23101278804242611 0.24346385598182679 0.1412388163814770
0.46519280713982875 0.21174040287733079 0.13224157057702543 0.1412388163814770
0.46519280713982875 0.21174040287733079 0.24346385598182679 0.1835879343893070
0.067405966017395264 0.23101278804242611 0.13224157057702543 0.1835879343893070
0.18425672105513513 0.37060574963688853 0.41305982992053036 0.4643325713103130
0.56268947669304903 0.37060574963688853 0.41305982992053036 0.4643325713103130
0.18425672105513513 0.42787696234881878 0.41305982992053036 0.4643325713103130
0.18425672105513513 0.37060574963688853 0.37255249246954925 0.4643325713103130
0.18425672105513513 0.37060574963688853 0.41305982992053036 0.4835094717289720
0.56268947669304903 0.42787696234881878 0.37255249246954925 0.4835094717289720
0.31370437587611372 0.11890867166221142 0.10137675851583482 0.3347574058032910
0.41208649775944645 0.11890867166221142 0.10137675851583482 0.3347574058032910
0.31370437587611372 0.3265821635723114 0.10137675851583482 0.3347574058032910
0.31370437587611372 0.11890867166221142 0.26673299334943296 0.3347574058032910
0.31370437587611372 0.11890867166221142 0.10137675851583482 0.3811688246531570
0.41208649775944645 0.3265821635723114 0.26673299334943296 0.3811688246531570
0.66126077831722796 0.46041547842323782 0.33034190610051156 0.3488056066389980
0.21672951001673935 0.46041547842323782 0.33034190610051156 0.3488056066389980
0.66126077831722796 0.12976853400468827 0.33034190610051156 0.3488056066389980
0.66126077831722796 0.46041547842323782 0.42573847696185119 0.3488056066389980
0.66126077831722796 0.46041547842323782 0.33034190610051156 0.2129930680488840
0.21672951001673935 0.12976853400468827 0.42573847696185119 0.2129930680488840
0.56299484735354777 0.18531977757811546 0.49958124570548534 0.3991873480112110
0.34425072330050166 0.18531977757811546 0.49958124570548534 0.3991873480112110
0.56299484735354777 0.26745646819472313 0.49958124570548534 0.3991873480112110
0.56299484735354777 0.18531977757811546 0.23834565207362177 0.3991873480112110
0.56299484735354777 0.18531977757811546 0.49958124570548534 0.4066122581919910
0.34425072330050166 0.26745646819472313 0.23834565207362177 0.4066122581919910
0.28723638560622927 0.4440020829439163 0.26905371136963369 0.2478724449804220
0.52943634763360015 0.4440020829439163 0.26905371136963369 0.2478724449804220
0.28723638560622927 0.46427267268300054 0.26905371136963369 0.2478724449804220
0.28723638560622927 0.4440020829439163 0.45356427095830443 0.2478724449804220
0.28723638560622927 0.4440020829439163 0.26905371136963369 0.3224161176486240
0.52943634763360015 0.46427267268300054 0.45356427095830443 0.3224161176486240
0.086387511342763901 0.29531692899763584 0.3571039941161871 0.4880692979826940
0.68891636682674284 0.29531692899763584 0.3571039941161871 0.4880692979826940
0.086387511342763901 0.36556422747671602 0.3571039941161871 0.4880692979826940
0.086387511342763901 0.29531692899763584 0.16033594235777857 0.4880692979826940
0.086387511342763901 0.29531692899763584 0.3571039941161871 0.0338795134509439
0.68891636682674284 0.36556422747671602 0.16033594235777857 0.0338795134509439
0.43896285155788056 0.3370315130800009 0.18594545461237433 0.0596638019076553
0.18349124980159104 0.3370315130800009 0.18594545461237433 0.0596638019076553
0.43896285155788056 0.16870396323502063 0.18594545461237433 0.0596638019076553
0.43896285155788056 0.3370315130800009 0.34423841796815396 0.0596638019076553
0.43896285155788056 0.3370315130800009 0.18594545461237433 0.4599195062777950
0.18349124980159104 0.16870396323502063 0.34423841796815396 0.4599195062777950
0.41130199278704815 0.13515186309814453 0.38084740601480005 0.2351938805606430
0.59022670104168351 0.13515186309814453 0.38084740601480005 0.2351938805606430
0.41130199278704815 0.10882197134196758 0.38084740601480005 0.2351938805606430
0.41130199278704815 0.13515186309814453 0.20363571755588056 0.2351938805606430
0.41130199278704815 0.13515186309814453 0.38084740601480005 0.4143003829948600
0.59022670104168351 0.10882197134196758 0.20363571755588056 0.4143003829948600
0.11389204324223101 0.49500007554888725 0.15032156147062781 0.4143145242137810
0.12098887991160154 0.49500007554888725 0.15032156147062781 0.4143145242137810
0.11389204324223101 0.31198182962834836 0.15032156147062781 0.4143145242137810
0.11389204324223101 0.49500007554888725 0.48846951499581337 0.4143145242137810
0.11389204324223101 0.49500007554888725 0.15032156147062781 0.2974207717611310
0.12098887991160154 0.31198182962834836 0.48846951499581337 0.2974207717611310
0.23807293814606961 0.24671161435544492 0.46336991302669051 0.0771792913080896
0.28492210404947399 0.24671161435544492 0.46336991302669051 0.0771792913080896
0.23807293814606961 0.41171565204858784 0.46336991302669051 0.0771792913080896
0.23807293814606961 0.24671161435544492 0.19416696839034558 0.0771792913080896
0.23807293814606961 0.24671161435544492 0.46336991302669051 0.1177918402325470
0.28492210404947399 0.41171565204858784 0.19416696839034558 0.1177918402325470
0.61231958321295676 0.38646690584719179 0.29221268780529497 0.4760076855267000
0.42503386870957904 0.38646690584719179 0.29221268780529497 0.4760076855267000
0.61231958321295676 0.20850219726562502 0.29221268780529497 0.4760076855267000
0.61231958321295676 0.38646690584719179 0.3102120764553547 0.4760076855267000
0.61231958321295676 0.38646690584719179 0.29221268780529497 0.4393084314515620
0.42503386870957904 0.20850219726562502 0.3102120764553547 0.4393084314515620
0.63845778927206986 0.26156041398644447 0.13723420053720475 0.4386959064283510
0.46130218049511307 0.26156041398644447 0.13723420053720475 0.4386959064283510
0.63845778927206986 0.19580286815762521 0.13723420053720475 0.4386959064283510
0.63845778927206986 0.26156041398644447 0.12262776568531991 0.4386959064283510
0.63845778927206986 0.26156041398644447 0.13723420053720475 0.1580139097283900
0.46130218049511307 0.19580286815762521 0.12262776568531991 0.1580139097283900
0.33602892616763708 0.32161581665277483 0.30682881250977517 0.2058428134616570
0.33132179160602387 0.32161581665277483 0.30682881250977517 0.2058428134616570
0.33602892616763708 0.39901222214102749 0.30682881250977517 0.2058428134616570
0.33602892616763708 0.32161581665277483 0.3823616068810225 0.2058428134616570
0.33602892616763708 0.32161581665277483 0.30682881250977517 0.4853203561446040
0.33132179160602387 0.39901222214102749 0.3823616068810225 0.4853203561446040
0.14042698508128523 0.1702910888940096 0.22014762461185455 0.3837646392695410
0.15597277949564159 0.1702910888940096 0.22014762461185455 0.3837646392695410
0.14042698508128523 0.49928164072334769 0.22014762461185455 0.3837646392695410
0.14042698508128523 0.1702910888940096 0.27566320076584816 0.3837646392695410
0.14042698508128523 0.1702910888940096 0.22014762461185455 0.3475040691673090
0.15597277949564159 0.49928164072334769 0.27566320076584816 0.3475040691673090
0.50949602033942931 0.4098631393164397 0.44911103472113612 0.2910087096434830
0.63539156503975391 0.4098631393164397 0.44911103472113612 0.2910087096434830
0.50949602033942931 0.29611939825117589 0.44911103472113612 0.2910087096434830
0.50949602033942931 0.4098631393164397 0.41661295406520371 0.2910087096434830
0.50949602033942931 0.4098631393164397 0.44911103472113612 0.2776601730076920
0.63539156503975391 0.29611939825117589 0.41661295406520371 0.2776601730076920
0.50671966411173341 0.26764921322464941 0.34155594222247598 0.0676602478699965
0.37405512374825772 0.26764921322464941 0.34155594222247598 0.0676602478699965
0.50671966411173341 0.20462494380772114 0.34155594222247598 0.0676602478699965
0.50671966411173341 0.26764921322464941 0.27259800694882874 0.0676602478699965
0.50671966411173341 0.26764921322464941 0.34155594222247598 0.3085698250591740
0.37405512374825772 0.20462494380772114 0.27259800694882874 0.3085698250591740
0.14272861825302241 0.30307698994874954 0.11417313106358051 0.4894370929507500
0.4983224670402705 0.30307698994874954 0.11417313106358051 0.4894370929507500
0.14272861825302241 0.40153651572763926 0.11417313106358051 0.4894370929507500
0.14272861825302241 0.30307698994874954 0.43239136859774596 0.4894370929507500
0.14272861825302241 0.30307698994874954 0.11417313106358051 0.4169215767086050
0.4983224670402705 0.40153651572763926 0.43239136859774596 0.4169215767086050
0.35404120711609716 0.15128075368702412 0.40258812271058564 0.2593514086146100
0.67938451990485182 0.15128075368702412 0.40258812271058564 0.2593514086146100
0.35404120711609716 0.30029207244515421 0.40258812271058564 0.2593514086146100
0.35404120711609716 0.15128075368702412 0.12559530697762966 0.2593514086146100
0.35404120711609716 0.15128075368702412 0.40258812271058564 0.4319993289327920
0.67938451990485182 0.30029207244515421 0.12559530697762966 0.4319993289327920
0.62092271093279117 0.41622508279979231 0.22833669222891331 0.4078590246020090
0.19425268876366314 0.41622508279979231 0.22833669222891331 0.4078590246020090
0.62092271093279117 0.10333033725619317 0.22833669222891331 0.4078590246020090
0.62092271093279117 0.41622508279979231 0.36668085083365443 0.4078590246020090
0.62092271093279117 0.41622508279979231 0.22833669222891331 0.1117773388551980
0.19425268876366314 0.10333033725619317 0.36668085083365443 0.1117773388551980
0.60462336721830068 0.14113090634346009 0.19835807979106904 0.3382763677245550
0.076918022520840165 0.14113090634346009 0.19835807979106904 0.3382763677245550
0.60462336721830068 0.29063081592321394 0.19835807979106904 0.3382763677245550
0.60462336721830068 0.14113090634346009 0.15370210036635401 0.3382763677245550
0.60462336721830068 0.14113090634346009 0.19835807979106904 0.4913286620426880
0.076918022520840165 0.29063081592321394 0.15370210036635401 0.4913286620426880
0.24561158143915235 0.47637569233775146 0.37104707583785057 0.3255383527771270
0.5518685793038457 0.47637569233775146 0.37104707583785057 0.3255383527771270
0.24561158143915235 0.48758883178234103 0.37104707583785057 0.3255383527771270
0.24561158143915235 0.47637569233775146 0.33840313516557219 0.3255383527771270
0.24561158143915235 0.47637569233775146 0.37104707583785057 0.1634196304164760
0.5518685793038457 0.48758883178234103 0.33840313516557219 0.1634196304164760
0.12666731406934559 0.22778664492070677 0.25899934321641926 0.4628093977556540
0.38222261467017227 0.22778664492070677 0.25899934321641926 0.4628093977556540
0.12666731406934559 0.38883613757789137 0.25899934321641926 0.4628093977556540
0.12666731406934559 0.22778664492070677 0.24419824406504631 0.4628093977556540
0.12666731406934559 0.22778664492070677 0.25899934321641926 0.2654838745886730
0.38222261467017227 0.38883613757789137 0.24419824406504631 0.2654838745886730
0.39868677421472959 0.39293879605829718 0.48481954112648962 0.1345036521310900
0.24782358566299079 0.39293879605829718 0.48481954112648962 0.1345036521310900
0.39868677421472959 0.19192256294190885 0.48481954112648962 0.1345036521310900
0.39868677421472959 0.39293879605829718 0.46018080376088621 0.1345036521310900
0.39868677421472959 0.39293879605829718 0.48481954112648962 0.3442201458420700
0.24782358566299079 0.19192256294190885 0.46018080376088621 0.3442201458420700
0.45157915977761143 0.19174427017569542 0.27963602989912034 0.2854172400530430
0.49114655889570707 0.19174427017569542 0.27963602989912034 0.2854172400530430
0.45157915977761143 0.13208939768373967 0.27963602989912034 0.2854172400530430
0.45157915977761143 0.19174427017569542 0.18832810930907729 0.2854172400530430
0.45157915977761143 0.19174427017569542 0.27963602989912034 0.4773055599779340
0.49114655889570707 0.13208939768373967 0.18832810930907729 0.4773055599779340
0.073613640107214454 0.4250299066305161 0.45232676342129707 0.3810380238436980
0.30024788896553212 0.4250299066305161 0.45232676342129707 0.3810380238436980
0.073613640107214454 0.33520491011440756 0.45232676342129707 0.3810380238436980
0.073613640107214454 0.4250299066305161 0.3035818107426167 0.3810380238436980
0.073613640107214454 0.4250299066305161 0.45232676342129707 0.1784598888741460
0.30024788896553212 0.33520491011440756 0.3035818107426167 0.1784598888741460
0.27969913221895693 0.27683759965002541 0.16527781486511231 0.1913811537803260
0.14648092021234332 0.27683759965002541 0.16527781486511231 0.1913811537803260
0.27969913221895693 0.43488532826304438 0.16527781486511231 0.1913811537803260
0.27969913221895693 0.27683759965002541 0.21025582663714887 0.1913811537803260
0.27969913221895693 0.27683759965002541 0.16527781486511231 0.2269739142449670
0.14648092021234332 0.43488532826304438 0.21025582663714887 0.2269739142449670
0.5706921433098614 0.34315541945397854 0.39109937474131584 0.4302894547899340
0.64619299164041877 0.34315541945397854 0.39109937474131584 0.4302894547899340
0.5706921433098614 0.23182303085923195 0.39109937474131584 0.4302894547899340
0.5706921433098614 0.34315541945397854 0.49431853070855147 0.4302894547899340
0.5706921433098614 0.34315541945397854 0.39109937474131584 0.3840828410855950
0.64619299164041877 0.23182303085923195 0.49431853070855147 0.3840828410855950
0.67879694630391896 0.21825045198202134 0.43533886335790162 0.4831433824562670
0.59977811560966077 0.21825045198202134 0.43533886335790162 0.4831433824562670
0.67879694630391896 0.16951115429401398 0.43533886335790162 0.4831433824562670
0.67879694630391896 0.21825045198202134 0.28232014551758766 0.4831433824562670
0.67879694630391896 0.21825045198202134 0.43533886335790162 0.3116989428568640
0.59977811560966077 0.16951115429401398 0.28232014551758766 0.3116989428568640
0.29569349451921878 0.35174332931637764 0.20795473791658881 0.0959174428068396
0.11020734058693051 0.35174332931637764 0.20795473791658881 0.0959174428068396
0.29569349451921878 0.37257564514875419 0.20795473791658881 0.0959174428068396
0.29569349451921878 0.35174332931637764 0.42247391454875471 0.0959174428068396
0.29569349451921878 0.35174332931637764 0.20795473791658881 0.4039082440380010
0.11020734058693051 0.37257564514875419 0.42247391454875471 0.4039082440380010
0.18195647778920826 0.10031939558684827 0.32137080244719984 0.4167766482042540
0.25509758871048688 0.10031939558684827 0.32137080244719984 0.4167766482042540
0.18195647778920826 0.47289236746728425 0.32137080244719984 0.4167766482042540
0.18195647778920826 0.10031939558684827 0.11675207093358041 0.4167766482042540
0.18195647778920826 0.10031939558684827 0.32137080244719984 0.4665401800708550
0.25509758871048688 0.47289236746728425 0.11675207093358041 0.4665401800708550
0.46797024332918219 0.46645401902496819 0.14711768217384816 0.2415606802800340
0.45616731210611755 0.46645401902496819 0.14711768217384816 0.2415606802800340
0.46797024332918219 0.26978038363158707 0.14711768217384816 0.2415606802800340
0.46797024332918219 0.46645401902496819 0.37571939639747143 0.2415606802800340
0.46797024332918219 0.46645401902496819 0.14711768217384816 0.0409624708187539
0.45616731210611755 0.26978038363158707 0.37571939639747143 0.0409624708187539
0.48550648153759535 0.11469321250915528 0.4700375650078058 0.4534661831989260
0.18125002486631275 0.11469321250915528 0.4700375650078058 0.4534661831989260
0.48550648153759535 0.35447437688708305 0.4700375650078058 0.4534661831989260
0.48550648153759535 0.11469321250915528 0.43963985405862338 0.4534661831989260
0.48550648153759535 0.11469321250915528 0.4700375650078058 0.4558938058816960
0.18125002486631275 0.35447437688708305 0.43963985405862338 0.4558938058816960
0.20456544603221116 0.45598645135760307 0.2989765848964453 0.1560017472668110
0.69111764770932493 0.45598645135760307 0.2989765848964453 0.1560017472668110
0.20456544603221116 0.15129039064049721 0.2989765848964453 0.1560017472668110
0.20456544603221116 0.45598645135760307 0.25559011921286584 0.1560017472668110
0.20456544603221116 0.45598645135760307 0.2989765848964453 0.0733502397529519
0.69111764770932493 0.15129039064049721 0.25559011921286584 0.0733502397529519
0.33401321223936969 0.2046700742095709 0.38731983490288258 0.3509173609539120
0.52719450402073553 0.2046700742095709 0.38731983490288258 0.3509173609539120
0.33401321223936969 0.25004307366907597 0.38731983490288258 0.3509173609539120
0.33401321223936969 0.2046700742095709 0.36138558648526675 0.3509173609539120
0.33401321223936969 0.2046700742095709 0.38731983490288258 0.3302095820478540
0.52719450402073553 0.25004307366907597 0.36138558648526675 0.3302095820478540
0.68157458347268396 0.36297995783388615 0.15689005665481093 0.3107447858778350
0.34645262286067002 0.36297995783388615 0.15689005665481093 0.3107447858778350
0.68157458347268396 0.4531826186925173 0.15689005665481093 0.3107447858778350
0.68157458347268396 0.36297995783388615 0.14611891433596613 0.3107447858778350
0.68157458347268396 0.36297995783388615 0.15689005665481093 0.3893817496611860
0.34645262286067002 0.4531826186925173 0.14611891433596613 0.3893817496611860
0.54268612721934906 0.2882694460451603 0.2136264331638813 0.2761535575756870
0.22908820561133325 0.2882694460451603 0.2136264331638813 0.2761535575756870
0.54268612721934906 0.34087007604539399 0.2136264331638813 0.2761535575756870
0.54268612721934906 0.2882694460451603 0.33353537842631342 0.2761535575756870
0.54268612721934906 0.2882694460451603 0.2136264331638813 0.2413804355185890
0.22908820561133325 0.34087007604539399 0.33353537842631342 0.2413804355185890
0.26692269667983054 0.3293798223137856 0.4424936458468437 0.3971840466515420
0.39968847800046198 0.3293798223137856 0.4424936458468437 0.3971840466515420
0.26692269667983054 0.13773405961692334 0.4424936458468437 0.3971840466515420
0.26692269667983054 0.3293798223137856 0.17457949779927731 0.3971840466515420
0.26692269667983054 0.3293798223137856 0.4424936458468437 0.3745249016551910
0.39968847800046198 0.13773405961692334 0.17457949779927731 0.3745249016551910
0.066073720715940004 0.18108148463070395 0.13051760718226435 0.0409197238658438
0.57504755118861794 0.18108148463070395 0.13051760718226435 0.0409197238658438
0.066073720715940004 0.23897851407527926 0.13051760718226435 0.0409197238658438
0.066073720715940004 0.18108148463070395 0.46778303012251854 0.0409197238658438
0.066073720715940004 0.18108148463070395 0.13051760718226435 0.4714762314660580
0.57504755118861794 0.23897851407527926 0.46778303012251854 0.4714762314660580
0.41865401035174721 0.43959894292056567 0.30001620054244993 0.4974782962817830
0.055008567357435825 0.43959894292056567 0.30001620054244993 0.4974782962817830
0.41865401035174721 0.44216469377279288 0.30001620054244993 0.4974782962817830
0.41865401035174721 0.43959894292056567 0.2276178177446127 0.4974782962817830
0.41865401035174721 0.43959894292056567 0.30001620054244993 0.1926131376835770
0.055008567357435825 0.44216469377279288 0.2276178177446127 0.1926131376835770
0.39099078825674943 0.23844953030347826 0.10740899667143822 0.4266170996864170
0.62303399662487202 0.23844953030347826 0.10740899667143822 0.4266170996864170
0.39099078825674943 0.48223462477326395 0.10740899667143822 0.4266170996864170
0.39099078825674943 0.23844953030347826 0.32450751177966597 0.4266170996864170
0.39099078825674943 0.23844953030347826 0.10740899667143822 0.2539051962990700
0.62303399662487202 0.48223462477326395 0.32450751177966597 0.2539051962990700
0.093575889291241762 0.37836965993046767 0.33627484738826752 0.2228043126626640
0.16837036944925782 0.37836965993046767 0.33627484738826752 0.2228043126626640
0.093575889291241762 0.28544416949152951 0.33627484738826752 0.2228043126626640
0.093575889291241762 0.37836965993046767 0.18341204896569252 0.2228043126626640
0.093575889291241762 0.37836965993046767 0.33627484738826752 0.3532833762809980
0.16837036944925782 0.28544416949152951 0.18341204896569252 0.3532833762809980
0.21775665343739092 0.12969897203147412 0.24930069223046303 0.4745010931872040
0.31896360209211705 0.12969897203147412 0.24930069223046303 0.4745010931872040
0.21775665343739092 0.1851274598389864 0.24930069223046303 0.4745010931872040
0.21775665343739092 0.12969897203147412 0.47768980078399181 0.4745010931872040
0.21775665343739092 0.12969897203147412 0.24930069223046303 0.4976154003591340
0.31896360209211705 0.1851274598389864 0.47768980078399181 0.4976154003591340
0.59200826729647815 0.49015137739479542 0.41879754811525349 0.1193470452064840
0.47370039154775434 0.49015137739479542 0.41879754811525349 0.1193470452064840
0.59200826729647815 0.38196540810167789 0.41879754811525349 0.1193470452064840
0.59200826729647815 0.49015137739479542 0.21790635660290719 0.1193470452064840
0.59200826729647815 0.49015137739479542 0.41879754811525349 0.1456692703678070
0.47370039154775434 0.38196540810167789 0.21790635660290719 0.1456692703678070
0.65877395775169134 0.16486103162169458 0.35131592042744164 0.1713397003123750
0.42727559851482505 0.16486103162169458 0.35131592042744164 0.1713397003123750
0.65877395775169134 0.41926502995193005 0.35131592042744164 0.1713397003123750
0.65877395775169134 0.16486103162169458 0.4055158562958241 0.1713397003123750
0.65877395775169134 0.16486103162169458 0.35131592042744164 0.4446543346606000
0.42727559851482505 0.41926502995193005 0.4055158562958241 0.4446543346606000
0.35634012585505837 0.40498855412006385 0.18025663010776044 0.4402843290185380
0.28271977589465674 0.40498855412006385 0.18025663010776044 0.4402843290185380
0.35634012585505837 0.2224250789731741 0.18025663010776044 0.4402843290185380
0.35634012585505837 0.40498855412006385 0.28951880149543285 0.4402843290185380
0.35634012585505837 0.40498855412006385 0.18025663010776044 0.0791568568425338
0.28271977589465674 0.2224250789731741 0.28951880149543285 0.0791568568425338
0.16073830584064125 0.25327548421919344 0.49359794892370701 0.3010723419528690
0.12322999103926122 0.25327548421919344 0.49359794892370701 0.3010723419528690
0.16073830584064125 0.12274464815855027 0.49359794892370701 0.3010723419528690
0.16073830584064125 0.25327548421919344 0.39619317427277567 0.3010723419528690
0.16073830584064125 0.25327548421919344 0.49359794892370701 0.2905909511715940
0.12322999103926122 0.12274464815855027 0.39619317427277567 0.2905909511715940
0.52981229051947587 0.31354446969926358 0.26316948495805265 0.3693634579655020
0.58802499156445265 0.31354446969926358 0.26316948495805265 0.3693634579655020
0.52981229051947587 0.31953138411045079 0.26316948495805265 0.3693634579655020
0.52981229051947587 0.31354446969926358 0.11150663606822492 0.3693634579655020
0.52981229051947587 0.31354446969926358 0.26316948495805265 0.4290428445610430
0.58802499156445265 0.31953138411045079 0.11150663606822492 0.4290428445610430
