0.11423602253198623 0.4464295089244843 0.45442771427333362 0.15185018039792778
0.11423602253198623 0.13683003261685373 0.45442771427333362 0.15185018039792778
0.11423602253198623 0.4464295089244843 0.44077298119664199 0.15185018039792778
0.57377907265909012 0.4464295089244843 0.45442771427333362 0.15185018039792778
0.11423602253198623 0.4464295089244843 0.45442771427333362 0.43739684335872536
0.57377907265909012 0.13683003261685373 0.44077298119664199 0.43739684335872536
0.66475085723213845 0.16270458698272705 0.24684913307428361 2.3907086525204777
0.66475085723213845 0.3224489498883486 0.24684913307428361 2.3907086525204777
0.66475085723213845 0.16270458698272705 0.1853087965399027 2.3907086525204777
0.1719276747666299 0.16270458698272705 0.24684913307428361 2.3907086525204777
0.66475085723213845 0.16270458698272705 0.24684913307428361 2.0743234289304913
0.1719276747666299 0.3224489498883486 0.1853087965399027 2.0743234289304913
0.29707180466502903 0.24989187680184843 0.33414060473442075 1.3312340695759655
0.29707180466502903 0.47768816500902178 0.33414060473442075 1.3312340695759655
0.29707180466502903 0.24989187680184843 0.28544959463179109 1.3312340695759655
0.46730329860001796 0.24989187680184843 0.33414060473442075 1.3312340695759655
0.29707180466502903 0.24989187680184843 0.33414060473442075 2.530472517812103
0.46730329860001796 0.47768816500902178 0.28544959463179109 2.530472517812103
0.40067318691872056 0.36636236272752287 0.16713381074368955 2.0390048497334123
0.40067318691872056 0.26321028284728532 0.16713381074368955 2.0390048497334123
0.40067318691872056 0.36636236272752287 0.34092291072010994 2.0390048497334123
0.27874299264512953 0.36636236272752287 0.16713381074368955 2.0390048497334123
0.40067318691872056 0.36636236272752287 0.16713381074368955 1.0861992009352148
0.27874299264512953 0.26321028284728532 0.34092291072010994 1.0861992009352148
0.57568426243960857 0.33506743758916857 0.38830653764307499 1.8832013799703122
0.57568426243960857 0.24569510743021966 0.38830653764307499 1.8832013799703122
0.57568426243960857 0.33506743758916857 0.49089161194860942 1.8832013799703122
0.43289896068163208 0.33506743758916857 0.38830653764307499 1.8832013799703122
0.57568426243960857 0.33506743758916857 0.38830653764307499 2.7785087976066767
0.43289896068163208 0.24569510743021966 0.49089161194860942 2.7785087976066767
0.14231375376693903 0.25610325783491139 0.11197835132479668 1.1286915566533804
0.14231375376693903 0.40773079432547099 0.11197835132479668 1.1286915566533804
0.14231375376693903 0.25610325783491139 0.13542132452130318 1.1286915566533804
0.31534437937662002 0.25610325783491139 0.11197835132479668 1.1286915566533804
0.14231375376693903 0.25610325783491139 0.11197835132479668 1.1831484651915729
0.31534437937662002 0.40773079432547099 0.13542132452130318 1.1831484651915729
0.51476311925798646 0.1314954947680235 0.42427262440323832 2.9242977686524392
0.51476311925798646 0.39231552779674528 0.42427262440323832 2.9242977686524392
0.51476311925798646 0.1314954947680235 0.23517836406826975 2.9242977686524392
0.69204562958329907 0.1314954947680235 0.42427262440323832 2.9242977686524392
0.51476311925798646 0.1314954947680235 0.42427262440323832 0.35915904237255458
0.69204562958329907 0.39231552779674528 0.23517836406826975 0.35915904237255458
0.28447671732865271 0.45272672288119797 0.27601622231304646 0.73071671249210846
0.28447671732865271 0.15444820784032345 0.27601622231304646 0.73071671249210846
0.28447671732865271 0.45272672288119797 0.39064557589590554 0.73071671249210846
0.056532295187935233 0.45272672288119797 0.27601622231304646 0.73071671249210846
0.28447671732865271 0.45272672288119797 0.27601622231304646 1.7615288075087967
0.056532295187935233 0.15444820784032345 0.39064557589590554 1.7615288075087967
0.46597632477059953 0.48216468989849093 0.30442309528589251 0.80325052212476733
0.46597632477059953 0.34982374422252183 0.30442309528589251 0.80325052212476733
0.46597632477059953 0.48216468989849093 0.31289929933845995 0.80325052212476733
0.40040408396162086 0.48216468989849093 0.30442309528589251 0.80325052212476733
0.46597632477059953 0.48216468989849093 0.30442309528589251 2.8360121535769105
0.40040408396162086 0.34982374422252183 0.31289929933845995 2.8360121535769105
0.23414345406927167 0.10158298313617707 0.19683844558894636 1.557793833745122
0.23414345406927167 0.10966296046972275 0.19683844558894636 1.557793833745122
0.23414345406927167 0.10158298313617707 0.25743206366896632 1.557793833745122
0.34530262956395741 0.10158298313617707 0.19683844558894636 1.557793833745122
0.23414345406927167 0.10158298313617707 0.19683844558894636 1.5171355582919719
0.34530262956395741 0.10966296046972275 0.25743206366896632 1.5171355582919719
0.60818581869825716 0.28562371395528319 0.48413298390805726 0.49741989770770079
0.60818581869825716 0.29029104895889757 0.48413298390805726 0.49741989770770079
0.60818581869825716 0.28562371395528319 0.15767428502440453 0.49741989770770079
0.61893815062940116 0.28562371395528319 0.48413298390805726 0.49741989770770079
0.60818581869825716 0.28562371395528319 0.48413298390805726 0.14030196404784917
0.61893815062940116 0.29029104895889757 0.15767428502440453 0.14030196404784917
0.1731870159972459 0.30523722432553768 0.21713232398033144 2.6909448472350834
0.1731870159972459 0.45003346577286718 0.21713232398033144 2.6909448472350834
0.1731870159972459 0.30523722432553768 0.41314454860985284 2.6909448472350834
0.12710810671560466 0.30523722432553768 0.21713232398033144 2.6909448472350834
0.1731870159972459 0.30523722432553768 0.21713232398033144 1.6349451149615646
0.12710810671560466 0.45003346577286718 0.41314454860985284 1.6349451149615646
0.3485169877298176 0.39894821196794517 0.43831723853945737 2.5315884661146999
0.3485169877298176 0.43329800330102441 0.43831723853945737 2.5315884661146999
0.3485169877298176 0.39894821196794517 0.36320179924368856 2.5315884661146999
0.58452388481236994 0.39894821196794517 0.43831723853945737 2.5315884661146999
0.3485169877298176 0.39894821196794517 0.43831723853945737 0.74819167231231931
0.58452388481236994 0.43329800330102441 0.36320179924368856 0.74819167231231931
0.4531087941024452 0.21682841926813126 0.26198295690119267 0.29267366776376963
0.4531087941024452 0.21955398917198182 0.26198295690119267 0.29267366776376963
0.4531087941024452 0.21682841926813126 0.20772845931351186 0.29267366776376963
0.16371940197423099 0.21682841926813126 0.26198295690119267 0.29267366776376963
0.4531087941024452 0.21682841926813126 0.26198295690119267 2.1089721706905959
0.16371940197423099 0.21955398917198182 0.20772845931351186 2.1089721706905959
0.084472210239619011 0.19537904076278212 0.37427412159740925 2.0877401800689102
0.084472210239619011 0.18030922748148442 0.37427412159740925 2.0877401800689102
0.084472210239619011 0.19537904076278212 0.10758539624512196 2.0877401800689102
0.51868054941296571 0.19537904076278212 0.37427412159740925 2.0877401800689102
0.084472210239619011 0.19537904076278212 0.37427412159740925 2.380696912470758
0.51868054941296571 0.18030922748148442 0.10758539624512196 2.380696912470758
0.63590060290880501 0.41345446519553664 0.12602383270859718 1.3800033713248374
0.63590060290880501 0.36666220650076864 0.12602383270859718 1.3800033713248374
0.63590060290880501 0.41345446519553664 0.46304955706000328 1.3800033713248374
0.22989732208661734 0.41345446519553664 0.12602383270859718 1.3800033713248374
0.63590060290880501 0.41345446519553664 0.12602383270859718 0.84448715704768906
0.22989732208661734 0.36666220650076864 0.46304955706000328 0.84448715704768906
0.22195824487134813 0.40242155753076081 0.35098842382431028 2.9024574108451606
0.22195824487134813 0.25519727542996407 0.35098842382431028 2.9024574108451606
0.22195824487134813 0.40242155753076081 0.21382349878549578 2.9024574108451606
0.2062645199242979 0.40242155753076081 0.35098842382431028 2.9024574108451606
0.22195824487134813 0.40242155753076081 0.35098842382431028 2.3239602739523351
0.2062645199242979 0.25519727542996407 0.21382349878549578 2.3239602739523351
0.47889366564340885 0.18141004405915739 0.14931252859532834 0.6519943522250653
0.47889366564340885 0.49159982688725001 0.14931252859532834 0.6519943522250653
0.47889366564340885 0.18141004405915739 0.35678766034543519 0.6519943522250653
0.54709905395284286 0.18141004405915739 0.14931252859532834 0.6519943522250653
0.47889366564340885 0.18141004405915739 0.14931252859532834 0.92428933667883284
0.54709905395284286 0.49159982688725001 0.35678766034543519 0.92428933667883284
0.20166831510141492 0.20599339604377748 0.43699356429278857 1.7114632037287951
0.20166831510141492 0.30855607539415364 0.43699356429278857 1.7114632037287951
0.20166831510141492 0.20599339604377748 0.4569390919059515 1.7114632037287951
0.27241516374051566 0.20599339604377748 0.43699356429278857 1.7114632037287951
0.20166831510141492 0.20599339604377748 0.43699356429278857 0.64104582629606133
0.27241516374051566 0.30855607539415364 0.4569390919059515 0.64104582629606133
0.58044028342701492 0.38478666543960571 0.2633036211133003 1.0152971418261529
0.58044028342701492 0.14486011080443861 0.2633036211133003 1.0152971418261529
0.58044028342701492 0.38478666543960571 0.11396575123071671 1.0152971418261529
0.48120860825292761 0.38478666543960571 0.2633036211133003 1.0152971418261529
0.58044028342701492 0.38478666543960571 0.2633036211133003 2.2391049865739046
0.48120860825292761 0.14486011080443861 0.11396575123071671 2.2391049865739046
0.43082856824621552 0.31608160249888895 0.49209429994225506 1.1797354992583395
0.43082856824621552 0.16561931893229487 0.49209429994225506 1.1797354992583395
0.43082856824621552 0.31608160249888895 0.26393603943288324 1.1797354992583395
0.30659649805165823 0.31608160249888895 0.49209429994225506 1.1797354992583395
0.43082856824621552 0.31608160249888895 0.49209429994225506 0.15552270813211799
0.30659649805165823 0.16561931893229487 0.26393603943288324 0.15552270813211799
0.37165208314545445 0.29978200308978559 0.20916800983250142 1.9226406043204667
0.37165208314545445 0.37531211413443089 0.20916800983250142 1.9226406043204667
0.37165208314545445 0.29978200308978559 0.30690630227327348 1.9226406043204667
0.44422552408650512 0.29978200308978559 0.20916800983250142 1.9226406043204667
0.37165208314545445 0.29978200308978559 0.20916800983250142 1.5967374119900168
0.44422552408650512 0.37531211413443089 0.30690630227327348 1.5967374119900168
0.65428312728181481 0.11261914819478989 0.32185244299471383 0.12704003592401744
0.65428312728181481 0.42473926246166227 0.32185244299471383 0.12704003592401744
0.65428312728181481 0.11261914819478989 0.40666176825761802 0.12704003592401744
0.088369739800691599 0.11261914819478989 0.32185244299471383 0.12704003592401744
0.65428312728181481 0.11261914819478989 0.32185244299471383 2.9850336901633443
0.088369739800691599 0.42473926246166227 0.40666176825761802 2.9850336901633443
0.066940748924389476 0.4961243316531182 0.1794121079146862 2.3322256785818936
0.066940748924389476 0.23453038595616818 0.1794121079146862 2.3322256785818936
0.066940748924389476 0.4961243316531182 0.16369453333318235 2.3322256785818936
0.66270752134732902 0.4961243316531182 0.1794121079146862 2.3322256785818936
0.066940748924389476 0.4961243316531182 0.1794121079146862 1.3450484915725889
0.66270752134732902 0.23453038595616818 0.16369453333318235 1.3450484915725889
0.682560452260077 0.46356433294713495 0.4009777154773474 2.241971110471785
0.682560452260077 0.4673988651484251 0.4009777154773474 2.241971110471785
0.682560452260077 0.46356433294713495 0.14141546599566937 2.241971110471785
0.35916831721551712 0.46356433294713495 0.4009777154773474 2.241971110471785
0.682560452260077 0.46356433294713495 0.4009777154773474 0.30507623112291099
0.35916831721551712 0.4673988651484251 0.14141546599566937 0.30507623112291099
0.096846057986840595 0.1456597950309515 0.29930793046951298 1.4990320339962842
0.096846057986840595 0.27958116382360459 0.29930793046951298 1.4990320339962842
0.096846057986840595 0.1456597950309515 0.48438267707824711 1.4990320339962842
0.39419529056176539 0.1456597950309515 0.29930793046951298 1.4990320339962842
0.096846057986840595 0.1456597950309515 0.29930793046951298 1.8385873343595864
0.39419529056176539 0.27958116382360459 0.48438267707824711 1.8385873343595864
0.3778944086283445 0.26713360249996188 0.38699205666780478 2.5594004581883549
0.3778944086283445 0.12036721892654896 0.38699205666780478 2.5594004581883549
0.3778944086283445 0.26713360249996188 0.38462952375411985 2.5594004581883549
0.10030912030488252 0.26713360249996188 0.38699205666780478 2.5594004581883549
0.3778944086283445 0.26713360249996188 0.38699205666780478 2.6741065933910013
0.10030912030488252 0.12036721892654896 0.38462952375411985 2.6741065933910013
0.3202640823554247 0.34903365671634679 0.11329602114856244 0.35427114175885921
0.3202640823554247 0.33245100155472757 0.11329602114856244 0.35427114175885921
0.3202640823554247 0.34903365671634679 0.24165923707187176 0.35427114175885921
0.65331468558870254 0.34903365671634679 0.11329602114856244 0.35427114175885921
0.3202640823554247 0.34903365671634679 0.11329602114856244 1.3106274428263307
0.65331468558870254 0.33245100155472757 0.24165923707187176 1.3106274428263307
0.17033587303012609 0.3553226809948683 0.34209888465702532 0.51650576021015648
0.17033587303012609 0.35243047438561914 0.34209888465702532 0.51650576021015648
0.17033587303012609 0.3553226809948683 0.19171187281608582 0.51650576021015648
0.1345003825146705 0.3553226809948683 0.34209888465702532 0.51650576021015648
0.17033587303012609 0.3553226809948683 0.34209888465702532 2.542589823959768
0.1345003825146705 0.35243047438561914 0.19171187281608582 2.542589823959768
0.54819459333084519 0.23592888526618483 0.15917873159050944 2.7670249254631996
0.54819459333084519 0.1879030168056488 0.15917873159050944 2.7670249254631996
0.54819459333084519 0.23592888526618483 0.43468518964946268 2.7670249254631996
0.61632169289514416 0.23592888526618483 0.15917873159050944 2.7670249254631996
0.54819459333084519 0.23592888526618483 0.15917873159050944 1.0510051103886962
0.61632169289514416 0.1879030168056488 0.43468518964946268 1.0510051103886962
0.27191662341356276 0.15186374932527544 0.47186003252863884 0.9719640128415824
0.27191662341356276 0.21194084025919438 0.47186003252863884 0.9719640128415824
0.27191662341356276 0.15186374932527544 0.33453454487025736 0.9719640128415824
0.24126362856477496 0.15186374932527544 0.47186003252863884 0.9719640128415824
0.27191662341356276 0.15186374932527544 0.47186003252863884 0.58340475654035817
0.24126362856477496 0.21194084025919438 0.33453454487025736 0.58340475654035817
0.52786193001084025 0.43227454572916035 0.22941362597048284 1.6680965864408017
0.52786193001084025 0.44751171097159392 0.22941362597048284 1.6680965864408017
0.52786193001084025 0.43227454572916035 0.29157035946846011 1.6680965864408017
0.50981368585489684 0.43227454572916035 0.22941362597048284 1.6680965864408017
0.52786193001084025 0.43227454572916035 0.22941362597048284 1.9053397891679407
0.50981368585489684 0.44751171097159392 0.29157035946846011 1.9053397891679407
0.6143251979257911 0.42768251933157442 0.32753946855664251 2.2739418502509592
0.6143251979257911 0.16014976389706137 0.32753946855664251 2.2739418502509592
0.6143251979257911 0.42768251933157442 0.24616142176091671 2.2739418502509592
0.26231223563663658 0.42768251933157442 0.32753946855664251 2.2739418502509592
0.6143251979257911 0.42768251933157442 0.32753946855664251 1.8682534996803106
0.26231223563663658 0.16014976389706137 0.24616142176091671 1.8682534996803106
0.18476157467812299 0.15645157732069492 0.17274622507393361 0.091782567390799527
0.18476157467812299 0.3995292015373707 0.17274622507393361 0.091782567390799527
0.18476157467812299 0.15645157732069492 0.3766347602009773 0.091782567390799527
0.49134876839816566 0.15645157732069492 0.17274622507393361 0.091782567390799527
0.18476157467812299 0.15645157732069492 0.17274622507393361 0.27433204437568787
0.49134876839816566 0.3995292015373707 0.3766347602009773 0.27433204437568787
0.47215536716394119 0.23114498183131219 0.46043028868734837 1.980927298371792
0.47215536716394119 0.40051712207496171 0.46043028868734837 1.980927298371792
0.47215536716394119 0.23114498183131219 0.47677706032991407 1.980927298371792
0.19613431552425026 0.23114498183131219 0.46043028868734837 1.980927298371792
0.47215536716394119 0.23114498183131219 0.46043028868734837 1.2953207051707805
0.19613431552425026 0.40051712207496171 0.47677706032991407 1.2953207051707805
0.24567833021283147 0.360109256953001 0.23985774144530297 1.2149957017546893
0.24567833021283147 0.23999354988336563 0.23985774144530297 1.2149957017546893
0.24567833021283147 0.360109256953001 0.1463129010051489 1.2149957017546893
0.55719210379756989 0.360109256953001 0.23985774144530297 1.2149957017546893
0.24567833021283147 0.360109256953001 0.23985774144530297 2.690494152314812
0.55719210379756989 0.23999354988336563 0.1463129010051489 2.690494152314812
0.070358589058741927 0.34132044799625871 0.41866060197353361 1.0491182585963608
0.070358589058741927 0.27003468908369543 0.41866060197353361 1.0491182585963608
0.070358589058741927 0.34132044799625871 0.29643874317407609 1.0491182585963608
0.078189945546910167 0.34132044799625871 0.41866060197353361 1.0491182585963608
0.070358589058741927 0.34132044799625871 0.41866060197353361 0.97491657499149453
0.078189945546910167 0.27003468908369543 0.29643874317407609 0.97491657499149453
0.62722216118127105 0.27485024817287923 0.28261696659028535 1.7683108120539786
0.62722216118127105 0.48299735710024838 0.28261696659028535 1.7683108120539786
0.62722216118127105 0.27485024817287923 0.3269059803336859 1.7683108120539786
0.67292950674891472 0.27485024817287923 0.28261696659028535 1.7683108120539786
0.62722216118127105 0.27485024817287923 0.28261696659028535 2.6190394785554707
0.67292950674891472 0.48299735710024838 0.3269059803336859 2.6190394785554707
0.33444304908625777 0.13774859979748727 0.39529832415282729 0.61817599137753254
0.33444304908625777 0.31713975928723814 0.39529832415282729 0.61817599137753254
0.33444304908625777 0.13774859979748727 0.42666452191770077 0.61817599137753254
0.29638446839526295 0.13774859979748727 0.39529832415282729 0.61817599137753254
0.33444304908625777 0.13774859979748727 0.39529832415282729 1.9670492101694645
0.29638446839526295 0.31713975928723814 0.42666452191770077 1.9670492101694645
0.44439068920910352 0.47147361710667612 0.10597538203001022 2.8456126901999115
0.44439068920910352 0.13000562489032746 0.10597538203001022 2.8456126901999115
0.44439068920910352 0.47147361710667612 0.1961942568421364 2.8456126901999115
0.45439544008113436 0.47147361710667612 0.10597538203001022 2.8456126901999115
0.44439068920910352 0.47147361710667612 0.10597538203001022 0.52133701618209483
0.45439544008113436 0.13000562489032746 0.1961942568421364 0.52133701618209483
0.30606761951930817 0.48841169215738778 0.47755014486610892 1.63283609847039
0.30606761951930817 0.3719713971018791 0.47755014486610892 1.63283609847039
0.30606761951930817 0.48841169215738778 0.12472084164619446 1.63283609847039
0.11052857167087494 0.48841169215738778 0.47755014486610892 1.63283609847039
0.30606761951930817 0.48841169215738778 0.47755014486610892 0.94031587522208704
0.11052857167087494 0.3719713971018791 0.12472084164619446 0.94031587522208704
0.41446941560134287 0.1203359816223383 0.22275075986981394 0.91367751642614614
0.41446941560134287 0.18713363520801068 0.22275075986981394 0.91367751642614614
0.41446941560134287 0.1203359816223383 0.45519113056361682 0.91367751642614614
0.64313238877803081 0.1203359816223383 0.22275075986981394 0.91367751642614614
0.41446941560134287 0.1203359816223383 0.22275075986981394 2.3082921645635368
0.64313238877803081 0.18713363520801068 0.45519113056361682 2.3082921645635368
0.12327151992358266 0.29187062010169029 0.31043185815215113 2.8022825477132201
0.12327151992358266 0.21272958293557168 0.31043185815215113 2.8022825477132201
0.12327151992358266 0.29187062010169029 0.3554348539561033 2.8022825477132201
0.36934065585955972 0.29187062010169029 0.31043185815215113 2.8022825477132201
0.12327151992358266 0.29187062010169029 0.31043185815215113 2.2087189984059332
0.36934065585955972 0.21272958293557168 0.3554348539561033 2.2087189984059332
0.67850742274895304 0.32399031743407247 0.18986537493765354 0.57478952266246086
0.67850742274895304 0.42798881120979793 0.18986537493765354 0.57478952266246086
0.67850742274895304 0.32399031743407247 0.22496764063835145 0.57478952266246086
0.38398571987636382 0.32399031743407247 0.18986537493765354 0.57478952266246086
0.67850742274895304 0.32399031743407247 0.18986537493765354 0.67107054154872903
0.38398571987636382 0.42798881120979793 0.22496764063835145 0.67107054154872903
0.50350595307536417 0.38019521422684199 0.36865605674684054 0.41111570868730551
0.50350595307536417 0.45724713802337646 0.36865605674684054 0.41111570868730551
0.50350595307536417 0.38019521422684199 0.17481582276523114 0.41111570868730551
0.25140621378086503 0.38019521422684199 0.36865605674684054 0.41111570868730551
0.50350595307536417 0.38019521422684199 0.36865605674684054 1.534308651251197
0.25140621378086503 0.45724713802337646 0.17481582276523114 1.534308651251197
0.27801996497437353 0.21058141775429251 0.13260630071163179 2.5932188849145175
0.27801996497437353 0.29599260650575165 0.13260630071163179 2.5932188849145175
0.27801996497437353 0.21058141775429251 0.40528000593185431 2.5932188849145175
0.49971321430057281 0.21058141775429251 0.13260630071163179 2.5932188849145175
0.27801996497437353 0.21058141775429251 0.13260630071163179 0.21687075740039349
0.49971321430057281 0.29599260650575165 0.40528000593185431 0.21687075740039349
0.56446675942279401 0.17662594690918923 0.44529067724943161 1.4421847111451627
0.56446675942279401 0.10396140441298485 0.44529067724943161 1.4421847111451627
0.56446675942279401 0.17662594690918923 0.30513844490051267 1.4421847111451627
0.14459089590236543 0.17662594690918923 0.44529067724943161 1.4421847111451627
0.56446675942279401 0.17662594690918923 0.44529067724943161 1.4218563447475434
0.14459089590236543 0.10396140441298485 0.30513844490051267 1.4218563447475434
0.1358173188753426 0.4072075583040714 0.25597382597625257 2.2081497960656882
0.1358173188753426 0.3426100704818964 0.25597382597625257 2.2081497960656882
0.1358173188753426 0.4072075583040714 0.27466513030230999 2.2081497960656882
0.60618898835964496 0.4072075583040714 0.25597382597625257 2.2081497960656882
0.1358173188753426 0.4072075583040714 0.25597382597625257 2.9093037046980856
0.60618898835964496 0.3426100704818964 0.27466513030230999 2.9093037046980856
0.38694973275996741 0.42116843983531005 0.43098486103117473 0.78900047494441283
0.38694973275996741 0.22929272539913656 0.43098486103117473 0.78900047494441283
0.38694973275996741 0.42116843983531005 0.42390134371817112 0.78900047494441283
0.45717057711444786 0.42116843983531005 0.43098486103117473 0.78900047494441283
0.38694973275996741 0.42116843983531005 0.43098486103117473 1.4529073502327503
0.45717057711444786 0.22929272539913656 0.42390134371817112 1.4529073502327503
0.33411982031539078 0.18766316100955011 0.27027672752737997 2.9595553909024597
0.33411982031539078 0.41789177134633071 0.27027672752737997 2.9595553909024597
0.33411982031539078 0.18766316100955011 0.15592802837491038 2.9595553909024597
0.28883352298289533 0.18766316100955011 0.27027672752737997 2.9595553909024597
0.33411982031539078 0.18766316100955011 0.27027672752737997 2.9013183720828595
0.28883352298289533 0.41789177134633071 0.15592802837491038 2.9013183720828595
0.69165545892901714 0.22474037446081641 0.35757122710347178 1.0704050602379442
0.69165545892901714 0.3821596067398787 0.35757122710347178 1.0704050602379442
0.69165545892901714 0.22474037446081641 0.25607791021466253 1.0704050602379442
0.56367858415469529 0.22474037446081641 0.35757122710347178 1.0704050602379442
0.69165545892901714 0.22474037446081641 0.35757122710347178 1.7077951612313094
0.56367858415469529 0.3821596067398787 0.25607791021466253 1.7077951612313094
0.11066213278099894 0.39103968776762488 0.14369403310120107 1.8479408919999005
0.11066213278099894 0.17085697799921035 0.14369403310120107 1.8479408919999005
0.11066213278099894 0.39103968776762488 0.32404209412634377 1.8479408919999005
0.18207027693279088 0.39103968776762488 0.14369403310120107 1.8479408919999005
0.11066213278099894 0.39103968776762488 0.14369403310120107 0.066371085530072454
0.18207027693279088 0.17085697799921035 0.32404209412634377 0.066371085530072454
0.2605999479535967 0.30982848480343816 0.3148789446800947 2.0051835353273155
0.2605999479535967 0.13762068189680576 0.3148789446800947 2.0051835353273155
0.2605999479535967 0.30982848480343816 0.47417257502675059 2.0051835353273155
0.68183604194782665 0.30982848480343816 0.3148789446800947 2.0051835353273155
0.2605999479535967 0.30982848480343816 0.3148789446800947 2.1275173864938317
0.68183604194782665 0.13762068189680576 0.47417257502675059 2.1275173864938317
0.52134566837921736 0.28103512004017828 0.18542120307683946 1.274386746724844
0.52134566837921736 0.30292948409914972 0.18542120307683946 1.274386746724844
0.52134566837921736 0.28103512004017828 0.10620536245405675 1.274386746724844
0.066704650782048708 0.28103512004017828 0.18542120307683946 1.274386746724844
0.52134566837921736 0.28103512004017828 0.18542120307683946 0.72928532633081089
0.066704650782048708 0.30292948409914972 0.10620536245405675 0.72928532633081089
0.15905886073596776 0.10636612661182882 0.49771240055561072 2.4245270792466402
0.15905886073596776 0.49722641967237002 0.49771240055561072 2.4245270792466402
0.15905886073596776 0.10636612661182882 0.20595927871763708 2.4245270792466402
0.42271664692088956 0.10636612661182882 0.49771240055561072 2.4245270792466402
0.15905886073596776 0.10636612661182882 0.49771240055561072 0.81733976780489093
0.42271664692088956 0.49722641967237002 0.20595927871763708 0.81733976780489093
0.54163864916190496 0.47737735398113734 0.20258560143411161 0.20869474732637405
0.54163864916190496 0.26243670284748077 0.20258560143411161 0.20869474732637405
0.54163864916190496 0.47737735398113734 0.37392956689000134 0.20869474732637405
0.32556384769268332 0.47737735398113734 0.20258560143411161 0.20869474732637405
0.54163864916190496 0.47737735398113734 0.20258560143411161 2.4082026100905241
0.32556384769268332 0.26243670284748077 0.37392956689000134 2.4082026100905241
0.20786720360629257 0.45731741413474081 0.38098942264914515 1.4152635738211872
0.20786720360629257 0.44188511818647391 0.38098942264914515 1.4152635738211872
0.20786720360629257 0.45731741413474081 0.34542641863226892 1.4152635738211872
0.62910804967395961 0.45731741413474081 0.38098942264914515 1.4152635738211872
0.20786720360629257 0.45731741413474081 0.38098942264914515 2.0007539111661909
0.62910804967395961 0.44188511818647391 0.34542641863226892 2.0007539111661909
0.59207435138523579 0.1269067130982876 0.12028737701475621 2.1460268741202353
0.59207435138523579 0.20470141284167767 0.12028737701475621 2.1460268741202353
0.59207435138523579 0.1269067130982876 0.27745615430176263 2.1460268741202353
0.11689609400928019 0.1269067130982876 0.12028737701475621 2.1460268741202353
0.59207435138523579 0.1269067130982876 0.12028737701475621 0.51060789902925496
0.11689609400928019 0.20470141284167767 0.27745615430176263 0.51060789902925496
0.22819679654203351 0.26088658906519413 0.40757888741791248 0.25741619923055176
0.22819679654203351 0.19514244571328165 0.40757888741791248 0.25741619923055176
0.22819679654203351 0.26088658906519413 0.17770145125687123 0.25741619923055176
0.41062605241313571 0.26088658906519413 0.40757888741791248 0.25741619923055176
0.22819679654203351 0.26088658906519413 0.40757888741791248 1.1511468585294486
0.41062605241313571 0.19514244571328165 0.17770145125687123 1.1511468585294486
0.49048805106431237 0.33028067089617252 0.29369557574391369 2.473304637783766
0.49048805106431237 0.35805706568062312 0.29369557574391369 2.473304637783766
0.49048805106431237 0.33028067089617252 0.44566868767142298 2.473304637783766
0.3351228522602468 0.33028067089617252 0.29369557574391369 2.473304637783766
0.49048805106431237 0.33028067089617252 0.29369557574391369 2.4658861001938579
0.3351228522602468 0.35805706568062312 0.44566868767142298 2.4658861001938579
0.64010999682359393 0.37407576218247418 0.46486830562353132 2.6341001265898347
0.64010999682359393 0.32560350894927981 0.46486830562353132 2.6341001265898347
0.64010999682359393 0.37407576218247418 0.39551530666649348 2.6341001265898347
0.52877358230762184 0.37407576218247418 0.46486830562353132 2.6341001265898347
0.64010999682359393 0.37407576218247418 0.46486830562353132 1.2110155235648157
0.52877358230762184 0.32560350894927981 0.39551530666649348 1.2110155235648157
0.058202797919511801 0.2421758033335209 0.23541663102805616 0.46360153686016803
0.058202797919511801 0.11512955985963345 0.23541663102805616 0.46360153686016803
0.058202797919511801 0.2421758033335209 0.22755114659667017 0.46360153686016803
0.21976713463664055 0.2421758033335209 0.23541663102805616 0.46360153686016803
0.058202797919511801 0.2421758033335209 0.23541663102805616 2.7517224177646638
0.21976713463664055 0.11512955985963345 0.22755114659667017 2.7517224177646638
0.41669512032531197 0.17061673589050769 0.34771087132394318 1.6146414420703055
0.41669512032531197 0.28481882438063622 0.34771087132394318 1.6146414420703055
0.41669512032531197 0.17061673589050769 0.12739895209670068 1.6146414420703055
0.59466402800753715 0.17061673589050769 0.34771087132394318 1.6146414420703055
0.41669512032531197 0.17061673589050769 0.34771087132394318 1.7422639006155731
0.59466402800753715 0.28481882438063622 0.12739895209670068 1.7422639006155731
0.36287446897476905 0.43852155990898611 0.1525779277086258 0.83707163889497527
0.36287446897476905 0.47424635626375677 0.1525779277086258 0.83707163889497527
0.36287446897476905 0.43852155990898611 0.49537229128181937 0.83707163889497527
0.15361649082042275 0.43852155990898611 0.1525779277086258 0.83707163889497527
0.36287446897476905 0.43852155990898611 0.1525779277086258 0.37734604861676696
0.15361649082042275 0.47424635626375677 0.49537229128181937 0.37734604861676696
0.45019182492978865 0.44119883589446551 0.39949305765330789 2.1659902921240031
0.45019182492978865 0.39576994106173513 0.39949305765330789 2.1659902921240031
0.45019182492978865 0.44119883589446551 0.36701764836907391 2.1659902921240031
0.084985486231744289 0.44119883589446551 0.39949305765330789 2.1659902921240031
0.45019182492978865 0.44119883589446551 0.39949305765330789 0.089840687728077184
0.084985486231744289 0.39576994106173513 0.36701764836907391 0.089840687728077184
0.35166963553056113 0.17466134242713452 0.10079568773508073 1.3884558657728137
0.35166963553056113 0.15707246698439123 0.10079568773508073 1.3884558657728137
0.35166963553056113 0.17466134242713452 0.20999096371233464 1.3884558657728137
0.66838045581243932 0.17466134242713452 0.10079568773508073 1.3884558657728137
0.35166963553056113 0.17466134242713452 0.10079568773508073 1.6850437898136676
0.66838045581243932 0.15707246698439123 0.20999096371233464 1.6850437898136676
0.63302564569748931 0.23754459172487261 0.41347671151161192 2.4486611525182425
0.63302564569748931 0.24277735054492952 0.41347671151161192 2.4486611525182425
0.63302564569748931 0.23754459172487261 0.10983950830996037 2.4486611525182425
0.31363380667753515 0.23754459172487261 0.41347671151161192 2.4486611525182425
0.63302564569748931 0.23754459172487261 0.41347671151161192 2.8780212840564547
0.31363380667753515 0.24277735054492952 0.10983950830996037 2.8780212840564547
0.087587563041597594 0.37120231539011006 0.28680826686322691 0.27810483114942908
0.087587563041597594 0.40417839549481871 0.28680826686322691 0.27810483114942908
0.087587563041597594 0.37120231539011006 0.46687532439827917 0.27810483114942908
0.43998768432065838 0.37120231539011006 0.28680826686322691 0.27810483114942908
0.087587563041597594 0.37120231539011006 0.28680826686322691 1.4754946399433913
0.43998768432065838 0.40417839549481871 0.46687532439827917 1.4754946399433913
0.24257530313916503 0.32749300859868524 0.45936112739145762 0.44327399120047695
0.24257530313916503 0.48734374716877937 0.45936112739145762 0.44327399120047695
0.24257530313916503 0.32749300859868524 0.31694172956049443 0.44327399120047695
0.26648563910275697 0.32749300859868524 0.45936112739145762 0.44327399120047695
0.24257530313916503 0.32749300859868524 0.45936112739145762 2.4309726690794529
0.26648563910275697 0.48734374716877937 0.31694172956049443 2.4309726690794529
0.45762626705691212 0.25634125731885438 0.24191338941454887 2.6591077285315095
0.45762626705691212 0.27213337309658525 0.24191338941454887 2.6591077285315095
0.45762626705691212 0.25634125731885438 0.25990894213318827 2.6591077285315095
0.4843337920960038 0.25634125731885438 0.24191338941454887 2.6591077285315095
0.45762626705691212 0.25634125731885438 0.24191338941454887 0.79384317732825882
0.4843337920960038 0.27213337309658525 0.25990894213318827 0.79384317732825882
0.18165611163713036 0.13086696565151215 0.32959778681397439 0.86423235209062699
0.18165611163713036 0.12780876308679581 0.32959778681397439 0.86423235209062699
0.18165611163713036 0.13086696565151215 0.16015345230698586 0.86423235209062699
0.21076151658780873 0.13086696565151215 0.32959778681397439 0.86423235209062699
0.18165611163713036 0.13086696565151215 0.32959778681397439 0.70672783572033049
0.21076151658780873 0.12780876308679581 0.16015345230698586 0.70672783572033049
0.59979362310841677 0.45991043150424959 0.17167897112667563 1.5950277352823319
0.59979362310841677 0.31250006370246408 0.17167897112667563 1.5950277352823319
0.59979362310841677 0.45991043150424959 0.41718316413462164 1.5950277352823319
0.54031842267140739 0.45991043150424959 0.17167897112667563 1.5950277352823319
0.59979362310841677 0.45991043150424959 0.17167897112667563 2.1507985977704824
0.54031842267140739 0.31250006370246408 0.41718316413462164 2.1507985977704824
0.1490740546490997 0.48044954054057598 0.44949456602334981 2.9784436806495487
0.1490740546490997 0.18317772708833219 0.44949456602334981 2.9784436806495487
0.1490740546490997 0.48044954054057598 0.48865659125149252 2.9784436806495487
0.23677901998162265 0.48044954054057598 0.44949456602334981 2.9784436806495487
0.1490740546490997 0.48044954054057598 0.44949456602334981 2.4884661871743203
0.23677901998162265 0.18317772708833219 0.48865659125149252 2.4884661871743203
0.56883706580847504 0.11080545298755169 0.25080328695476056 0.7625538366855682
0.56883706580847504 0.37026300430297854 0.25080328695476056 0.7625538366855682
0.56883706580847504 0.11080545298755169 0.13162685558199883 0.7625538366855682
0.51658686879090965 0.11080545298755169 0.25080328695476056 0.7625538366855682
0.56883706580847504 0.11080545298755169 0.25080328695476056 1.127842919125557
0.51658686879090965 0.37026300430297854 0.13162685558199883 1.127842919125557
0.2912842217367142 0.2767917737364769 0.36348742507398135 1.8222195554943383
0.2912842217367142 0.42979433275759227 0.36348742507398135 1.8222195554943383
0.2912842217367142 0.2767917737364769 0.23138008043169978 1.8222195554943383
0.14041749970056117 0.2767917737364769 0.36348742507398135 1.8222195554943383
0.2912842217367142 0.2767917737364769 0.36348742507398135 0.48786091952025895
0.14041749970056117 0.42979433275759227 0.23138008043169978 0.48786091952025895
0.50788381919264791 0.30734309405088422 0.13681285977363589 1.0914576606060566
0.50788381919264791 0.21697812899947166 0.13681285977363589 1.0914576606060566
0.50788381919264791 0.30734309405088422 0.38841284401714804 1.0914576606060566
0.61320393802598117 0.30734309405088422 0.13681285977363589 1.0914576606060566
0.50788381919264791 0.30734309405088422 0.13681285977363589 2.02422755392015
0.61320393802598117 0.21697812899947166 0.38841284401714804 2.02422755392015
0.66255259043537074 0.38863931857049472 0.3093535415828228 1.2529839630107582
0.66255259043537074 0.29936071746051313 0.3093535415828228 1.2529839630107582
0.66255259043537074 0.38863931857049472 0.43837239071726797 1.2529839630107582
0.093279260024428365 0.38863931857049472 0.3093535415828228 1.2529839630107582
0.66255259043537074 0.38863931857049472 0.3093535415828228 0.40062005716323856
0.093279260024428365 0.29936071746051313 0.43837239071726797 0.40062005716323856
0.11620373446494341 0.22058214507997037 0.19191186763346196 2.0305523607753218
0.11620373446494341 0.4599330946803093 0.19191186763346196 2.0305523607753218
0.11620373446494341 0.22058214507997037 0.18133655078709127 2.0305523607753218
0.65754013727419069 0.22058214507997037 0.19191186763346196 2.0305523607753218
0.11620373446494341 0.22058214507997037 0.19191186763346196 1.7196995586276056
0.65754013727419069 0.4599330946803093 0.18133655078709127 1.7196995586276056
0.39850713009946043 0.19201584458351137 0.47959320433437824 0.23477749948427082
0.39850713009946043 0.3402165610343218 0.47959320433437824 0.23477749948427082
0.39850713009946043 0.19201584458351137 0.28148726709187033 0.23477749948427082
0.36254514181055125 0.19201584458351137 0.47959320433437824 0.23477749948427082
0.39850713009946043 0.19201584458351137 0.47959320433437824 2.7282302191966772
0.36254514181055125 0.3402165610343218 0.28148726709187033 2.7282302191966772
0.29899234212934966 0.42415407896041868 0.22166824713349342 2.4052774946247042
0.29899234212934966 0.10069061294198037 0.22166824713349342 2.4052774946247042
0.29899234212934966 0.42415407896041868 0.33851392790675161 2.4052774946247042
0.38853476354852312 0.42415407896041868 0.22166824713349342 2.4052774946247042
0.29899234212934966 0.42415407896041868 0.22166824713349342 1.2337896231096983
0.38853476354852312 0.10069061294198037 0.33851392790675161 1.2337896231096983
0.55630628461949527 0.40999588519334795 0.49663350582122801 0.88831010187879211
0.55630628461949527 0.41491271182894707 0.49663350582122801 0.88831010187879211
0.55630628461949527 0.40999588519334795 0.18772436827421191 0.88831010187879211
0.69498108401894565 0.40999588519334795 0.49663350582122801 0.88831010187879211
0.55630628461949527 0.40999588519334795 0.49663350582122801 2.713229010155946
0.69498108401894565 0.41491271182894707 0.18772436827421191 2.713229010155946
0.16230100430548189 0.18117213398218157 0.20463113449513914 1.6542431039066614
0.16230100430548189 0.22543637193739416 0.20463113449513914 1.6542431039066614
0.16230100430548189 0.18117213398218157 0.43225102983415131 1.6542431039066614
0.050727944402024154 0.18117213398218157 0.20463113449513914 1.6542431039066614
0.16230100430548189 0.18117213398218157 0.20463113449513914 1.2718563732631505
0.050727944402024154 0.22543637193739416 0.43225102983415131 1.2718563732631505
0.53601579791866238 0.20662202648818495 0.31692257039248944 0.59404332900658252
0.53601579791866238 0.1744207888841629 0.31692257039248944 0.59404332900658252
0.53601579791866238 0.20662202648818495 0.33211030326783658 0.59404332900658252
0.42600298658944658 0.20662202648818495 0.31692257039248944 0.59404332900658252
0.53601579791866238 0.20662202648818495 0.31692257039248944 0.2517394843746722
0.42600298658944658 0.1744207888841629 0.33211030326783658 0.2517394843746722
0.26384462434798478 0.37760286740958693 0.1843396380543709 2.7762012064559758
0.26384462434798478 0.38504125140607359 0.1843396380543709 2.7762012064559758
0.26384462434798478 0.37760286740958693 0.28757446259260178 2.7762012064559758
0.32004093648865817 0.37760286740958693 0.1843396380543709 2.7762012064559758
0.26384462434798478 0.37760286740958693 0.1843396380543709 1.8915671012832225
0.32004093648865817 0.38504125140607359 0.28757446259260178 1.8915671012832225
0.093613851396366951 0.32131218612194062 0.36177454963326461 2.6196669340740142
0.093613851396366951 0.30493069365620618 0.36177454963326461 2.6196669340740142
0.093613851396366951 0.32131218612194062 0.13764235936105251 2.6196669340740142
0.47276914678513998 0.32131218612194062 0.36177454963326461 2.6196669340740142
0.093613851396366951 0.32131218612194062 0.36177454963326461 0.54481639037683605
0.47276914678513998 0.30493069365620618 0.13764235936105251 0.54481639037683605
0.68603328689932819 0.28782534897327428 0.13852254636585715 0.39223164066240196
0.68603328689932819 0.14206492789089681 0.13852254636585715 0.39223164066240196
0.68603328689932819 0.28782534897327428 0.48217512220144276 0.39223164066240196
0.27547151516191659 0.28782534897327428 0.13852254636585715 0.39223164066240196
0.68603328689932819 0.28782534897327428 0.13852254636585715 1.9442851241762937
0.27547151516191659 0.14206492789089681 0.48217512220144276 1.9442851241762937
0.31706897704862053 0.12496652267873287 0.42581680752336981 2.1871014174197612
0.31706897704862053 0.25789523273706438 0.42581680752336981 2.1871014174197612
0.31706897704862053 0.12496652267873287 0.38241815418004987 2.1871014174197612
0.56941845142282543 0.12496652267873287 0.42581680752336981 2.1871014174197612
0.31706897704862053 0.12496652267873287 0.42581680752336981 2.595752294283062
0.56941845142282543 0.25789523273706438 0.38241815418004987 2.595752294283062
0.38132496010512107 0.49128427766263483 0.27448424622416501 1.4679074585513772
0.38132496010512107 0.49493247680366037 0.27448424622416501 1.4679074585513772
0.38132496010512107 0.49128427766263483 0.2378884192556143 1.4679074585513772
0.17916206428781151 0.49128427766263483 0.27448424622416501 1.4679074585513772
0.38132496010512107 0.49128427766263483 0.27448424622416501 0.99749128188386571
0.17916206428781151 0.49493247680366037 0.2378884192556143 0.99749128188386571
0.3697640849743038 0.47387332767248158 0.34664113186299805 0.066773565528243775
0.3697640849743038 0.20309087596833708 0.34664113186299805 0.066773565528243775
0.3697640849743038 0.47387332767248158 0.26639155559241773 0.066773565528243775
0.52303374167531724 0.47387332767248158 0.34664113186299805 0.066773565528243775
0.3697640849743038 0.47387332767248158 0.34664113186299805 0.69437975124299534
0.52303374167531724 0.20309087596833708 0.26639155559241773 0.69437975124299534
0.43247112454846492 0.14190597981214526 0.15463261604309084 2.2942651851682365
0.43247112454846492 0.43783173561096189 0.15463261604309084 2.2942651851682365
0.43247112454846492 0.14190597981214526 0.31092126667499542 2.2942651851682365
0.22267534001730382 0.14190597981214526 0.15463261604309084 2.2942651851682365
0.43247112454846492 0.14190597981214526 0.15463261604309084 2.1861223978489637
0.22267534001730382 0.43783173561096189 0.31092126667499542 2.1861223978489637
0.065099808992818003 0.27049669735133652 0.46692719012498862 1.234605197800249
0.065099808992818003 0.36220853067934511 0.46692719012498862 1.234605197800249
0.065099808992818003 0.27049669735133652 0.4106790214776993 1.234605197800249
0.57906548497267063 0.27049669735133652 0.46692719012498862 1.234605197800249
0.065099808992818003 0.27049669735133652 0.46692719012498862 2.2848350353860853
0.57906548497267063 0.36220853067934511 0.4106790214776993 2.2848350353860853
0.65589343486353746 0.33833413235843179 0.23435032479465009 1.9537651852552593
0.65589343486353746 0.19704619273543358 0.23435032479465009 1.9537651852552593
0.65589343486353746 0.33833413235843179 0.16614623479545115 1.9537651852552593
0.16697849137708543 0.33833413235843179 0.23435032479465009 1.9537651852552593
0.65589343486353746 0.33833413235843179 0.23435032479465009 0.96305758444070821
0.16697849137708543 0.19704619273543358 0.16614623479545115 0.96305758444070821
0.48597907372750337 0.35703791975975041 0.41177305467426784 1.7951171201814713
0.48597907372750337 0.11771842353045942 0.41177305467426784 1.7951171201814713
0.48597907372750337 0.35703791975975041 0.21610126197338106 1.7951171201814713
0.62582171726971858 0.35703791975975041 0.41177305467426784 1.7951171201814713
0.48597907372750337 0.35703791975975041 0.41177305467426784 2.9318740196818114
0.62582171726971858 0.11771842353045942 0.21610126197338106 2.9318740196818114
0.21480080867186185 0.22670631408691408 0.28851493373513226 1.0291506298501789
0.21480080867186185 0.32906985729932786 0.28851493373513226 1.0291506298501789
0.21480080867186185 0.22670631408691408 0.36063707880675799 1.0291506298501789
0.12241897857747971 0.22670631408691408 0.28851493373513226 1.0291506298501789
0.21480080867186185 0.22670631408691408 0.28851493373513226 1.3985651199191811
0.12241897857747971 0.32906985729932786 0.36063707880675799 1.3985651199191811
0.58755806614644823 0.16069560013711454 0.37580611035227773 2.8249198475386201
0.58755806614644823 0.47107340879738335 0.37580611035227773 2.8249198475386201
0.58755806614644823 0.16069560013711454 0.46078011803328989 2.8249198475386201
0.39748101760633286 0.16069560013711454 0.37580611035227773 2.8249198475386201
0.58755806614644823 0.16069560013711454 0.37580611035227773 0.19411387413740158
0.39748101760633286 0.47107340879738335 0.46078011803328989 0.19411387413740158
0.19446386909112334 0.43016877733170988 0.12447963692247868 0.64281807672217495
0.19446386909112334 0.28232785239815716 0.12447963692247868 0.64281807672217495
0.19446386909112334 0.43016877733170988 0.11625343263149263 0.64281807672217495
0.35109953200444571 0.43016877733170988 0.12447963692247868 0.64281807672217495
0.19446386909112334 0.43016877733170988 0.12447963692247868 1.5577948768234253
0.35109953200444571 0.28232785239815716 0.11625343263149263 1.5577948768234253
0.27994770864024754 0.43495196476578712 0.42007788494229314 1.5261913857002558
0.27994770864024754 0.31976408995687966 0.42007788494229314 1.5261913857002558
0.27994770864024754 0.43495196476578712 0.17103890143334866 1.5261913857002558
0.41579343648627393 0.43495196476578712 0.42007788494229314 1.5261913857002558
0.27994770864024754 0.43495196476578712 0.42007788494229314 2.2618730472443995
0.41579343648627393 0.31976408995687966 0.17103890143334866 2.2618730472443995
0.50134772234596303 0.15590821281075479 0.28119591064751148 2.2223588530136644
0.50134772234596303 0.13345996662974358 0.28119591064751148 2.2223588530136644
0.50134772234596303 0.15590821281075479 0.40307473987340925 2.2223588530136644
0.33021333203651004 0.15590821281075479 0.28119591064751148 2.2223588530136644
0.50134772234596303 0.15590821281075479 0.28119591064751148 0.61754829155907043
0.33021333203651004 0.13345996662974358 0.40307473987340925 0.61754829155907043
0.13777720471844077 0.2312976259738207 0.39349042214453223 0.33394495759084825
0.13777720471844077 0.2664821710437536 0.39349042214453223 0.33394495759084825
0.13777720471844077 0.2312976259738207 0.30292478650808335 0.33394495759084825
0.68479881021194156 0.2312976259738207 0.39349042214453223 0.33394495759084825
0.13777720471844077 0.2312976259738207 0.39349042214453223 0.90173033085986976
0.68479881021194156 0.2664821710437536 0.30292478650808335 0.90173033085986976
0.56226128642447293 0.35244928188622004 0.10778704509139062 2.5844066108001766
0.56226128642447293 0.48007971942424776 0.10778704509139062 2.5844066108001766
0.56226128642447293 0.35244928188622004 0.27089812718331818 2.5844066108001766
0.060947450250387197 0.35244928188622004 0.10778704509139062 2.5844066108001766
0.56226128642447293 0.35244928188622004 0.10778704509139062 2.3472403213731945
0.060947450250387197 0.48007971942424776 0.27089812718331818 2.3472403213731945
0.40758228944614522 0.34624613747000699 0.33520977199077606 2.7423800787059962
0.40758228944614522 0.40944028384983544 0.33520977199077606 2.7423800787059962
0.40758228944614522 0.34624613747000699 0.12073104828596115 2.7423800787059962
0.55928576746955516 0.34624613747000699 0.33520977199077606 2.7423800787059962
0.40758228944614522 0.34624613747000699 0.33520977199077606 1.368516798157543
0.55928576746955516 0.40944028384983544 0.12073104828596115 1.368516798157543
0.31286791772581635 0.26258812770247464 0.1650781687349081 0.53719584145888688
0.31286791772581635 0.24964906051754954 0.1650781687349081 0.53719584145888688
0.31286791772581635 0.26258812770247464 0.45276078544557097 0.53719584145888688
0.18925263457931579 0.26258812770247464 0.1650781687349081 0.53719584145888688
0.31286791772581635 0.26258812770247464 0.1650781687349081 2.9622806717799604
0.18925263457931579 0.24964906051754954 0.45276078544557097 2.9622806717799604
0.67166743231937287 0.14961999990046027 0.45236940197646625 1.6880613659362496
0.67166743231937287 0.15020075850188733 0.45236940197646625 1.6880613659362496
0.67166743231937287 0.14961999990046027 0.35300679765641696 1.6880613659362496
0.46266869823448353 0.14961999990046027 0.45236940197646625 1.6880613659362496
0.67166743231937287 0.14961999990046027 0.45236940197646625 1.5734395114605131
0.46266869823448353 0.15020075850188733 0.35300679765641696 1.5734395114605131
0.13003964689560232 0.4661573980003596 0.24791639298200607 0.94515485546335587
0.13003964689560232 0.39050805121660237 0.24791639298200607 0.94515485546335587
0.13003964689560232 0.4661573980003596 0.22097403258085252 0.94515485546335587
0.28561415486037728 0.4661573980003596 0.24791639298200607 0.94515485546335587
0.13003964689560232 0.4661573980003596 0.24791639298200607 0.17810813128158451
0.28561415486037728 0.39050805121660237 0.22097403258085252 0.17810813128158451
0.61883267760276794 0.49919647052884109 0.3700702268630266 0.67807846587464216
0.61883267760276794 0.10756232142448426 0.3700702268630266 0.67807846587464216
0.61883267760276794 0.49919647052884109 0.29872032105922697 0.67807846587464216
0.58915847791358822 0.49919647052884109 0.3700702268630266 0.67807846587464216
0.61883267760276794 0.49919647052884109 0.3700702268630266 1.3339034496912361
0.58915847791358822 0.10756232142448426 0.29872032105922697 1.3339034496912361
0.07882977682165801 0.11705852225422859 0.13119436576962473 2.8832063768933711
0.07882977682165801 0.34547845087945461 0.13119436576962473 2.8832063768933711
0.07882977682165801 0.11705852225422859 0.33075310997664931 2.8832063768933711
0.15684826639480887 0.11705852225422859 0.13119436576962473 2.8832063768933711
0.07882977682165801 0.11705852225422859 0.13119436576962473 2.6515431956633924
0.15684826639480887 0.34547845087945461 0.33075310997664931 2.6515431956633924
0.43603853937238446 0.29553879983723164 0.4434858642518521 0.99389299662038688
0.43603853937238446 0.45467120632529257 0.4434858642518521 0.99389299662038688
0.43603853937238446 0.29553879983723164 0.43050783686339855 0.99389299662038688
0.53317384733818463 0.29553879983723164 0.4434858642518521 0.99389299662038688
0.43603853937238446 0.29553879983723164 0.4434858642518521 1.8150966510000826
0.53317384733818463 0.45467120632529257 0.43050783686339855 1.8150966510000826
0.34287218614481385 0.31359606869518758 0.25777639187872414 1.7368334785066546
0.34287218614481385 0.29248900748789308 0.25777639187872414 1.7368334785066546
0.34287218614481385 0.31359606869518758 0.19847812354564667 1.7368334785066546
0.2125723889097571 0.31359606869518758 0.25777639187872414 1.7368334785066546
0.34287218614481385 0.31359606869518758 0.25777639187872414 0.32785149452358486
0.2125723889097571 0.29248900748789308 0.19847812354564667 0.32785149452358486
0.18787483535706995 0.38238624855875969 0.48521130643785004 1.8969206293065848
0.18787483535706995 0.22262933105230331 0.48521130643785004 1.8969206293065848
0.18787483535706995 0.38238624855875969 0.24861922673881054 1.8969206293065848
0.40765087669715278 0.38238624855875969 0.48521130643785004 1.8969206293065848
0.18787483535706995 0.38238624855875969 0.48521130643785004 1.9279211717614533
0.40765087669715278 0.22262933105230331 0.24861922673881054 1.9279211717614533
0.61144752870313823 0.20183521434664728 0.2150858372449875 1.2007866502965987
0.61144752870313823 0.43705836050212388 0.2150858372449875 1.2007866502965987
0.61144752870313823 0.20183521434664728 0.38064590990543368 1.2007866502965987
0.34088748176582151 0.20183521434664728 0.2150858372449875 1.2007866502965987
0.61144752870313823 0.20183521434664728 0.2150858372449875 0.56010246410220865
0.34088748176582151 0.43705836050212388 0.38064590990543368 0.56010246410220865
0.24883369002491235 0.18576287068426611 0.30238004177808764 2.3511126068373023
0.24883369002491235 0.36299897804856307 0.30238004177808764 2.3511126068373023
0.24883369002491235 0.18576287068426611 0.48079812824726109 2.3511126068373023
0.63604364818893366 0.18576287068426611 0.30238004177808764 2.3511126068373023
0.24883369002491235 0.18576287068426611 0.30238004177808764 1.0282589433827996
0.63604364818893366 0.36299897804856307 0.48079812824726109 1.0282589433827996
0.46924049011431629 0.40540705360472207 0.19792096428573133 0.10059484699502588
0.46924049011431629 0.17752652354538442 0.19792096428573133 0.10059484699502588
0.46924049011431629 0.40540705360472207 0.14876231364905834 0.10059484699502588
0.11223916132003069 0.40540705360472207 0.19792096428573133 0.10059484699502588
0.46924049011431629 0.40540705360472207 0.19792096428573133 2.5660653332749011
0.11223916132003069 0.17752652354538442 0.14876231364905834 2.5660653332749011
0.051006023027002814 0.41624283976852894 0.32293133176863198 1.5367440936075152
0.051006023027002814 0.4881322864443064 0.32293133176863198 1.5367440936075152
0.051006023027002814 0.41624283976852894 0.39956002570688731 1.5367440936075152
0.30345397247001527 0.41624283976852894 0.32293133176863198 1.5367440936075152
0.051006023027002814 0.41624283976852894 0.32293133176863198 1.1096802220956983
0.30345397247001527 0.4881322864443064 0.39956002570688731 1.1096802220956983
0.64723483077250421 0.19992518015205862 0.17736656889319422 0.82897471886083496
0.64723483077250421 0.25261027142405512 0.17736656889319422 0.82897471886083496
0.64723483077250421 0.19992518015205862 0.2300242103636265 0.82897471886083496
0.45020963218994431 0.19992518015205862 0.17736656889319422 0.82897471886083496
0.64723483077250421 0.19992518015205862 0.17736656889319422 2.5077097274319828
0.45020963218994431 0.25261027142405512 0.2300242103636265 2.5077097274319828
0.35570998154580585 0.21286888495087625 0.49005066826939581 2.7173942578862609
0.35570998154580585 0.14734989069402218 0.49005066826939581 2.7173942578862609
0.35570998154580585 0.21286888495087625 0.12988193407654763 2.7173942578862609
0.074773419043049211 0.21286888495087625 0.49005066826939581 2.7173942578862609
0.35570998154580585 0.21286888495087625 0.49005066826939581 2.0510381112192571
0.074773419043049211 0.14734989069402218 0.12988193407654763 2.0510381112192571
0.42377285729162389 0.39635600820183758 0.21024956889450552 0.47853438035294421
0.42377285729162389 0.31173088252544401 0.21024956889450552 0.47853438035294421
0.42377285729162389 0.39635600820183758 0.49940861798822878 0.47853438035294421
0.67855033185333014 0.39635600820183758 0.21024956889450552 0.47853438035294421
0.42377285729162389 0.39635600820183758 0.21024956889450552 0.45997236275419595
0.67855033185333014 0.31173088252544401 0.49940861798822878 0.45997236275419595
0.59367760773748157 0.30255914069712164 0.4327902477234602 0.31192611261621123
0.59367760773748157 0.37936430461704729 0.4327902477234602 0.31192611261621123
0.59367760773748157 0.30255914069712164 0.34924608245491984 0.31192611261621123
0.20065854853019116 0.30255914069712164 0.4327902477234602 0.31192611261621123
0.59367760773748157 0.30255914069712164 0.4327902477234602 1.7842646096102894
0.20065854853019116 0.37936430461704729 0.34924608245491984 1.7842646096102894
0.2060185925569385 0.28157839514315131 0.26847511380910871 2.5055085741873087
0.2060185925569385 0.16723171547055243 0.26847511380910871 2.5055085741873087
0.2060185925569385 0.28157839514315131 0.27971636988222603 2.5055085741873087
0.55045854528434568 0.28157839514315131 0.26847511380910871 2.5055085741873087
0.2060185925569385 0.28157839514315131 0.26847511380910871 0.33569670878335839
0.55045854528434568 0.16723171547055243 0.27971636988222603 0.33569670878335839
0.49213827848434444 0.10621338114142419 0.35615648329257965 1.3546373182691636
0.49213827848434444 0.23262544684112074 0.35615648329257965 1.3546373182691636
0.49213827848434444 0.10621338114142419 0.17995785214006901 1.3546373182691636
0.25635539717040956 0.10621338114142419 0.35615648329257965 1.3546373182691636
0.49213827848434444 0.10621338114142419 0.35615648329257965 1.1605570690463485
0.25635539717040956 0.23262544684112074 0.17995785214006901 1.1605570690463485
0.22631584960035978 0.48503741845488546 0.14510501585900784 2.1091457361753285
0.22631584960035978 0.42058965712785723 0.14510501585900784 2.1091457361753285
0.22631584960035978 0.48503741845488546 0.44949064031243324 2.1091457361753285
0.49442680198699229 0.48503741845488546 0.14510501585900784 2.1091457361753285
0.22631584960035978 0.48503741845488546 0.14510501585900784 2.8018239144180717
0.49442680198699229 0.42058965712785723 0.44949064031243324 2.8018239144180717
0.52477846695110197 0.45512629039585595 0.47292976602911951 2.3700171713508666
0.52477846695110197 0.27513877749443055 0.47292976602911951 2.3700171713508666
0.52477846695110197 0.45512629039585595 0.47176969572901728 2.3700171713508666
0.15056012244895101 0.45512629039585595 0.47292976602911951 2.3700171713508666
0.52477846695110197 0.45512629039585595 0.47292976602911951 1.6575137829795481
0.15056012244895101 0.27513877749443055 0.47176969572901728 1.6575137829795481
0.25740770963020621 0.13565301783382894 0.22735893167555332 0.17649081641271711
0.25740770963020621 0.46539646349847319 0.22735893167555332 0.17649081641271711
0.25740770963020621 0.13565301783382894 0.10223693139851094 0.17649081641271711
0.60310350642539556 0.13565301783382894 0.22735893167555332 0.17649081641271711
0.25740770963020621 0.13565301783382894 0.22735893167555332 0.11700944360643625
0.60310350642539556 0.46539646349847319 0.10223693139851094 0.11700944360643625
0.54510861681774259 0.25174975469708444 0.34003999419510367 2.0658097963692246
0.54510861681774259 0.33474680408835411 0.34003999419510367 2.0658097963692246
0.54510861681774259 0.25174975469708444 0.20199313648045064 2.0658097963692246
0.24686957332305609 0.25174975469708444 0.34003999419510367 2.0658097963692246
0.54510861681774259 0.25174975469708444 0.34003999419510367 1.4943768084678055
0.24686957332305609 0.33474680408835411 0.20199313648045064 1.4943768084678055
0.15582440705038605 0.33208107426762579 0.16024503186345102 1.3112678901596369
0.15582440705038605 0.12490749694406987 0.16024503186345102 1.3112678901596369
0.15582440705038605 0.33208107426762579 0.37152287289500241 1.3112678901596369
0.50645420178771017 0.33208107426762579 0.16024503186345102 1.3112678901596369
0.15582440705038605 0.33208107426762579 0.16024503186345102 2.8594975666460396
0.50645420178771017 0.12490749694406987 0.37152287289500241 2.8594975666460396
0.32604495426639912 0.3632908824831248 0.38279789537191389 1.1483024141906202
0.32604495426639912 0.19176122993230821 0.38279789537191389 1.1483024141906202
0.32604495426639912 0.3632908824831248 0.42166250832378871 1.1483024141906202
0.37276463070884341 0.3632908824831248 0.38279789537191389 1.1483024141906202
0.32604495426639912 0.3632908824831248 0.38279789537191389 0.86779542248159658
0.37276463070884341 0.19176122993230821 0.42166250832378871 0.86779542248159658
0.3951013535726815 0.24545335210859776 0.11847666911780835 1.8560378175239267
0.3951013535726815 0.35540834181010728 0.11847666911780835 1.8560378175239267
0.3951013535726815 0.24545335210859776 0.15213584825396539 1.8560378175239267
0.37835250669158987 0.24545335210859776 0.11847666911780835 1.8560378175239267
0.3951013535726815 0.24545335210859776 0.11847666911780835 2.3580983135953546
0.37835250669158987 0.35540834181010728 0.15213584825396539 2.3580983135953546
0.10262951115146279 0.16694865748286247 0.40616103373467927 0.70570634913787256
0.10262951115146279 0.44463192597031598 0.40616103373467927 0.70570634913787256
0.10262951115146279 0.16694865748286247 0.25227733775973321 0.70570634913787256
0.10345163862220944 0.16694865748286247 0.40616103373467927 0.70570634913787256
0.10262951115146279 0.16694865748286247 0.40616103373467927 2.0855138776573536
0.10345163862220944 0.44463192597031598 0.25227733775973321 2.0855138776573536
0.6997700172010809 0.4489157192409039 0.29511567652225495 2.9446225528995691
0.6997700172010809 0.20837583728134634 0.29511567652225495 2.9446225528995691
0.6997700172010809 0.4489157192409039 0.3218131769448519 2.9446225528995691
0.64733060412108889 0.4489157192409039 0.29511567652225495 2.9446225528995691
0.6997700172010809 0.4489157192409039 0.29511567652225495 0.77093186632245791
0.64733060412108889 0.20837583728134634 0.3218131769448519 0.77093186632245791
0.3150601472705602 0.44697513617575169 0.31163211502134802 0.50737871525824074
0.3150601472705602 0.40565903633832934 0.31163211502134802 0.50737871525824074
0.3150601472705602 0.44697513617575169 0.14418824464082719 0.50737871525824074
0.24877732740715142 0.44697513617575169 0.31163211502134802 0.50737871525824074
0.3150601472705602 0.44697513617575169 0.31163211502134802 0.20530659567698836
0.24877732740715142 0.40565903633832934 0.14418824464082719 0.20530659567698836
0.38315277765505013 0.16801108755171301 0.18808218464255333 2.6887269882678986
0.38315277765505013 0.24113234393298627 0.18808218464255333 2.6887269882678986
0.38315277765505013 0.16801108755171301 0.4762149300426245 2.6887269882678986
0.49692678065039209 0.16801108755171301 0.18808218464255333 2.6887269882678986
0.38315277765505013 0.16801108755171301 0.18808218464255333 1.56881894907102
0.49692678065039209 0.24113234393298627 0.4762149300426245 1.56881894907102
0.09164593908935785 0.24419637247920037 0.47576430514454848 0.80011640121638783
0.09164593908935785 0.15892017856240273 0.47576430514454848 0.80011640121638783
0.09164593908935785 0.24419637247920037 0.37646475695073611 0.80011640121638783
0.14229915249161421 0.24419637247920037 0.47576430514454848 0.80011640121638783
0.09164593908935785 0.24419637247920037 0.47576430514454848 2.9437862676148114
0.14229915249161421 0.15892017856240273 0.37646475695073611 2.9437862676148114
0.68782515577040604 0.36542754098773 0.22394765801727773 1.5654196913826466
0.68782515577040604 0.39449028559029109 0.22394765801727773 1.5654196913826466
0.68782515577040604 0.36542754098773 0.24442894011735916 1.5654196913826466
0.60373985022306442 0.36542754098773 0.22394765801727773 1.5654196913826466
0.68782515577040604 0.36542754098773 0.22394765801727773 1.410308718560189
0.60373985022306442 0.39449028559029109 0.24442894011735916 1.410308718560189
0.53275835812091821 0.33411922939121724 0.44551098756492136 2.0918018720832467
0.53275835812091821 0.31437819004058842 0.44551098756492136 2.0918018720832467
0.53275835812091821 0.33411922939121724 0.19446022771298888 2.0918018720832467
0.10790085727348923 0.33411922939121724 0.44551098756492136 2.0918018720832467
0.53275835812091821 0.33411922939121724 0.44551098756492136 2.2737210772381724
0.10790085727348923 0.31437819004058842 0.19446022771298888 2.2737210772381724
0.26696568387560543 0.25039443857967858 0.25321144908666615 1.3717984844514728
0.26696568387560543 0.12655972801148893 0.25321144908666615 1.3717984844514728
0.26696568387560543 0.25039443857967858 0.42649301439523701 1.3717984844514728
0.64034480252303183 0.25039443857967858 0.25321144908666615 1.3717984844514728
0.26696568387560543 0.25039443857967858 0.25321144908666615 0.95177497700080282
0.64034480252303183 0.12655972801148893 0.42649301439523701 0.95177497700080282
0.55308728273957963 0.13681225851178169 0.36589627563953397 2.522838301823437
0.55308728273957963 0.27359579429030423 0.36589627563953397 2.522838301823437
0.55308728273957963 0.13681225851178169 0.32634534984827046 2.522838301823437
0.36705023939721282 0.13681225851178169 0.36589627563953397 2.522838301823437
0.55308728273957963 0.13681225851178169 0.36589627563953397 0.68254617886349567
0.36705023939721282 0.27359579429030423 0.32634534984827046 0.68254617886349567
0.16537867649458349 0.45328268483281142 0.13283002339303496 0.29477347222656014
0.16537867649458349 0.48568033911287789 0.13283002339303496 0.29477347222656014
0.16537867649458349 0.45328268483281142 0.29431563876569272 0.29477347222656014
0.38153527416288846 0.45328268483281142 0.13283002339303496 0.29477347222656014
0.16537867649458349 0.45328268483281142 0.13283002339303496 2.174120176177472
0.38153527416288846 0.48568033911287789 0.29431563876569272 2.174120176177472
0.58570886002853506 0.48624701835215089 0.46162146553397176 1.328465509183705
0.58570886002853506 0.21864037401974201 0.46162146553397176 1.328465509183705
0.58570886002853506 0.48624701835215089 0.22206173650920391 1.328465509183705
0.075402266066521409 0.48624701835215089 0.46162146553397176 1.328465509183705
0.58570886002853506 0.48624701835215089 0.46162146553397176 2.6074958874341845
0.075402266066521409 0.21864037401974201 0.22206173650920391 2.6074958874341845
0.19645440489985044 0.1041271660476923 0.23807762302458288 2.0484351010784505
0.19645440489985044 0.42833393290638921 0.23807762302458288 2.0484351010784505
0.19645440489985044 0.1041271660476923 0.3540914714336395 2.0484351010784505
0.67030181777663522 0.1041271660476923 0.23807762302458288 2.0484351010784505
0.19645440489985044 0.1041271660476923 0.23807762302458288 1.0094035243269801
0.67030181777663522 0.42833393290638921 0.3540914714336395 1.0094035243269801
0.4841683055274188 0.28347158655524252 0.32576276250183583 0.15928468257576228
0.4841683055274188 0.37151107005774975 0.32576276250183583 0.15928468257576228
0.4841683055274188 0.28347158655524252 0.45423987507820129 0.15928468257576228
0.29393408684991296 0.28347158655524252 0.32576276250183583 0.15928468257576228
0.4841683055274188 0.28347158655524252 0.32576276250183583 0.55584045713454489
0.29393408684991296 0.37151107005774975 0.45423987507820129 0.55584045713454489
0.2167479571420699 0.30154714211821554 0.173939997702837 2.3874060140773654
0.2167479571420699 0.18130142837762833 0.173939997702837 2.3874060140773654
0.2167479571420699 0.30154714211821554 0.1222071122378111 2.3874060140773654
0.45210489165037865 0.30154714211821554 0.173939997702837 2.3874060140773654
0.2167479571420699 0.30154714211821554 0.173939997702837 1.9554778402259947
0.45210489165037865 0.18130142837762833 0.1222071122378111 1.9554778402259947
0.061999513301998377 0.39524398036301134 0.39551555961370466 2.9159019655102489
0.061999513301998377 0.10196909345686436 0.39551555961370466 2.9159019655102489
0.061999513301998377 0.39524398036301134 0.27214984893798833 2.9159019655102489
0.25952586373314257 0.39524398036301134 0.39551555961370466 2.9159019655102489
0.061999513301998377 0.39524398036301134 0.39551555961370466 0.2397372572132945
0.25952586373314257 0.10196909345686436 0.27214984893798833 0.2397372572132945
0.65916977399028831 0.21466221399605276 0.10322208814322949 0.73460962345719349
0.65916977399028831 0.33837088271975518 0.10322208814322949 0.73460962345719349
0.65916977399028831 0.21466221399605276 0.30418568961322312 0.73460962345719349
0.48871975247748189 0.21466221399605276 0.10322208814322949 0.73460962345719349
0.65916977399028831 0.21466221399605276 0.10322208814322949 1.879733523413837
0.48871975247748189 0.33837088271975518 0.30418568961322312 1.879733523413837
0.36670470675453537 0.19793424978852273 0.41590394936501984 1.8847500438171627
0.36670470675453537 0.46157712005078799 0.41590394936501984 1.8847500438171627
0.36670470675453537 0.19793424978852273 0.40393812768161297 1.8847500438171627
0.19368508658371864 0.19793424978852273 0.41590394936501984 1.8847500438171627
0.36670470675453537 0.19793424978852273 0.41590394936501984 2.7019463972261546
0.19368508658371864 0.46157712005078799 0.40393812768161297 2.7019463972261546
0.43571151499636462 0.41754789128899572 0.2828315526247025 1.119413089671135
0.43571151499636462 0.29788191616535187 0.2828315526247025 1.119413089671135
0.43571151499636462 0.41754789128899572 0.17191146612167357 1.119413089671135
0.5549003833904862 0.41754789128899572 0.2828315526247025 1.119413089671135
0.43571151499636462 0.41754789128899572 0.2828315526247025 1.2607424096253514
0.5549003833904862 0.29788191616535187 0.17191146612167357 1.2607424096253514
0.17839728435501456 0.4033925466239453 0.40784492567181585 2.5440506386539341
0.17839728435501456 0.38651473969221117 0.40784492567181585 2.5440506386539341
0.17839728435501456 0.4033925466239453 0.32269983366131783 2.5440506386539341
0.53126363186165682 0.4033925466239453 0.40784492567181585 2.5440506386539341
0.17839728435501456 0.4033925466239453 0.40784492567181585 2.7401537104158105
0.53126363186165682 0.38651473969221117 0.32269983366131783 2.7401537104158105
0.60291112069971853 0.18709303066134453 0.29089347906410695 0.37412385347038513
0.60291112069971853 0.17276996485888957 0.29089347906410695 0.37412385347038513
0.60291112069971853 0.18709303066134453 0.25317317284643648 0.37412385347038513
0.22209731233306229 0.18709303066134453 0.29089347906410695 0.37412385347038513
0.60291112069971853 0.18709303066134453 0.29089347906410695 1.2455219784645737
0.22209731233306229 0.17276996485888957 0.25317317284643648 1.2455219784645737
0.23935738364234566 0.20069960393011571 0.37818391360342507 2.2627289725956321
0.23935738364234566 0.22727521434426309 0.37818391360342507 2.2627289725956321
0.23935738364234566 0.20069960393011571 0.15341236628592014 2.2627289725956321
0.59741202979348595 0.20069960393011571 0.37818391360342507 2.2627289725956321
0.23935738364234566 0.20069960393011571 0.37818391360342507 0.41182402198895818
0.59741202979348595 0.22727521434426309 0.15341236628592014 0.41182402198895818
0.46070780628360802 0.38420468010008335 0.12055081948637963 1.4860039750078322
0.46070780628360802 0.41362895555794243 0.12055081948637963 1.4860039750078322
0.46070780628360802 0.38420468010008335 0.42294820621609686 1.4860039750078322
0.15620446335524318 0.38420468010008335 0.12055081948637963 1.4860039750078322
0.46070780628360802 0.38420468010008335 0.12055081948637963 1.7307123875890673
0.15620446335524318 0.41362895555794243 0.42294820621609686 1.7307123875890673
0.63101759804412716 0.31551297977566717 0.34895084798336029 0.95098690663814556
0.63101759804412716 0.49678971767425539 0.34895084798336029 0.95098690663814556
0.63101759804412716 0.31551297977566717 0.37297793067991736 0.95098690663814556
0.63159692725166672 0.31551297977566717 0.34895084798336029 0.95098690663814556
0.63101759804412716 0.31551297977566717 0.34895084798336029 0.47603859042689212
0.63159692725166672 0.49678971767425539 0.37297793067991736 0.47603859042689212
0.089419567259028554 0.29450154975056653 0.15074900947511197 1.6824120016914608
0.089419567259028554 0.25662969909608369 0.15074900947511197 1.6824120016914608
0.089419567259028554 0.29450154975056653 0.20344516709446908 1.6824120016914608
0.11922742431052029 0.29450154975056653 0.15074900947511197 1.6824120016914608
0.089419567259028554 0.29450154975056653 0.15074900947511197 2.0122140889625251
0.11922742431052029 0.25662969909608369 0.20344516709446908 2.0122140889625251
0.44822220550850028 0.11829184778034688 0.46304274611175067 0.5313777400839329
0.44822220550850028 0.1435077987611294 0.46304274611175067 0.5313777400839329
0.44822220550850028 0.11829184778034688 0.10329907611012459 0.5313777400839329
0.41337272725068025 0.11829184778034688 0.46304274611175067 0.5313777400839329
0.44822220550850028 0.11829184778034688 0.46304274611175067 2.4773634723125397
0.41337272725068025 0.1435077987611294 0.10329907611012459 2.4773634723125397
0.35345824272371823 0.49708500988781457 0.23665925711393357 2.7480210818547008
0.35345824272371823 0.30324945189058783 0.23665925711393357 2.7480210818547008
0.35345824272371823 0.49708500988781457 0.47282881177961833 2.7480210818547008
0.33771213237196201 0.49708500988781457 0.23665925711393357 2.7480210818547008
0.35345824272371823 0.49708500988781457 0.23665925711393357 1.1165490683995187
0.33771213237196201 0.30324945189058783 0.47282881177961833 1.1165490683995187
0.3954085415229201 0.46724270805716517 0.35784039087593555 1.7311474857437612
0.3954085415229201 0.1987287510186434 0.35784039087593555 1.7311474857437612
0.3954085415229201 0.46724270805716517 0.44510767646133897 1.7311474857437612
0.68416750179603691 0.46724270805716517 0.35784039087593555 1.7311474857437612
0.3954085415229201 0.46724270805716517 0.35784039087593555 0.71774065919190655
0.68416750179603691 0.1987287510186434 0.44510767646133897 0.71774065919190655
0.30227194293402132 0.1478488050401211 0.1408828027546406 0.99975605467021478
0.30227194293402132 0.36076367571949963 0.1408828027546406 0.99975605467021478
0.30227194293402132 0.1478488050401211 0.17557796463370323 0.99975605467021478
0.069193466613069174 0.1478488050401211 0.1408828027546406 0.99975605467021478
0.30227194293402132 0.1478488050401211 0.1408828027546406 2.1620025571063159
0.069193466613069174 0.36076367571949963 0.17557796463370323 2.1620025571063159
0.65949243009090419 0.26455234624445439 0.42817628011107445 2.888900697813034
0.65949243009090419 0.43909839801490314 0.42817628011107445 2.888900697813034
0.65949243009090419 0.26455234624445439 0.27572174295783047 2.888900697813034
0.42530590402893714 0.26455234624445439 0.42817628011107445 2.888900697813034
0.65949243009090419 0.26455234624445439 0.42817628011107445 2.4427050189444421
0.42530590402893714 0.43909839801490314 0.27572174295783047 2.4427050189444421
0.11943993824534117 0.34496322609484198 0.27054925002157693 0.67220142508566383
0.11943993824534117 0.20123183876276018 0.27054925002157693 0.67220142508566383
0.11943993824534117 0.34496322609484198 0.34525453038513665 0.67220142508566383
0.32831061333417888 0.34496322609484198 0.27054925002157693 0.67220142508566383
0.11943993824534117 0.34496322609484198 0.27054925002157693 0.80576666305750611
0.32831061333417888 0.20123183876276018 0.34525453038513665 0.80576666305750611
0.28943393323570488 0.35126637592911725 0.49896151386201382 0.14082723632186653
0.28943393323570488 0.28361291326582433 0.49896151386201382 0.14082723632186653
0.28943393323570488 0.35126637592911725 0.49520190581679346 0.14082723632186653
0.45950072938576336 0.35126637592911725 0.49896151386201382 0.14082723632186653
0.28943393323570488 0.35126637592911725 0.49896151386201382 2.866727427840531
0.45950072938576336 0.28361291326582433 0.49520190581679346 2.866727427840531
0.50987048796378076 0.23336173072457314 0.20075355470180511 2.3106975196006894
0.50987048796378076 0.46923259422183039 0.20075355470180511 2.3106975196006894
0.50987048796378076 0.23336173072457314 0.12566608972847462 2.3106975196006894
0.29132366576232011 0.23336173072457314 0.20075355470180511 2.3106975196006894
0.50987048796378076 0.23336173072457314 0.20075355470180511 1.464391919591725
0.29132366576232011 0.46923259422183039 0.12566608972847462 1.464391919591725
0.1472646739333868 0.1540417093783617 0.31304430216550827 1.1605627867624164
0.1472646739333868 0.33072179816663266 0.31304430216550827 1.1605627867624164
0.1472646739333868 0.1540417093783617 0.22542610950767994 1.1605627867624164
0.56626668865792451 0.1540417093783617 0.31304430216550827 1.1605627867624164
0.1472646739333868 0.1540417093783617 0.31304430216550827 0.077827217280566685
0.56626668865792451 0.33072179816663266 0.22542610950767994 0.077827217280566685
0.57078777621500187 0.43594184704124928 0.18666690401732922 1.9373215800872448
0.57078777621500187 0.11624315083026887 0.18666690401732922 1.9373215800872448
0.57078777621500187 0.43594184704124928 0.3949527941644192 1.9373215800872448
0.18481821455061437 0.43594184704124928 0.18666690401732922 1.9373215800872448
0.57078777621500187 0.43594184704124928 0.18666690401732922 1.673221455230415
0.18481821455061437 0.11624315083026887 0.3949527941644192 1.673221455230415
0.49538580006919797 0.42822827696800236 0.48127862215042116 2.8048655719247462
0.49538580006919797 0.47883284799754622 0.48127862215042116 2.8048655719247462
0.49538580006919797 0.42822827696800236 0.34348692335188391 2.8048655719247462
0.58731157761067154 0.42822827696800236 0.48127862215042116 2.8048655719247462
0.49538580006919797 0.42822827696800236 0.48127862215042116 2.0974261146105824
0.58731157761067154 0.47883284799754622 0.34348692335188391 2.0974261146105824
0.22324438113719225 0.1617579460144043 0.21744452379643919 0.56519626562803993
0.22324438113719225 0.26835813373327255 0.21744452379643919 0.56519626562803993
0.22324438113719225 0.1617579460144043 0.28645108416676524 0.56519626562803993
0.16634710668586195 0.1617579460144043 0.21744452379643919 0.56519626562803993
0.22324438113719225 0.1617579460144043 0.21744452379643919 0.78267545398369442
0.16634710668586195 0.26835813373327255 0.28645108416676524 0.78267545398369442
0.59696603710763152 0.22544941864907742 0.30473803393542764 1.6255646019819381
0.59696603710763152 0.13179738707840444 0.30473803393542764 1.6255646019819381
0.59696603710763152 0.22544941864907742 0.18669940903782845 1.6255646019819381
0.52113094669766724 0.22544941864907742 0.30473803393542764 1.6255646019819381
0.59696603710763152 0.22544941864907742 0.30473803393542764 0.87898813304141177
0.52113094669766724 0.13179738707840444 0.18669940903782845 0.87898813304141177
0.20291116572916507 0.35917449556291103 0.1939875438809395 0.91716569104999313
0.20291116572916507 0.32122568264603613 0.1939875438809395 0.91716569104999313
0.20291116572916507 0.35917449556291103 0.44372606910765178 0.91716569104999313
0.23218788383528588 0.35917449556291103 0.1939875438809395 0.91716569104999313
0.20291116572916507 0.35917449556291103 0.1939875438809395 2.3691223748631773
0.23218788383528588 0.32122568264603613 0.44372606910765178 2.3691223748631773
0.35766922025941306 0.34037237018346789 0.3723998047411442 1.4507435638958217
0.35766922025941306 0.38886369429528711 0.3723998047411442 1.4507435638958217
0.35766922025941306 0.34037237018346789 0.3936002142727375 1.4507435638958217
0.40319044981151814 0.34037237018346789 0.3723998047411442 1.4507435638958217
0.35766922025941306 0.34037237018346789 0.3723998047411442 1.4825432251085342
0.40319044981151814 0.38886369429528711 0.3936002142727375 1.4825432251085342
0.42195495795458549 0.26914129704236989 0.12731531150639058 2.204442377362251
0.42195495795458549 0.15168074965476991 0.12731531150639058 2.204442377362251
0.42195495795458549 0.26914129704236989 0.23657047785818577 2.204442377362251
0.3479316418524831 0.26914129704236989 0.12731531150639058 2.204442377362251
0.42195495795458549 0.26914129704236989 0.12731531150639058 2.8474953339947762
0.3479316418524831 0.15168074965476991 0.23657047785818577 2.8474953339947762
0.053003689972683787 0.14306530468165876 0.43960602022707462 0.40938155257880693
0.053003689972683787 0.24837177135050298 0.43960602022707462 0.40938155257880693
0.053003689972683787 0.14306530468165876 0.1364213112741709 0.40938155257880693
0.62138737593777471 0.14306530468165876 0.43960602022707462 0.40938155257880693
0.053003689972683787 0.14306530468165876 0.43960602022707462 1.6463998138518632
0.62138737593777471 0.24837177135050298 0.1364213112741709 1.6463998138518632
0.64537353441119194 0.47202963940799236 0.26010513827204707 2.6023343022882939
0.64537353441119194 0.41128562912344935 0.26010513827204707 2.6023343022882939
0.64537353441119194 0.47202963940799236 0.49345407560467724 2.6023343022882939
0.12939982106909154 0.47202963940799236 0.26010513827204707 2.6023343022882939
0.64537353441119194 0.47202963940799236 0.26010513827204707 0.10572682518675924
0.12939982106909154 0.41128562912344935 0.49345407560467724 0.10572682518675924
0.10571988862939179 0.49249396026134495 0.33128322027623658 1.9711427737158538
0.10571988862939179 0.29064248874783516 0.33128322027623658 1.9711427737158538
0.10571988862939179 0.49249396026134495 0.41492731198668487 1.9711427737158538
0.43552783131599421 0.49249396026134495 0.33128322027623658 1.9711427737158538
0.10571988862939179 0.49249396026134495 0.33128322027623658 1.1715811248242856
0.43552783131599421 0.29064248874783516 0.41492731198668487 1.1715811248242856
0.69654326913878317 0.12288022339344025 0.16745523214340211 1.2174102962696554
0.69654326913878317 0.45595052726566798 0.16745523214340211 1.2174102962696554
0.69654326913878317 0.12288022339344025 0.15789452381432056 1.2174102962696554
0.31813079970888791 0.12288022339344025 0.16745523214340211 1.2174102962696554
0.69654326913878317 0.12288022339344025 0.16745523214340211 2.8130166194880006
0.31813079970888791 0.45595052726566798 0.15789452381432056 2.8130166194880006
0.32917375997640186 0.28971862457692621 0.45474563390016554 2.2768792356115579
0.32917375997640186 0.34399747401475911 0.45474563390016554 2.2768792356115579
0.32917375997640186 0.28971862457692621 0.258041425421834 2.2768792356115579
0.69433735967613752 0.28971862457692621 0.45474563390016554 2.2768792356115579
0.32917375997640186 0.28971862457692621 0.45474563390016554 1.7960081917816402
0.69433735967613752 0.34399747401475911 0.258041425421834 1.7960081917816402
0.39183120848610992 0.32030010484158994 0.24398905150592329 0.083982416858673095
0.39183120848610992 0.10920852236449718 0.24398905150592329 0.083982416858673095
0.39183120848610992 0.32030010484158994 0.31507113799452779 0.083982416858673095
0.058981417585164314 0.32030010484158994 0.24398905150592329 0.083982416858673095
0.39183120848610992 0.32030010484158994 0.24398905150592329 0.3476089402467013
0.058981417585164314 0.10920852236449718 0.31507113799452779 0.3476089402467013
0.54690823187120252 0.37649092227220537 0.42238908298313615 0.61391751989632848
0.54690823187120252 0.17606376931071283 0.42238908298313615 0.61391751989632848
0.54690823187120252 0.37649092227220537 0.46522294469177727 0.61391751989632848
0.57640679068863387 0.37649092227220537 0.42238908298313615 0.61391751989632848
0.54690823187120252 0.37649092227220537 0.42238908298313615 2.0397554873096944
0.57640679068863387 0.17606376931071283 0.46522294469177727 2.0397554873096944
0.15384378945454955 0.20841527134180071 0.27731072679162028 2.8536433280977604
0.15384378945454955 0.36466357745230205 0.27731072679162028 2.8536433280977604
0.15384378945454955 0.20841527134180071 0.10819626078009606 2.8536433280977604
0.17471526707522569 0.20841527134180071 0.27731072679162028 2.8536433280977604
0.15384378945454955 0.20841527134180071 0.27731072679162028 0.44885838813662532
0.17471526707522569 0.36466357745230205 0.10819626078009606 0.44885838813662532
0.52661898978985844 0.17918128781020642 0.38960450217127807 1.0580426718631388
0.52661898978985844 0.43518142402172089 0.38960450217127807 1.0580426718631388
0.52661898978985844 0.17918128781020642 0.20794719681143761 1.0580426718631388
0.46959372111596159 0.17918128781020642 0.38960450217127807 1.0580426718631388
0.52661898978985844 0.17918128781020642 0.38960450217127807 1.097677983954549
0.46959372111596159 0.43518142402172089 0.20794719681143761 1.097677983954549
0.25539113366976379 0.41130085401237015 0.110097548738122 1.7664077870580555
0.25539113366976379 0.22387803457677366 0.110097548738122 1.7664077870580555
0.25539113366976379 0.41130085401237015 0.36498301215469842 1.7664077870580555
0.2811934419907629 0.41130085401237015 0.110097548738122 1.7664077870580555
0.25539113366976379 0.41130085401237015 0.110097548738122 2.4958761385828256
0.2811934419907629 0.22387803457677366 0.36498301215469842 2.4958761385828256
0.6736258889082819 0.42213951312005527 0.38505970947444446 0.23792865276336669
0.6736258889082819 0.3104631256312132 0.38505970947444446 0.23792865276336669
0.6736258889082819 0.42213951312005527 0.11418487094342709 0.23792865276336669
0.13216890692710875 0.42213951312005527 0.38505970947444446 0.23792865276336669
0.6736258889082819 0.42213951312005527 0.38505970947444446 1.0394628972287476
0.13216890692710875 0.3104631256312132 0.11418487094342709 1.0394628972287476
0.12821756089106201 0.19334606491029263 0.11463933140039445 2.4890200178343056
0.12821756089106201 0.14920935481786729 0.11463933140039445 2.4890200178343056
0.12821756089106201 0.19334606491029263 0.45872068554162981 2.4890200178343056
0.61383286374621093 0.19334606491029263 0.11463933140039445 2.4890200178343056
0.12821756089106201 0.19334606491029263 0.11463933140039445 2.577078151256591
0.61383286374621093 0.14920935481786729 0.45872068554162981 2.577078151256591
0.40958166350610548 0.21944647431373598 0.40232452750205994 1.4286459939587117
0.40958166350610548 0.2509281415492296 0.40232452750205994 1.4286459939587117
0.40958166350610548 0.21944647431373598 0.35896142870187764 1.4286459939587117
0.23867435813881455 0.21944647431373598 0.40232452750205994 1.4286459939587117
0.40958166350610548 0.21944647431373598 0.40232452750205994 1.9398446520008148
0.23867435813881455 0.2509281415492296 0.35896142870187764 1.9398446520008148
0.31100988304242488 0.39045780897140503 0.29737828038632874 2.125623065711856
0.31100988304242488 0.48957604542374611 0.29737828038632874 2.125623065711856
0.31100988304242488 0.39045780897140503 0.21443474553525449 2.125623065711856
0.50706690447404978 0.39045780897140503 0.29737828038632874 2.125623065711856
0.31100988304242488 0.39045780897140503 0.29737828038632874 0.57183480847731238
0.50706690447404978 0.48957604542374611 0.21443474553525449 0.57183480847731238
0.14102611378766594 0.30925994627177716 0.46895383931696422 1.6006799926969411
0.14102611378766594 0.41893814764916903 0.46895383931696422 1.6006799926969411
0.14102611378766594 0.30925994627177716 0.16430427581071855 1.6006799926969411
0.35683816857635969 0.30925994627177716 0.46895383931696422 1.6006799926969411
0.14102611378766594 0.30925994627177716 0.46895383931696422 1.8039939251585306
0.35683816857635969 0.41893814764916903 0.16430427581071855 1.8039939251585306
0.55919337989762419 0.27575458399951458 0.22978385612368585 0.85840301840931188
0.55919337989762419 0.23409962058067324 0.22978385612368585 0.85840301840931188
0.55919337989762419 0.27575458399951458 0.40883398912847047 0.85840301840931188
0.39170515383593735 0.27575458399951458 0.22978385612368585 0.85840301840931188
0.55919337989762419 0.27575458399951458 0.22978385612368585 0.31655763281777505
0.39170515383593735 0.23409962058067324 0.40883398912847047 0.31655763281777505
0.28323505562730128 0.11203871816396714 0.34246565476059915 2.653469618552625
0.28323505562730128 0.16594555713236331 0.34246565476059915 2.653469618552625
0.28323505562730128 0.11203871816396714 0.30868944786489011 2.653469618552625
0.097721021855250001 0.11203871816396714 0.34246565476059915 2.653469618552625
0.28323505562730128 0.11203871816396714 0.34246565476059915 1.3220811096180975
0.097721021855250001 0.16594555713236331 0.30868944786489011 1.3220811096180975
0.49823642848059529 0.47833813875913622 0.15626979954540732 0.44909481006890539
0.49823642848059529 0.38120554909110071 0.15626979954540732 0.44909481006890539
0.49823642848059529 0.47833813875913622 0.26415665894746782 0.44909481006890539
0.65056675160303712 0.47833813875913622 0.15626979954540732 0.44909481006890539
0.49823642848059529 0.47833813875913622 0.15626979954540732 2.6395297197259961
0.65056675160303712 0.38120554909110071 0.26415665894746782 2.6395297197259961
0.25063438746146854 0.46099568270146851 0.43507039695978167 1.0855918740829826
0.25063438746146854 0.12306755855679513 0.43507039695978167 1.0855918740829826
0.25063438746146854 0.46099568270146851 0.24265960454940796 1.0855918740829826
0.30410646181553597 0.46099568270146851 0.43507039695978167 1.0855918740829826
0.25063438746146854 0.46099568270146851 0.43507039695978167 1.5851718503457308
0.30410646181553597 0.12306755855679513 0.24265960454940796 1.5851718503457308
0.46726373955607409 0.12909583114087583 0.2646439503878355 1.82790264410764
0.46726373955607409 0.33603098876774312 0.2646439503878355 1.82790264410764
0.46726373955607409 0.12909583114087583 0.38719236962497239 1.82790264410764
0.44189536212943487 0.12909583114087583 0.2646439503878355 1.82790264410764
0.46726373955607409 0.12909583114087583 0.2646439503878355 0.19003160603106023
0.44189536212943487 0.33603098876774312 0.38719236962497239 0.19003160603106023
0.18971397071145474 0.25830541551113129 0.3523260142654181 0.76842814900130041
0.18971397071145474 0.46392340213060379 0.3523260142654181 0.76842814900130041
0.18971397071145474 0.25830541551113129 0.48733769766986368 0.76842814900130041
0.08562175375409424 0.25830541551113129 0.3523260142654181 0.76842814900130041
0.18971397071145474 0.25830541551113129 0.3523260142654181 1.3795296106493473
0.08562175375409424 0.46392340213060379 0.48733769766986368 1.3795296106493473
0.60942739080637687 0.32621015608310699 0.14738590121269227 2.9727464555802943
0.60942739080637687 0.27678850702941415 0.14738590121269227 2.9727464555802943
0.60942739080637687 0.32621015608310699 0.14280796051025391 2.9727464555802943
0.66011956213042133 0.32621015608310699 0.14738590121269227 2.9727464555802943
0.60942739080637687 0.32621015608310699 0.14738590121269227 2.9734846201360225
0.66011956213042133 0.27678850702941415 0.14280796051025391 2.9734846201360225
0.4391272097360342 0.3700193505734205 0.31894923374056816 2.4456896777117252
0.4391272097360342 0.20693339630961419 0.31894923374056816 2.4456896777117252
0.4391272097360342 0.3700193505734205 0.29296135418117047 2.4456896777117252
0.203775636292994 0.3700193505734205 0.31894923374056816 2.4456896777117252
0.4391272097360342 0.3700193505734205 0.31894923374056816 0.88971684943258766
0.203775636292994 0.20693339630961419 0.29296135418117047 0.88971684943258766
0.33964217640459532 0.2396087568253279 0.17977315522730353 0.19454238168418408
0.33964217640459532 0.44631207026541231 0.17977315522730353 0.19454238168418408
0.33964217640459532 0.2396087568253279 0.33748801350593571 0.19454238168418408
0.54476772001944473 0.2396087568253279 0.17977315522730353 0.19454238168418408
0.33964217640459532 0.2396087568253279 0.17977315522730353 2.3354179758101701
0.54476772001944473 0.44631207026541231 0.33748801350593571 2.3354179758101701
0.6219622654374688 0.17279477864503862 0.49245804436504848 1.9901485058450701
0.6219622654374688 0.35355000197887421 0.49245804436504848 1.9901485058450701
0.6219622654374688 0.17279477864503862 0.43724958300590522 1.9901485058450701
0.26966848527081311 0.17279477864503862 0.49245804436504848 1.9901485058450701
0.6219622654374688 0.17279477864503862 0.49245804436504848 2.2505791800487041
0.26966848527081311 0.35355000197887421 0.43724958300590522 2.2505791800487041
0.07556381840258837 0.44218877702951431 0.20626830235123636 1.2932050980716945
0.07556381840258837 0.19302719496190548 0.20626830235123636 1.2932050980716945
0.07556381840258837 0.44218877702951431 0.19271374456584456 1.2932050980716945
0.47861932208761565 0.44218877702951431 0.20626830235123636 1.2932050980716945
0.07556381840258837 0.44218877702951431 0.20626830235123636 0.60644556022763263
0.47861932208761565 0.19302719496190548 0.19271374456584456 0.60644556022763263
0.65101562035270033 0.44058491364121444 0.4406757537275553 1.8075722656668725
0.65101562035270033 0.26450130343437195 0.4406757537275553 1.8075722656668725
0.65101562035270033 0.44058491364121444 0.26989651769399647 1.8075722656668725
0.40998226995579895 0.44058491364121444 0.4406757537275553 1.8075722656668725
0.65101562035270033 0.44058491364121444 0.4406757537275553 0.59460871038630614
0.40998226995579895 0.26450130343437195 0.26989651769399647 0.59460871038630614
0.070071885269135242 0.16943305507302286 0.25805044397711752 1.1105965993244946
0.070071885269135242 0.47585350237786772 0.25805044397711752 1.1105965993244946
0.070071885269135242 0.16943305507302286 0.30036070309579377 1.1105965993244946
0.34337638355791561 0.16943305507302286 0.25805044397711752 1.1105965993244946
0.070071885269135242 0.16943305507302286 0.25805044397711752 1.9163526071496308
0.34337638355791561 0.47585350237786772 0.30036070309579377 1.9163526071496308
0.42759948954917482 0.24316493459045888 0.37034091427922256 2.9999156671191751
0.42759948954917482 0.32410704120993616 0.37034091427922256 2.9999156671191751
0.42759948954917482 0.24316493459045888 0.40012153349816804 2.9999156671191751
0.63863299125805495 0.24316493459045888 0.37034091427922256 2.9999156671191751
0.42759948954917482 0.24316493459045888 0.37034091427922256 2.5545133041991295
0.63863299125805495 0.32410704120993616 0.40012153349816804 2.5545133041991295
0.37473982246592635 0.37220848388969896 0.12838161177933216 0.74882289663746959
0.37473982246592635 0.13536072112619879 0.12838161177933216 0.74882289663746959
0.37473982246592635 0.37220848388969896 0.16964821666479113 0.74882289663746959
0.11498586037196218 0.37220848388969896 0.12838161177933216 0.74882289663746959
0.37473982246592635 0.37220848388969896 0.12838161177933216 1.0627374547638
0.11498586037196218 0.13536072112619879 0.16964821666479113 1.0627374547638
0.19964910824783144 0.32851025089621544 0.30054387263953686 0.21451416627392172
0.19964910824783144 0.15612451881170275 0.30054387263953686 0.21451416627392172
0.19964910824783144 0.32851025089621544 0.21958180032670499 0.21451416627392172
0.59148869919590652 0.32851025089621544 0.30054387263953686 0.21451416627392172
0.19964910824783144 0.32851025089621544 0.30054387263953686 2.6630038675494494
0.59148869919590652 0.15612451881170275 0.21958180032670499 2.6630038675494494
0.58227848773822188 0.26197265014052395 0.19916819185018542 2.4188903801684081
0.58227848773822188 0.39086461775004866 0.19916819185018542 2.4188903801684081
0.58227848773822188 0.26197265014052395 0.35005208700895307 2.4188903801684081
0.15933832079172133 0.26197265014052395 0.19916819185018542 2.4188903801684081
0.58227848773822188 0.26197265014052395 0.19916819185018542 1.2993335811205209
0.15933832079172133 0.39086461775004866 0.35005208700895307 1.2993335811205209
0.21997994580306113 0.12562457658350468 0.48646194040775304 1.2685588239441814
0.21997994580306113 0.40899140015244484 0.48646194040775304 1.2685588239441814
0.21997994580306113 0.12562457658350468 0.45019820183515546 1.2685588239441814
0.53576186345890164 0.12562457658350468 0.48646194040775304 1.2685588239441814
0.21997994580306113 0.12562457658350468 0.48646194040775304 0.29325389104977251
0.53576186345890164 0.40899140015244484 0.45019820183515546 0.29325389104977251
0.48069591159000985 0.45928238369524477 0.21325226984918119 2.0108343928210437
0.48069591159000985 0.24382982440292836 0.21325226984918119 2.0108343928210437
0.48069591159000985 0.45928238369524477 0.11973099075257779 2.0108343928210437
0.2153203955385834 0.45928238369524477 0.21325226984918119 2.0108343928210437
0.48069591159000985 0.45928238369524477 0.21325226984918119 1.82657385842219
0.2153203955385834 0.24382982440292836 0.11973099075257779 1.82657385842219
0.26880688047967849 0.4763408787548542 0.39068339094519622 2.4676088236151634
0.26880688047967849 0.45189666785299776 0.39068339094519622 2.4676088236151634
0.26880688047967849 0.4763408787548542 0.19825776629149916 2.4676088236151634
0.56177588603459294 0.4763408787548542 0.39068339094519622 2.4676088236151634
0.26880688047967849 0.4763408787548542 0.39068339094519622 2.9967660290485623
0.56177588603459294 0.45189666785299776 0.19825776629149916 2.9967660290485623
0.53114772606641047 0.10828378871083261 0.10805200971662998 0.26328911162540319
0.53114772606641047 0.28903166577219963 0.10805200971662998 0.26328911162540319
0.53114772606641047 0.10828378871083261 0.42872500121593482 0.26328911162540319
0.19158272389322517 0.10828378871083261 0.10805200971662998 0.26328911162540319
0.53114772606641047 0.10828378871083261 0.10805200971662998 1.3569719663220645
0.19158272389322517 0.28903166577219963 0.42872500121593482 1.3569719663220645
0.16726703788153824 0.27892443425953389 0.42034545131027701 2.1517085628126562
0.16726703788153824 0.11111198328435422 0.42034545131027701 2.1517085628126562
0.16726703788153824 0.27892443425953389 0.32858115136623384 2.1517085628126562
0.46541661163792009 0.27892443425953389 0.42034545131027701 2.1517085628126562
0.16726703788153824 0.27892443425953389 0.42034545131027701 0.16653552062392235
0.46541661163792009 0.11111198328435422 0.32858115136623384 0.16653552062392235
0.55144443102180951 0.31106256134808064 0.27839228585362435 1.4093991981987657
0.55144443102180951 0.34814846217632295 0.27839228585362435 1.4093991981987657
0.55144443102180951 0.31106256134808064 0.29811088852584366 1.4093991981987657
0.28820219640620048 0.31106256134808064 0.27839228585362435 1.4093991981987657
0.55144443102180951 0.31106256134808064 0.27839228585362435 1.607941360346079
0.28820219640620048 0.34814846217632295 0.29811088852584366 1.607941360346079
0.37603544532321387 0.39236909672617915 0.45054231733083727 0.87729418485656385
0.37603544532321387 0.36812944896519184 0.45054231733083727 0.87729418485656385
0.37603544532321387 0.39236909672617915 0.14815132915973664 0.87729418485656385
0.418282247474417 0.39236909672617915 0.45054231733083727 0.87729418485656385
0.37603544532321387 0.39236909672617915 0.45054231733083727 0.62903234486877924
0.418282247474417 0.36812944896519184 0.14815132915973664 0.62903234486877924
0.32226438503712412 0.22272509261965753 0.2491605442017317 1.5742361872191728
0.32226438503712412 0.17865234687924386 0.2491605442017317 1.5742361872191728
0.32226438503712412 0.22272509261965753 0.47862466983497143 1.5742361872191728
0.3325447482988238 0.22272509261965753 0.2491605442017317 1.5742361872191728
0.32226438503712412 0.22272509261965753 0.2491605442017317 2.2272826410108806
0.3325447482988238 0.17865234687924386 0.47862466983497143 2.2272826410108806
0.68073991718702009 0.18948084153234959 0.33645127974450589 0.42336501913920049
0.68073991718702009 0.22138677649199964 0.33645127974450589 0.42336501913920049
0.68073991718702009 0.18948084153234959 0.3788645785301924 0.42336501913920049
0.6875455710105598 0.18948084153234959 0.33645127974450589 0.42336501913920049
0.68073991718702009 0.18948084153234959 0.33645127974450589 2.3126664067566396
0.6875455710105598 0.22138677649199964 0.3788645785301924 2.3126664067566396
0.098802963644266134 0.42003205455839632 0.1632477194070816 2.674513720577508
0.098802963644266134 0.43200799971818926 0.1632477194070816 2.674513720577508
0.098802963644266134 0.42003205455839632 0.248400416970253 2.674513720577508
0.063536663772538304 0.42003205455839632 0.1632477194070816 2.674513720577508
0.098802963644266134 0.42003205455839632 0.1632477194070816 0.91318660534739504
0.063536663772538304 0.43200799971818926 0.248400416970253 0.91318660534739504
0.51274561467580493 0.40900161452591421 0.33826176002621655 1.2438498910050095
0.51274561467580493 0.14613253474235535 0.33826176002621655 1.2438498910050095
0.51274561467580493 0.40900161452591421 0.4976269043982029 1.2438498910050095
0.36997702023945744 0.40900161452591421 0.33826176002621655 1.2438498910050095
0.51274561467580493 0.40900161452591421 0.33826176002621655 2.3926091494239867
0.36997702023945744 0.14613253474235535 0.4976269043982029 2.3926091494239867
0.28631816878914829 0.17551471777260305 0.16144033260643484 1.952250207347721
0.28631816878914829 0.30670415125787259 0.16144033260643484 1.952250207347721
0.28631816878914829 0.17551471777260305 0.12966274358332158 1.952250207347721
0.37572472933679812 0.17551471777260305 0.16144033260643484 1.952250207347721
0.28631816878914829 0.17551471777260305 0.16144033260643484 0.85623074470892557
0.37572472933679812 0.30670415125787259 0.12966274358332158 0.85623074470892557
0.57370519577525558 0.21188719645142556 0.47412246502935884 0.062936914912909273
0.57370519577525558 0.49323760494589808 0.47412246502935884 0.062936914912909273
0.57370519577525558 0.21188719645142556 0.22941284514963628 0.062936914912909273
0.10100116869434714 0.21188719645142556 0.47412246502935884 0.062936914912909273
0.57370519577525558 0.21188719645142556 0.47412246502935884 0.7593843828721345
0.10100116869434714 0.49323760494589808 0.22941284514963628 0.7593843828721345
0.14411181788891553 0.37820508256554608 0.22557729110121727 2.302604815798849
0.14411181788891553 0.25371241904795172 0.22557729110121727 2.302604815798849
0.14411181788891553 0.37820508256554608 0.39738618507981305 2.302604815798849
0.64504012470133598 0.37820508256554608 0.22557729110121727 2.302604815798849
0.14411181788891553 0.37820508256554608 0.22557729110121727 2.1199962319584191
0.64504012470133598 0.25371241904795172 0.39738618507981305 2.1199962319584191
0.29380321050994096 0.3219033036381006 0.40340285003185272 2.8282786584933102
0.29380321050994096 0.23619878143072129 0.40340285003185272 2.8282786584933102
0.29380321050994096 0.3219033036381006 0.44731830097734926 2.8282786584933102
0.14777368395589291 0.3219033036381006 0.40340285003185272 2.8282786584933102
0.29380321050994096 0.3219033036381006 0.40340285003185272 0.12846838068857788
0.14777368395589291 0.23619878143072129 0.44731830097734926 0.12846838068857788
0.40380044169723983 0.29307949282228951 0.29533179365098478 0.63532731419458988
0.40380044169723983 0.42328482381999499 0.29533179365098478 0.63532731419458988
0.40380044169723983 0.29307949282228951 0.17934803739190103 0.63532731419458988
0.6004745764657855 0.29307949282228951 0.29533179365098478 0.63532731419458988
0.40380044169723983 0.29307949282228951 0.29533179365098478 1.6229428823103011
0.6004745764657855 0.42328482381999499 0.17934803739190103 1.6229428823103011
0.11100834584794939 0.11932318434119225 0.38301665596663959 1.7856531828971209
0.11100834584794939 0.37656613960862162 0.38301665596663959 1.7856531828971209
0.11100834584794939 0.11932318434119225 0.27949563041329384 1.7856531828971209
0.24442043034359812 0.11932318434119225 0.38301665596663959 1.7856531828971209
0.11100834584794939 0.11932318434119225 0.38301665596663959 2.8248981844492258
0.24442043034359812 0.37656613960862162 0.27949563041329384 2.8248981844492258
0.66784216333180657 0.49030415639281277 0.11572185009717942 1.0319529640199245
0.66784216333180657 0.16374917216598989 0.11572185009717942 1.0319529640199245
0.66784216333180657 0.49030415639281277 0.34746286608278754 1.0319529640199245
0.50416241479106239 0.49030415639281277 0.11572185009717942 1.0319529640199245
0.66784216333180657 0.49030415639281277 0.11572185009717942 1.5058529398722948
0.50416241479106239 0.16374917216598989 0.34746286608278754 1.5058529398722948
0.082611844921484587 0.4701175022870302 0.4882633049041033 0.59199978489354255
0.082611844921484587 0.33432307280600071 0.4882633049041033 0.59199978489354255
0.082611844921484587 0.4701175022870302 0.36895990855991845 0.59199978489354255
0.19802959556691346 0.4701175022870302 0.4882633049041033 0.59199978489354255
0.082611844921484587 0.4701175022870302 0.4882633049041033 0.37018309815049177
0.19802959556691346 0.33432307280600071 0.36895990855991845 0.37018309815049177
0.63789733881130806 0.13978602774441243 0.21144799068570139 2.7848951982356609
0.63789733881130806 0.11911193653941154 0.21144799068570139 2.7848951982356609
0.63789733881130806 0.13978602774441243 0.20099269673228265 2.7848951982356609
0.54767219759523866 0.13978602774441243 0.21144799068570139 2.7848951982356609
0.63789733881130806 0.13978602774441243 0.21144799068570139 1.7727215125787259
0.54767219759523866 0.11911193653941154 0.20099269673228265 1.7727215125787259
0.34669753988273438 0.27300584390759469 0.3241331182420254 0.8964812149746717
0.34669753988273438 0.28103733919560914 0.3241331182420254 0.8964812149746717
0.34669753988273438 0.27300584390759469 0.10084431692957879 0.8964812149746717
0.25406373972073193 0.27300584390759469 0.3241331182420254 0.8964812149746717
0.34669753988273438 0.27300584390759469 0.3241331182420254 2.7902523797780274
0.25406373972073193 0.28103733919560914 0.10084431692957879 2.7902523797780274
0.45506958132609721 0.34247896149754525 0.17558184899389745 1.6502150978316368
0.45506958132609721 0.46572940051555634 0.17558184899389745 1.6502150978316368
0.45506958132609721 0.34247896149754525 0.46881460435688493 1.6502150978316368
0.49197759726084761 0.34247896149754525 0.17558184899389745 1.6502150978316368
0.45506958132609721 0.34247896149754525 0.17558184899389745 1.195060696654916
0.49197759726084761 0.46572940051555634 0.46881460435688493 1.195060696654916
0.60507684336043888 0.36117241419851787 0.3533951815217734 2.1794418738429249
0.60507684336043888 0.44899850375950334 0.3533951815217734 2.1794418738429249
0.60507684336043888 0.36117241419851787 0.31885958835482597 2.1794418738429249
0.30082632708363233 0.36117241419851787 0.3533951815217734 2.1794418738429249
0.60507684336043888 0.36117241419851787 0.3533951815217734 2.5191898939025403
0.30082632708363233 0.44899850375950334 0.31885958835482597 2.5191898939025403
0.1764769938774407 0.22920519746840001 0.14533025920391085 1.4710753532372416
0.1764769938774407 0.21030179336667063 0.14533025920391085 1.4710753532372416
0.1764769938774407 0.22920519746840001 0.25088627226650717 1.4710753532372416
0.44742195755243297 0.22920519746840001 0.14533025920391085 1.4710753532372416
0.1764769938774407 0.22920519746840001 0.14533025920391085 1.0750852263176442
0.44742195755243297 0.21030179336667063 0.25088627226650717 1.0750852263176442
0.46290578735060983 0.15858896300196648 0.4330120846629143 2.6219409655527772
0.46290578735060983 0.18975668959319592 0.4330120846629143 2.6219409655527772
0.46290578735060983 0.15858896300196648 0.15113385803997517 2.6219409655527772
0.072482914198189974 0.15858896300196648 0.4330120846629143 2.6219409655527772
0.46290578735060983 0.15858896300196648 0.4330120846629143 0.42539460521757605
0.072482914198189974 0.18975668959319592 0.15113385803997517 0.42539460521757605
0.23739004461094737 0.42642633840441702 0.265711210295558 0.38221656276211147
0.23739004461094737 0.35115696936845786 0.265711210295558 0.38221656276211147
0.23739004461094737 0.42642633840441702 0.41909804269671447 0.38221656276211147
0.67609995515085752 0.42642633840441702 0.265711210295558 0.38221656276211147
0.23739004461094737 0.42642633840441702 0.265711210295558 2.0624898400813341
0.67609995515085752 0.35115696936845786 0.41909804269671447 2.0624898400813341
0.16100864009931681 0.43433793596923354 0.36482653617858884 0.97510833121284846
0.16100864009931681 0.2385448630899191 0.36482653617858884 0.97510833121284846
0.16100864009931681 0.43433793596923354 0.46743738390505318 0.97510833121284846
0.090789137827232469 0.43433793596923354 0.36482653617858884 0.97510833121284846
0.16100864009931681 0.43433793596923354 0.36482653617858884 1.7541873918347062
0.090789137827232469 0.2385448630899191 0.46743738390505318 1.7541873918347062
0.53983019948936994 0.15068003349006176 0.13488471172749997 1.7518347342114151
0.53983019948936994 0.40219120979309086 0.13488471172749997 1.7518347342114151
0.53983019948936994 0.15068003349006176 0.11196404471993447 1.7518347342114151
0.65521004190668464 0.15068003349006176 0.13488471172749997 1.7518347342114151
0.53983019948936994 0.15068003349006176 0.13488471172749997 0.38907840397164228
0.65521004190668464 0.40219120979309086 0.11196404471993447 0.38907840397164228
0.26258816523477435 0.2369180515408516 0.44756987206637866 0.69217465900525454
0.26258816523477435 0.3976648066192866 0.44756987206637866 0.69217465900525454
0.26258816523477435 0.2369180515408516 0.2117233730852604 0.69217465900525454
0.35979722235351796 0.2369180515408516 0.44756987206637866 0.69217465900525454
0.26258816523477435 0.2369180515408516 0.44756987206637866 1.2222194883905353
0.35979722235351796 0.3976648066192866 0.2117233730852604 1.2222194883905353
0.51949383136816318 0.35345536619424822 0.25214514285326006 2.8621000387780366
0.51949383136816318 0.16140948161482813 0.25214514285326006 2.8621000387780366
0.51949383136816318 0.35345536619424822 0.36718753315508368 2.8621000387780366
0.3859467183705419 0.35345536619424822 0.25214514285326006 2.8621000387780366
0.51949383136816318 0.35345536619424822 0.25214514285326006 2.7627352467261255
0.3859467183705419 0.16140948161482813 0.36718753315508368 2.7627352467261255
0.69489321121945968 0.34726327322423456 0.47995847240090372 2.3378652818097172
0.69489321121945968 0.12817164771258832 0.47995847240090372 2.3378652818097172
0.69489321121945968 0.34726327322423456 0.4173545993864537 2.3378652818097172
0.23429022473283112 0.34726327322423456 0.47995847240090372 2.3378652818097172
0.69489321121945968 0.34726327322423456 0.47995847240090372 1.1393245294360816
0.23429022473283112 0.12817164771258832 0.4173545993864537 1.1393245294360816
0.10760042392648755 0.26821962855756287 0.2187670160084963 0.12122334544971586
0.10760042392648755 0.31843009442090986 0.2187670160084963 0.12122334544971586
0.10760042392648755 0.26821962855756287 0.1618873629719019 0.12122334544971586
0.51425546584650872 0.26821962855756287 0.2187670160084963 0.12122334544971586
0.10760042392648755 0.26821962855756287 0.2187670160084963 2.4538726352362334
0.51425546584650872 0.31843009442090986 0.1618873629719019 2.4538726352362334
0.39022840252146118 0.1443776935338974 0.30644880272448061 1.9169926509763302
0.39022840252146118 0.48153044767677788 0.30644880272448061 1.9169926509763302
0.39022840252146118 0.1443776935338974 0.26203197576105597 1.9169926509763302
0.13767075221985578 0.1443776935338974 0.30644880272448061 1.9169926509763302
0.39022840252146118 0.1443776935338974 0.30644880272448061 1.9896511963044108
0.13767075221985578 0.48153044767677788 0.26203197576105597 1.9896511963044108
0.33102216278202828 0.46552926599979405 0.19227444455027581 1.1855661505122483
0.33102216278202828 0.2716903783380985 0.19227444455027581 1.1855661505122483
0.33102216278202828 0.46552926599979405 0.31750224009156225 1.1855661505122483
0.61061474024318152 0.46552926599979405 0.19227444455027581 1.1855661505122483
0.33102216278202828 0.46552926599979405 0.19227444455027581 0.49931404830321674
0.61061474024318152 0.2716903783380985 0.31750224009156225 0.49931404830321674
0.41848465614020819 0.49508789293468003 0.41482505463063724 0.34839551187053325
0.41848465614020819 0.4263310544192791 0.41482505463063724 0.34839551187053325
0.41848465614020819 0.49508789293468003 0.38975615426898003 0.34839551187053325
0.26415425189770758 0.49508789293468003 0.41482505463063724 0.34839551187053325
0.41848465614020819 0.49508789293468003 0.41482505463063724 0.82835259127646688
0.26415425189770758 0.4263310544192791 0.38975615426898003 0.82835259127646688
0.36090392093174156 0.11453677527606487 0.28487708568573 2.5650933791871369
0.36090392093174156 0.21419770158827306 0.28487708568573 2.5650933791871369
0.36090392093174156 0.11453677527606487 0.23428586609661581 2.5650933791871369
0.48184489393606778 0.11453677527606487 0.28487708568573 2.5650933791871369
0.36090392093174156 0.11453677527606487 0.28487708568573 2.4194065694263576
0.48184489393606778 0.21419770158827306 0.23428586609661581 2.4194065694263576
0.64194045010954137 0.29767135232686998 0.39755918532609946 1.5048936921252312
0.64194045010954137 0.18584142029285433 0.39755918532609946 1.5048936921252312
0.64194045010954137 0.29767135232686998 0.13414051420986653 1.5048936921252312
0.20817217715084552 0.29767135232686998 0.39755918532609946 1.5048936921252312
0.64194045010954137 0.29767135232686998 0.39755918532609946 2.1392497363588214
0.20817217715084552 0.18584142029285433 0.13414051420986653 2.1392497363588214
0.05619630119763315 0.3173156425356865 0.10214052312076093 2.2362865286095439
0.05619630119763315 0.37380639575421815 0.10214052312076093 2.2362865286095439
0.05619630119763315 0.3173156425356865 0.48960772678256037 2.2362865286095439
0.53757172967307265 0.3173156425356865 0.10214052312076093 2.2362865286095439
0.05619630119763315 0.3173156425356865 0.10214052312076093 0.74120881206005818
0.53757172967307265 0.37380639575421815 0.48960772678256037 0.74120881206005818
0.2312767848372459 0.38611611090600495 0.32996608503162861 1.708498948122114
0.2312767848372459 0.34134827330708506 0.32996608503162861 1.708498948122114
0.2312767848372459 0.38611611090600495 0.3394666124135256 1.708498948122114
0.082655251631513244 0.38611611090600495 0.32996608503162861 1.708498948122114
0.2312767848372459 0.38611611090600495 0.32996608503162861 1.6965013050153852
0.082655251631513244 0.34134827330708506 0.3394666124135256 1.6965013050153852
0.48727168249897651 0.2039780791848898 0.16876851096749307 0.93173874938651924
0.48727168249897651 0.10582702048122883 0.16876851096749307 0.93173874938651924
0.48727168249897651 0.2039780791848898 0.28400242850184443 0.93173874938651924
0.66589038567617531 0.2039780791848898 0.16876851096749307 0.93173874938651924
0.48727168249897651 0.2039780791848898 0.16876851096749307 0.055268365178406241
0.66589038567617531 0.10582702048122883 0.28400242850184443 0.055268365178406241
0.21098562981933355 0.18322775959968568 0.45645341202616696 2.7266084383057057
0.21098562981933355 0.29431662708520889 0.45645341202616696 2.7266084383057057
0.21098562981933355 0.18322775959968568 0.18424083516001702 2.7266084383057057
0.3110457748174667 0.18322775959968568 0.45645341202616696 2.7266084383057057
0.21098562981933355 0.18322775959968568 0.45645341202616696 1.4408938797852398
0.3110457748174667 0.29431662708520889 0.18424083516001702 1.4408938797852398
0.58881459548138082 0.40128513574600222 0.24228514172136784 0.55673956043764949
0.58881459548138082 0.45869685821235184 0.24228514172136784 0.55673956043764949
0.58881459548138082 0.40128513574600222 0.43971415050327778 0.55673956043764949
0.43723966437391931 0.40128513574600222 0.24228514172136784 0.55673956043764949
0.58881459548138082 0.40128513574600222 0.24228514172136784 2.8894960374996068
0.43723966437391931 0.45869685821235184 0.43971415050327778 2.8894960374996068
0.33768188860267395 0.41524850875139241 0.46724663488566875 2.0676790475876627
0.33768188860267395 0.16940037570893765 0.46724663488566875 2.0676790475876627
0.33768188860267395 0.41524850875139241 0.29047912918031216 2.0676790475876627
0.62845067628659301 0.41524850875139241 0.46724663488566875 2.0676790475876627
0.33768188860267395 0.41524850875139241 0.46724663488566875 1.4330490662871302
0.62845067628659301 0.16940037570893765 0.29047912918031216 1.4330490662871302
0.44133286192081861 0.19426782280206681 0.23148871809244156 1.3023771628321708
0.44133286192081861 0.38383016586303709 0.23148871809244156 1.3023771628321708
0.44133286192081861 0.19426782280206681 0.33345244377851491 1.3023771628321708
0.12520532989874483 0.19426782280206681 0.23148871809244156 1.3023771628321708
0.44133286192081861 0.19426782280206681 0.23148871809244156 2.9203277769456806
0.12520532989874483 0.38383016586303709 0.33345244377851491 2.9203277769456806
0.073635856807231906 0.21813418678939345 0.3437822163105011 2.3620427938027682
0.073635856807231906 0.41602079607546327 0.3437822163105011 2.3620427938027682
0.073635856807231906 0.21813418678939345 0.43320409506559376 2.3620427938027682
0.39977267868816846 0.21813418678939345 0.3437822163105011 2.3620427938027682
0.073635856807231906 0.21813418678939345 0.3437822163105011 1.5462208991841973
0.39977267868816846 0.41602079607546327 0.43320409506559376 1.5462208991841973
0.62412093686871228 0.39695809297263629 0.15495556853711606 0.18069311538234353
0.62412093686871228 0.23054757937788964 0.15495556853711606 0.18069311538234353
0.62412093686871228 0.39695809297263629 0.1902399118989706 0.18069311538234353
0.35354874278418713 0.39695809297263629 0.15495556853711606 0.18069311538234353
0.62412093686871228 0.39695809297263629 0.15495556853711606 0.22861435604140162
0.35354874278418713 0.23054757937788964 0.1902399118989706 0.22861435604140162
0.47410344425588841 0.30315019786357877 0.37710559703409674 0.71356267218157654
0.47410344425588841 0.26058412902057171 0.37710559703409674 0.71356267218157654
0.47410344425588841 0.30315019786357877 0.24040245860815049 0.71356267218157654
0.52566137374378741 0.30315019786357877 0.37710559703409674 0.71356267218157654
0.47410344425588841 0.30315019786357877 0.37710559703409674 2.1976050402580203
0.52566137374378741 0.26058412902057171 0.24040245860815049 2.1976050402580203
0.24386663339100778 0.28683259785175325 0.12259731218218804 2.9416289071892203
0.24386663339100778 0.49849949330091481 0.12259731218218804 2.9416289071892203
0.24386663339100778 0.28683259785175325 0.38336967192590243 2.9416289071892203
0.22546299891546367 0.28683259785175325 0.12259731218218804 2.9416289071892203
0.24386663339100778 0.28683259785175325 0.12259731218218804 0.65978793410882364
0.22546299891546367 0.49849949330091481 0.38336967192590243 0.65978793410882364
0.61631418280303474 0.10057017467916013 0.40988798514008529 1.1458541337363424
0.61631418280303474 0.30144226141273978 0.40988798514008529 1.1458541337363424
0.61631418280303474 0.10057017467916013 0.48351881466805935 1.1458541337363424
0.58135597407817841 0.10057017467916013 0.40988798514008529 1.1458541337363424
0.61631418280303474 0.10057017467916013 0.40988798514008529 0.92848230284258726
0.58135597407817841 0.30144226141273978 0.48351881466805935 0.92848230284258726
0.18291391949169339 0.48405716679990296 0.28981096632778647 1.8658561159573497
0.18291391949169339 0.13926082625985148 0.28981096632778647 1.8658561159573497
0.18291391949169339 0.48405716679990296 0.14054852575063706 1.8658561159573497
0.16942885476164518 0.48405716679990296 0.28981096632778647 1.8658561159573497
0.18291391949169339 0.48405716679990296 0.28981096632778647 2.2962899428920447
0.16942885476164518 0.13926082625985148 0.14054852575063706 2.2962899428920447
0.56754598012194035 0.45137059539556501 0.31723903566598893 2.7083351008622349
0.56754598012194035 0.35641885921359062 0.31723903566598893 2.7083351008622349
0.56754598012194035 0.45137059539556501 0.16826964914798737 2.7083351008622349
0.47555675362236793 0.45137059539556501 0.31723903566598893 2.7083351008622349
0.56754598012194035 0.45137059539556501 0.31723903566598893 1.9787928033205868
0.47555675362236793 0.35641885921359062 0.16826964914798737 1.9787928033205868
0.13259676848538221 0.13353293389081955 0.18148720972239973 0.48021236394986516
0.13259676848538221 0.19662839807569982 0.18148720972239973 0.48021236394986516
0.13259676848538221 0.13353293389081955 0.41123991422355177 0.48021236394986516
0.27809928646311161 0.13353293389081955 0.18148720972239973 0.48021236394986516
0.13259676848538221 0.13353293389081955 0.18148720972239973 0.53324925862520933
0.27809928646311161 0.19662839807569982 0.41123991422355177 0.53324925862520933
0.50662608155980704 0.25425884239375596 0.49377762340009212 1.5404177385334672
0.50662608155980704 0.20343008339405061 0.49377762340009212 1.5404177385334672
0.50662608155980704 0.25425884239375596 0.31109308414161208 1.5404177385334672
0.57186891529709094 0.25425884239375596 0.49377762340009212 1.5404177385334672
0.50662608155980704 0.25425884239375596 0.49377762340009212 0.98594064174920326
0.57186891529709094 0.20343008339405061 0.31109308414161208 0.98594064174920326
0.27476345621980724 0.33622596375644209 0.20494485497474671 0.82044955204948788
0.27476345621980724 0.44373661540448672 0.20494485497474671 0.82044955204948788
0.27476345621980724 0.33622596375644209 0.26812584698200226 0.82044955204948788
0.1814525400754064 0.33622596375644209 0.20494485497474671 0.82044955204948788
0.27476345621980724 0.33622596375644209 0.20494485497474671 2.6302321946051714
0.1814525400754064 0.44373661540448672 0.26812584698200226 2.6302321946051714
0.12506245775148273 0.36742550730705259 0.42710711881518371 1.3511154577060045
0.12506245775148273 0.47299342826008794 0.42710711881518371 1.3511154577060045
0.12506245775148273 0.36742550730705259 0.117986224219203 1.3511154577060045
0.69776753825135529 0.36742550730705259 0.42710711881518371 1.3511154577060045
0.12506245775148273 0.36742550730705259 0.42710711881518371 1.2833184780094029
0.69776753825135529 0.47299342826008794 0.117986224219203 1.2833184780094029
0.67654044148512182 0.24795210361480713 0.27260489799082277 2.1164510064412654
0.67654044148512182 0.28668854124844079 0.27260489799082277 2.1164510064412654
0.67654044148512182 0.24795210361480713 0.46095038354396822 2.1164510064412654
0.053356887679547077 0.24795210361480713 0.27260489799082277 2.1164510064412654
0.67654044148512182 0.24795210361480713 0.27260489799082277 2.6786605744454266
0.053356887679547077 0.28668854124844079 0.46095038354396822 2.6786605744454266
0.30789698557928202 0.16484196148812771 0.35989870913326738 0.32157554216220979
0.30789698557928202 0.11346073299646378 0.35989870913326738 0.32157554216220979
0.30789698557928202 0.16484196148812771 0.36119951903820036 0.32157554216220979
0.42845214288681738 0.16484196148812771 0.35989870913326738 0.32157554216220979
0.30789698557928202 0.16484196148812771 0.35989870913326738 1.8569708867505195
0.42845214288681738 0.11346073299646378 0.36119951903820036 1.8569708867505195
0.41245903731323774 0.44517334066331393 0.13981554880738259 2.5028692896260321
0.41245903731323774 0.32705904655158524 0.13981554880738259 2.5028692896260321
0.41245903731323774 0.44517334066331393 0.21822618059813978 2.5028692896260321
0.32233273922465738 0.44517334066331393 0.13981554880738259 2.5028692896260321
0.41245903731323774 0.44517334066331393 0.13981554880738259 0.26321808073788883
0.32233273922465738 0.32705904655158524 0.21822618059813978 0.26321808073788883
0.53768611662089816 0.44421506300568581 0.36035290509462359 1.1883710100294651
0.53768611662089816 0.48460230901837353 0.36035290509462359 1.1883710100294651
0.53768611662089816 0.44421506300568581 0.41181187182664869 1.1883710100294651
0.4983402464538812 0.44421506300568581 0.36035290509462359 1.1883710100294651
0.53768611662089816 0.44421506300568581 0.36035290509462359 0.8845963451021911
0.4983402464538812 0.48460230901837353 0.41181187182664869 0.8845963451021911
0.1598177723120898 0.16539740338921549 0.13993274085223675 1.9082513363809885
0.1598177723120898 0.27485992200672626 0.13993274085223675 1.9082513363809885
0.1598177723120898 0.16539740338921549 0.16728213690221311 1.9082513363809885
0.25026014442555605 0.16539740338921549 0.13993274085223675 1.9082513363809885
0.1598177723120898 0.16539740338921549 0.13993274085223675 2.3401801443141697
0.25026014442555605 0.27485992200672626 0.16728213690221311 2.3401801443141697
0.51735340002924202 0.24700603671371937 0.42761724852025507 0.11265070210590959
0.51735340002924202 0.12509403973817826 0.42761724852025507 0.11265070210590959
0.51735340002924202 0.24700603671371937 0.26742822788655762 0.11265070210590959
0.60478611090220513 0.24700603671371937 0.42761724852025507 0.11265070210590959
0.51735340002924202 0.24700603671371937 0.42761724852025507 2.2415011707568167
0.60478611090220513 0.12509403973817826 0.26742822788655762 2.2415011707568167
0.26139850816689431 0.36799315996468074 0.27267082929611208 2.3408612552316486
0.26139850816689431 0.31525485329329972 0.27267082929611208 2.3408612552316486
0.26139850816689431 0.36799315996468074 0.31196099072694783 2.3408612552316486
0.14343475336208938 0.36799315996468074 0.27267082929611208 2.3408612552316486
0.26139850816689431 0.36799315996468074 0.27267082929611208 0.61588471616745
0.14343475336208938 0.31525485329329972 0.31196099072694783 0.61588471616745
0.10672940760850906 0.33678136095404626 0.49522369429469115 2.8707970609746871
0.10672940760850906 0.39459023997187614 0.49522369429469115 2.8707970609746871
0.10672940760850906 0.33678136095404626 0.46208995841443545 2.8707970609746871
0.63929846435785287 0.33678136095404626 0.49522369429469115 2.8707970609746871
0.10672940760850906 0.33678136095404626 0.49522369429469115 1.5944424009126426
0.63929846435785287 0.39459023997187614 0.46208995841443545 1.5944424009126426
0.69243421661667526 0.25330061540007592 0.20605392195284367 0.68941409188672909
0.69243421661667526 0.15823727883398533 0.20605392195284367 0.68941409188672909
0.69243421661667526 0.25330061540007592 0.1175541177392006 0.68941409188672909
0.10676533388905227 0.25330061540007592 0.20605392195284367 0.68941409188672909
0.69243421661667526 0.25330061540007592 0.20605392195284367 0.18040271963775159
0.10676533388905227 0.15823727883398533 0.1175541177392006 0.18040271963775159
0.33014741744846099 0.13410053588449955 0.31873484142124653 1.7488830092690886
0.33014741744846099 0.24162589013576508 0.31873484142124653 1.7488830092690886
0.33014741744846099 0.13410053588449955 0.21731492429971697 1.7488830092690886
0.3801218858454376 0.13410053588449955 0.31873484142124653 1.7488830092690886
0.33014741744846099 0.13410053588449955 0.31873484142124653 1.3848426562547684
0.3801218858454376 0.24162589013576508 0.21731492429971697 1.3848426562547684
0.38776811971329145 0.45042457319796092 0.18253881707787514 0.98363672607705011
0.38776811971329145 0.40536992214620116 0.18253881707787514 0.98363672607705011
0.38776811971329145 0.45042457319796092 0.36184158585965631 0.98363672607705011
0.36556734489276999 0.45042457319796092 0.18253881707787514 0.98363672607705011
0.38776811971329145 0.45042457319796092 0.18253881707787514 2.9685327211785317
0.36556734489276999 0.40536992214620116 0.36184158585965631 2.9685327211785317
0.3611438800580799 0.48348951414227492 0.41036361567676072 0.54816619242891673
0.3611438800580799 0.29738833419978616 0.41036361567676072 0.54816619242891673
0.3611438800580799 0.48348951414227492 0.33411914817988875 0.54816619242891673
0.67170527819544068 0.48348951414227492 0.41036361567676072 0.54816619242891673
0.3611438800580799 0.48348951414227492 0.41036361567676072 1.8130720662076774
0.67170527819544068 0.29738833419978616 0.33411914817988875 1.8130720662076774
0.42031011641956861 0.10151624158024788 0.28993733674287797 2.7296051363925637
0.42031011641956861 0.46186619848012922 0.28993733674287797 2.7296051363925637
0.42031011641956861 0.10151624158024788 0.28959246277809148 2.7296051363925637
0.076895069098100066 0.10151624158024788 0.28993733674287797 2.7296051363925637
0.42031011641956861 0.10151624158024788 0.28993733674287797 0.30711825728252534
0.076895069098100066 0.46186619848012922 0.28959246277809148 0.30711825728252534
0.056432570051401856 0.2862771559506655 0.37761875391006472 0.93454428964957603
0.056432570051401856 0.3382708687335253 0.37761875391006472 0.93454428964957603
0.056432570051401856 0.2862771559506655 0.18983244299888613 0.93454428964957603
0.45316113834269339 0.2862771559506655 0.37761875391006472 0.93454428964957603
0.056432570051401856 0.2862771559506655 0.37761875391006472 1.327201482191235
0.45316113834269339 0.3382708687335253 0.18983244299888613 1.327201482191235
0.64376473841257387 0.3041084755212069 0.12267843149602414 1.6997569527809324
0.64376473841257387 0.10265193358063698 0.12267843149602414 1.6997569527809324
0.64376473841257387 0.3041084755212069 0.43436825983226302 1.6997569527809324
0.29505968233570451 0.3041084755212069 0.12267843149602414 1.6997569527809324
0.64376473841257387 0.3041084755212069 0.12267843149602414 2.6347677708174286
0.29505968233570451 0.10265193358063698 0.43436825983226302 2.6347677708174286
0.48877728888764971 0.39790411517024038 0.34521910883486273 2.2333355283321441
0.48877728888764971 0.18276708088815213 0.34521910883486273 2.2333355283321441
0.48877728888764971 0.39790411517024038 0.38421336412429807 2.2333355283321441
0.48766358327120535 0.39790411517024038 0.34521910883486273 2.2333355283321441
0.48877728888764971 0.39790411517024038 0.34521910883486273 1.0341499833805858
0.48766358327120535 0.18276708088815213 0.38421336412429807 1.0341499833805858
0.23183165811933576 0.21756658479571345 0.15604320093989374 1.5134213623245061
0.23183165811933576 0.37063437104225161 0.15604320093989374 1.5134213623245061
0.23183165811933576 0.21756658479571345 0.23968057744204999 1.5134213623245061
0.25840019076131282 0.21756658479571345 0.15604320093989374 1.5134213623245061
0.23183165811933576 0.21756658479571345 0.15604320093989374 2.5820298306186498
0.25840019076131282 0.37063437104225161 0.23968057744204999 2.5820298306186498
0.59032396962866185 0.19522604979574681 0.46872725263237958 2.5737897206379472
0.59032396962866185 0.4294119033962488 0.46872725263237958 2.5737897206379472
0.59032396962866185 0.19522604979574681 0.1395367991179228 2.5737897206379472
0.55349684548564249 0.19522604979574681 0.46872725263237958 2.5737897206379472
0.59032396962866185 0.19522604979574681 0.46872725263237958 1.9305739696766437
0.55349684548564249 0.4294119033962488 0.1395367991179228 1.9305739696766437
0.21154175256378949 0.41469311155378819 0.23253729827702047 0.34563562549784782
0.21154175256378949 0.21737618669867517 0.23253729827702047 0.34563562549784782
0.21154175256378949 0.41469311155378819 0.48406651020050051 0.34563562549784782
0.19219236103817816 0.41469311155378819 0.23253729827702047 0.34563562549784782
0.21154175256378949 0.41469311155378819 0.23253729827702047 0.58146391446605328
0.19219236103817816 0.21737618669867517 0.48406651020050051 0.58146391446605328
0.44331474592909209 0.40072974152863028 0.45754790566861636 1.8688078408996762
0.44331474592909209 0.30451965406537057 0.45754790566861636 1.8688078408996762
0.44331474592909209 0.40072974152863028 0.23329869583249094 1.8688078408996762
0.22092203740030525 0.40072974152863028 0.45754790566861636 1.8688078408996762
0.44331474592909209 0.40072974152863028 0.45754790566861636 2.0378600054168703
0.22092203740030525 0.30451965406537057 0.23329869583249094 2.0378600054168703
0.33871269081719213 0.18418598957359791 0.24371363520622255 1.1373257388721407
0.33871269081719213 0.14243590123951436 0.24371363520622255 1.1373257388721407
0.33871269081719213 0.18418598957359791 0.39032840766012666 1.1373257388721407
0.53017769954167304 0.18418598957359791 0.24371363520622255 1.1373257388721407
0.33871269081719213 0.18418598957359791 0.24371363520622255 0.45111220585584644
0.53017769954167304 0.14243590123951436 0.39032840766012666 0.45111220585584644
0.62610649177804589 0.20341047421097758 0.33100779205560682 2.9329318849925698
0.62610649177804589 0.25751243382692335 0.33100779205560682 2.9329318849925698
0.62610649177804589 0.20341047421097758 0.49047607220709322 2.9329318849925698
0.15476132039912044 0.20341047421097758 0.33100779205560682 2.9329318849925698
0.62610649177804589 0.20341047421097758 0.33100779205560682 1.091105514625907
0.15476132039912044 0.25751243382692335 0.49047607220709322 1.091105514625907
0.074667889112606647 0.38706213012337687 0.17025751583278181 0.71632323930010211
0.074667889112606647 0.49533016495406634 0.17025751583278181 0.71632323930010211
0.074667889112606647 0.38706213012337687 0.13344328477978706 0.71632323930010211
0.59603823563084002 0.38706213012337687 0.17025751583278181 0.71632323930010211
0.074667889112606647 0.38706213012337687 0.17025751583278181 2.5020874612635375
0.59603823563084002 0.49533016495406634 0.13344328477978706 2.5020874612635375
0.24458254082128406 0.31827391721308229 0.39769242890179157 0.18926575872614979
0.24458254082128406 0.41293993517756467 0.39769242890179157 0.18926575872614979
0.24458254082128406 0.31827391721308229 0.28357068933546548 0.18926575872614979
0.12067064475268124 0.31827391721308229 0.39769242890179157 0.18926575872614979
0.24458254082128406 0.31827391721308229 0.39769242890179157 1.178320838034153
0.12067064475268124 0.41293993517756467 0.28357068933546548 1.178320838034153
0.47640520152635868 0.29711590744554994 0.10260776653885842 2.3590468203808368
0.47640520152635868 0.22736908234655859 0.10260776653885842 2.3590468203808368
0.47640520152635868 0.29711590744554994 0.34060650542378423 2.3590468203808368
0.63297064392827451 0.29711590744554994 0.10260776653885842 2.3590468203808368
0.47640520152635868 0.29711590744554994 0.10260776653885842 2.8066352421045302
0.63297064392827451 0.22736908234655859 0.34060650542378423 2.8066352421045302
0.18362607853487134 0.11548284515738488 0.41489931270480163 1.2995723033149542
0.18362607853487134 0.17247472703456879 0.41489931270480163 1.2995723033149542
0.18362607853487134 0.11548284515738488 0.44035667851567273 1.2995723033149542
0.3388873298186808 0.11548284515738488 0.41489931270480163 1.2995723033149542
0.18362607853487134 0.11548284515738488 0.41489931270480163 1.7980709175556899
0.3388873298186808 0.17247472703456879 0.44035667851567273 1.7980709175556899
0.61861463249661031 0.49452024325728416 0.28539864160120487 2.0764203621830046
0.61861463249661031 0.38700220249593265 0.28539864160120487 2.0764203621830046
0.61861463249661031 0.49452024325728416 0.18332999385893345 2.0764203621830046
0.41445873705670233 0.49452024325728416 0.28539864160120487 2.0764203621830046
0.61861463249661031 0.49452024325728416 0.28539864160120487 0.34518506782472136
0.41445873705670233 0.38700220249593265 0.18332999385893345 0.34518506782472136
0.13251935448497532 0.46458324678242213 0.30755252242088316 2.4941729481752217
0.13251935448497532 0.1165383528918028 0.30755252242088316 2.4941729481752217
0.13251935448497532 0.46458324678242213 0.11107782311737538 2.4941729481752217
0.068028197064995771 0.46458324678242213 0.30755252242088316 2.4941729481752217
0.13251935448497532 0.46458324678242213 0.30755252242088316 1.4891159140326085
0.068028197064995771 0.1165383528918028 0.11107782311737538 1.4891159140326085
0.56588023914955554 0.14494529850780966 0.19372432492673397 0.32433542853489522
0.56588023914955554 0.3302342996001244 0.19372432492673397 0.32433542853489522
0.56588023914955554 0.14494529850780966 0.46810448393225668 0.32433542853489522
0.683071583462879 0.14494529850780966 0.19372432492673397 0.32433542853489522
0.56588023914955554 0.14494529850780966 0.19372432492673397 2.8412838795568049
0.683071583462879 0.3302342996001244 0.46810448393225668 2.8412838795568049
0.27468233257532115 0.26726139858365061 0.48101541511714463 2.1194020067186652
0.27468233257532115 0.46992155499756338 0.48101541511714463 2.1194020067186652
0.27468233257532115 0.26726139858365061 0.36835204586386683 2.1194020067186652
0.32685748436488204 0.26726139858365061 0.48101541511714463 2.1194020067186652
0.27468233257532115 0.26726139858365061 0.48101541511714463 1.6482950761492552
0.32685748436488204 0.46992155499756338 0.36835204586386683 1.6482950761492552
0.50495914923958474 0.3478186674416065 0.22025900036096574 1.3425877875067296
0.50495914923958474 0.28351898565888406 0.22025900036096574 1.3425877875067296
0.50495914923958474 0.3478186674416065 0.21131620593369008 1.3425877875067296
0.4239421152509748 0.3478186674416065 0.22025900036096574 1.3425877875067296
0.50495914923958474 0.3478186674416065 0.22025900036096574 0.10347313922479749
0.4239421152509748 0.28351898565888406 0.21131620593369008 0.10347313922479749
0.67518959287554026 0.35402301587164409 0.4476817287504673 0.8176440117864312
0.67518959287554026 0.20034906826913357 0.4476817287504673 0.8176440117864312
0.67518959287554026 0.35402301587164409 0.16116594895720482 0.8176440117864312
0.29277671724557874 0.35402301587164409 0.4476817287504673 0.8176440117864312
0.67518959287554026 0.35402301587164409 0.4476817287504673 2.0953636084319651
0.29277671724557874 0.20034906826913357 0.16116594895720482 2.0953636084319651
0.12466517291031777 0.23597198165953159 0.25260316021740437 1.549159733874649
0.12466517291031777 0.44055791497230534 0.25260316021740437 1.549159733874649
0.12466517291031777 0.23597198165953159 0.41819871254265306 1.549159733874649
0.4608645956497639 0.23597198165953159 0.25260316021740437 1.549159733874649
0.12466517291031777 0.23597198165953159 0.25260316021740437 0.78509919464841493
0.4608645956497639 0.44055791497230534 0.41819871254265306 0.78509919464841493
0.41111197583377357 0.15123547837138177 0.36489781476557259 0.48878573195859792
0.41111197583377357 0.35949341394007206 0.36489781476557259 0.48878573195859792
0.41111197583377357 0.15123547837138177 0.31805030889809133 0.48878573195859792
0.18598356158472595 0.15123547837138177 0.36489781476557259 0.48878573195859792
0.41111197583377357 0.15123547837138177 0.36489781476557259 0.87224820023611194
0.18598356158472595 0.35949341394007206 0.31805030889809133 0.87224820023611194
0.30750096957199269 0.43337966129183769 0.13539103195071223 2.7053384027753768
0.30750096957199269 0.19980058893561364 0.13539103195071223 2.7053384027753768
0.30750096957199269 0.43337966129183769 0.26102057322859762 2.7053384027753768
0.56736252950504418 0.43337966129183769 0.13539103195071223 2.7053384027753768
0.30750096957199269 0.43337966129183769 0.13539103195071223 2.3755038840039076
0.56736252950504418 0.19980058893561364 0.26102057322859762 2.3755038840039076
0.06808646596036852 0.42546810917556288 0.43411423154175288 2.0195756854568421
0.06808646596036852 0.41216989643871782 0.43411423154175288 2.0195756854568421
0.06808646596036852 0.42546810917556288 0.20017340816557408 2.0195756854568421
0.1649337171576917 0.42546810917556288 0.43411423154175288 2.0195756854568421
0.06808646596036852 0.42546810917556288 0.43411423154175288 2.868801352981627
0.1649337171576917 0.41216989643871782 0.20017340816557408 2.868801352981627
0.6499834524467587 0.15914435796439649 0.26716256812214856 1.2657539863865079
0.6499834524467587 0.24691068604588509 0.26716256812214856 1.2657539863865079
0.6499834524467587 0.15914435796439649 0.36970619633793833 1.2657539863865079
0.58582868431694801 0.15914435796439649 0.26716256812214856 1.2657539863865079
0.6499834524467587 0.15914435796439649 0.26716256812214856 1.4619567599645258
0.58582868431694801 0.24691068604588509 0.36970619633793833 1.4619567599645258
0.37275811280123883 0.22825917750597002 0.35445369705557828 2.4158943847869336
0.37275811280123883 0.15295248441398146 0.35445369705557828 2.4158943847869336
0.37275811280123883 0.22825917750597002 0.46985073760151863 2.4158943847869336
0.23114154688082633 0.22825917750597002 0.35445369705557828 2.4158943847869336
0.37275811280123883 0.22825917750597002 0.35445369705557828 0.084578217695653435
0.23114154688082633 0.15295248441398146 0.46985073760151863 0.084578217695653435
0.42656851299107068 0.36174001842737202 0.14682076610624792 0.22308683157727122
0.42656851299107068 0.38779026418924334 0.14682076610624792 0.22308683157727122
0.42656851299107068 0.36174001842737202 0.10032102502882481 0.22308683157727122
0.51999542210251093 0.36174001842737202 0.14682076610624792 0.22308683157727122
0.42656851299107068 0.36174001842737202 0.14682076610624792 1.6668288784798981
0.51999542210251093 0.38779026418924334 0.10032102502882481 1.6668288784798981
0.58156619309447699 0.3430344071239233 0.32424349747598169 0.75158348571553835
0.58156619309447699 0.32093196548521519 0.32424349747598169 0.75158348571553835
0.58156619309447699 0.3430344071239233 0.25029280260205267 0.75158348571553835
0.34897790132090445 0.3430344071239233 0.32424349747598169 0.75158348571553835
0.58156619309447699 0.3430344071239233 0.32424349747598169 0.71117938923031099
0.34897790132090445 0.32093196548521519 0.25029280260205267 0.71117938923031099
0.19734879415482282 0.27204756997525692 0.17604143917560577 2.9912186229629816
0.19734879415482282 0.13228332921862604 0.17604143917560577 2.9912186229629816
0.19734879415482282 0.27204756997525692 0.31981948651373387 2.9912186229629816
0.40432605189271265 0.27204756997525692 0.17604143917560577 2.9912186229629816
0.19734879415482282 0.27204756997525692 0.17604143917560577 2.1682025925818085
0.40432605189271265 0.13228332921862604 0.31981948651373387 2.1682025925818085
0.47997982981614762 0.14035367667675019 0.4883360609412194 1.1020682264198365
0.47997982981614762 0.26767063401639463 0.4883360609412194 1.1020682264198365
0.47997982981614762 0.14035367667675019 0.41957874335348611 1.1020682264198365
0.13081328808330001 0.14035367667675019 0.4883360609412194 1.1020682264198365
0.47997982981614762 0.14035367667675019 0.4883360609412194 2.4408208242568374
0.13081328808330001 0.26767063401639463 0.41957874335348611 2.4408208242568374
0.21767836287617681 0.46917143166065223 0.21195273809134962 1.8105239686496557
0.21767836287617681 0.47892519533634192 0.21195273809134962 1.8105239686496557
0.21767836287617681 0.46917143166065223 0.15004292801022531 1.8105239686496557
0.62287019174545999 0.46917143166065223 0.21195273809134962 1.8105239686496557
0.21767836287617681 0.46917143166065223 0.21195273809134962 0.80800928140968087
0.62287019174545999 0.47892519533634192 0.15004292801022531 0.80800928140968087
0.53122898531146345 0.48973655216395862 0.38410967066884039 2.6715170444501934
0.53122898531146345 0.22456547468900681 0.38410967066884039 2.6715170444501934
0.53122898531146345 0.48973655216395862 0.12854758128523827 2.6715170444501934
0.31672726059332484 0.48973655216395862 0.38410967066884039 2.6715170444501934
0.53122898531146345 0.48973655216395862 0.38410967066884039 0.46928745825454599
0.31672726059332484 0.22456547468900681 0.12854758128523827 0.46928745825454599
0.27047367719933391 0.12026920430362226 0.11715191788971424 0.43193836518839007
0.27047367719933391 0.43508901707828052 0.11715191788971424 0.43193836518839007
0.27047367719933391 0.12026920430362226 0.49808342047035692 0.43193836518839007
0.43403510698117309 0.12026920430362226 0.11715191788971424 0.43193836518839007
0.27047367719933391 0.12026920430362226 0.11715191788971424 2.0186068853084742
0.43403510698117309 0.43508901707828052 0.49808342047035692 2.0186068853084742
0.55152201936580236 0.29252409785985944 0.40444603599607942 1.5829782045198979
0.55152201936580236 0.36495725885033614 0.40444603599607942 1.5829782045198979
0.55152201936580236 0.29252409785985944 0.39832185097038753 1.5829782045198979
0.057925249589607125 0.29252409785985944 0.40444603599607942 1.5829782045198979
0.55152201936580236 0.29252409785985944 0.40444603599607942 2.4752896789287031
0.057925249589607125 0.36495725885033614 0.39832185097038753 2.4752896789287031
0.16893260451033709 0.32286153286695485 0.29681922420859341 0.87448862263396387
0.16893260451033709 0.17557779140770435 0.29681922420859341 0.87448862263396387
0.16893260451033709 0.32286153286695485 0.22879519090056422 0.87448862263396387
0.69321168549358836 0.32286153286695485 0.29681922420859341 0.87448862263396387
0.16893260451033709 0.32286153286695485 0.29681922420859341 1.1189840084312856
0.69321168549358836 0.17557779140770435 0.22879519090056422 1.1189840084312856
0.32361131091602141 0.37915115319192416 0.47425413429737096 1.4008715060399475
0.32361131091602141 0.10793672800064087 0.47425413429737096 1.4008715060399475
0.32361131091602141 0.37915115319192416 0.1788493175059557 1.4008715060399475
0.17577151255682111 0.37915115319192416 0.47425413429737096 1.4008715060399475
0.32361131091602141 0.37915115319192416 0.47425413429737096 2.7420377733461558
0.17577151255682111 0.10793672800064087 0.1788493175059557 2.7420377733461558
0.37643159693107003 0.2113195475190878 0.22604601345956327 2.1546595850495995
0.37643159693107003 0.3450708445161581 0.22604601345956327 2.1546595850495995
0.37643159693107003 0.2113195475190878 0.44837905392050748 2.1546595850495995
0.57753238738514479 0.2113195475190878 0.22604601345956327 2.1546595850495995
0.37643159693107003 0.2113195475190878 0.22604601345956327 1.2432795797078313
0.57753238738514479 0.3450708445161581 0.44837905392050748 1.2432795797078313
0.10015363791026174 0.1764729917049408 0.33833759240806105 0.26604897603854538
0.10015363791026174 0.45506622418761256 0.33833759240806105 0.26604897603854538
0.10015363791026174 0.1764729917049408 0.34823372587561607 0.26604897603854538
0.28259690362028772 0.1764729917049408 0.33833759240806105 0.26604897603854538
0.10015363791026174 0.1764729917049408 0.33833759240806105 0.41838542370781306
0.28259690362028772 0.45506622418761256 0.34823372587561607 0.41838542370781306
0.68113737637177107 0.40844616889953611 0.16196040958166125 2.4589125041238962
0.68113737637177107 0.29210353828966618 0.16196040958166125 2.4589125041238962
0.68113737637177107 0.40844616889953611 0.27870096154510976 2.4589125041238962
0.47108652293682091 0.40844616889953611 0.16196040958166125 2.4589125041238962
0.68113737637177107 0.40844616889953611 0.16196040958166125 1.7245121325181425
0.47108652293682091 0.29210353828966618 0.27870096154510976 1.7245121325181425
0.28845873572863634 0.4194766119122505 0.33692533597350122 1.0404813369245827
0.28845873572863634 0.37973834164440634 0.33692533597350122 1.0404813369245827
0.28845873572863634 0.4194766119122505 0.42947082780301571 1.0404813369245827
0.61500805998221042 0.4194766119122505 0.33692533597350122 1.0404813369245827
0.28845873572863634 0.4194766119122505 0.33692533597350122 0.24503910345166921
0.61500805998221042 0.37973834164440634 0.42947082780301571 0.24503910345166921
0.51393513614311814 0.19043911844491959 0.1633755687624216 1.7827014799143375
0.51393513614311814 0.16682373955845833 0.1633755687624216 1.7827014799143375
0.51393513614311814 0.19043911844491959 0.19743806272745135 1.7827014799143375
0.13325491794385014 0.19043911844491959 0.1633755687624216 1.7827014799143375
0.51393513614311814 0.19043911844491959 0.1633755687624216 1.8747929116615654
0.13325491794385014 0.16682373955845833 0.19743806272745135 1.8747929116615654
0.14625607510097324 0.22215744070708754 0.45105704851448536 0.63256672511652123
0.14625607510097324 0.23302007131278515 0.45105704851448536 0.63256672511652123
0.14625607510097324 0.22215744070708754 0.29758722931146619 0.63256672511652123
0.50851012612693003 0.22215744070708754 0.45105704851448536 0.63256672511652123
0.14625607510097324 0.22215744070708754 0.45105704851448536 2.7112056605878472
0.50851012612693003 0.23302007131278515 0.29758722931146619 2.7112056605878472
0.57489588921889656 0.39331516437232494 0.2492401845753193 2.8369757026495037
0.57489588921889656 0.42020379453897483 0.2492401845753193 2.8369757026495037
0.57489588921889656 0.39331516437232494 0.32961696647107602 2.8369757026495037
0.24004807360470293 0.39331516437232494 0.2492401845753193 2.8369757026495037
0.57489588921889656 0.39331516437232494 0.2492401845753193 1.2511247225990894
0.24004807360470293 0.42020379453897483 0.32961696647107602 1.2511247225990894
0.40467505143024024 0.3120207875967026 0.42178086489439015 2.3056008111803235
0.40467505143024024 0.4900680605322123 0.42178086489439015 2.3056008111803235
0.40467505143024024 0.3120207875967026 0.47958412915468218 2.3056008111803235
0.39026200966909524 0.3120207875967026 0.42178086489439015 2.3056008111803235
0.40467505143024024 0.3120207875967026 0.42178086489439015 2.5984066787752509
0.39026200966909524 0.4900680605322123 0.47958412915468218 2.5984066787752509
0.29626362891867752 0.27836903631687165 0.27948149256408217 0.054364249609559774
0.29626362891867752 0.25064055845141409 0.27948149256408217 0.054364249609559774
0.29626362891867752 0.27836903631687165 0.14755746982991697 0.054364249609559774
0.35546437562443312 0.27836903631687165 0.27948149256408217 0.054364249609559774
0.29626362891867752 0.27836903631687165 0.27948149256408217 1.018853967472017
0.35546437562443312 0.25064055845141409 0.14755746982991697 1.018853967472017
0.66871300530619915 0.10922981165349484 0.39216548763215542 1.9435089147119227
0.66871300530619915 0.14930777810513973 0.39216548763215542 1.9435089147119227
0.66871300530619915 0.10922981165349484 0.24730914495885373 1.9435089147119227
0.64939147788099938 0.10922981165349484 0.39216548763215542 1.9435089147119227
0.66871300530619915 0.10922981165349484 0.39216548763215542 0.55070866559892895
0.64939147788099938 0.14930777810513973 0.24730914495885373 0.55070866559892895
0.11346751479431987 0.47577327750623233 0.10909901559352875 1.246654728562683
0.11346751479431987 0.30978175699710847 0.10909901559352875 1.246654728562683
0.11346751479431987 0.47577327750623233 0.37934498339891431 1.246654728562683
0.096635088324546814 0.47577327750623233 0.10909901559352875 1.246654728562683
0.11346751479431987 0.47577327750623233 0.10909901559352875 1.9602512080970409
0.096635088324546814 0.30978175699710847 0.37934498339891431 1.9602512080970409
0.63766120555810624 0.45833631604909897 0.48691465891897678 0.37945669834896928
0.63766120555810624 0.19292871206998827 0.48691465891897678 0.37945669834896928
0.63766120555810624 0.45833631604909897 0.30081684589385987 0.37945669834896928
0.44306070795282715 0.45833631604909897 0.48691465891897678 0.37945669834896928
0.63766120555810624 0.45833631604909897 0.48691465891897678 2.2644615942810473
0.44306070795282715 0.19292871206998827 0.30081684589385987 2.2644615942810473
0.080787421017885205 0.1261922284960747 0.21337103471159935 2.630637285044044
0.080787421017885205 0.35423131100833416 0.21337103471159935 2.630637285044044
0.080787421017885205 0.1261922284960747 0.26878103129565717 2.630637285044044
0.30520230387337499 0.1261922284960747 0.21337103471159935 2.630637285044044
0.080787421017885205 0.1261922284960747 0.21337103471159935 0.96139279578432446
0.30520230387337499 0.35423131100833416 0.26878103129565717 0.96139279578432446
0.45482979654334477 0.26101437322795396 0.30105547979474068 1.4796030453960598
0.45482979654334477 0.44582001939415938 0.30105547979474068 1.4796030453960598
0.45482979654334477 0.26101437322795396 0.16903009526431562 1.4796030453960598
0.66157261482439933 0.26101437322795396 0.30105547979474068 1.4796030453960598
0.45482979654334477 0.26101437322795396 0.30105547979474068 0.67724455222055324
0.66157261482439933 0.44582001939415938 0.16903009526431562 0.67724455222055324
0.344871905259788 0.32906569354236126 0.19923255033791065 2.1764908516059815
0.344871905259788 0.20722094364464283 0.19923255033791065 2.1764908516059815
0.344871905259788 0.32906569354236126 0.40105677843093879 2.1764908516059815
0.086985618807375431 0.32906569354236126 0.19923255033791065 2.1764908516059815
0.344871905259788 0.32906569354236126 0.19923255033791065 2.1790606561724841
0.086985618807375431 0.20722094364464283 0.40105677843093879 2.1790606561724841
0.17496748412959276 0.37277608513832095 0.37178541235625751 1.6414730805309119
0.17496748412959276 0.27786799669265749 0.37178541235625751 1.6414730805309119
0.17496748412959276 0.37277608513832095 0.35111249200999739 1.6414730805309119
0.5433145898394286 0.37277608513832095 0.37178541235625751 1.6414730805309119
0.17496748412959276 0.37277608513832095 0.37178541235625751 0.21043816761717202
0.5433145898394286 0.27786799669265749 0.35111249200999739 0.21043816761717202
0.60452085621654983 0.24221891164779663 0.12949215620756149 0.89928677719727168
0.60452085621654983 0.46265769563615322 0.12949215620756149 0.89928677719727168
0.60452085621654983 0.24221891164779663 0.21908277869224549 0.89928677719727168
0.20241184872575102 0.24221891164779663 0.12949215620756149 0.89928677719727168
0.60452085621654983 0.24221891164779663 0.12949215620756149 1.5640457129572334
0.20241184872575102 0.46265769563615322 0.21908277869224549 1.5640457129572334
0.23588426387868822 0.1699884530156851 0.44217313230037691 2.7878918743629755
0.23588426387868822 0.3374981604516506 0.44217313230037691 2.7878918743629755
0.23588426387868822 0.1699884530156851 0.11893587708473206 2.7878918743629755
0.47745405375026162 0.1699884530156851 0.44217313230037691 2.7878918743629755
0.23588426387868822 0.1699884530156851 0.44217313230037691 2.9528756958691775
0.47745405375026162 0.3374981604516506 0.11893587708473206 2.9528756958691775
0.46235108841210598 0.43962668739259247 0.25910057388246061 0.58342643884435297
0.46235108841210598 0.12218934036791325 0.25910057388246061 0.58342643884435297
0.46235108841210598 0.43962668739259247 0.45096866600215435 0.58342643884435297
0.26857256572693583 0.43962668739259247 0.25910057388246061 0.58342643884435297
0.46235108841210598 0.43962668739259247 0.25910057388246061 1.4008581436578931
0.26857256572693583 0.12218934036791325 0.45096866600215435 1.4008581436578931
0.22459521037526425 0.44319583214819436 0.49351594001054766 2.6052747839444876
0.22459521037526425 0.24530010148882866 0.49351594001054766 2.6052747839444876
0.22459521037526425 0.44319583214819436 0.38664142936468127 2.6052747839444876
0.34228030056692654 0.44319583214819436 0.49351594001054766 2.6052747839444876
0.22459521037526425 0.44319583214819436 0.49351594001054766 1.2738675517544151
0.34228030056692654 0.24530010148882866 0.38664142936468127 1.2738675517544151
0.49578310428187244 0.17219055332243444 0.20775780789554121 0.40086440100073817
0.49578310428187244 0.40811627544462681 0.20775780789554121 0.40086440100073817
0.49578310428187244 0.17219055332243444 0.24367419444024563 0.40086440100073817
0.4088168357498943 0.17219055332243444 0.20775780789554121 0.40086440100073817
0.49578310428187244 0.17219055332243444 0.20775780789554121 2.6877503540524841
0.4088168357498943 0.40811627544462681 0.24367419444024563 2.6877503540524841
0.2042582465801388 0.24060360714793205 0.32005200050771238 2.1957341118794678
0.2042582465801388 0.39194110929965975 0.32005200050771238 2.1957341118794678
0.2042582465801388 0.24060360714793205 0.14352660141885282 2.1957341118794678
0.11362221688032149 0.24060360714793205 0.32005200050771238 2.1957341118794678
0.2042582465801388 0.24060360714793205 0.32005200050771238 1.852197299284041
0.11362221688032149 0.39194110929965975 0.14352660141885282 1.852197299284041
0.59736203374341124 0.36940292045474055 0.18122551441192628 1.4535153743004801
0.59736203374341124 0.15485580228269102 0.18122551441192628 1.4535153743004801
0.59736203374341124 0.36940292045474055 0.48649686425924299 1.4535153743004801
0.63718000757507975 0.36940292045474055 0.18122551441192628 1.4535153743004801
0.59736203374341124 0.36940292045474055 0.18122551441192628 0.26835000403076414
0.63718000757507975 0.15485580228269102 0.48649686425924299 0.26835000403076414
0.42203239132650189 0.32560588605701923 0.35239824578166012 0.9257270911076666
0.42203239132650189 0.13487176373600962 0.35239824578166012 0.9257270911076666
0.42203239132650189 0.32560588605701923 0.3363328155130148 0.9257270911076666
0.16070204176940023 0.32560588605701923 0.35239824578166012 0.9257270911076666
0.42203239132650189 0.32560588605701923 0.35239824578166012 1.9837336346682908
0.16070204176940023 0.13487176373600962 0.3363328155130148 1.9837336346682908
0.3593349418602883 0.25931252129375937 0.14788974262773991 1.6225798718461395
0.3593349418602883 0.32439769394695761 0.14788974262773991 1.6225798718461395
0.3593349418602883 0.25931252129375937 0.29335947483778002 1.6225798718461395
0.59294160539284346 0.25931252129375937 0.14788974262773991 1.6225798718461395
0.3593349418602883 0.25931252129375937 0.14788974262773991 0.5279472806295753
0.59294160539284346 0.32439769394695761 0.29335947483778002 0.5279472806295753
0.64545463868416841 0.12847935035824776 0.43518130071461203 0.56238016282469039
0.64545463868416841 0.47575200945138929 0.43518130071461203 0.56238016282469039
0.64545463868416841 0.12847935035824776 0.19360937327146532 0.56238016282469039
0.21641640104353427 0.12847935035824776 0.43518130071461203 0.56238016282469039
0.64545463868416841 0.12847935035824776 0.43518130071461203 0.99555881188541662
0.21641640104353427 0.47575200945138929 0.19360937327146532 0.99555881188541662
0.054670641664415598 0.46199057772755625 0.26510444656014442 2.8136181298062204
0.054670641664415598 0.26517961435019971 0.26510444656014442 2.8136181298062204
0.054670641664415598 0.46199057772755625 0.43657353483140471 2.8136181298062204
0.53692737515084443 0.46199057772755625 0.26510444656014442 2.8136181298062204
0.054670641664415598 0.46199057772755625 0.26510444656014442 2.6209723602953554
0.53692737515084443 0.26517961435019971 0.43657353483140471 2.6209723602953554
0.69582734233699739 0.47895456887781618 0.34350831620395184 1.7577002023211123
0.69582734233699739 0.43210952840745454 0.34350831620395184 1.7577002023211123
0.69582734233699739 0.47895456887781618 0.45806889347732072 1.7577002023211123
0.1904966462869197 0.47895456887781618 0.34350831620395184 1.7577002023211123
0.69582734233699739 0.47895456887781618 0.34350831620395184 2.2023787594817579
0.1904966462869197 0.43210952840745454 0.45806889347732072 2.2023787594817579
0.10341815073043108 0.11104386784136296 0.15775632411241533 1.060813801521957
0.10341815073043108 0.22070850133895875 0.15775632411241533 1.060813801521957
0.10341815073043108 0.11104386784136296 0.11510470807552338 1.060813801521957
0.56060046581551426 0.11104386784136296 0.15775632411241533 1.060813801521957
0.10341815073043108 0.11104386784136296 0.15775632411241533 0.65465579122051598
0.56060046581551426 0.22070850133895875 0.11510470807552338 0.65465579122051598
0.39111906881444153 0.27635880932211876 0.47004737854003908 2.8565830850890279
0.39111906881444153 0.17914136387407781 0.47004737854003908 2.8565830850890279
0.39111906881444153 0.27635880932211876 0.21485712230205536 2.8565830850890279
0.28682856690138575 0.27635880932211876 0.47004737854003908 2.8565830850890279
0.39111906881444153 0.27635880932211876 0.47004737854003908 0.93793309734031571
0.28682856690138575 0.17914136387407781 0.21485712230205536 0.93793309734031571
0.32687329091131684 0.30825289115309717 0.23121482990682127 0.60540109298318634
0.32687329091131684 0.36783885583281517 0.23121482990682127 0.60540109298318634
0.32687329091131684 0.30825289115309717 0.35783043913543222 0.60540109298318634
0.46397363333962849 0.30825289115309717 0.23121482990682127 0.60540109298318634
0.32687329091131684 0.30825289115309717 0.23121482990682127 2.2872003828804193
0.46397363333962849 0.36783885583281517 0.35783043913543222 2.2872003828804193
0.1518619248177856 0.38946291394531729 0.40239973999559886 0.081165633309483537
0.1518619248177856 0.34707200638949876 0.40239973999559886 0.081165633309483537
0.1518619248177856 0.38946291394531729 0.40796855986118319 0.081165633309483537
0.33391830031760034 0.38946291394531729 0.40239973999559886 0.081165633309483537
0.1518619248177856 0.38946291394531729 0.40239973999559886 1.4234310279081763
0.33391830031760034 0.34707200638949876 0.40796855986118319 1.4234310279081763
0.54587741028517478 0.22006295509636403 0.29789735600352285 2.2856324742388723
0.54587741028517478 0.1123807355761528 0.29789735600352285 2.2856324742388723
0.54587741028517478 0.22006295509636403 0.16499827317893506 2.2856324742388723
0.4197253032587468 0.22006295509636403 0.29789735600352285 2.2856324742388723
0.54587741028517478 0.22006295509636403 0.29789735600352285 2.9295873916600645
0.4197253032587468 0.1123807355761528 0.16499827317893506 2.9295873916600645
0.25340555938892062 0.19233895912766458 0.38519199863076214 1.2259724209922553
0.25340555938892062 0.2875614482909441 0.38519199863076214 1.2259724209922553
0.25340555938892062 0.19233895912766458 0.26514665298163892 1.2259724209922553
0.064622818864881998 0.19233895912766458 0.38519199863076214 1.2259724209922553
0.25340555938892062 0.19233895912766458 0.38519199863076214 1.541279936079234
0.064622818864881998 0.2875614482909441 0.26514665298163892 1.541279936079234
0.5255869768559932 0.42274378314614303 0.11510905511677266 1.9681573189151289
0.5255869768559932 0.45277185216546056 0.11510905511677266 1.9681573189151289
0.5255869768559932 0.42274378314614303 0.30811386406421659 1.9681573189151289
0.68872091374360023 0.42274378314614303 0.11510905511677266 1.9681573189151289
0.5255869768559932 0.42274378314614303 0.11510905511677266 0.23391655363246799
0.68872091374360023 0.45277185216546056 0.30811386406421659 0.23391655363246799
0.12671193513087928 0.41190512701869009 0.39011975787580011 0.45191091287225488
0.12671193513087928 0.16286797448992729 0.39011975787580011 0.45191091287225488
0.12671193513087928 0.41190512701869009 0.15890955105423929 0.45191091287225488
0.37721738708205516 0.41190512701869009 0.39011975787580011 0.45191091287225488
0.12671193513087928 0.41190512701869009 0.39011975787580011 1.6903014012971522
0.37721738708205516 0.16286797448992729 0.15890955105423929 1.6903014012971522
0.6730710349977016 0.1781741850078106 0.11017809510231019 2.6447170606711508
0.6730710349977016 0.3780302826315165 0.11017809510231019 2.6447170606711508
0.6730710349977016 0.1781741850078106 0.41437676288187508 2.6447170606711508
0.37138033537194126 0.1781741850078106 0.11017809510231019 2.6447170606711508
0.6730710349977016 0.1781741850078106 0.11017809510231019 0.061829415544569492
0.37138033537194126 0.3780302826315165 0.41437676288187508 0.061829415544569492
0.30950052826665336 0.20903174914419653 0.42286261469125752 0.84984161835163841
0.30950052826665336 0.42201003134250648 0.42286261469125752 0.84984161835163841
0.30950052826665336 0.20903174914419653 0.31423064805567269 0.84984161835163841
0.64616588484495874 0.20903174914419653 0.42286261469125752 0.84984161835163841
0.30950052826665336 0.20903174914419653 0.42286261469125752 1.438651832381189
0.64616588484495874 0.42201003134250648 0.31423064805567269 1.438651832381189
0.40902552139013998 0.37549602426588535 0.27743767015635967 1.6036647228327394
0.40902552139013998 0.23726914189755918 0.27743767015635967 1.6036647228327394
0.40902552139013998 0.37549602426588535 0.25876036062836649 1.6036647228327394
0.10205758004449308 0.37549602426588535 0.27743767015635967 1.6036647228327394
0.40902552139013998 0.37549602426588535 0.27743767015635967 2.8913797490772604
0.10205758004449308 0.23726914189755918 0.25876036062836649 2.8913797490772604
0.55895344014279547 0.31929304674267767 0.45622835047543053 2.1343313311946392
0.55895344014279547 0.25400919392704968 0.45622835047543053 2.1343313311946392
0.55895344014279547 0.31929304674267767 0.10859484411776066 2.1343313311946392
0.59934873883612449 0.31929304674267767 0.45622835047543053 2.1343313311946392
0.55895344014279547 0.31929304674267767 0.45622835047543053 0.83078717995554219
0.59934873883612449 0.25400919392704968 0.10859484411776066 0.83078717995554219
0.13920063413679601 0.29032284691929822 0.24503705874085427 1.4258741835540534
0.13920063413679601 0.49275473244488244 0.24503705874085427 1.4258741835540534
0.13920063413679601 0.29032284691929822 0.46406816020607955 1.4258741835540534
0.14671735009178519 0.29032284691929822 0.24503705874085427 1.4258741835540534
0.13920063413679601 0.29032284691929822 0.24503705874085427 2.4173331273952128
0.14671735009178519 0.49275473244488244 0.46406816020607955 2.4173331273952128
0.49800014025531703 0.12188537605106831 0.33271801397204404 2.4860795361781118
0.49800014025531703 0.30738858133554459 0.33271801397204404 2.4860795361781118
0.49800014025531703 0.12188537605106831 0.36430732980370528 2.4860795361781118
0.50266983453184366 0.12188537605106831 0.33271801397204404 2.4860795361781118
0.49800014025531703 0.12188537605106831 0.33271801397204404 2.1456421813520787
0.50266983453184366 0.30738858133554459 0.36430732980370528 2.1456421813520787
0.28141078669577835 0.49311039336025719 0.16854343749582767 0.24644580434143543
0.28141078669577835 0.14603712968528271 0.16854343749582767 0.24644580434143543
0.28141078669577835 0.49311039336025719 0.208843145146966 0.24644580434143543
0.24301703772507605 0.49311039336025719 0.16854343749582767 0.24644580434143543
0.28141078669577835 0.49311039336025719 0.16854343749582767 0.73445803124040376
0.24301703772507605 0.14603712968528271 0.208843145146966 0.73445803124040376
0.468134736502543 0.47302453741431238 0.44011824727058413 1.2846429733490945
0.468134736502543 0.35047257505357265 0.44011824727058413 1.2846429733490945
0.468134736502543 0.47302453741431238 0.28737127073109148 1.2846429733490945
0.5491548499558121 0.47302453741431238 0.44011824727058413 1.2846429733490945
0.468134736502543 0.47302453741431238 0.44011824727058413 1.1415667964355649
0.5491548499558121 0.35047257505357265 0.28737127073109148 1.1415667964355649
0.25309340143576264 0.14244882687926294 0.26017049811780457 1.993133960645795
0.25309340143576264 0.18985213041305543 0.26017049811780457 1.993133960645795
0.25309340143576264 0.14244882687926294 0.34283543154597285 1.993133960645795
0.19944289671257137 0.14244882687926294 0.26017049811780457 1.993133960645795
0.25309340143576264 0.14244882687926294 0.26017049811780457 2.4519887919013201
0.19944289671257137 0.18985213041305543 0.34283543154597285 2.4519887919013201
0.61030215551145373 0.27014839984476569 0.37285190336406238 0.19735916523337366
0.61030215551145373 0.21000507809221747 0.37285190336406238 0.19735916523337366
0.61030215551145373 0.27014839984476569 0.44259552285075188 0.19735916523337366
0.49311334341764446 0.27014839984476569 0.37285190336406238 0.19735916523337366
0.61030215551145373 0.27014839984476569 0.37285190336406238 1.9958508804272117
0.49311334341764446 0.21000507809221747 0.44259552285075188 1.9958508804272117
0.19217423414811491 0.33976809717714784 0.12743307501077653 2.4369364390844108
0.19217423414811491 0.44948143586516387 0.12743307501077653 2.4369364390844108
0.19217423414811491 0.33976809717714784 0.18712218292057514 2.4369364390844108
0.25511014568619428 0.33976809717714784 0.12743307501077653 2.4369364390844108
0.19217423414811491 0.33976809717714784 0.12743307501077653 0.49275312969431284
0.25511014568619428 0.44948143586516387 0.18712218292057514 0.49275312969431284
0.34178627864457661 0.35855806246399879 0.30623593702912333 2.9698066985890268
0.34178627864457661 0.4670042287558317 0.30623593702912333 2.9698066985890268
0.34178627864457661 0.35855806246399879 0.23726484701037409 2.9698066985890268
0.44628628888167432 0.35855806246399879 0.30623593702912333 2.9698066985890268
0.34178627864457661 0.35855806246399879 0.30623593702912333 1.7477951664368809
0.44628628888167432 0.4670042287558317 0.23726484701037409 1.7477951664368809
0.44031805815175168 0.22644426599144937 0.19503857977688313 0.77694457591444266
0.44031805815175168 0.27996701449155809 0.19503857977688313 0.77694457591444266
0.44031805815175168 0.22644426599144937 0.39273511059582233 0.77694457591444266
0.29977984363213178 0.22644426599144937 0.19503857977688313 0.77694457591444266
0.44031805815175168 0.22644426599144937 0.19503857977688313 0.39582905303403737
0.29977984363213178 0.27996701449155809 0.39273511059582233 0.39582905303403737
0.077704230370000002 0.16115372367203237 0.48272259570658205 1.8366102288445831
0.077704230370000002 0.11999319382011892 0.48272259570658205 1.8366102288445831
0.077704230370000002 0.16115372367203237 0.49287896044552326 1.8366102288445831
0.67461722530424595 0.16115372367203237 0.48272259570658205 1.8366102288445831
0.077704230370000002 0.16115372367203237 0.48272259570658205 1.2197846801160277
0.67461722530424595 0.11999319382011892 0.49287896044552326 1.2197846801160277
0.62315194187685841 0.42923533506691458 0.21855416223406793 1.0828207444241644
0.62315194187685841 0.3328589893877506 0.21855416223406793 1.0828207444241644
0.62315194187685841 0.42923533506691458 0.13741172477602959 1.0828207444241644
0.07106969053857029 0.42923533506691458 0.21855416223406793 1.0828207444241644
0.62315194187685841 0.42923533506691458 0.21855416223406793 2.76480882051453
0.07106969053857029 0.3328589893877506 0.13741172477602959 2.76480882051453
0.38466230677440755 0.43694894909858706 0.31355495639145375 0.30329060184508566
0.38466230677440755 0.27041710652410988 0.31355495639145375 0.30329060184508566
0.38466230677440755 0.43694894909858706 0.17637015320360661 0.30329060184508566
0.65630604862235487 0.43694894909858706 0.31355495639145375 0.30329060184508566
0.38466230677440755 0.43694894909858706 0.31355495639145375 2.5255710516905783
0.65630604862235487 0.27041710652410988 0.17637015320360661 2.5255710516905783
0.31561611504293974 0.15343743562698364 0.18673374131321907 2.5198978421267868
0.31561611504293974 0.48259928748011593 0.18673374131321907 2.5198978421267868
0.31561611504293974 0.15343743562698364 0.44434044137597084 2.5198978421267868
0.091954648308455941 0.15343743562698364 0.18673374131321907 2.5198978421267868
0.31561611504293974 0.15343743562698364 0.18673374131321907 1.0683456448650361
0.091954648308455941 0.48259928748011593 0.44434044137597084 1.0683456448650361
0.68933091713115568 0.23435662947595121 0.49941518530249596 1.3690266520872714
0.68933091713115568 0.31755041740834711 0.49941518530249596 1.3690266520872714
0.68933091713115568 0.23435662947595121 0.34419129863381387 1.3690266520872714
0.38731043813750143 0.23435662947595121 0.49941518530249596 1.3690266520872714
0.68933091713115568 0.23435662947595121 0.49941518530249596 0.42781799452960495
0.38731043813750143 0.31755041740834711 0.34419129863381387 0.42781799452960495
0.092200657399371264 0.35064989887177944 0.20086984075605871 2.1005101595255731
0.092200657399371264 0.12963427007198336 0.20086984075605871 2.1005101595255731
0.092200657399371264 0.35064989887177944 0.27622408606112003 2.1005101595255731
0.36125012976117427 0.35064989887177944 0.20086984075605871 2.1005101595255731
0.092200657399371264 0.35064989887177944 0.20086984075605871 2.0604276852554082
0.36125012976117427 0.12963427007198336 0.27622408606112003 2.0604276852554082
0.26720179775729774 0.34435900300741196 0.42967270575463778 1.5684044434779885
0.26720179775729774 0.1620954442769289 0.42967270575463778 1.5684044434779885
0.26720179775729774 0.34435900300741196 0.12629347220063211 1.5684044434779885
0.51289182356558738 0.34435900300741196 0.42967270575463778 1.5684044434779885
0.26720179775729774 0.34435900300741196 0.42967270575463778 0.36792976354122164
0.51289182356558738 0.1620954442769289 0.12629347220063211 0.36792976354122164
0.53458280139602721 0.26555940359830854 0.27160185873508458 0.79155497919917117
0.53458280139602721 0.39756786897778518 0.27160185873508458 0.79155497919917117
0.53458280139602721 0.26555940359830854 0.49425765611231331 0.79155497919917117
0.23283723983913657 0.26555940359830854 0.27160185873508458 0.79155497919917117
0.53458280139602721 0.26555940359830854 0.27160185873508458 1.7746164235234263
0.23283723983913657 0.39756786897778518 0.49425765611231331 1.7746164235234263
0.16561848064884543 0.1472323726862669 0.3592858418822289 2.6799744523459674
0.16561848064884543 0.40248951725661752 0.3592858418822289 2.6799744523459674
0.16561848064884543 0.1472323726862669 0.39450600482523446 2.6799744523459674
0.60951865604147315 0.1472323726862669 0.3592858418822289 2.6799744523459674
0.16561848064884543 0.1472323726862669 0.3592858418822289 2.784041276692748
0.60951865604147315 0.40248951725661752 0.39450600482523446 2.784041276692748
0.55491289799101651 0.46823755614459517 0.14199086837470531 0.51019479610204699
0.55491289799101651 0.23806045800447465 0.14199086837470531 0.51019479610204699
0.55491289799101651 0.46823755614459517 0.22653268948197366 0.51019479610204699
0.13650531922467052 0.46823755614459517 0.14199086837470531 0.51019479610204699
0.55491289799101651 0.46823755614459517 0.14199086837470531 1.2016330342262984
0.13650531922467052 0.23806045800447465 0.22653268948197366 1.2016330342262984
0.1955798145383596 0.49770148694515226 0.46355652287602422 1.11664198197186
0.1955798145383596 0.45839861035346985 0.46355652287602422 1.11664198197186
0.1955798145383596 0.49770148694515226 0.25425513908267022 1.11664198197186
0.4829310502391308 0.49770148694515226 0.46355652287602422 1.11664198197186
0.1955798145383596 0.49770148694515226 0.46355652287602422 0.12604485961928963
0.4829310502391308 0.45839861035346985 0.25425513908267022 0.12604485961928963
0.58324842224828899 0.11729694902896881 0.2367413777858019 1.8934576065945627
0.58324842224828899 0.29480109177529812 0.2367413777858019 1.8934576065945627
0.58324842224828899 0.11729694902896881 0.32222847826778889 1.8934576065945627
0.26532959342002865 0.11729694902896881 0.2367413777858019 1.8934576065945627
0.58324842224828899 0.11729694902896881 0.2367413777858019 1.6250052567316593
0.26532959342002865 0.29480109177529812 0.32222847826778889 1.6250052567316593
0.21587709579616782 0.29510582350194459 0.34942585863173009 0.74312607232987893
0.21587709579616782 0.10514109358191491 0.34942585863173009 0.74312607232987893
0.21587709579616782 0.29510582350194459 0.42197934277355675 0.74312607232987893
0.53894528048112988 0.29510582350194459 0.34942585863173009 0.74312607232987893
0.21587709579616782 0.29510582350194459 0.34942585863173009 2.8185171584184467
0.53894528048112988 0.10514109358191491 0.42197934277355675 2.8185171584184467
0.48170915595255787 0.31450587771832944 0.15087437853217125 2.9129621865594388
0.48170915595255787 0.34144524671137333 0.15087437853217125 2.9129621865594388
0.48170915595255787 0.31450587771832944 0.15401518270373346 2.9129621865594388
0.20961523414589461 0.31450587771832944 0.15087437853217125 2.9129621865594388
0.48170915595255787 0.31450587771832944 0.15087437853217125 1.5125923017294707
0.20961523414589461 0.34144524671137333 0.15401518270373346 1.5125923017294707
0.65702918767929075 0.38320983201265335 0.37966505587100985 2.3786527534905075
0.65702918767929075 0.37468613237142567 0.37966505587100985 2.3786527534905075
0.65702918767929075 0.38320983201265335 0.20397170074284077 2.3786527534905075
0.66451675738207994 0.38320983201265335 0.37966505587100985 2.3786527534905075
0.65702918767929075 0.38320983201265335 0.37966505587100985 2.3988201207520068
0.66451675738207994 0.37468613237142567 0.20397170074284077 2.3988201207520068
0.06081001120619476 0.20131603628396988 0.1216003056615591 0.16210148808449507
0.06081001120619476 0.18437885753810407 0.1216003056615591 0.16210148808449507
0.06081001120619476 0.20131603628396988 0.37193893715739257 0.16210148808449507
0.08121227212250233 0.20131603628396988 0.1216003056615591 0.16210148808449507
0.06081001120619476 0.20131603628396988 0.1216003056615591 0.84965862673297532
0.08121227212250233 0.18437885753810407 0.37193893715739257 0.84965862673297532
0.4335672771558165 0.18608597330749035 0.40928129367530353 2.0514205339196323
0.4335672771558165 0.2154710091650486 0.40928129367530353 2.0514205339196323
0.4335672771558165 0.18608597330749035 0.47208576723933227 2.0514205339196323
0.43615358555689449 0.18608597330749035 0.40928129367530353 2.0514205339196323
0.4335672771558165 0.18608597330749035 0.40928129367530353 0.76163784923866396
0.43615358555689449 0.2154710091650486 0.47208576723933227 0.76163784923866396
0.36551399393938477 0.40399676971137521 0.291980205476284 1.3199034064206483
0.36551399393938477 0.42526225037872789 0.291980205476284 1.3199034064206483
0.36551399393938477 0.40399676971137521 0.10411550290882587 1.3199034064206483
0.30987035580910738 0.40399676971137521 0.291980205476284 1.3199034064206483
0.36551399393938477 0.40399676971137521 0.291980205476284 2.1181011014182864
0.30987035580910738 0.42526225037872789 0.10411550290882587 2.1181011014182864
0.60156421419233086 0.41815211735665803 0.41694503650069237 2.7567736177766324
0.60156421419233086 0.1403357867151499 0.41694503650069237 2.7567736177766324
0.60156421419233086 0.41815211735665803 0.35332387052476411 2.7567736177766324
0.12371275085024534 0.41815211735665803 0.41694503650069237 2.7567736177766324
0.60156421419233086 0.41815211735665803 0.41694503650069237 0.63866180221021185
0.12371275085024534 0.1403357867151499 0.35332387052476411 0.63866180221021185
0.17800111337564883 0.19692719541490078 0.28431955613195897 0.52856165924012666
0.17800111337564883 0.30017507597804072 0.28431955613195897 0.52856165924012666
0.17800111337564883 0.19692719541490078 0.22285360544919969 0.52856165924012666
0.62704728245735164 0.19692719541490078 0.28431955613195897 0.52856165924012666
0.17800111337564883 0.19692719541490078 0.28431955613195897 2.2180116073340179
0.62704728245735164 0.30017507597804072 0.22285360544919969 2.2180116073340179
0.45935711264610285 0.2152786433696747 0.39661067314445975 1.6794272495961191
0.45935711264610285 0.49996823929250245 0.39661067314445975 1.6794272495961191
0.45935711264610285 0.2152786433696747 0.12270899266004563 1.6794272495961191
0.35242290394380682 0.2152786433696747 0.39661067314445975 1.6794272495961191
0.45935711264610285 0.2152786433696747 0.39661067314445975 2.3176184374713897
0.35242290394380682 0.49996823929250245 0.12270899266004563 2.3176184374713897
0.23895994382910429 0.39424912929534917 0.10465158298611642 0.95954832865536221
0.23895994382910429 0.25971053540706635 0.10465158298611642 0.95954832865536221
0.23895994382910429 0.39424912929534917 0.45317622981965544 0.95954832865536221
0.39871634603478007 0.39424912929534917 0.10465158298611642 0.95954832865536221
0.23895994382910429 0.39424912929534917 0.10465158298611642 0.90787334014654164
0.39871634603478007 0.25971053540706635 0.45317622981965544 0.90787334014654164
0.089338288642466068 0.30054003708064558 0.32583649605512621 1.4887758073720336
0.089338288642466068 0.23044456727802753 0.32583649605512621 1.4887758073720336
0.089338288642466068 0.30054003708064558 0.30324109643697739 1.4887758073720336
0.22658876026980579 0.30054003708064558 0.32583649605512621 1.4887758073720336
0.089338288642466068 0.30054003708064558 0.32583649605512621 2.9920037287873029
0.22658876026980579 0.23044456727802753 0.30324109643697739 2.9920037287873029
0.62935082069598136 0.2840758573263884 0.1744606476277113 2.2540206851533053
0.62935082069598136 0.41670062616467474 0.1744606476277113 2.2540206851533053
0.62935082069598136 0.2840758573263884 0.27277693711221218 2.2540206851533053
0.526717783883214 0.2840758573263884 0.1744606476277113 2.2540206851533053
0.62935082069598136 0.2840758573263884 0.1744606476277113 1.3620926902478934
0.526717783883214 0.41670062616467474 0.27277693711221218 1.3620926902478934
0.35338067375123494 0.10313227027654648 0.46175523363053805 0.36560672385185961
0.35338067375123494 0.38333968929946427 0.46175523363053805 0.36560672385185961
0.35338067375123494 0.10313227027654648 0.17301760874688626 0.36560672385185961
0.17092151129618285 0.10313227027654648 0.46175523363053805 0.36560672385185961
0.35338067375123494 0.10313227027654648 0.46175523363053805 0.15709579373598098
0.17092151129618285 0.38333968929946427 0.17301760874688626 0.15709579373598098
0.44655661950819187 0.48686349838972098 0.23854577243328096 2.5469910983505843
0.44655661950819187 0.16969254761934283 0.23854577243328096 2.5469910983505843
0.44655661950819187 0.48686349838972098 0.40349094718694689 2.5469910983505843
0.58275929042138153 0.48686349838972098 0.23854577243328096 2.5469910983505843
0.44655661950819187 0.48686349838972098 0.23854577243328096 1.6170198527479174
0.58275929042138153 0.16969254761934283 0.40349094718694689 1.6170198527479174
0.30298425694927567 0.45427753590047359 0.36695269383490092 1.934336147246063
0.30298425694927567 0.32754958271980283 0.36695269383490092 1.934336147246063
0.30298425694927567 0.45427753590047359 0.47574310600757597 1.934336147246063
0.27661655782721933 0.45427753590047359 0.36695269383490092 1.934336147246063
0.30298425694927567 0.45427753590047359 0.36695269383490092 2.6580516172392668
0.27661655782721933 0.32754958271980283 0.47574310600757597 2.6580516172392668
0.39770883624441916 0.13619582913815975 0.1343211017549038 1.1691248895254731
0.39770883624441916 0.11316862069070339 0.1343211017549038 1.1691248895254731
0.39770883624441916 0.13619582913815975 0.14526979140937329 1.1691248895254731
0.47414352875202886 0.13619582913815975 0.1343211017549038 1.1691248895254731
0.39770883624441916 0.13619582913815975 0.1343211017549038 1.3046469780786336
0.47414352875202886 0.11316862069070339 0.14526979140937329 1.3046469780786336
0.12015600064769387 0.2514014929533005 0.44661523178219797 2.3194507801875472
0.12015600064769387 0.28679158911108971 0.44661523178219797 2.3194507801875472
0.12015600064769387 0.2514014929533005 0.24503138475120068 2.3194507801875472
0.18031687019392845 0.2514014929533005 0.44661523178219797 2.3194507801875472
0.12015600064769387 0.2514014929533005 0.44661523178219797 0.28362465330377223
0.18031687019392845 0.28679158911108971 0.24503138475120068 0.28362465330377223
0.66179403238929801 0.33351500332355499 0.25466223545372491 0.13801043081313372
0.66179403238929801 0.47231363393366343 0.25466223545372491 0.13801043081313372
0.66179403238929801 0.33351500332355499 0.37549556791782379 0.13801043081313372
0.57082243305630975 0.33351500332355499 0.25466223545372491 0.13801043081313372
0.66179403238929801 0.33351500332355499 0.25466223545372491 1.8358447603417933
0.57082243305630975 0.47231363393366343 0.37549556791782379 1.8358447603417933
0.51185588790103786 0.36481106095016003 0.47583496384322643 0.66368497621297839
0.51185588790103786 0.44226792901754386 0.47583496384322643 0.66368497621297839
0.51185588790103786 0.36481106095016003 0.4254535775631666 0.66368497621297839
0.054492635047063233 0.36481106095016003 0.47583496384322643 0.66368497621297839
0.51185588790103786 0.36481106095016003 0.47583496384322643 0.60404821767881522
0.054492635047063233 0.44226792901754386 0.4254535775631666 0.60404821767881522
0.29046612051315601 0.24519126825034621 0.22445297688245774 2.8918404767638446
0.29046612051315601 0.20430373661220075 0.22445297688245774 2.8918404767638446
0.29046612051315601 0.24519126825034621 0.19498636424541474 2.8918404767638446
0.69881394300609823 0.24519126825034621 0.22445297688245774 2.8918404767638446
0.29046612051315601 0.24519126825034621 0.22445297688245774 1.9072742465050521
0.69881394300609823 0.20430373661220075 0.19498636424541474 1.9072742465050521
0.57276950525119896 0.16740681678056718 0.31174459159374235 1.0025271623694898
0.57276950525119896 0.19555347338318826 0.31174459159374235 1.0025271623694898
0.57276950525119896 0.16740681678056718 0.29513171613216405 1.0025271623694898
0.32381539037451146 0.16740681678056718 0.31174459159374235 1.0025271623694898
0.57276950525119896 0.16740681678056718 0.31174459159374235 2.5592758240558209
0.32381539037451146 0.19555347338318826 0.29513171613216405 2.5592758240558209
0.1482956311199814 0.44798224121332175 0.1885412033647299 1.7224399229663612
0.1482956311199814 0.35768608041107652 0.1885412033647299 1.7224399229663612
0.1482956311199814 0.44798224121332175 0.32560200504958631 1.7224399229663612
0.42986544524319464 0.44798224121332175 0.1885412033647299 1.7224399229663612
0.1482956311199814 0.44798224121332175 0.1885412033647299 1.0576165990807116
0.42986544524319464 0.35768608041107652 0.32560200504958631 1.0576165990807116
0.49999702870845786 0.44987394623458388 0.40471558198332791 0.9423500179056824
0.49999702870845786 0.15337011069059373 0.40471558198332791 0.9423500179056824
0.49999702870845786 0.44987394623458388 0.10283628180623056 0.9423500179056824
0.17334090932272372 0.44987394623458388 0.40471558198332791 0.9423500179056824
0.49999702870845786 0.44987394623458388 0.40471558198332791 1.2087718950736523
0.17334090932272372 0.15337011069059373 0.10283628180623056 1.2087718950736523
0.27955026882700618 0.1663932602852583 0.29400761164724831 1.6968026585720482
0.27955026882700618 0.3935797225683928 0.29400761164724831 1.6968026585720482
0.27955026882700618 0.1663932602852583 0.47080351747572424 1.6968026585720482
0.57526181098073714 0.1663932602852583 0.29400761164724831 1.6968026585720482
0.27955026882700618 0.1663932602852583 0.29400761164724831 2.7536048996078968
0.57526181098073714 0.3935797225683928 0.47080351747572424 2.7536048996078968
0.56091437991708515 0.24639937430620196 0.38130147047340868 0.54576850676223643
0.56091437991708515 0.40626523271203041 0.38130147047340868 0.54576850676223643
0.56091437991708515 0.24639937430620196 0.37104805149137976 0.54576850676223643
0.27978948457166547 0.24639937430620196 0.38130147047340868 0.54576850676223643
0.56091437991708515 0.24639937430620196 0.38130147047340868 1.7360627671629192
0.27978948457166547 0.40626523271203041 0.37104805149137976 1.7360627671629192
0.13738103373907506 0.3627232804894448 0.11742405965924263 2.7393840833245218
0.13738103373907506 0.24657164402306081 0.11742405965924263 2.7393840833245218
0.13738103373907506 0.3627232804894448 0.20307778790593148 2.7393840833245218
0.46843897816725066 0.3627232804894448 0.11742405965924263 2.7393840833245218
0.13738103373907506 0.3627232804894448 0.11742405965924263 0.38390551789581778
0.46843897816725066 0.24657164402306081 0.20307778790593148 0.38390551789581778
0.31279034875333306 0.33152563236653809 0.33958632200956346 2.5757095666439831
0.31279034875333306 0.26331015825271609 0.33958632200956346 2.5757095666439831
0.31279034875333306 0.33152563236653809 0.15294880904257299 2.5757095666439831
0.31429796493612228 0.33152563236653809 0.33958632200956346 2.5757095666439831
0.31279034875333306 0.33152563236653809 0.33958632200956346 2.0071447750723364
0.31429796493612228 0.26331015825271609 0.15294880904257299 2.0071447750723364
0.40591670344583686 0.25270803235471251 0.16012874655425549 0.336705546668917
0.40591670344583686 0.47700534425675867 0.16012874655425549 0.336705546668917
0.40591670344583686 0.25270803235471251 0.42092214897274971 0.336705546668917
0.43176320362836118 0.25270803235471251 0.16012874655425549 0.336705546668917
0.40591670344583686 0.25270803235471251 0.16012874655425549 0.5038558884751797
0.43176320362836118 0.47700534425675867 0.42092214897274971 0.5038558884751797
0.12995836827903984 0.13508536517620087 0.4724191125482321 2.2253105559964479
0.12995836827903984 0.32294261083006859 0.4724191125482321 2.2253105559964479
0.12995836827903984 0.13508536517620087 0.3207707174122334 2.2253105559964479
0.055118983145803213 0.13508536517620087 0.4724191125482321 2.2253105559964479
0.12995836827903984 0.13508536517620087 0.4724191125482321 1.153580217474103
0.055118983145803213 0.32294261083006859 0.3207707174122334 1.153580217474103
0.67000065497122696 0.45607235729694373 0.22729209363460542 1.5176630127955975
0.67000065497122696 0.13654080368578436 0.22729209363460542 1.5176630127955975
0.67000065497122696 0.45607235729694373 0.25280655659735207 1.5176630127955975
0.6905629687476903 0.45607235729694373 0.22729209363460542 1.5176630127955975
0.67000065497122696 0.45607235729694373 0.22729209363460542 2.4638110770756008
0.6905629687476903 0.13654080368578436 0.25280655659735207 2.4638110770756008
0.079545839224010706 0.48560502044856546 0.3547201160341501 0.10916819304421543
0.079545839224010706 0.36616850979626181 0.3547201160341501 0.10916819304421543
0.079545839224010706 0.48560502044856546 0.23052919693291188 0.10916819304421543
0.34670601370744403 0.48560502044856546 0.3547201160341501 0.10916819304421543
0.079545839224010706 0.48560502044856546 0.3547201160341501 2.1337186517037452
0.34670601370744403 0.36616850979626181 0.23052919693291188 2.1337186517037452
0.62113427990116177 0.10526735894382 0.14401828870177269 2.3481159307099877
0.62113427990116177 0.18059842064976694 0.14401828870177269 2.3481159307099877
0.62113427990116177 0.10526735894382 0.39849338158965109 2.3481159307099877
0.40189665332436558 0.10526735894382 0.14401828870177269 2.3481159307099877
0.62113427990116177 0.10526735894382 0.14401828870177269 0.72272563745632779
0.40189665332436558 0.18059842064976694 0.39849338158965109 0.72272563745632779
0.3435845001600682 0.28213379234075547 0.4313091047108174 1.1979810880739987
0.3435845001600682 0.21945405416190625 0.4313091047108174 1.1979810880739987
0.3435845001600682 0.28213379234075547 0.49864402636885641 1.1979810880739987
0.12816442968323827 0.28213379234075547 0.4313091047108174 1.1979810880739987
0.3435845001600682 0.28213379234075547 0.4313091047108174 0.81958326453879482
0.12816442968323827 0.21945405416190625 0.49864402636885641 0.81958326453879482
0.43833883409388358 0.30160091370344166 0.26742562837898731 1.9056626466073097
0.43833883409388358 0.43398076444864275 0.26742562837898731 1.9056626466073097
0.43833883409388358 0.30160091370344166 0.13067071028053762 1.9056626466073097
0.62006397978402672 0.30160091370344166 0.26742562837898731 1.9056626466073097
0.43833883409388358 0.30160091370344166 0.26742562837898731 2.4063203478427231
0.62006397978402672 0.43398076444864275 0.13067071028053762 2.4063203478427231
0.61342925773933532 0.3954099413007498 0.48957565836608408 1.7397845007435979
0.61342925773933532 0.45149899162352092 0.48957565836608408 1.7397845007435979
0.61342925773933532 0.3954099413007498 0.2808255933225155 1.7397845007435979
0.16266300152055918 0.3954099413007498 0.48957565836608408 1.7397845007435979
0.61342925773933532 0.3954099413007498 0.48957565836608408 1.4504741230453553
0.16266300152055918 0.45149899162352092 0.2808255933225155 1.4504741230453553
0.18890579254366457 0.21343653760850431 0.21012419909238816 0.98536530446156867
0.18890579254366457 0.28941447660326958 0.21012419909238816 0.98536530446156867
0.18890579254366457 0.21343653760850431 0.34879588074982171 0.98536530446156867
0.58339813314378264 0.21343653760850431 0.21012419909238816 0.98536530446156867
0.18890579254366457 0.21343653760850431 0.21012419909238816 2.9033931756056846
0.58339813314378264 0.28941447660326958 0.34879588074982171 2.9033931756056846
0.47122589005157345 0.19896690249443055 0.32241755425930024 2.8745100574021043
0.47122589005157345 0.1107409980148077 0.32241755425930024 2.8745100574021043
0.47122589005157345 0.19896690249443055 0.44854903407394886 2.8745100574021043
0.22849401542916892 0.19896690249443055 0.32241755425930024 2.8745100574021043
0.47122589005157345 0.19896690249443055 0.32241755425930024 1.7014041655679049
0.22849401542916892 0.1107409980148077 0.44854903407394886 1.7014041655679049
0.24986587730236348 0.41679828166961674 0.17728444896638396 0.6808383302877844
0.24986587730236348 0.34855948984622953 0.17728444896638396 0.6808383302877844
0.24986587730236348 0.41679828166961674 0.18058182224631311 0.6808383302877844
0.51718790256418279 0.41679828166961674 0.17728444896638396 0.6808383302877844
0.24986587730236348 0.41679828166961674 0.17728444896638396 0.07312331567957997
0.51718790256418279 0.34855948984622953 0.18058182224631311 0.07312331567957997
0.64874059213325375 0.40596249848604204 0.30224627442657948 2.1061940331925451
0.64874059213325375 0.23580071181058884 0.30224627442657948 2.1061940331925451
0.64874059213325375 0.40596249848604204 0.32978732734918592 2.1061940331925451
0.54592370274476698 0.40596249848604204 0.30224627442657948 2.1061940331925451
0.64874059213325375 0.40596249848604204 0.30224627442657948 1.5295362935191394
0.54592370274476698 0.23580071181058884 0.32978732734918592 1.5295362935191394
0.051560741337016228 0.18480459600687027 0.19745281413197519 1.3631656911738217
0.051560741337016228 0.42366724126040933 0.19745281413197519 1.3631656911738217
0.051560741337016228 0.18480459600687027 0.29932011626660826 1.3631656911738217
0.20517835393548012 0.18480459600687027 0.19745281413197519 1.3631656911738217
0.051560741337016228 0.18480459600687027 0.19745281413197519 0.22200426178038121
0.20517835393548012 0.42366724126040933 0.29932011626660826 0.22200426178038121
0.42528238641098137 0.20240286402404309 0.48513757213950159 2.5142056183435022
0.42528238641098137 0.37619478479027746 0.48513757213950159 2.5142056183435022
0.42528238641098137 0.20240286402404309 0.19956307671964169 2.5142056183435022
0.4797655415721237 0.20240286402404309 0.48513757213950159 2.5142056183435022
0.42528238641098137 0.20240286402404309 0.48513757213950159 1.4124069995796682
0.4797655415721237 0.37619478479027746 0.19956307671964169 1.4124069995796682
0.35626594931818539 0.38144017867743973 0.21456518806517125 0.30916552353814247
0.35626594931818539 0.16415983028709891 0.21456518806517125 0.30916552353814247
0.35626594931818539 0.38144017867743973 0.4300333634018898 0.30916552353814247
0.27104160324670373 0.38144017867743973 0.21456518806517125 0.30916552353814247
0.35626594931818539 0.38144017867743973 0.21456518806517125 2.9183947140395641
0.27104160324670373 0.16415983028709891 0.4300333634018898 2.9183947140395641
0.20625839671120044 0.31263783872127537 0.44239075146615503 0.46996171504959466
0.20625839671120044 0.1441712021827698 0.44239075146615503 0.46996171504959466
0.20625839671120044 0.31263783872127537 0.37990597151219851 0.46996171504959466
0.44566851328127077 0.31263783872127537 0.44239075146615503 0.46996171504959466
0.20625839671120044 0.31263783872127537 0.44239075146615503 0.94993527509272102
0.44566851328127077 0.1441712021827698 0.37990597151219851 0.94993527509272102
0.59550322298891845 0.29609419405460358 0.25634689629077911 2.7203902532677353
0.59550322298891845 0.30864983163774018 0.25634689629077911 2.7203902532677353
0.59550322298891845 0.29609419405460358 0.24943265467882159 2.7203902532677353
0.30797013603150841 0.29609419405460358 0.25634689629077911 2.7203902532677353
0.59550322298891845 0.29609419405460358 0.25634689629077911 2.2990339113408327
0.30797013603150841 0.30864983163774018 0.24943265467882159 2.2990339113408327
0.22655196348205209 0.11611250303685666 0.36902913898229606 0.83177955641850831
0.22655196348205209 0.49130451306700706 0.36902913898229606 0.83177955641850831
0.22655196348205209 0.11611250303685666 0.14929185658693314 0.83177955641850831
0.66388295004144304 0.11611250303685666 0.36902913898229606 0.83177955641850831
0.22655196348205209 0.11611250303685666 0.36902913898229606 2.2136614108407495
0.66388295004144304 0.49130451306700706 0.14929185658693314 2.2136614108407495
0.49396272175945333 0.49976407550275326 0.12970636300742627 1.5280028009717168
0.49396272175945333 0.25568481422960759 0.12970636300742627 1.5280028009717168
0.49396272175945333 0.49976407550275326 0.47975604198873045 1.5280028009717168
0.089455828303471208 0.49976407550275326 0.12970636300742627 1.5280028009717168
0.49396272175945333 0.49976407550275326 0.12970636300742627 0.66576979328751573
0.089455828303471208 0.25568481422960759 0.47975604198873045 0.66576979328751573
0.25653684828430412 0.46710346788167956 0.45225692465901379 2.9533188723908363
0.25653684828430412 0.44780698902904992 0.45225692465901379 2.9533188723908363
0.25653684828430412 0.46710346788167956 0.40200839154422285 2.9533188723908363
0.39302978976629671 0.46710346788167956 0.45225692465901379 2.9533188723908363
0.25653684828430412 0.46710346788167956 0.45225692465901379 0.98436613975480203
0.39302978976629671 0.44780698902904992 0.40200839154422285 0.98436613975480203
0.52231931737624104 0.14905235022306443 0.2474573750048876 0.70294648472473031
0.52231931737624104 0.21145326569676401 0.2474573750048876 0.70294648472473031
0.52231931737624104 0.14905235022306443 0.17154422998428345 0.70294648472473031
0.35807232018560164 0.14905235022306443 0.2474573750048876 0.70294648472473031
0.52231931737624104 0.14905235022306443 0.2474573750048876 2.6099483374567329
0.35807232018560164 0.21145326569676401 0.17154422998428345 2.6099483374567329
0.15494981668889521 0.26354640237987043 0.33513911403715613 1.8530867952869834
0.15494981668889521 0.18859186582267284 0.33513911403715613 1.8530867952869834
0.15494981668889521 0.26354640237987043 0.27168729305267336 1.8530867952869834
0.65186178786680093 0.26354640237987043 0.33513911403715613 1.8530867952869834
0.15494981668889521 0.26354640237987043 0.33513911403715613 1.9718213483060898
0.65186178786680093 0.18859186582267284 0.27168729305267336 1.9718213483060898
0.5426481790374964 0.34569069258868695 0.16457284912467002 1.1568301063494386
0.5426481790374964 0.35233665853738783 0.16457284912467002 1.1568301063494386
0.5426481790374964 0.34569069258868695 0.30216063372790813 1.1568301063494386
0.098945410223677754 0.34569069258868695 0.16457284912467002 1.1568301063494386
0.5426481790374964 0.34569069258868695 0.16457284912467002 0.51620364355936654
0.098945410223677754 0.35233665853738783 0.30216063372790813 0.51620364355936654
0.39295711573213332 0.35188167691230776 0.39238617718219759 1.3140734523822368
0.39295711573213332 0.33156829513609409 0.39238617718219759 1.3140734523822368
0.39295711573213332 0.35188167691230776 0.45231090188026435 1.3140734523822368
0.6177746681030839 0.35188167691230776 0.39238617718219759 1.3140734523822368
0.39295711573213332 0.35188167691230776 0.39238617718219759 1.8633113068409266
0.6177746681030839 0.33156829513609409 0.45231090188026435 1.8633113068409266
0.32485424145124847 0.23224364519119264 0.10633625946938992 2.0570677790684999
0.32485424145124847 0.12182667180895806 0.10633625946938992 2.0570677790684999
0.32485424145124847 0.23224364519119264 0.12184063903987408 2.0570677790684999
0.13586401510983703 0.23224364519119264 0.10633625946938992 2.0570677790684999
0.32485424145124847 0.23224364519119264 0.10633625946938992 0.27963266087964178
0.13586401510983703 0.12182667180895806 0.12184063903987408 0.27963266087964178
0.69762943089008322 0.15535281859338285 0.41902146749198443 0.16791747036352755
0.69762943089008322 0.27831077836453916 0.41902146749198443 0.16791747036352755
0.69762943089008322 0.15535281859338285 0.22159841768443586 0.16791747036352755
0.51097910916432732 0.15535281859338285 0.41902146749198443 0.16791747036352755
0.69762943089008322 0.15535281859338285 0.41902146749198443 1.2857010857047142
0.51097910916432732 0.27831077836453916 0.22159841768443586 1.2857010857047142
0.10144000905565917 0.43591019473969939 0.27970483154058456 2.3730138474781812
0.10144000905565917 0.46847082674503326 0.27970483154058456 2.3730138474781812
0.10144000905565917 0.43591019473969939 0.35206565260887146 2.3730138474781812
0.24235970308072863 0.43591019473969939 0.27970483154058456 2.3730138474781812
0.10144000905565917 0.43591019473969939 0.27970483154058456 2.699752537294775
0.24235970308072863 0.46847082674503326 0.35206565260887146 2.699752537294775
0.35016028075478967 0.4311270512640476 0.3756952073425055 1.5862864206869902
0.35016028075478967 0.13088981620967388 0.3756952073425055 1.5862864206869902
0.35016028075478967 0.4311270512640476 0.30978762768208978 1.5862864206869902
0.48993545756675294 0.4311270512640476 0.3756952073425055 1.5862864206869902
0.35016028075478967 0.4311270512640476 0.3756952073425055 2.5475434357616304
0.48993545756675294 0.13088981620967388 0.30978762768208978 2.5475434357616304
0.44963568281382316 0.16014015451073649 0.1240191400051117 0.86703721160784375
0.44963568281382316 0.31567874997854234 0.1240191400051117 0.86703721160784375
0.44963568281382316 0.16014015451073649 0.26681733876466751 0.86703721160784375
0.26082957359030839 0.16014015451073649 0.1240191400051117 0.86703721160784375
0.44963568281382316 0.16014015451073649 0.1240191400051117 1.0456930749222637
0.26082957359030839 0.31567874997854234 0.26681733876466751 1.0456930749222637
0.086081937281414861 0.22765238471329213 0.41170082241296768 2.6621037019534408
0.086081937281414861 0.48426920361816883 0.41170082241296768 2.6621037019534408
0.086081937281414861 0.22765238471329213 0.16706342250108719 2.6621037019534408
0.55614568814635279 0.22765238471329213 0.41170082241296768 2.6621037019534408
0.086081937281414861 0.22765238471329213 0.41170082241296768 0.59303544361621152
0.55614568814635279 0.48426920361816883 0.16706342250108719 0.59303544361621152
0.63247079178690901 0.35647027082741267 0.28801109306514261 0.43470134785667064
0.63247079178690901 0.26896114721894265 0.28801109306514261 0.43470134785667064
0.63247079178690901 0.35647027082741267 0.41003063581883914 0.43470134785667064
0.19499855968169866 0.35647027082741267 0.28801109306514261 0.43470134785667064
0.63247079178690901 0.35647027082741267 0.28801109306514261 1.8960703365781906
0.19499855968169866 0.26896114721894265 0.41003063581883914 1.8960703365781906
0.45738997883163385 0.33777873739600184 0.46582442410290248 0.27534426403090362
0.45738997883163385 0.23969976864755155 0.46582442410290248 0.27534426403090362
0.45738997883163385 0.33777873739600184 0.3600588455796242 0.27534426403090362
0.67397599988616996 0.33777873739600184 0.46582442410290248 0.27534426403090362
0.45738997883163385 0.33777873739600184 0.46582442410290248 0.29563808532208208
0.67397599988616996 0.23969976864755155 0.3600588455796242 0.29563808532208208
0.24075103420764205 0.27145492658019066 0.23289796486496928 2.4573581747148929
0.24075103420764205 0.40100312829017637 0.23289796486496928 2.4573581747148929
0.24075103420764205 0.27145492658019066 0.21709466241300107 2.4573581747148929
0.079325623903423542 0.27145492658019066 0.23289796486496928 2.4573581747148929
0.24075103420764205 0.27145492658019066 0.23289796486496928 1.8476670564958455
0.079325623903423542 0.40100312829017637 0.21709466241300107 1.8476670564958455
0.59955368335358794 0.14133837558329107 0.34558323547244074 1.3969842606370153
0.59955368335358794 0.3988418255001307 0.34558323547244074 1.3969842606370153
0.59955368335358794 0.14133837558329107 0.11694478057324886 1.3969842606370153
0.45580867342650883 0.14133837558329107 0.34558323547244074 1.3969842606370153
0.59955368335358794 0.14133837558329107 0.34558323547244074 2.6693455228641629
0.45580867342650883 0.3988418255001307 0.11694478057324886 2.6693455228641629
0.17983063198626043 0.47481934763491151 0.15314311124384405 2.1630385671816765
0.17983063198626043 0.1602419875562191 0.15314311124384405 2.1630385671816765
0.17983063198626043 0.47481934763491151 0.45991809517145155 2.1630385671816765
0.29786720792762933 0.47481934763491151 0.15314311124384405 2.1630385671816765
0.17983063198626043 0.47481934763491151 0.15314311124384405 1.3157497478392721
0.29786720792762933 0.1602419875562191 0.45991809517145155 1.3157497478392721
0.56971183051355179 0.49185192659497268 0.425684517621994 2.4082741927115618
0.56971183051355179 0.34329738691449163 0.425684517621994 2.4082741927115618
0.56971183051355179 0.49185192659497268 0.43141364455223086 2.4082741927115618
0.64172908333130174 0.49185192659497268 0.425684517621994 2.4082741927115618
0.56971183051355179 0.49185192659497268 0.425684517621994 0.14589188929900526
0.64172908333130174 0.34329738691449163 0.43141364455223086 0.14589188929900526
0.15153431808575987 0.12402045205235482 0.27401452325284481 0.22620413147553803
0.15153431808575987 0.10386912114918233 0.27401452325284481 0.22620413147553803
0.15153431808575987 0.12402045205235482 0.18844030611217022 0.22620413147553803
0.10903592361137271 0.12402045205235482 0.27401452325284481 0.22620413147553803
0.15153431808575987 0.12402045205235482 0.27401452325284481 1.6060070841751994
0.10903592361137271 0.10386912114918233 0.18844030611217022 1.6060070841751994
0.50875481613911688 0.28838079459965227 0.36169933788478381 2.0218103654341402
0.50875481613911688 0.29628635197877884 0.36169933788478381 2.0218103654341402
0.50875481613911688 0.28838079459965227 0.2885925006121397 2.0218103654341402
0.38292931821197268 0.28838079459965227 0.36169933788478381 2.0218103654341402
0.50875481613911688 0.28838079459965227 0.36169933788478381 2.9800802101187407
0.38292931821197268 0.29628635197877884 0.2885925006121397 2.9800802101187407
0.2937432357110083 0.32035391218960285 0.13800347000360491 1.2557895032738151
0.2937432357110083 0.45676109604537485 0.13800347000360491 1.2557895032738151
0.2937432357110083 0.32035391218960285 0.33155665993690492 1.2557895032738151
0.36821490540169172 0.32035391218960285 0.13800347000360491 1.2557895032738151
0.2937432357110083 0.32035391218960285 0.13800347000360491 1.350360307443589
0.36821490540169172 0.45676109604537485 0.33155665993690492 1.350360307443589
0.11834414643235504 0.37665684744715688 0.3158290304243565 1.0999853308053316
0.11834414643235504 0.42671690508723259 0.3158290304243565 1.0999853308053316
0.11834414643235504 0.37665684744715688 0.48150252215564249 1.0999853308053316
0.5007695384789258 0.37665684744715688 0.3158290304243565 1.0999853308053316
0.11834414643235504 0.37665684744715688 0.3158290304243565 2.3287212127219141
0.5007695384789258 0.42671690508723259 0.48150252215564249 2.3287212127219141
0.66374226687476034 0.20718963071703911 0.18290866501629355 1.8192685552169383
0.66374226687476034 0.21380306519567968 0.18290866501629355 1.8192685552169383
0.66374226687476034 0.20718963071703911 0.13853528499603274 1.8192685552169383
0.25253204172477123 0.20718963071703911 0.18290866501629355 1.8192685552169383
0.66374226687476034 0.20718963071703911 0.18290866501629355 0.91916725126132381
0.25253204172477123 0.21380306519567968 0.13853528499603274 0.91916725126132381
0.30113644436933096 0.18021390475332738 0.49559084512293339 0.75979395031288277
0.30113644436933096 0.1862494081258774 0.49559084512293339 0.75979395031288277
0.30113644436933096 0.18021390475332738 0.23828998804092408 0.75979395031288277
0.60759237129241228 0.18021390475332738 0.49559084512293339 0.75979395031288277
0.30113644436933096 0.18021390475332738 0.49559084512293339 0.65048410385414968
0.60759237129241228 0.1862494081258774 0.23828998804092408 0.65048410385414968
0.39969797851517791 0.41055128015577791 0.20314460918307306 2.987140022100359
0.39969797851517791 0.37343237064778811 0.20314460918307306 2.987140022100359
0.39969797851517791 0.41055128015577791 0.38126025311648848 2.987140022100359
0.14608346647582948 0.41055128015577791 0.20314460918307306 2.987140022100359
0.39969797851517791 0.41055128015577791 0.20314460918307306 2.2300250448422134
0.14608346647582948 0.37343237064778811 0.38126025311648848 2.2300250448422134
0.16364808515645562 0.42470947690308092 0.47815840989351277 1.4593790636871757
0.16364808515645562 0.26096961013972764 0.47815840989351277 1.4593790636871757
0.16364808515645562 0.42470947690308092 0.13205231465399267 1.4593790636871757
0.29000895288772877 0.42470947690308092 0.47815840989351277 1.4593790636871757
0.16364808515645562 0.42470947690308092 0.47815840989351277 0.75061383188992747
0.29000895288772877 0.26096961013972764 0.13205231465399267 0.75061383188992747
0.55670228125527499 0.19105761833488943 0.22058004252612592 2.1900531423620877
0.55670228125527499 0.49810448735952384 0.22058004252612592 2.1900531423620877
0.55670228125527499 0.19105761833488943 0.48752257898449902 2.1900531423620877
0.45825666440650814 0.19105761833488943 0.22058004252612592 2.1900531423620877
0.55670228125527499 0.19105761833488943 0.22058004252612592 2.1069084347775577
0.45825666440650814 0.49810448735952384 0.48752257898449902 2.1069084347775577
0.26519545358605678 0.2211497463285923 0.30787082575261593 0.39499220778092747
0.26519545358605678 0.30184985585510732 0.30787082575261593 0.39499220778092747
0.26519545358605678 0.2211497463285923 0.38776403740048415 0.39499220778092747
0.18351326491683723 0.2211497463285923 0.30787082575261593 0.39499220778092747
0.26519545358605678 0.2211497463285923 0.30787082575261593 2.3870764891716836
0.18351326491683723 0.30184985585510732 0.38776403740048415 2.3870764891716836
0.53641310213133686 0.38769329562783239 0.19086385965347291 2.6109699118773637
0.53641310213133686 0.1388864077627659 0.19086385965347291 2.6109699118773637
0.53641310213133686 0.38769329562783239 0.23229680098593236 2.6109699118773637
0.56505222334526473 0.38769329562783239 0.19086385965347291 2.6109699118773637
0.53641310213133686 0.38769329562783239 0.19086385965347291 0.8377463458606601
0.56505222334526473 0.1388864077627659 0.23229680098593236 0.8377463458606601
0.68611439117230466 0.30638481713831422 0.36301389262080197 2.7732052330340444
0.68611439117230466 0.17134911976754666 0.36301389262080197 2.7732052330340444
0.68611439117230466 0.30638481713831422 0.1823296494781971 2.7732052330340444
0.06526158531196416 0.30638481713831422 0.36301389262080197 2.7732052330340444
0.68611439117230466 0.30638481713831422 0.36301389262080197 2.8297998207572101
0.06526158531196416 0.17134911976754666 0.1823296494781971 2.8297998207572101
0.095280803088098762 0.27734721638262272 0.13668591715395451 0.60261597235038877
0.095280803088098762 0.38187189698219304 0.13668591715395451 0.60261597235038877
0.095280803088098762 0.27734721638262272 0.43779380954802039 0.60261597235038877
0.68046248024329536 0.27734721638262272 0.13668591715395451 0.60261597235038877
0.095280803088098762 0.27734721638262272 0.13668591715395451 1.523706314776242
0.68046248024329536 0.38187189698219304 0.43779380954802039 1.523706314776242
0.38140239347703747 0.10985938534140588 0.44897931106388567 1.6629844185020031
0.38140239347703747 0.41799012757837772 0.44897931106388567 1.6629844185020031
0.38140239347703747 0.10985938534140588 0.33765150941908362 1.6629844185020031
0.32438849527388808 0.10985938534140588 0.44897931106388567 1.6629844185020031
0.38140239347703747 0.10985938534140588 0.44897931106388567 0.13804704835146667
0.32438849527388808 0.41799012757837772 0.33765150941908362 0.13804704835146667
0.31873469864949577 0.481017192453146 0.2507227398455143 0.88550524236157546
0.31873469864949577 0.2286114238202572 0.2507227398455143 0.88550524236157546
0.31873469864949577 0.481017192453146 0.28217817023396496 0.88550524236157546
0.42163048214279109 0.481017192453146 0.2507227398455143 0.88550524236157546
0.31873469864949577 0.481017192453146 0.2507227398455143 1.636838796171844
0.42163048214279109 0.2286114238202572 0.28217817023396496 1.636838796171844
0.43175898487679654 0.46085645444691181 0.32815381400287152 0.64557796309486037
0.43175898487679654 0.47414794042706487 0.32815381400287152 0.64557796309486037
0.43175898487679654 0.46085645444691181 0.21070648655295374 0.64557796309486037
0.11806151852943003 0.46085645444691181 0.32815381400287152 0.64557796309486037
0.43175898487679654 0.46085645444691181 0.32815381400287152 2.7721290013103186
0.11806151852943003 0.47414794042706487 0.21070648655295374 2.7721290013103186
0.36746361590921872 0.13029936440289022 0.17056933194398882 2.8162235060878098
0.36746361590921872 0.2855000663548708 0.17056933194398882 2.8162235060878098
0.36746361590921872 0.13029936440289022 0.36617980189621446 2.8162235060878098
0.63020412297919393 0.13029936440289022 0.17056933194398882 2.8162235060878098
0.36746361590921872 0.13029936440289022 0.17056933194398882 1.1898894081358613
0.63020412297919393 0.2855000663548708 0.36617980189621446 1.1898894081358613
0.65517750806175168 0.25729948356747628 0.45786322355270392 1.020622959650904
0.65517750806175168 0.11463738232851028 0.45786322355270392 1.020622959650904
0.65517750806175168 0.25729948356747628 0.4663213629275561 1.020622959650904
0.33657582625746724 0.25729948356747628 0.45786322355270392 1.020622959650904
0.65517750806175168 0.25729948356747628 0.45786322355270392 0.35673710239037876
0.33657582625746724 0.11463738232851028 0.4663213629275561 0.35673710239037876
0.062798071093857294 0.326937610656023 0.24086235426366331 1.7980681204588713
0.062798071093857294 0.32589118294417863 0.24086235426366331 1.7980681204588713
0.062798071093857294 0.326937610656023 0.11085717901587487 1.7980681204588713
0.4119896862190216 0.326937610656023 0.24086235426366331 1.7980681204588713
0.062798071093857294 0.326937610656023 0.24086235426366331 1.7635924116645754
0.4119896862190216 0.32589118294417863 0.11085717901587487 1.7635924116645754
0.21281523439101874 0.37063466347754004 0.41302461363375187 1.9625071805964411
0.21281523439101874 0.35913663432002074 0.41302461363375187 1.9625071805964411
0.21281523439101874 0.37063466347754004 0.26080147810280324 1.9625071805964411
0.21831423812545836 0.37063466347754004 0.41302461363375187 1.9625071805964411
0.21281523439101874 0.37063466347754004 0.41302461363375187 0.43965153945967561
0.21831423812545836 0.35913663432002074 0.26080147810280324 0.43965153945967561
0.48494706079363814 0.23849065937101843 0.28669050261378293 1.2317996575371921
0.48494706079363814 0.19387666024267675 0.28669050261378293 1.2317996575371921
0.48494706079363814 0.23849065937101843 0.31626869067549707 1.2317996575371921
0.5274098710156977 0.23849065937101843 0.28669050261378293 1.2317996575371921
0.48494706079363814 0.23849065937101843 0.28669050261378293 2.0724298794774709
0.5274098710156977 0.19387666024267675 0.31626869067549707 2.0724298794774709
0.19248200445435937 0.1741058997809887 0.39898082986474037 2.2912684870813789
0.19248200445435937 0.20616846978664399 0.39898082986474037 2.2912684870813789
0.19248200445435937 0.1741058997809887 0.41602496728301053 2.2912684870813789
0.15245098881423472 0.1741058997809887 0.39898082986474037 2.2912684870813789
0.19248200445435937 0.1741058997809887 0.39898082986474037 2.5366850702272354
0.15245098881423472 0.20616846978664399 0.41602496728301053 2.5366850702272354
0.58652724456042049 0.44215711280703551 0.10073032863438131 0.075346933536976579
0.58652724456042049 0.44100701473653314 0.10073032863438131 0.075346933536976579
0.58652724456042049 0.44215711280703551 0.16055467911064625 0.075346933536976579
0.59356803218834098 0.44215711280703551 0.10073032863438131 0.075346933536976579
0.58652724456042049 0.44215711280703551 0.10073032863438131 1.0796283126936854
0.59356803218834098 0.44100701473653314 0.16055467911064625 1.0796283126936854
0.18690583189018067 0.43751445412635803 0.34763811454176907 2.8426722305032612
0.18690583189018067 0.31397021412849424 0.34763811454176907 2.8426722305032612
0.18690583189018067 0.43751445412635803 0.27683504596352582 2.8426722305032612
0.66728460406884549 0.43751445412635803 0.34763811454176907 2.8426722305032612
0.18690583189018067 0.43751445412635803 0.34763811454176907 0.86122418288737546
0.66728460406884549 0.31397021412849424 0.27683504596352582 0.86122418288737546
0.61551589136943219 0.17122100591659545 0.15207318104803563 0.62669312099605801
0.61551589136943219 0.12693376503884793 0.15207318104803563 0.62669312099605801
0.61551589136943219 0.17122100591659545 0.34636478163301943 0.62669312099605801
0.083820130722597239 0.17122100591659545 0.15207318104803563 0.62669312099605801
0.61551589136943219 0.17122100591659545 0.15207318104803563 2.3643112173631788
0.083820130722597239 0.12693376503884793 0.34636478163301943 2.3643112173631788
0.24781889715231953 0.24118090830743313 0.46475792713463304 1.7770190994963051
0.24781889715231953 0.27320993170142172 0.46475792713463304 1.7770190994963051
0.24781889715231953 0.24118090830743313 0.44612174965441231 1.7770190994963051
0.43862380958162239 0.24118090830743313 0.46475792713463304 1.7770190994963051
0.24781889715231953 0.24118090830743313 0.46475792713463304 2.0836199768516419
0.43862380958162239 0.27320993170142172 0.44612174965441231 2.0836199768516419
0.47334488863125435 0.37469224296510217 0.23495704010128976 1.0463464262321591
0.47334488863125435 0.48607496358454227 0.23495704010128976 1.0463464262321591
0.47334488863125435 0.37469224296510217 0.176588986068964 1.0463464262321591
0.3121807442978024 0.37469224296510217 0.23495704010128976 1.0463464262321591
0.47334488863125435 0.37469224296510217 0.23495704010128976 0.77318691377609972
0.3121807442978024 0.48607496358454227 0.176588986068964 0.77318691377609972
0.62809300315566352 0.3308848962187767 0.4065203711390496 1.2064342797374725
0.62809300315566352 0.4036893233656883 0.4065203711390496 1.2064342797374725
0.62809300315566352 0.3308848962187767 0.22675302363932134 1.2064342797374725
0.48569758934900159 0.3308848962187767 0.4065203711390496 1.2064342797374725
0.62809300315566352 0.3308848962187767 0.4065203711390496 1.6595777384880186
0.48569758934900159 0.4036893233656883 0.22675302363932134 1.6595777384880186
0.072817758005112407 0.25987953394651414 0.29220506958663461 1.9839120504671337
0.072817758005112407 0.24306811802089215 0.29220506958663461 1.9839120504671337
0.072817758005112407 0.25987953394651414 0.39628886356949811 1.9839120504671337
0.26793877896852791 0.25987953394651414 0.29220506958663461 1.9839120504671337
0.072817758005112407 0.25987953394651414 0.29220506958663461 0.11458715227156878
0.26793877896852791 0.24306811802089215 0.39628886356949811 0.11458715227156878
0.44526529894210393 0.12752314321696759 0.37988727651536469 0.094598648234605787
0.44526529894210393 0.15697105303406717 0.37988727651536469 0.094598648234605787
0.44526529894210393 0.12752314321696759 0.49642959013581278 0.094598648234605787
0.54141435190103948 0.12752314321696759 0.37988727651536469 0.094598648234605787
0.44526529894210393 0.12752314321696759 0.37988727651536469 1.5011181027647853
0.54141435190103948 0.15697105303406717 0.49642959013581278 1.5011181027647853
0.33690346749499434 0.45632256381213665 0.11883601844310761 2.265189314329028
0.33690346749499434 0.39644817300140855 0.11883601844310761 2.265189314329028
0.33690346749499434 0.45632256381213665 0.12690292932093145 2.265189314329028
0.21192679461091757 0.45632256381213665 0.11883601844310761 2.265189314329028
0.33690346749499434 0.45632256381213665 0.11883601844310761 2.8531174189969897
0.21192679461091757 0.39644817300140855 0.12690292932093145 2.8531174189969897
0.41422963081859049 0.47676087319850924 0.49763656891882424 2.2168573588430882
0.41422963081859049 0.10079206265509129 0.49763656891882424 2.2168573588430882
0.41422963081859049 0.47676087319850924 0.15540739186108113 2.2168573588430882
0.51550086745992296 0.47676087319850924 0.49763656891882424 2.2168573588430882
0.41422963081859049 0.47676087319850924 0.49763656891882424 1.7861586421732605
0.51550086745992296 0.10079206265509129 0.15540739186108113 1.7861586421732605
0.30424198489636178 0.10736102163791657 0.20206552371382713 1.4394136034458878
0.30424198489636178 0.33953836485743527 0.20206552371382713 1.4394136034458878
0.30424198489636178 0.10736102163791657 0.42493407651782034 1.4394136034458878
0.23560383343137797 0.10736102163791657 0.20206552371382713 1.4394136034458878
0.30424198489636178 0.10736102163791657 0.20206552371382713 0.33344144173428419
0.23560383343137797 0.33953836485743527 0.42493407651782034 0.33344144173428419
0.67827128949575122 0.28043085001409052 0.31474727466702462 2.5902791059637069
0.67827128949575122 0.46042222641408448 0.31474727466702462 2.5902791059637069
0.67827128949575122 0.28043085001409052 0.32479103729128839 2.5902791059637069
0.61183023224584754 0.28043085001409052 0.31474727466702462 2.5902791059637069
0.67827128949575122 0.28043085001409052 0.31474727466702462 1.1671281768833102
0.61183023224584754 0.46042222641408448 0.32479103729128839 1.1671281768833102
0.12144709601998328 0.31083559058606625 0.18495248146355153 0.41963215755999095
0.12144709601998328 0.29907000958919527 0.18495248146355153 0.41963215755999095
0.12144709601998328 0.31083559058606625 0.25525522120296956 0.41963215755999095
0.13897428773343562 0.31083559058606625 0.18495248146355153 0.41963215755999095
0.12144709601998328 0.31083559058606625 0.18495248146355153 2.7956112302456795
0.13897428773343562 0.29907000958919527 0.25525522120296956 2.7956112302456795
0.27651418424211438 0.39203453809022903 0.35652804188430309 0.57760632817119362
0.27651418424211438 0.21590160615742207 0.35652804188430309 0.57760632817119362
0.27651418424211438 0.39203453809022903 0.10511708781123162 0.57760632817119362
0.65891392054036257 0.39203453809022903 0.35652804188430309 0.57760632817119362
0.27651418424211438 0.39203453809022903 0.35652804188430309 1.1029390595559776
0.65891392054036257 0.21590160615742207 0.10511708781123162 1.1029390595559776
0.50295125413686037 0.22412394434213639 0.14220660179853439 2.7935292871263622
0.50295125413686037 0.43106315210461621 0.14220660179853439 2.7935292871263622
0.50295125413686037 0.22412394434213639 0.47464987523853786 2.7935292871263622
0.0947223945055157 0.22412394434213639 0.14220660179853439 2.7935292871263622
0.50295125413686037 0.22412394434213639 0.14220660179853439 2.5140896554856003
0.0947223945055157 0.43106315210461621 0.47464987523853786 2.5140896554856003
0.13430780912749468 0.18867021612823009 0.42989184558391569 0.90511541366308934
0.13430780912749468 0.36879291348159315 0.42989184558391569 0.90511541366308934
0.13430780912749468 0.18867021612823009 0.37489212043583398 0.90511541366308934
0.38962068739347155 0.18867021612823009 0.42989184558391569 0.90511541366308934
0.13430780912749468 0.18867021612823009 0.42989184558391569 2.0489740239535275
0.38962068739347155 0.36879291348159315 0.37489212043583398 2.0489740239535275
0.56391077227890485 0.42056421451270587 0.26884666047990324 1.6358215313115718
0.56391077227890485 0.18405278474092485 0.26884666047990324 1.6358215313115718
0.56391077227890485 0.42056421451270587 0.20536240860819818 1.6358215313115718
0.36372040584683413 0.42056421451270587 0.26884666047990324 1.6358215313115718
0.56391077227890485 0.42056421451270587 0.26884666047990324 0.46239487368449572
0.36372040584683413 0.18405278474092485 0.20536240860819818 0.46239487368449572
0.33213811065070326 0.40660333596169951 0.44380858130753043 0.20587866648256778
0.33213811065070326 0.49405134320259092 0.44380858130753043 0.20587866648256778
0.33213811065070326 0.40660333596169951 0.45612979382276542 0.20587866648256778
0.052220678422600031 0.40660333596169951 0.44380858130753043 0.20587866648256778
0.33213811065070326 0.40660333596169951 0.44380858130753043 1.9188415813824535
0.052220678422600031 0.49405134320259092 0.45612979382276542 1.9188415813824535
0.38591875620186322 0.17763300500810147 0.25492681935429573 2.4332796151685714
0.38591875620186322 0.25935931168496607 0.25492681935429573 2.4332796151685714
0.38591875620186322 0.17763300500810147 0.12410008274018765 2.4332796151685714
0.69638463282026342 0.17763300500810147 0.25492681935429573 2.4332796151685714
0.38591875620186322 0.17763300500810147 0.25492681935429573 0.56954039030760528
0.69638463282026342 0.25935931168496607 0.12410008274018765 0.56954039030760528
0.10867671347223222 0.20996498465538027 0.36722064241766927 1.2829481687420607
0.10867671347223222 0.14079001173377037 0.36722064241766927 1.2829481687420607
0.10867671347223222 0.20996498465538027 0.22385557256639005 1.2829481687420607
0.32116662035696203 0.20996498465538027 0.36722064241766927 1.2829481687420607
0.10867671347223222 0.20996498465538027 0.36722064241766927 1.0231372093179822
0.32116662035696203 0.14079001173377037 0.22385557256639005 1.0231372093179822
0.69062329102307551 0.38119006156921387 0.13151709474623205 2.0021987832319739
0.69062329102307551 0.30600117780268193 0.13151709474623205 2.0021987832319739
0.69062329102307551 0.38119006156921387 0.35588835924863815 2.0021987832319739
0.42705916427075857 0.38119006156921387 0.13151709474623205 2.0021987832319739
0.69062329102307551 0.38119006156921387 0.13151709474623205 2.5708259206917883
0.42705916427075857 0.30600117780268193 0.35588835924863815 2.5708259206917883
0.52062958660535508 0.32499742023646833 0.30991712771356106 1.839232604557574
0.52062958660535508 0.38533810228109366 0.30991712771356106 1.839232604557574
0.52062958660535508 0.32499742023646833 0.40605388842523105 1.839232604557574
0.27434590877965087 0.32499742023646833 0.30991712771356106 1.839232604557574
0.52062958660535508 0.32499742023646833 0.30991712771356106 1.3392149142095449
0.27434590877965087 0.38533810228109366 0.40605388842523105 1.3392149142095449
0.25829836502671238 0.2912663470953703 0.18978573381900787 1.0731768926021457
0.25829836502671238 0.17393784038722515 0.18978573381900787 1.0731768926021457
0.25829836502671238 0.2912663470953703 0.17401807159185412 1.0731768926021457
0.47171289161778979 0.2912663470953703 0.18978573381900787 1.0731768926021457
0.25829836502671238 0.2912663470953703 0.18978573381900787 2.646590066971481
0.47171289161778979 0.17393784038722515 0.17401807159185412 2.646590066971481
0.54092635451816018 0.12133087962865829 0.47707608789205558 2.9624958505991099
0.54092635451816018 0.2261206902563572 0.47707608789205558 2.9624958505991099
0.54092635451816018 0.12133087962865829 0.27416952699422836 2.9624958505991099
0.17766925278119744 0.12133087962865829 0.47707608789205558 2.9624958505991099
0.54092635451816018 0.12133087962865829 0.47707608789205558 1.8243659718325735
0.17766925278119744 0.2261206902563572 0.27416952699422836 1.8243659718325735
0.1567585466429591 0.48779521435499196 0.22262291125953199 0.78048334532588726
0.1567585466429591 0.4148174185305834 0.22262291125953199 0.78048334532588726
0.1567585466429591 0.48779521435499196 0.30619621239602568 0.78048334532588726
0.56801498010754581 0.48779521435499196 0.22262291125953199 0.78048334532588726
0.1567585466429591 0.48779521435499196 0.22262291125953199 0.3182210270431638
0.56801498010754581 0.4148174185305834 0.30619621239602568 0.3182210270431638
0.59215193972922864 0.47047876976430414 0.39380094483494765 0.84563374165803207
0.59215193972922864 0.28164356984198091 0.39380094483494765 0.84563374165803207
0.59215193972922864 0.47047876976430414 0.37766788415610797 0.84563374165803207
0.22415822362527249 0.47047876976430414 0.39380094483494765 0.84563374165803207
0.59215193972922864 0.47047876976430414 0.39380094483494765 1.3736387518177928
0.22415822362527249 0.28164356984198091 0.37766788415610797 1.3736387518177928
0.20953277023509143 0.13836503289639951 0.10492525286972523 1.6116560092291237
0.20953277023509143 0.47116873785853386 0.10492525286972523 1.6116560092291237
0.20953277023509143 0.13836503289639951 0.24564122259616852 1.6116560092291237
0.52444712151773265 0.13836503289639951 0.10492525286972523 1.6116560092291237
0.20953277023509143 0.13836503289639951 0.10492525286972523 2.9575199526058138
0.52444712151773265 0.47116873785853386 0.24564122259616852 2.9575199526058138
0.49056931030936535 0.27384319007396696 0.41721610464155678 0.46078473135143522
0.49056931030936535 0.32877306602895262 0.41721610464155678 0.46078473135143522
0.49056931030936535 0.27384319007396696 0.14549050629138949 0.46078473135143522
0.16811400628648698 0.27384319007396696 0.41721610464155678 0.46078473135143522
0.49056931030936535 0.27384319007396696 0.41721610464155678 1.5825188822440803
0.16811400628648698 0.32877306602895262 0.14549050629138949 1.5825188822440803
0.22986359326168893 0.34192467033863072 0.28150642141699789 2.6428533871766926
0.22986359326168893 0.11820143163204194 0.28150642141699789 2.6428533871766926
0.22986359326168893 0.34192467033863072 0.47752634696662433 2.6428533871766926
0.58011181224137542 0.34192467033863072 0.28150642141699789 2.6428533871766926
0.22986359326168893 0.34192467033863072 0.28150642141699789 0.16867033683344723
0.58011181224137542 0.11820143163204194 0.47752634696662433 0.16867033683344723
0.059553472185507418 0.36072573475539682 0.45991868078708653 2.4762444167345761
0.059553472185507418 0.19832114465534689 0.45991868078708653 2.4762444167345761
0.059553472185507418 0.36072573475539682 0.32738369405269624 2.4762444167345761
0.12128338618203997 0.36072573475539682 0.45991868078708653 2.4762444167345761
0.059553472185507418 0.36072573475539682 0.45991868078708653 2.252603946007341
0.12128338618203997 0.19832114465534689 0.32738369405269624 2.252603946007341
0.6405074560083448 0.23015008382499219 0.23979338370263578 0.2488997503578663
0.6405074560083448 0.36113808229565625 0.23979338370263578 0.2488997503578663
0.6405074560083448 0.23015008382499219 0.29535093121230604 0.2488997503578663
0.62477546748705204 0.23015008382499219 0.23979338370263578 0.2488997503578663
0.6405074560083448 0.23015008382499219 0.23979338370263578 0.62717862728223206
0.62477546748705204 0.36113808229565625 0.29535093121230604 0.62717862728223206
0.36422139485366639 0.15705585032701494 0.32708675079047678 2.1373193113428353
0.36422139485366639 0.43871292881667612 0.32708675079047678 2.1373193113428353
0.36422139485366639 0.15705585032701494 0.19559770636260509 2.1373193113428353
0.34961672588251524 0.15705585032701494 0.32708675079047678 2.1373193113428353
0.36422139485366639 0.15705585032701494 0.32708675079047678 0.89641864674612892
0.34961672588251524 0.43871292881667612 0.19559770636260509 0.89641864674612892
0.41709127193316808 0.42667541652917862 0.17262745946645736 1.4180346815204621
0.41709127193316808 0.20162685662508012 0.17262745946645736 1.4180346815204621
0.41709127193316808 0.42667541652917862 0.42762744128704078 1.4180346815204621
0.3960675602778792 0.42667541652917862 0.17262745946645736 1.4180346815204621
0.41709127193316808 0.42667541652917862 0.17262745946645736 2.3521935818223656
0.3960675602778792 0.20162685662508012 0.42762744128704078 2.3521935818223656
0.66673641214147206 0.43126748837530615 0.47036422751843932 0.7221995609140397
0.66673641214147206 0.38923466764390469 0.47036422751843932 0.7221995609140397
0.66673641214147206 0.43126748837530615 0.48554420433938505 0.7221995609140397
0.33130926005542272 0.43126748837530615 0.47036422751843932 0.7221995609140397
0.66673641214147206 0.43126748837530615 0.47036422751843932 2.941132053309083
0.33130926005542272 0.38923466764390469 0.48554420433938505 2.941132053309083
0.11526805483736097 0.15246797241270543 0.22836201786994936 2.9272382503086329
0.11526805483736097 0.15126971006393433 0.22836201786994936 2.9272382503086329
0.11526805483736097 0.15246797241270543 0.14101141542196274 2.9272382503086329
0.41695871572010212 0.15246797241270543 0.22836201786994936 2.9272382503086329
0.11526805483736097 0.15246797241270543 0.22836201786994936 1.3889458518058062
0.41695871572010212 0.15126971006393433 0.14101141542196274 1.3889458518058062
0.40265507092699404 0.23493403717875483 0.34065281301736833 1.1314633670580387
0.40265507092699404 0.24876945950090887 0.34065281301736833 1.1314633670580387
0.40265507092699404 0.23493403717875483 0.24076993316411974 1.1314633670580387
0.062311248714104296 0.23493403717875483 0.34065281301736833 1.1314633670580387
0.40265507092699404 0.23493403717875483 0.34065281301736833 0.19941413928866386
0.062311248714104296 0.24876945950090887 0.24076993316411974 0.19941413928866386
0.29810260687954721 0.35593911334872252 0.15806966535747052 1.874493114487529
0.29810260687954721 0.41090283021330831 0.15806966535747052 1.874493114487529
0.29810260687954721 0.35593911334872252 0.38529964648187165 1.874493114487529
0.68625194886699314 0.35593911334872252 0.15806966535747052 1.874493114487529
0.29810260687954721 0.35593911334872252 0.15806966535747052 1.5528530353367329
0.68625194886699314 0.41090283021330831 0.38529964648187165 1.5528530353367329
0.14302591281011701 0.34963793046772484 0.38648192770779133 2.0360201195976138
0.14302591281011701 0.48076555840671065 0.38648192770779133 2.0360201195976138
0.14302591281011701 0.34963793046772484 0.43523024767637253 2.0360201195976138
0.18788875862956045 0.34963793046772484 0.38648192770779133 2.0360201195976138
0.14302591281011701 0.34963793046772484 0.38648192770779133 0.68924672997295866
0.18788875862956045 0.48076555840671065 0.43523024767637253 0.68924672997295866
0.57798471213318403 0.26612650044262409 0.11323008909821511 1.3397954696336389
0.57798471213318403 0.26638535708189015 0.11323008909821511 1.3397954696336389
0.57798471213318403 0.26612650044262409 0.19070356450974943 1.3397954696336389
0.55783270630054171 0.26612650044262409 0.11323008909821511 1.3397954696336389
0.57798471213318403 0.26612650044262409 0.11323008909821511 2.1908941846328975
0.55783270630054171 0.26638535708189015 0.19070356450974943 2.1908941846328975
0.28519262475892898 0.14627627208828928 0.40052351877093317 2.3994612104019524
0.28519262475892898 0.13375833816826344 0.40052351877093317 2.3994612104019524
0.28519262475892898 0.14627627208828928 0.29084584079682829 2.3994612104019524
0.2845183043275028 0.14627627208828928 0.40052351877093317 2.3994612104019524
0.28519262475892898 0.14627627208828928 0.40052351877093317 2.2757442456400394
0.2845183043275028 0.13375833816826344 0.29084584079682829 2.2757442456400394
0.51706487652845678 0.46256943419575691 0.29919073916971684 0.14903407759457826
0.51706487652845678 0.31927962079644201 0.29919073916971684 0.14903407759457826
0.51706487652845678 0.46256943419575691 0.33538165539503095 0.14903407759457826
0.46150334151461714 0.46256943419575691 0.29919073916971684 0.14903407759457826
0.51706487652845678 0.46256943419575691 0.29919073916971684 0.97250679785132421
0.46150334151461714 0.31927962079644201 0.33538165539503095 0.97250679785132421
0.23406233042478558 0.49550789929926398 0.32037182450294499 1.3827745009836556
0.23406233042478558 0.17722821161150934 0.32037182450294499 1.3827745009836556
0.23406233042478558 0.49550789929926398 0.35765902698040009 1.3827745009836556
0.15793418902903794 0.49550789929926398 0.32037182450294499 1.3827745009836556
0.23406233042478558 0.49550789929926398 0.32037182450294499 0.53951599346831447
0.15793418902903794 0.17722821161150934 0.35765902698040009 0.53951599346831447
0.46430939245037728 0.1136139962822199 0.17836352847516537 2.0790325953319666
0.46430939245037728 0.36348350681364539 0.17836352847516537 2.0790325953319666
0.46430939245037728 0.1136139962822199 0.21312318854033949 2.0790325953319666
0.59033374316059051 0.1136139962822199 0.17836352847516537 2.0790325953319666
0.46430939245037728 0.1136139962822199 0.17836352847516537 1.9492271852584184
0.59033374316059051 0.36348350681364539 0.21312318854033949 1.9492271852584184
0.17310960199683903 0.29917778000235562 0.49065740816295145 0.28415724085062743
0.17310960199683903 0.43637255728244784 0.49065740816295145 0.28415724085062743
0.17310960199683903 0.29917778000235562 0.11298169903457166 0.28415724085062743
0.21394617338664829 0.29917778000235562 0.49065740816295145 0.28415724085062743
0.17310960199683903 0.29917778000235562 0.49065740816295145 2.5864943924130501
0.21394617338664829 0.43637255728244784 0.11298169903457166 2.5864943924130501
0.60652007772587235 0.31708865985274315 0.2080803766846657 2.5345282231059669
0.60652007772587235 0.22272618077695372 0.2080803766846657 2.5345282231059669
0.60652007772587235 0.31708865985274315 0.4575083583593369 2.5345282231059669
0.53461698060855267 0.31708865985274315 0.2080803766846657 2.5345282231059669
0.60652007772587235 0.31708865985274315 0.2080803766846657 1.0071103304018081
0.53461698060855267 0.22272618077695372 0.4575083583593369 1.0071103304018081
0.45176173262298103 0.38578156419098375 0.43648040667176247 2.6996980858623982
0.45176173262298103 0.29336866810917855 0.43648040667176247 2.6996980858623982
0.45176173262298103 0.38578156419098375 0.30755182914435863 2.6996980858623982
0.33951377477496858 0.38578156419098375 0.43648040667176247 2.6996980858623982
0.45176173262298103 0.38578156419098375 0.43648040667176247 2.7223196681447326
0.33951377477496858 0.29336866810917855 0.30755182914435863 2.7223196681447326
0.34812097172252826 0.20537691898643973 0.26322250254452229 0.49460311415851121
0.34812097172252826 0.45320871956646447 0.26322250254452229 0.49460311415851121
0.34812097172252826 0.20537691898643973 0.26302209198474885 0.49460311415851121
0.40620766594074659 0.20537691898643973 0.26322250254452229 0.49460311415851121
0.34812097172252826 0.20537691898643973 0.26322250254452229 1.2624073794479669
0.40620766594074659 0.45320871956646447 0.26302209198474885 1.2624073794479669
0.63454975429922333 0.18241714611649515 0.35051279403269298 1.5548083789443972
0.63454975429922333 0.34675187021493914 0.35051279403269298 1.5548083789443972
0.63454975429922333 0.18241714611649515 0.16326588690280913 1.5548083789443972
0.11115316119976341 0.18241714611649515 0.35051279403269298 1.5548083789443972
0.63454975429922333 0.18241714611649515 0.35051279403269298 0.25687263740196825
0.11115316119976341 0.34675187021493914 0.16326588690280913 0.25687263740196825
0.08407492539845407 0.40181728377938275 0.14918615743517877 0.81181264684736731
0.08407492539845407 0.10649340562522412 0.14918615743517877 0.81181264684736731
0.08407492539845407 0.40181728377938275 0.40779865197837351 0.81181264684736731
0.63486846042796963 0.40181728377938275 0.14918615743517877 0.81181264684736731
0.08407492539845407 0.40181728377938275 0.14918615743517877 1.8867950949038566
0.63486846042796963 0.10649340562522412 0.40779865197837351 1.8867950949038566
0.47675323430448763 0.41285019442439086 0.37419986277818684 2.3234731207004189
0.47675323430448763 0.42166469655930994 0.37419986277818684 2.3234731207004189
0.47675323430448763 0.41285019442439086 0.2570275936275721 2.3234731207004189
0.44871681947261088 0.41285019442439086 0.37419986277818684 2.3234731207004189
0.47675323430448763 0.41285019442439086 0.37419986277818684 0.40737263866543777
0.44871681947261088 0.42166469655930994 0.2570275936275721 0.40737263866543777
0.22076858780346809 0.1963861458003521 0.12550227753818036 0.12985613872736693
0.22076858780346809 0.23135818243026735 0.12550227753818036 0.12985613872736693
0.22076858780346809 0.1963861458003521 0.31406035795807841 0.12985613872736693
0.302050502365455 0.1963861458003521 0.12550227753818036 0.12985613872736693
0.22076858780346809 0.1963861458003521 0.12550227753818036 1.7133082116115095
0.302050502365455 0.23135818243026735 0.31406035795807841 1.7133082116115095
0.57829620055854314 0.21621193923056126 0.43818399570882327 1.925625334456265
0.57829620055854314 0.16870034672319889 0.43818399570882327 1.925625334456265
0.57829620055854314 0.21621193923056126 0.41381434574723241 1.925625334456265
0.67742472668178377 0.21621193923056126 0.43818399570882327 1.925625334456265
0.57829620055854314 0.21621193923056126 0.43818399570882327 2.7303053740721941
0.67742472668178377 0.16870034672319889 0.41381434574723241 2.7303053740721941
0.20047744731418787 0.39994310773909092 0.26151571273803709 1.1711740992006661
0.20047744731418787 0.37849082574248316 0.26151571273803709 1.1711740992006661
0.20047744731418787 0.39994310773909092 0.15678460933268071 1.1711740992006661
0.073717162664979699 0.39994310773909092 0.26151571273803709 1.1711740992006661
0.20047744731418787 0.39994310773909092 0.26151571273803709 1.2313560445696117
0.073717162664979699 0.37849082574248316 0.15678460933268071 1.2313560445696117
0.37077733781188721 0.3062442786991596 0.48309127613902092 1.0125253314214946
0.37077733781188721 0.3116279374808073 0.48309127613902092 1.0125253314214946
0.37077733781188721 0.3062442786991596 0.20671975389122965 1.0125253314214946
0.55158422794193029 0.3062442786991596 0.48309127613902092 1.0125253314214946
0.37077733781188721 0.3062442786991596 0.48309127613902092 2.4865835735738275
0.55158422794193029 0.3116279374808073 0.20671975389122965 2.4865835735738275
0.42836828543804578 0.28501948788762094 0.21564331986010077 1.7201714692115786
0.42836828543804578 0.14802965372800828 0.21564331986010077 1.7201714692115786
0.42836828543804578 0.28501948788762094 0.36374641396105289 1.7201714692115786
0.20171472742222246 0.28501948788762094 0.21564331986010077 1.7201714692115786
0.42836828543804578 0.28501948788762094 0.21564331986010077 1.1300867672121526
0.20171472742222246 0.14802965372800828 0.36374641396105289 1.1300867672121526
0.066069732606410983 0.10257783420383931 0.30332860238850118 0.66051150380313406
0.066069732606410983 0.25211966820061205 0.30332860238850118 0.66051150380313406
0.066069732606410983 0.10257783420383931 0.46389636732637884 0.66051150380313406
0.49591953721828752 0.10257783420383931 0.30332860238850118 0.66051150380313406
0.066069732606410983 0.10257783420383931 0.30332860238850118 0.48130087929308418
0.49591953721828752 0.25211966820061205 0.46389636732637884 0.48130087929308418
0.65182413267903028 0.48154826052486899 0.19540995135903361 2.8995169291889669
0.65182413267903028 0.48842458501458175 0.19540995135903361 2.8995169291889669
0.65182413267903028 0.48154826052486899 0.10686052814126015 2.8995169291889669
0.25775894476100802 0.48154826052486899 0.19540995135903361 2.8995169291889669
0.65182413267903028 0.48154826052486899 0.19540995135903361 2.0304291704827548
0.25775894476100802 0.48842458501458175 0.10686052814126015 2.0304291704827548
0.097082326840609301 0.45173182711005211 0.4242013465613127 1.6710820412415268
0.097082326840609301 0.20886650010943414 0.4242013465613127 1.6710820412415268
0.097082326840609301 0.45173182711005211 0.18460816666483881 1.6710820412415268
0.60162069909274574 0.45173182711005211 0.4242013465613127 1.6710820412415268
0.097082326840609301 0.45173182711005211 0.4242013465613127 2.4288972946085035
0.60162069909274574 0.20886650010943414 0.18460816666483881 2.4288972946085035
0.68438474056310949 0.1321119748055935 0.27550990134477615 0.96340188811898242
0.68438474056310949 0.4443396870046854 0.27550990134477615 0.96340188811898242
0.68438474056310949 0.1321119748055935 0.44164398200809962 0.96340188811898242
0.14914666633121668 0.1321119748055935 0.27550990134477615 0.96340188811898242
0.68438474056310949 0.1321119748055935 0.27550990134477615 0.79627688762560489
0.14914666633121668 0.4443396870046854 0.44164398200809962 0.79627688762560489
0.32050404148176309 0.25509615279734132 0.38819468021392822 2.7582716868358852
0.32050404148176309 0.35551132261753082 0.38819468021392822 2.7582716868358852
0.32050404148176309 0.25509615279734132 0.34149176366627221 2.7582716868358852
0.50531861060298977 0.25509615279734132 0.38819468021392822 2.7582716868358852
0.32050404148176309 0.25509615279734132 0.38819468021392822 0.69997547381356362
0.50531861060298977 0.35551132261753082 0.34149176366627221 0.69997547381356362
0.37971986890770487 0.33567170836031435 0.11152033470571042 0.51932254375934606
0.37971986890770487 0.19108150266110899 0.11152033470571042 0.51932254375934606
0.37971986890770487 0.33567170836031435 0.28446507975459101 0.51932254375934606
0.24582332232967019 0.33567170836031435 0.11152033470571042 0.51932254375934606
0.37971986890770487 0.33567170836031435 0.11152033470571042 2.1571898130293188
0.24582332232967019 0.19108150266110899 0.28446507975459101 2.1571898130293188
0.54970396747812622 0.36697879210114481 0.33308366276323798 0.3627875686720014
0.54970396747812622 0.1234389252960682 0.33308366276323798 0.3627875686720014
0.54970396747812622 0.36697879210114481 0.13450708277523518 0.3627875686720014
0.37948802039027207 0.36697879210114481 0.33308366276323798 0.3627875686720014
0.54970396747812622 0.36697879210114481 0.33308366276323798 0.096400508359819656
0.37948802039027207 0.1234389252960682 0.13450708277523518 0.096400508359819656
0.17089199577458203 0.24889702573418618 0.16564182564616203 2.5564607011970879
0.17089199577458203 0.33562034256756307 0.16564182564616203 2.5564607011970879
0.17089199577458203 0.24889702573418618 0.49153679534792905 2.5564607011970879
0.37381095918826751 0.24889702573418618 0.16564182564616203 2.5564607011970879
0.17089199577458203 0.24889702573418618 0.16564182564616203 1.6788423050083221
0.37381095918826751 0.33562034256756307 0.49153679534792905 1.6788423050083221
0.52936753639951339 0.1633088130503893 0.45332399383187294 1.4962609043374659
0.52936753639951339 0.46432145982980733 0.45332399383187294 1.4962609043374659
0.52936753639951339 0.1633088130503893 0.3917820684611798 1.4962609043374659
0.64881348893977697 0.1633088130503893 0.45332399383187294 1.4962609043374659
0.52936753639951339 0.1633088130503893 0.45332399383187294 2.8799041172523796
0.64881348893977697 0.46432145982980733 0.3917820684611798 2.8799041172523796
0.27247149669565257 0.44542245455086238 0.24539925344288349 2.2506786952087281
0.27247149669565257 0.27640607766807079 0.24539925344288349 2.2506786952087281
0.27247149669565257 0.44542245455086238 0.2347492802888155 2.2506786952087281
0.10486501725390554 0.44542245455086238 0.24539925344288349 2.2506786952087281
0.27247149669565257 0.44542245455086238 0.24539925344288349 1.4732506600995363
0.10486501725390554 0.27640607766807079 0.2347492802888155 1.4732506600995363
0.47182459076866501 0.44602209366858003 0.33380683809518819 1.6186161550788583
0.47182459076866501 0.21477900110185147 0.33380683809518819 1.6186161550788583
0.47182459076866501 0.44602209366858003 0.15630822889506818 1.6186161550788583
0.14192397538572549 0.44602209366858003 0.33380683809518819 1.6186161550788583
0.47182459076866501 0.44602209366858003 0.33380683809518819 2.6667856247965993
0.14192397538572549 0.21477900110185147 0.15630822889506818 2.6667856247965993
0.24662714009173214 0.16388409771025181 0.16648114435374739 0.92249506632074718
0.24662714009173214 0.42613121271133425 0.16648114435374739 0.92249506632074718
0.24662714009173214 0.16388409771025181 0.41333796381950383 0.92249506632074718
0.60471256575547161 0.16388409771025181 0.16648114435374739 0.92249506632074718
0.24662714009173214 0.16388409771025181 0.16648114435374739 1.3189350811474025
0.60471256575547161 0.42613121271133425 0.41333796381950383 1.3189350811474025
0.61399129787459972 0.24871236607432368 0.45418774150311947 2.8110944759647549
0.61399129787459972 0.37401853539049623 0.45418774150311947 2.8110944759647549
0.61399129787459972 0.24871236607432368 0.31348713040351872 2.8110944759647549
0.24843926732428367 0.24871236607432368 0.45418774150311947 2.8110944759647549
0.61399129787459972 0.24871236607432368 0.45418774150311947 0.29811515748247508
0.24843926732428367 0.37401853539049623 0.31348713040351872 0.29811515748247508
0.18570729964412747 0.36676977798342703 0.2460979998111725 0.56058644420012838
0.18570729964412747 0.18527223691344263 0.2460979998111725 0.56058644420012838
0.18570729964412747 0.36676977798342703 0.25645436756312845 0.56058644420012838
0.49793676575645796 0.36676977798342703 0.2460979998111725 0.56058644420012838
0.18570729964412747 0.36676977798342703 0.2460979998111725 1.8443762350319328
0.49793676575645796 0.18527223691344263 0.25645436756312845 1.8443762350319328
0.33539867652580135 0.3354626346379519 0.42492453977465627 0.4026579494388402
0.33539867652580135 0.10601768605411054 0.42492453977465627 0.4026579494388402
0.33539867652580135 0.3354626346379519 0.10660462379455567 0.4026579494388402
0.36659191977232691 0.3354626346379519 0.42492453977465627 0.4026579494388402
0.33539867652580135 0.3354626346379519 0.42492453977465627 0.58973621164724233
0.36659191977232691 0.10601768605411054 0.10660462379455567 0.58973621164724233
0.44408656922169021 0.25491155274212363 0.27634921409189706 2.6077986189521849
0.44408656922169021 0.34075781553983686 0.27634921409189706 2.6077986189521849
0.44408656922169021 0.25491155274212363 0.46364046446979046 2.6077986189521849
0.38258617310784754 0.25491155274212363 0.27634921409189706 2.6077986189521849
0.44408656922169021 0.25491155274212363 0.27634921409189706 1.8985614848057928
0.38258617310784754 0.34075781553983686 0.46364046446979046 1.8985614848057928
0.071317330468446016 0.13268719986081123 0.38905844576656823 1.4567475802536309
0.071317330468446016 0.45929961986839773 0.38905844576656823 1.4567475802536309
0.071317330468446016 0.13268719986081123 0.36339213959872729 1.4567475802536309
0.10748476875014602 0.13268719986081123 0.38905844576656823 1.4567475802536309
0.071317330468446016 0.13268719986081123 0.38905844576656823 2.5507203146456181
0.10748476875014602 0.45929961986839773 0.36339213959872729 2.5507203146456181
0.62692111642099912 0.45233152583241465 0.11221907511353493 2.199697658460289
0.62692111642099912 0.29413807168602946 0.11221907511353493 2.199697658460289
0.62692111642099912 0.45233152583241465 0.20636547803878785 2.199697658460289
0.64143777517601841 0.45233152583241465 0.11221907511353493 2.199697658460289
0.62692111642099912 0.45233152583241465 0.11221907511353493 1.0431472090028227
0.64143777517601841 0.29413807168602946 0.20636547803878785 1.0431472090028227
0.12294322308152913 0.48177863694727419 0.48380833379924304 2.2823883717031777
0.12294322308152913 0.40158846303820617 0.48380833379924304 2.2823883717031777
0.12294322308152913 0.48177863694727419 0.28486860543489456 2.2823883717031777
0.29498708881437774 0.48177863694727419 0.48380833379924304 2.2823883717031777
0.12294322308152913 0.48177863694727419 0.48380833379924304 0.64719477014929061
0.29498708881437774 0.40158846303820617 0.28486860543489456 0.64719477014929061
0.67945871218107634 0.10273502804338933 0.21648875623941422 0.077214082129150624
0.67945871218107634 0.23872342742979527 0.21648875623941422 0.077214082129150624
0.67945871218107634 0.10273502804338933 0.3418952908366919 0.077214082129150624
0.45164949591271575 0.10273502804338933 0.21648875623941422 0.077214082129150624
0.67945871218107634 0.10273502804338933 0.21648875623941422 2.2325034290853143
0.45164949591271575 0.23872342742979527 0.3418952908366919 2.2325034290853143
0.30573123991489404 0.28447166904807092 0.30419843792915346 1.9663531914670767
0.30573123991489404 0.16121880114078524 0.30419843792915346 1.9663531914670767
0.30573123991489404 0.28447166904807092 0.4421443548053503 1.9663531914670767
0.076492540026083591 0.28447166904807092 0.30419843792915346 1.9663531914670767
0.30573123991489404 0.28447166904807092 0.30419843792915346 2.3319080337890981
0.076492540026083591 0.16121880114078524 0.4421443548053503 2.3319080337890981
0.41541266101412472 0.30562327727675442 0.19610260985791683 1.2234590881361069
0.41541266101412472 0.39825525544583795 0.19610260985791683 1.2234590881361069
0.41541266101412472 0.30562327727675442 0.18510853797197344 1.2234590881361069
0.66988353664055467 0.30562327727675442 0.19610260985791683 1.2234590881361069
0.41541266101412472 0.30562327727675442 0.19610260985791683 0.91660866527646789
0.66988353664055467 0.39825525544583795 0.18510853797197344 0.91660866527646789
0.56541990730911496 0.39932204671204097 0.3749169144779444 1.0633269641916454
0.56541990730911496 0.31821796372532846 0.3749169144779444 1.0633269641916454
0.56541990730911496 0.39932204671204097 0.23498113416135313 1.0633269641916454
0.19465510100126265 0.39932204671204097 0.3749169144779444 1.0633269641916454
0.56541990730911496 0.39932204671204097 0.3749169144779444 2.9775356562820079
0.19465510100126265 0.31821796372532846 0.23498113416135313 2.9775356562820079
0.13551071933470665 0.21566417999565601 0.12634773179888725 1.7595045109353962
0.13551071933470665 0.12874084599316121 0.12634773179888725 1.7595045109353962
0.13551071933470665 0.21566417999565601 0.3920139208436012 1.7595045109353962
0.55452301609329879 0.21566417999565601 0.12634773179888725 1.7595045109353962
0.13551071933470665 0.21566417999565601 0.12634773179888725 1.3535386740866304
0.55452301609329879 0.12874084599316121 0.3920139208436012 1.3535386740866304
0.50446717403829089 0.19654328003525734 0.43905382528901105 0.60935282532975088
0.50446717403829089 0.27110906988382344 0.43905382528901105 0.60935282532975088
0.50446717403829089 0.19654328003525734 0.49186701923608778 0.60935282532975088
0.26053795428015292 0.19654328003525734 0.43905382528901105 0.60935282532975088
0.50446717403829089 0.19654328003525734 0.43905382528901105 0.1483843496093154
0.26053795428015292 0.27110906988382344 0.49186701923608778 0.1483843496093154
0.2777213997673243 0.41308063045144083 0.26220838911831379 2.8598270174382625
0.2777213997673243 0.48173027448356154 0.26220838911831379 2.8598270174382625
0.2777213997673243 0.41308063045144083 0.13483730815351011 2.8598270174382625
0.48838461386039844 0.41308063045144083 0.26220838911831379 2.8598270174382625
0.2777213997673243 0.41308063045144083 0.26220838911831379 1.6027093399652841
0.48838461386039844 0.48173027448356154 0.13483730815351011 1.6027093399652841
0.69197865985333917 0.40205076262354855 0.43724651001393799 1.4240811237157882
0.69197865985333917 0.19641633592545987 0.43724651001393799 1.4240811237157882
0.69197865985333917 0.40205076262354855 0.38560416884720328 1.4240811237157882
0.59834508337080472 0.40205076262354855 0.43724651001393799 1.4240811237157882
0.69197865985333917 0.40205076262354855 0.43724651001393799 0.13478292969211936
0.59834508337080472 0.19641633592545987 0.38560416884720328 0.13478292969211936
0.10972585747949778 0.18257734701037409 0.26401889324188232 2.1318069307287035
0.10972585747949778 0.35698796510696418 0.26401889324188232 2.1318069307287035
0.10972585747949778 0.18257734701037409 0.24107445701956751 2.1318069307287035
0.15594836170785129 0.18257734701037409 0.26401889324188232 2.1318069307287035
0.10972585747949778 0.18257734701037409 0.26401889324188232 1.6392975979922713
0.15594836170785129 0.35698796510696418 0.24107445701956751 1.6392975979922713
0.38727105949074025 0.20482609309256078 0.35133363753557212 0.24321312076821924
0.38727105949074025 0.44315520264208319 0.35133363753557212 0.24321312076821924
0.38727105949074025 0.20482609309256078 0.14121899828314782 0.24321312076821924
0.53215461173094802 0.20482609309256078 0.35133363753557212 0.24321312076821924
0.38727105949074025 0.20482609309256078 0.35133363753557212 2.8330118568699061
0.53215461173094802 0.44315520264208319 0.14121899828314782 2.8330118568699061
0.33318170956335957 0.38515746034681797 0.14992780797183514 2.4821165660353004
0.33318170956335957 0.20363003835082055 0.14992780797183514 2.4821165660353004
0.33318170956335957 0.38515746034681797 0.48575178571045396 2.4821165660353004
0.22179897958412764 0.38515746034681797 0.14992780797183514 2.4821165660353004
0.33318170956335957 0.38515746034681797 0.14992780797183514 1.5211281463687123
0.22179897958412764 0.20363003835082055 0.48575178571045396 1.5211281463687123
0.15809096992015836 0.31646459177136421 0.32113792188465595 2.6486798606275022
0.15809096992015836 0.28608584515750413 0.32113792188465595 2.6486798606275022
0.15809096992015836 0.31646459177136421 0.33590668067336082 2.6486798606275022
0.41422527283430094 0.31646459177136421 0.32113792188465595 2.6486798606275022
0.15809096992015836 0.31646459177136421 0.32113792188465595 2.3845067312692105
0.41422527283430094 0.28608584515750413 0.33590668067336082 2.3845067312692105
0.5419500734191387 0.29862691834568977 0.17915993705391886 0.45514377761170272
0.5419500734191387 0.47317191809415815 0.17915993705391886 0.45514377761170272
0.5419500734191387 0.29862691834568977 0.29137086458504202 0.45514377761170272
0.3375315796118229 0.29862691834568977 0.17915993705391886 0.45514377761170272
0.5419500734191387 0.29862691834568977 0.17915993705391886 0.84094430590614688
0.3375315796118229 0.47317191809415815 0.29137086458504202 0.84094430590614688
0.25963394101709125 0.11377423293888569 0.49147824570536613 1.6061893044649065
0.25963394101709125 0.32686825580894951 0.49147824570536613 1.6061893044649065
0.25963394101709125 0.11377423293888569 0.19113012142479421 1.6061893044649065
0.63241220326162872 0.11377423293888569 0.49147824570536613 1.6061893044649065
0.25963394101709125 0.11377423293888569 0.49147824570536613 0.75308108813449748
0.63241220326162872 0.32686825580894951 0.19113012142479421 0.75308108813449748
0.52165893777273586 0.49574134238064294 0.20882204510271551 0.85163450800344354
0.52165893777273586 0.11405131593346596 0.20882204510271551 0.85163450800344354
0.52165893777273586 0.49574134238064294 0.43565680608153345 0.85163450800344354
0.11900975452736019 0.49574134238064294 0.20882204510271551 0.85163450800344354
0.52165893777273586 0.49574134238064294 0.20882204510271551 2.1036302839700878
0.11900975452736019 0.11405131593346596 0.43565680608153345 2.1036302839700878
0.22852247701957817 0.46316607221961026 0.38725409507751463 0.77443198968276383
0.22852247701957817 0.38402097150683401 0.38725409507751463 0.77443198968276383
0.22852247701957817 0.46316607221961026 0.45713019445538527 0.77443198968276383
0.42512816134840242 0.46316607221961026 0.38725409507751463 0.77443198968276383
0.22852247701957817 0.46316607221961026 0.38725409507751463 2.5341054030808805
0.42512816134840242 0.38402097150683401 0.45713019445538527 2.5341054030808805
0.48955425531603391 0.14684846028685572 0.11402041576802731 2.9680019123546777
0.48955425531603391 0.16880980171263218 0.11402041576802731 2.9680019123546777
0.48955425531603391 0.14684846028685572 0.11260353364050389 2.9680019123546777
0.32916524014435705 0.14684846028685572 0.11402041576802731 2.9680019123546777
0.48955425531603391 0.14684846028685572 0.11402041576802731 1.0828390257439018
0.32916524014435705 0.16880980171263218 0.11260353364050389 1.0828390257439018
0.20818605078384278 0.26594493724405766 0.40133822076022629 1.0788684466193617
0.20818605078384278 0.23115026056766511 0.40133822076022629 1.0788684466193617
0.20818605078384278 0.26594493724405766 0.21284196414053441 1.0788684466193617
0.68394753043539813 0.26594493724405766 0.40133822076022629 1.0788684466193617
0.20818605078384278 0.26594493724405766 0.40133822076022629 0.44210884254127747
0.68394753043539813 0.23115026056766511 0.21284196414053441 0.44210884254127747
0.59113376107998195 0.34943191744387148 0.29993853121995928 1.8333667850951851
0.59113376107998195 0.41584229730069644 0.29993853121995928 1.8333667850951851
0.59113376107998195 0.34943191744387148 0.35737780407071118 1.8333667850951851
0.070006017293781045 0.34943191744387148 0.29993853121995928 1.8333667850951851
0.59113376107998195 0.34943191744387148 0.29993853121995928 2.0691644377556444
0.070006017293781045 0.41584229730069644 0.35737780407071118 2.0691644377556444
0.41572474995627995 0.355733136087656 0.47113641276955609 1.9963772342087329
0.41572474995627995 0.49908091500401497 0.47113641276955609 1.9963772342087329
0.41572474995627995 0.355733136087656 0.40724883712828164 1.9963772342087329
0.56600828301161521 0.355733136087656 0.47113641276955609 1.9963772342087329
0.41572474995627995 0.355733136087656 0.47113641276955609 0.35345762852042917
0.56600828301161521 0.49908091500401497 0.40724883712828164 0.35345762852042917
0.36318341367878015 0.23475243821740152 0.22915233857929707 1.2885954523201288
0.36318341367878015 0.26038418896496296 0.22915233857929707 1.2885954523201288
0.36318341367878015 0.23475243821740152 0.16271607354283335 1.2885954523201288
0.18574854522012174 0.23475243821740152 0.22915233857929707 1.2885954523201288
0.36318341367878015 0.23475243821740152 0.22915233857929707 1.7660581691703201
0.18574854522012174 0.26038418896496296 0.16271607354283335 1.7660581691703201
0.63914646944031117 0.15304019637405875 0.34146753288805487 2.4387414064849913
0.63914646944031117 0.13947287946939468 0.34146753288805487 2.4387414064849913
0.63914646944031117 0.15304019637405875 0.26257074549794202 2.4387414064849913
0.45920520913787177 0.15304019637405875 0.34146753288805487 2.4387414064849913
0.63914646944031117 0.15304019637405875 0.34146753288805487 2.7753256382933258
0.45920520913787177 0.13947287946939468 0.26257074549794202 2.7753256382933258
0.058518546866253018 0.43186409063637254 0.15881745144724846 0.19987158127859236
0.058518546866253018 0.30087314061820508 0.15881745144724846 0.19987158127859236
0.058518546866253018 0.43186409063637254 0.30710048116743566 0.19987158127859236
0.29221672443673014 0.43186409063637254 0.15881745144724846 0.19987158127859236
0.058518546866253018 0.43186409063637254 0.15881745144724846 1.1873181514945628
0.29221672443673014 0.30087314061820508 0.30710048116743566 1.1873181514945628
0.2967552626971155 0.42727511525154116 0.46069086380302904 0.79478714123323568
0.2967552626971155 0.28843804001808171 0.46069086380302904 0.79478714123323568
0.2967552626971155 0.42727511525154116 0.35563132390379903 0.79478714123323568
0.52198471510782829 0.42727511525154116 0.46069086380302904 0.79478714123323568
0.2967552626971155 0.42727511525154116 0.46069086380302904 1.1560390192945302
0.52198471510782829 0.28843804001808171 0.35563132390379903 1.1560390192945302
0.40163626754656429 0.15763107538223267 0.24058369472622873 1.5723679461397231
0.40163626754656429 0.45208442173898222 0.24058369472622873 1.5723679461397231
0.40163626754656429 0.15763107538223267 0.22359853573143484 1.5723679461397231
0.23201098986901342 0.15763107538223267 0.24058369472622873 1.5723679461397231
0.40163626754656429 0.15763107538223267 0.24058369472622873 2.4605469584162534
0.23201098986901342 0.45208442173898222 0.22359853573143484 2.4605469584162534
0.11392756332643329 0.22996548376977444 0.32790146693587308 0.51198838845923544
0.11392756332643329 0.34797301515936852 0.32790146693587308 0.51198838845923544
0.11392756332643329 0.22996548376977444 0.12374620027840139 0.51198838845923544
0.58812311734072864 0.22996548376977444 0.32790146693587308 0.51198838845923544
0.11392756332643329 0.22996548376977444 0.32790146693587308 2.0045666066648065
0.58812311734072864 0.34797301515936852 0.12374620027840139 2.0045666066648065
0.66572198187932363 0.36051666103303437 0.17337523736059668 2.6824983312727513
0.66572198187932363 0.11171771623194218 0.17337523736059668 2.6824983312727513
0.66572198187932363 0.36051666103303437 0.4557759128510952 2.6824983312727513
0.16612813659012315 0.36051666103303437 0.17337523736059668 2.6824983312727513
0.66572198187932363 0.36051666103303437 0.17337523736059668 0.50706792458787564
0.16612813659012315 0.11171771623194218 0.4557759128510952 0.50706792458787564
0.5157045050058513 0.34171565622091293 0.3945731218904257 2.5173741443662343
0.5157045050058513 0.1784493550658226 0.3945731218904257 2.5173741443662343
0.5157045050058513 0.34171565622091293 0.30572020001709466 2.5173741443662343
0.62231917278841131 0.34171565622091293 0.3945731218904257 2.5173741443662343
0.5157045050058513 0.34171565622091293 0.3945731218904257 1.739260727208406
0.62231917278841131 0.1784493550658226 0.30572020001709466 1.739260727208406
0.28415831448510287 0.27365853041410448 0.10571558177471162 0.30149683930143717
0.28415831448510287 0.36870781891047955 0.10571558177471162 0.30149683930143717
0.28415831448510287 0.27365853041410448 0.27369351610541348 0.30149683930143717
0.12913993955589831 0.27365853041410448 0.10571558177471162 0.30149683930143717
0.28415831448510287 0.27365853041410448 0.10571558177471162 0.38133575999334457
0.12913993955589831 0.36870781891047955 0.27369351610541348 0.38133575999334457
0.57661757511086764 0.13894031755626202 0.41803081482648852 2.0965464866773784
0.57661757511086764 0.43144193068146708 0.41803081482648852 2.0965464866773784
0.57661757511086764 0.13894031755626202 0.17344368919730185 2.0965464866773784
0.40408513206057245 0.13894031755626202 0.41803081482648852 2.0965464866773784
0.57661757511086764 0.13894031755626202 0.41803081482648852 1.2054937442661824
0.40408513206057245 0.43144193068146708 0.17344368919730185 1.2054937442661824
0.14198731658980249 0.4710784088820219 0.28225421719253063 1.3657946712194384
0.14198731658980249 0.22160188145935536 0.28225421719253063 1.3657946712194384
0.14198731658980249 0.4710784088820219 0.4054795045405627 1.3657946712194384
0.34763448834419247 0.4710784088820219 0.28225421719253063 1.3657946712194384
0.14198731658980249 0.4710784088820219 0.28225421719253063 2.756072155852467
0.34763448834419247 0.22160188145935536 0.4054795045405627 2.756072155852467
0.60787175628356638 0.48802565038204193 0.31068321540951727 0.16605326435014606
0.60787175628356638 0.47641955651342871 0.31068321540951727 0.16605326435014606
0.60787175628356638 0.48802565038204193 0.47775859273970134 0.16605326435014606
0.69408025434240694 0.48802565038204193 0.31068321540951727 0.16605326435014606
0.60787175628356638 0.48802565038204193 0.31068321540951727 1.7046148786181212
0.69408025434240694 0.47641955651342871 0.47775859273970134 1.7046148786181212
0.17415257617831228 0.12148801386356355 0.19058214016258718 2.3818967297588287
0.17415257617831228 0.26428618952631955 0.19058214016258718 2.3818967297588287
0.17415257617831228 0.12148801386356355 0.14572275355458261 2.3818967297588287
0.059915484534576541 0.12148801386356355 0.19058214016258718 2.3818967297588287
0.17415257617831228 0.12148801386356355 0.19058214016258718 0.070543648533225062
0.059915484534576541 0.26428618952631955 0.14572275355458261 0.070543648533225062
0.46566538601182395 0.29071858786046506 0.47789691723883154 1.3224165251712503
0.46566538601182395 0.13556372784078122 0.47789691723883154 1.3224165251712503
0.46566538601182395 0.29071858786046506 0.24597031548619272 1.3224165251712503
0.43522865227423602 0.29071858786046506 0.47789691723883154 1.3224165251712503
0.46566538601182395 0.29071858786046506 0.47789691723883154 1.4472086813235283
0.43522865227423602 0.13556372784078122 0.24597031548619272 1.4472086813235283
0.23511209916323422 0.32437635920941832 0.22336457595229151 2.0532247986148295
0.23511209916323422 0.3235286802053452 0.22336457595229151 2.0532247986148295
0.23511209916323422 0.32437635920941832 0.37799697555601597 2.0532247986148295
0.31902263555675742 0.32437635920941832 0.22336457595229151 2.0532247986148295
0.23511209916323422 0.32437635920941832 0.22336457595229151 2.9058504786872863
0.31902263555675742 0.3235286802053452 0.37799697555601597 2.9058504786872863
0.085411116434261192 0.38056906014680869 0.44457468688488011 1.8916535230655969
0.085411116434261192 0.39104005582630641 0.44457468688488011 1.8916535230655969
0.085411116434261192 0.38056906014680869 0.42802981212735181 1.8916535230655969
0.46941479919478291 0.38056906014680869 0.44457468688488011 1.8916535230655969
0.085411116434261192 0.38056906014680869 0.44457468688488011 0.82204902204453956
0.46941479919478291 0.39104005582630641 0.42802981212735181 0.82204902204453956
0.63557972051203249 0.20941716581583025 0.25572321973741052 1.114128693034798
0.63557972051203249 0.15551877096295358 0.25572321973741052 1.114128693034798
0.63557972051203249 0.20941716581583025 0.19600007571280004 1.114128693034798
0.28204436642117797 0.20941716581583025 0.25572321973741052 1.114128693034798
0.63557972051203249 0.20941716581583025 0.25572321973741052 2.4030408739727736
0.28204436642117797 0.15551877096295358 0.19600007571280004 2.4030408739727736
0.3494527799542993 0.17779019884765149 0.36804148964583872 2.9097180401046576
0.3494527799542993 0.24442345909774305 0.36804148964583872 2.9097180401046576
0.3494527799542993 0.17779019884765149 0.29585167206823826 2.9097180401046576
0.57619059919379645 0.17779019884765149 0.36804148964583872 2.9097180401046576
0.3494527799542993 0.17779019884765149 0.36804148964583872 2.1311473950624467
0.57619059919379645 0.24442345909774305 0.29585167206823826 2.1311473950624467
0.45278483647853129 0.40683371238410471 0.13225875347852709 0.73917447723045948
0.45278483647853129 0.40880366116762168 0.13225875347852709 0.73917447723045948
0.45278483647853129 0.40683371238410471 0.32788443639874459 0.73917447723045948
0.17552907448261973 0.40683371238410471 0.13225875347852709 0.73917447723045948
0.45278483647853129 0.40683371238410471 0.13225875347852709 0.72592227443933488
0.17552907448261973 0.40880366116762168 0.32788443639874459 0.72592227443933488
0.20196732706390319 0.42079765759408472 0.35724508985877035 2.2565452228663863
0.20196732706390319 0.11928744912147522 0.35724508985877035 2.2565452228663863
0.20196732706390319 0.42079765759408472 0.17711361646652224 2.2565452228663863
0.23821981837972994 0.42079765759408472 0.35724508985877035 2.2565452228663863
0.20196732706390319 0.42079765759408472 0.35724508985877035 2.2168467441488802
0.23821981837972994 0.11928744912147522 0.17711361646652224 2.2168467441488802
0.57947985548526049 0.18883045278489591 0.14305204786360265 1.4905686531047524
0.57947985548526049 0.3337172742933035 0.14305204786360265 1.4905686531047524
0.57947985548526049 0.18883045278489591 0.44664638154208658 1.4905686531047524
0.50811906014569097 0.18883045278489591 0.14305204786360265 1.4905686531047524
0.57947985548526049 0.18883045278489591 0.14305204786360265 0.66320989521995188
0.50811906014569097 0.3337172742933035 0.44664638154208658 0.66320989521995188
0.22226409013383086 0.2235730826854706 0.43076167292892931 2.5509539422260223
0.22226409013383086 0.46632290109992025 0.43076167292892931 2.5509539422260223
0.22226409013383086 0.2235730826854706 0.34679247252643108 2.5509539422260223
0.13175163916312158 0.2235730826854706 0.43076167292892931 2.5509539422260223
0.22226409013383086 0.2235730826854706 0.43076167292892931 0.94664445362880834
0.13175163916312158 0.46632290109992025 0.34679247252643108 0.94664445362880834
0.47794003225862974 0.3914104700088501 0.26953932717442514 0.36883963251039392
0.47794003225862974 0.28084971047937868 0.26953932717442514 0.36883963251039392
0.47794003225862974 0.3914104700088501 0.27726273536682133 0.36883963251039392
0.61492213401943441 0.3914104700088501 0.26953932717442514 0.36883963251039392
0.47794003225862974 0.3914104700088501 0.26953932717442514 2.3015109835012257
0.61492213401943441 0.28084971047937868 0.27726273536682133 2.3015109835012257
0.65333943753503254 0.31021148674190047 0.49835363477468497 0.52532893174782402
0.65333943753503254 0.21086793988943101 0.49835363477468497 0.52532893174782402
0.65333943753503254 0.31021148674190047 0.12720860950648785 0.52532893174782402
0.097342185955494639 0.31021148674190047 0.49835363477468497 0.52532893174782402
0.65333943753503254 0.31021148674190047 0.49835363477468497 1.4148981478072704
0.097342185955494639 0.21086793988943101 0.12720860950648785 1.4148981478072704
0.067276333086192602 0.27988002412021162 0.20291096381843091 2.7528106037147344
0.067276333086192602 0.44878332130610943 0.20291096381843091 2.7528106037147344
0.067276333086192602 0.27988002412021162 0.49673526883125307 2.7528106037147344
0.65153824430890372 0.27988002412021162 0.20291096381843091 2.7528106037147344
0.067276333086192602 0.27988002412021162 0.20291096381843091 2.915095482070595
0.65153824430890372 0.44878332130610943 0.49673526883125307 2.915095482070595
0.42987803551368409 0.10752122253179551 0.31561711989343166 0.95775531273618353
0.42987803551368409 0.35135984793305397 0.31561711989343166 0.95775531273618353
0.42987803551368409 0.10752122253179551 0.39649607539176945 0.95775531273618353
0.35650140880607062 0.10752122253179551 0.31561711989343166 0.95775531273618353
0.42987803551368409 0.10752122253179551 0.31561711989343166 1.5269904275996984
0.35650140880607062 0.35135984793305397 0.39649607539176945 1.5269904275996984
0.37198086306452743 0.47699435204267504 0.18564514219760897 1.67690289304927
0.37198086306452743 0.18917843289673331 0.18564514219760897 1.67690289304927
0.37198086306452743 0.47699435204267504 0.2269602369517088 1.67690289304927
0.39271887522190801 0.47699435204267504 0.18564514219760897 1.67690289304927
0.37198086306452743 0.47699435204267504 0.18564514219760897 0.22518114066436887
0.39271887522190801 0.18917843289673331 0.2269602369517088 0.22518114066436887
0.37819590014405541 0.45691916607320315 0.40724355615675456 2.8936454880835116
0.37819590014405541 0.30650125779211523 0.40724355615675456 2.8936454880835116
0.37819590014405541 0.45691916607320315 0.25470654033124451 2.8936454880835116
0.086595470551401377 0.45691916607320315 0.40724355615675456 2.8936454880835116
0.37819590014405541 0.45691916607320315 0.40724355615675456 1.2881794699478151
0.086595470551401377 0.30650125779211523 0.25470654033124451 1.2881794699478151
0.31930613396689289 0.1280953671783209 0.29304437860846522 0.66619743617728355
0.31930613396689289 0.14671078249812128 0.29304437860846522 0.66619743617728355
0.31930613396689289 0.1280953671783209 0.3242423549294472 0.66619743617728355
0.65974337407387784 0.1280953671783209 0.29304437860846522 0.66619743617728355
0.31930613396689289 0.1280953671783209 0.29304437860846522 2.6964632035899161
0.65974337407387784 0.14671078249812128 0.3242423549294472 2.6964632035899161
0.68286381796933704 0.25969793498516081 0.38075103238224983 1.7256831526102128
0.68286381796933704 0.25314628742635248 0.38075103238224983 1.7256831526102128
0.68286381796933704 0.25969793498516081 0.42448233515024192 1.7256831526102128
0.30511729563586409 0.25969793498516081 0.38075103238224983 1.7256831526102128
0.68286381796933704 0.25969793498516081 0.38075103238224983 1.8607527208560706
0.30511729563586409 0.25314628742635248 0.42448233515024192 1.8607527208560706
0.095889945048838854 0.33067891895771029 0.11953475661575795 1.0064795974214376
0.095889945048838854 0.49345279633998873 0.11953475661575795 1.0064795974214376
0.095889945048838854 0.33067891895771029 0.15495565198361874 1.0064795974214376
0.44155644364655011 0.33067891895771029 0.11953475661575795 1.0064795974214376
0.095889945048838854 0.33067891895771029 0.11953475661575795 0.28281948194682599
0.44155644364655011 0.49345279633998873 0.15495565198361874 0.28281948194682599
0.27097045411355791 0.37448622994124892 0.34836129359900952 1.1651726356397569
0.27097045411355791 0.42269131429493434 0.34836129359900952 1.1651726356397569
0.27097045411355791 0.37448622994124892 0.2049838736653328 1.1651726356397569
0.27071775095537304 0.37448622994124892 0.34836129359900952 1.1651726356397569
0.27097045411355791 0.37448622994124892 0.34836129359900952 1.9749997149491312
0.27071775095537304 0.42269131429493434 0.2049838736653328 1.9749997149491312
0.52819503461942074 0.2409993451088667 0.15291250795125963 1.9310927474157513
0.52819503461942074 0.2363863952457905 0.15291250795125963 1.9310927474157513
0.52819503461942074 0.2409993451088667 0.37451358698308468 1.9310927474157513
0.47816262603737408 0.2409993451088667 0.15291250795125963 1.9310927474157513
0.52819503461942074 0.2409993451088667 0.15291250795125963 0.51365908972263341
0.47816262603737408 0.2363863952457905 0.37451358698308468 0.51365908972263341
0.1693878198508173 0.17179319411516192 0.46562167704105384 0.13549780066236855
0.1693878198508173 0.16357366852462291 0.46562167704105384 0.13549780066236855
0.1693878198508173 0.17179319411516192 0.4743698086589575 0.13549780066236855
0.20486713307909665 0.17179319411516192 0.46562167704105384 0.13549780066236855
0.1693878198508173 0.17179319411516192 0.46562167704105384 0.98106839554488667
0.20486713307909665 0.16357366852462291 0.4743698086589575 0.98106839554488667
0.54852585280314081 0.43811109215021138 0.23565579615533352 2.3176459500341116
0.54852585280314081 0.37717195302248008 0.23565579615533352 2.3176459500341116
0.54852585280314081 0.43811109215021138 0.1048370197415352 2.3176459500341116
0.54435309767723083 0.43811109215021138 0.23565579615533352 2.3176459500341116
0.54852585280314081 0.43811109215021138 0.23565579615533352 2.612440797767043
0.54435309767723083 0.37717195302248008 0.1048370197415352 2.612440797767043
0.13874755087308585 0.44158487692475323 0.41383950859308249 0.68689038863629104
0.13874755087308585 0.455747551843524 0.41383950859308249 0.68689038863629104
0.13874755087308585 0.44158487692475323 0.23274916224181652 0.68689038863629104
0.63837334704585369 0.44158487692475323 0.41383950859308249 0.68689038863629104
0.13874755087308585 0.44158487692475323 0.41383950859308249 2.2789338830186425
0.63837334704585369 0.455747551843524 0.23274916224181652 2.2789338830186425
0.56195235624909401 0.17350930944085122 0.28743810169398787 2.8690032929411529
0.56195235624909401 0.29122084230184553 0.28743810169398787 2.8690032929411529
0.56195235624909401 0.17350930944085122 0.38821639716625211 2.8690032929411529
0.11591742960736155 0.17350930944085122 0.28743810169398787 2.8690032929411529
0.56195235624909401 0.17350930944085122 0.28743810169398787 0.96995102817788725
0.11591742960736155 0.29122084230184553 0.38821639716625211 0.96995102817788725
0.28091126023791729 0.23869662471115591 0.39975281022489073 0.97967304773896946
0.28091126023791729 0.10864247269928456 0.39975281022489073 0.97967304773896946
0.28091126023791729 0.23869662471115591 0.48807178437709808 0.97967304773896946
0.40968550872057669 0.23869662471115591 0.39975281022489073 0.97967304773896946
0.28091126023791729 0.23869662471115591 0.39975281022489073 0.68596021257951867
0.40968550872057669 0.10864247269928456 0.48807178437709808 0.68596021257951867
0.50103195887058971 0.37081627435982234 0.10152084231376649 1.74565102291137
0.50103195887058971 0.34421255961060526 0.10152084231376649 1.74565102291137
0.50103195887058971 0.37081627435982234 0.1326015215367079 1.74565102291137
0.34427068321965631 0.37081627435982234 0.10152084231376649 1.74565102291137
0.50103195887058971 0.37081627435982234 0.10152084231376649 2.1933753851874171
0.34427068321965631 0.34421255961060526 0.1326015215367079 2.1933753851874171
0.67134176637046039 0.32711916193366053 0.32896872684359552 1.9114834929251672
0.67134176637046039 0.36406998597085483 0.32896872684359552 1.9114834929251672
0.67134176637046039 0.32711916193366053 0.28245885670185089 1.9114834929251672
0.5355853617656976 0.32711916193366053 0.32896872684359552 1.9114834929251672
0.67134176637046039 0.32711916193366053 0.32896872684359552 0.2019037942673266
0.5355853617656976 0.36406998597085483 0.28245885670185089 0.2019037942673266
0.13097341842949389 0.25750550851225851 0.17131692506372931 1.1923345072013141
0.13097341842949389 0.17625148892402651 0.17131692506372931 1.1923345072013141
0.13097341842949389 0.25750550851225851 0.33793219737708569 1.1923345072013141
0.21617378136143084 0.25750550851225851 0.17131692506372931 1.1923345072013141
0.13097341842949389 0.25750550851225851 0.17131692506372931 1.5495524857951701
0.21617378136143084 0.17625148892402651 0.33793219737708569 1.5495524857951701
0.40726342773996288 0.12970271445810796 0.45863522179424765 2.3426548420989515
0.40726342773996288 0.22370261289179327 0.45863522179424765 2.3426548420989515
0.40726342773996288 0.12970271445810796 0.43817286901175978 2.3426548420989515
0.5912699664011597 0.12970271445810796 0.45863522179424765 2.3426548420989515
0.40726342773996288 0.12970271445810796 0.45863522179424765 2.9385846941407023
0.5912699664011597 0.22370261289179327 0.43817286901175978 2.9385846941407023
0.31380853224545713 0.46028427816927431 0.24165286198258401 0.11517457554280758
0.31380853224545713 0.43578713163733485 0.24165286198258401 0.11517457554280758
0.31380853224545713 0.46028427816927431 0.18270870745182038 0.11517457554280758
0.16014963290654122 0.46028427816927431 0.24165286198258401 0.11517457554280758
0.31380853224545713 0.46028427816927431 0.24165286198258401 1.3921214131172002
0.16014963290654122 0.43578713163733485 0.18270870745182038 1.3921214131172002
0.43700640597380691 0.48085694387555122 0.36383492462337019 1.5116172733056545
0.43700640597380691 0.26853354051709177 0.36383492462337019 1.5116172733056545
0.43700640597380691 0.48085694387555122 0.1104296311736107 1.5116172733056545
0.46626791865564876 0.48085694387555122 0.36383492462337019 1.5116172733056545
0.43700640597380691 0.48085694387555122 0.36383492462337019 0.25935251489400868
0.46626791865564876 0.26853354051709177 0.1104296311736107 0.25935251489400868
0.34256077641621224 0.10962595418095589 0.13742737919092179 2.230822233905196
0.34256077641621224 0.47822713144123552 0.13742737919092179 2.230822233905196
0.34256077641621224 0.10962595418095589 0.46589381657540796 2.230822233905196
0.28802288221195338 0.10962595418095589 0.13742737919092179 2.230822233905196
0.34256077641621224 0.10962595418095589 0.13742737919092179 1.8835070787715913
0.28802288221195338 0.47822713144123552 0.46589381657540796 1.8835070787715913
0.61979870875366028 0.27797127254307274 0.44974521994590766 0.34239147355318073
0.61979870875366028 0.32181928902864454 0.44974521994590766 0.34239147355318073
0.61979870875366028 0.27797127254307274 0.36565540991723544 0.34239147355318073
0.56258992105722427 0.27797127254307274 0.44974521994590766 0.34239147355318073
0.61979870875366028 0.27797127254307274 0.44974521994590766 2.7197625754088164
0.56258992105722427 0.32181928902864454 0.36565540991723544 2.7197625754088164
0.078516492899507281 0.30693569071590898 0.25151932500302793 2.569838120048642
0.078516492899507281 0.13160967640578747 0.25151932500302793 2.569838120048642
0.078516492899507281 0.30693569071590898 0.21018209308385849 2.569838120048642
0.19136629509739578 0.30693569071590898 0.25151932500302793 2.569838120048642
0.078516492899507281 0.30693569071590898 0.25151932500302793 1.2655955180877447
0.19136629509739578 0.13160967640578747 0.21018209308385849 1.2655955180877447
0.2485105036292225 0.38824410960078237 0.47897943593561654 2.7335569071683286
0.2485105036292225 0.15224679037928582 0.47897943593561654 2.7335569071683286
0.2485105036292225 0.38824410960078237 0.16034761033952238 2.7335569071683286
0.68847986557520924 0.38824410960078237 0.47897943593561654 2.7335569071683286
0.2485105036292225 0.38824410960078237 0.47897943593561654 2.5896684549856186
0.68847986557520924 0.15224679037928582 0.16034761033952238 2.5896684549856186
0.47017674120143049 0.22177386209368707 0.22132152244448663 0.55141016320735214
0.47017674120143049 0.38864859379827976 0.22132152244448663 0.55141016320735214
0.47017674120143049 0.22177386209368707 0.41581789702177052 0.55141016320735214
0.063279321137815717 0.22177386209368707 0.22132152244448663 0.55141016320735214
0.47017674120143049 0.22177386209368707 0.22132152244448663 1.0045616481709481
0.063279321137815717 0.38864859379827976 0.41581789702177052 1.0045616481709481
0.18755349409766492 0.19082412756979467 0.30863672867417336 1.7022700660416485
0.18755349409766492 0.41148861348628996 0.30863672867417336 1.7022700660416485
0.18755349409766492 0.19082412756979467 0.31596324890851979 1.7022700660416485
0.41917446590960017 0.19082412756979467 0.30863672867417336 1.7022700660416485
0.18755349409766492 0.19082412756979467 0.30863672867417336 0.53621394518792631
0.41917446590960017 0.41148861348628996 0.31596324890851979 0.53621394518792631
0.61238566366955638 0.42454928793013103 0.19166046269237996 0.93634854885488761
0.61238566366955638 0.24779343269765378 0.19166046269237996 0.93634854885488761
0.61238566366955638 0.42454928793013103 0.26049603782594205 0.93634854885488761
0.33224517698399719 0.42454928793013103 0.19166046269237996 0.93634854885488761
0.61238566366955638 0.42454928793013103 0.19166046269237996 1.9517155171746017
0.33224517698399719 0.24779343269765378 0.26049603782594205 1.9517155171746017
0.35475681913085277 0.41039413399994373 0.3166986789554358 2.3558140873986484
0.35475681913085277 0.33659715168178084 0.3166986789554358 2.3558140873986484
0.35475681913085277 0.41039413399994373 0.40970130451023579 2.3558140873986484
0.10197242409922183 0.41039413399994373 0.3166986789554358 2.3558140873986484
0.35475681913085277 0.41039413399994373 0.3166986789554358 0.48375537704303867
0.10197242409922183 0.33659715168178084 0.40970130451023579 0.48375537704303867
0.42407948104664678 0.17998348064720632 0.18360151052474977 0.18530273917436599
0.42407948104664678 0.12285235971212388 0.18360151052474977 0.18530273917436599
0.42407948104664678 0.17998348064720632 0.16673409268260003 0.18530273917436599
0.6446615164168179 0.17998348064720632 0.18360151052474977 0.18530273917436599
0.42407948104664678 0.17998348064720632 0.18360151052474977 2.0271609234292804
0.6446615164168179 0.12285235971212388 0.16673409268260003 2.0271609234292804
0.050044816592708236 0.20781067982316018 0.4963080957531929 2.0746273407739402
0.050044816592708236 0.27699140496551988 0.4963080957531929 2.0746273407739402
0.050044816592708236 0.20781067982316018 0.26658494994044302 2.0746273407739402
0.37099034935235969 0.20781067982316018 0.4963080957531929 2.0746273407739402
0.050044816592708236 0.20781067982316018 0.4963080957531929 2.4840011010958256
0.37099034935235969 0.27699140496551988 0.26658494994044302 2.4840011010958256
0.64753337176516645 0.37720461860299115 0.20398985259234906 1.2970479412782194
0.64753337176516645 0.46334512606263167 0.20398985259234906 1.2970479412782194
0.64753337176516645 0.37720461860299115 0.30955523736774926 1.2970479412782194
0.37538835215382271 0.37720461860299115 0.20398985259234906 1.2970479412782194
0.64753337176516645 0.37720461860299115 0.20398985259234906 1.1332946749307216
0.37538835215382271 0.46334512606263167 0.30955523736774926 1.1332946749307216
0.49246659954078487 0.32090171910822396 0.42655416019260883 1.1398502710953355
0.49246659954078487 0.44648761712014673 0.42655416019260883 1.1398502710953355
0.49246659954078487 0.32090171910822396 0.45941711589694023 1.1398502710953355
0.24547219374217089 0.32090171910822396 0.42655416019260883 1.1398502710953355
0.49246659954078487 0.32090171910822396 0.42655416019260883 2.7335048273666205
0.24547219374217089 0.44648761712014673 0.45941711589694023 2.7335048273666205
0.22536454563960429 0.28900180794298647 0.27470738664269445 1.8706006811425091
0.22536454563960429 0.20632756352424622 0.27470738664269445 1.8706006811425091
0.22536454563960429 0.28900180794298647 0.11644379980862141 1.8706006811425091
0.5037082576192915 0.28900180794298647 0.27470738664269445 1.8706006811425091
0.22536454563960429 0.28900180794298647 0.27470738664269445 1.2287876042397321
0.5037082576192915 0.20632756352424622 0.11644379980862141 1.2287876042397321
0.59401396312750876 0.12379006370902063 0.36241658255457876 0.72028607768565422
0.59401396312750876 0.19362072087824345 0.36241658255457876 0.72028607768565422
0.59401396312750876 0.12379006370902063 0.21669214852154256 0.72028607768565422
0.14886271692812442 0.12379006370902063 0.36241658255457876 0.72028607768565422
0.59401396312750876 0.12379006370902063 0.36241658255457876 0.4040959811069072
0.14886271692812442 0.19362072087824345 0.21669214852154256 0.4040959811069072
0.20507536167278884 0.49169474467635155 0.13884873129427433 2.9361647881612183
0.20507536167278884 0.35336234793066978 0.13884873129427433 2.9361647881612183
0.20507536167278884 0.49169474467635155 0.35965633317828183 2.9361647881612183
0.60005753631703551 0.49169474467635155 0.13884873129427433 2.9361647881612183
0.20507536167278884 0.49169474467635155 0.13884873129427433 1.7157767854286732
0.60005753631703551 0.35336234793066978 0.35965633317828183 1.7157767854286732
0.54415297484956682 0.47424411065876482 0.46668797731399536 1.5452074744990469
0.54415297484956682 0.14861581400036813 0.46668797731399536 1.5452074744990469
0.54415297484956682 0.47424411065876482 0.33191001787781715 1.5452074744990469
0.2536066610831767 0.47424411065876482 0.46668797731399536 1.5452074744990469
0.54415297484956682 0.47424411065876482 0.46668797731399536 2.8831133370536564
0.2536066610831767 0.14861581400036813 0.33191001787781715 2.8831133370536564
0.15612855125218628 0.1407386887818575 0.23359690569341185 0.8144006064662338
0.15612855125218628 0.31065077073872094 0.23359690569341185 0.8144006064662338
0.15612855125218628 0.1407386887818575 0.28894585706293585 0.8144006064662338
0.49302725521847601 0.1407386887818575 0.23359690569341185 0.8144006064662338
0.15612855125218628 0.1407386887818575 0.23359690569341185 1.4706696753805877
0.49302725521847601 0.31065077073872094 0.28894585706293585 1.4706696753805877
0.52381974007003007 0.2716639883816242 0.34630659930408003 2.7028257671347262
0.52381974007003007 0.48940051347017288 0.34630659930408003 2.7028257671347262
0.52381974007003007 0.2716639883816242 0.18869672156870365 2.7028257671347262
0.19761474560946224 0.2716639883816242 0.34630659930408003 2.7028257671347262
0.52381974007003007 0.2716639883816242 0.34630659930408003 0.093133573389053342
0.19761474560946224 0.48940051347017288 0.18869672156870365 0.093133573389053342
0.25770873017609119 0.33796334937214856 0.15398224145174028 0.48698089631527669
0.25770873017609119 0.2515339832752943 0.15398224145174028 0.48698089631527669
0.25770873017609119 0.33796334937214856 0.43167006149888043 0.48698089631527669
0.54876393168233328 0.33796334937214856 0.15398224145174028 0.48698089631527669
0.25770873017609119 0.33796334937214856 0.15398224145174028 1.6812982905173304
0.54876393168233328 0.2515339832752943 0.43167006149888043 1.6812982905173304
0.10296031176112591 0.35665491856634624 0.37655877843499186 0.32614043436467649
0.10296031176112591 0.23389671370387077 0.37655877843499186 0.32614043436467649
0.10296031176112591 0.35665491856634624 0.38183411099016673 0.32614043436467649
0.072106498526409268 0.35665491856634624 0.37655877843499186 0.32614043436467649
0.10296031176112591 0.35665491856634624 0.37655877843499186 0.70244553538978105
0.072106498526409268 0.23389671370387077 0.38183411099016673 0.70244553538978105
0.69882119279354804 0.22786141075193883 0.12471807487308979 2.496685402649641
0.69882119279354804 0.41951640881597996 0.12471807487308979 2.496685402649641
0.69882119279354804 0.22786141075193883 0.23886384740471842 2.496685402649641
0.67707390924915667 0.22786141075193883 0.12471807487308979 2.496685402649641
0.69882119279354804 0.22786141075193883 0.12471807487308979 2.1539144675534962
0.67707390924915667 0.41951640881597996 0.23886384740471842 2.1539144675534962
0.32637883010320362 0.15954050347208978 0.41242420412600045 1.3458310116606951
0.32637883010320362 0.38063939511775968 0.41242420412600045 1.3458310116606951
0.32637883010320362 0.15954050347208978 0.1390106774866581 1.3458310116606951
0.30048702601343391 0.15954050347208978 0.41242420412600045 1.3458310116606951
0.32637883010320362 0.15954050347208978 0.41242420412600045 2.4263303420376778
0.30048702601343391 0.38063939511775968 0.1390106774866581 2.4263303420376778
0.39415564313530915 0.43055177852511406 0.28885021731257443 2.1233544362807275
0.39415564313530915 0.16616077087819575 0.28885021731257443 2.1233544362807275
0.39415564313530915 0.43055177852511406 0.48197791315615179 2.1233544362807275
0.44843318364582951 0.43055177852511406 0.28885021731257443 2.1233544362807275
0.39415564313530915 0.43055177852511406 0.28885021731257443 0.79947765300273899
0.44843318364582951 0.16616077087819575 0.48197791315615179 0.79947765300273899
0.63397183921188116 0.43533801846206188 0.3932497460395098 2.9930121659111975
0.63397183921188116 0.42852462977170946 0.3932497460395098 2.9930121659111975
0.63397183921188116 0.43533801846206188 0.43031444475054748 2.9930121659111975
0.36084772902540857 0.43533801846206188 0.3932497460395098 2.9930121659111975
0.63397183921188116 0.43533801846206188 0.3932497460395098 1.4978498557113111
0.36084772902540857 0.42852462977170946 0.43031444475054748 1.4978498557113111
0.087254443904384971 0.15475616864860059 0.10703518465161324 0.75410731523334984
0.087254443904384971 0.21804988496005537 0.10703518465161324 0.75410731523334984
0.087254443904384971 0.15475616864860059 0.19984415657818319 0.75410731523334984
0.3854887813329696 0.15475616864860059 0.10703518465161324 0.75410731523334984
0.087254443904384971 0.15475616864860059 0.10703518465161324 2.855571916746944
0.3854887813329696 0.21804988496005537 0.19984415657818319 2.855571916746944
0.45113985389471045 0.2324496701359749 0.41974484547972679 1.8137561691129209
0.45113985389471045 0.18190421834588053 0.41974484547972679 1.8137561691129209
0.45113985389471045 0.2324496701359749 0.29969804175198078 1.8137561691129209
0.091881873179227108 0.2324496701359749 0.41974484547972679 1.8137561691129209
0.45113985389471045 0.2324496701359749 0.41974484547972679 1.6627856462065878
0.091881873179227108 0.18190421834588053 0.29969804175198078 1.6627856462065878
0.3513383905868977 0.35206322818994529 0.28054394759237766 1.1060317675107718
0.3513383905868977 0.37133248634636407 0.28054394759237766 1.1060317675107718
0.3513383905868977 0.35206322818994529 0.33016525432467458 1.1060317675107718
0.65479418099857867 0.35206322818994529 0.28054394759237766 1.1060317675107718
0.3513383905868977 0.35206322818994529 0.28054394759237766 0.11200467979356646
0.65479418099857867 0.37133248634636407 0.33016525432467458 0.11200467979356646
0.18135460559278727 0.3458723034709692 0.45312048755586154 1.2617902641293408
0.18135460559278727 0.33895219564437867 0.45312048755586154 1.2617902641293408
0.18135460559278727 0.3458723034709692 0.48020724542438986 1.2617902641293408
0.13864323045127092 0.3458723034709692 0.45312048755586154 1.2617902641293408
0.18135460559278727 0.3458723034709692 0.45312048755586154 2.0810515365217626
0.13864323045127092 0.33895219564437867 0.48020724542438986 2.0810515365217626
0.60075159571133552 0.26375236772000787 0.24815631806850436 2.0163436551800369
0.60075159571133552 0.10176923833787442 0.24815631806850436 2.0163436551800369
0.60075159571133552 0.26375236772000787 0.14974306151270866 2.0163436551800369
0.6102397907525301 0.26375236772000787 0.24815631806850436 2.0163436551800369
0.60075159571133552 0.26375236772000787 0.24815631806850436 0.776386367070526
0.6102397907525301 0.10176923833787442 0.14974306151270866 0.776386367070526
0.24227195195853707 0.14845575988292695 0.33586248606443403 0.2205631722459197
0.24227195195853707 0.29809407815337186 0.33586248606443403 0.2205631722459197
0.24227195195853707 0.14845575988292695 0.24998223111033441 0.2205631722459197
0.23529981756582852 0.14845575988292695 0.33586248606443403 0.2205631722459197
0.24227195195853707 0.14845575988292695 0.33586248606443403 0.86369275670453916
0.23529981756582852 0.29809407815337186 0.24998223111033441 0.86369275670453916
0.45858235578052692 0.46653123199939728 0.16541198305785657 2.414100660672486
0.45858235578052692 0.4610079143196345 0.16541198305785657 2.414100660672486
0.45858235578052692 0.46653123199939728 0.38045554645359514 2.414100660672486
0.51391778835095459 0.46653123199939728 0.16541198305785657 2.414100660672486
0.45858235578052692 0.46653123199939728 0.16541198305785657 2.361034559804648
0.51391778835095459 0.4610079143196345 0.38045554645359514 2.361034559804648
0.29222793569788336 0.49960388652980325 0.44326038435101511 2.157172742229402
0.29222793569788336 0.24092019684612753 0.44326038435101511 2.157172742229402
0.29222793569788336 0.49960388652980325 0.3019524309784174 2.157172742229402
0.20779458223842084 0.49960388652980325 0.44326038435101511 2.157172742229402
0.29222793569788336 0.49960388652980325 0.44326038435101511 2.0463930392345788
0.20779458223842084 0.24092019684612753 0.3019524309784174 2.0463930392345788
0.5075482205022126 0.11587901227176189 0.2570397574454546 1.4026758091643454
0.5075482205022126 0.40622825101017956 0.2570397574454546 1.4026758091643454
0.5075482205022126 0.11587901227176189 0.27147909179329877 1.4026758091643454
0.53854198139160869 0.11587901227176189 0.2570397574454546 1.4026758091643454
0.5075482205022126 0.11587901227176189 0.2570397574454546 0.46560409348577264
0.53854198139160869 0.40622825101017956 0.27147909179329877 0.46560409348577264
0.15002456316724419 0.29671830981969838 0.36974637545645239 2.4628642309805748
0.15002456316724419 0.39390895776450641 0.36974637545645239 2.4628642309805748
0.15002456316724419 0.29671830981969838 0.17123918309807779 2.4628642309805748
0.26381873069331047 0.29671830981969838 0.36974637545645239 2.4628642309805748
0.15002456316724419 0.29671830981969838 0.36974637545645239 1.1053950450649859
0.26381873069331047 0.39390895776450641 0.17123918309807779 1.1053950450649859
0.56850830041803413 0.31318865269422536 0.13055162057280542 0.26929290289789443
0.56850830041803413 0.15912002474069598 0.13055162057280542 0.26929290289789443
0.56850830041803413 0.31318865269422536 0.40170334316790102 0.26929290289789443
0.48285737675614648 0.31318865269422536 0.13055162057280542 0.26929290289789443
0.56850830041803413 0.31318865269422536 0.13055162057280542 2.5108227205148337
0.48285737675614648 0.15912002474069598 0.40170334316790102 2.5108227205148337
0.39820810360833997 0.38199105225503449 0.30311592519283292 0.4286942571628094
0.39820810360833997 0.12595694698393345 0.30311592519283292 0.4286942571628094
0.39820810360833997 0.38199105225503449 0.35163847580552099 0.4286942571628094
0.31058999649249014 0.38199105225503449 0.30311592519283292 0.4286942571628094
0.39820810360833997 0.38199105225503449 0.30311592519283292 1.1638528314074874
0.31058999649249014 0.12595694698393345 0.35163847580552099 1.1638528314074874
0.2999527942854911 0.20302692018449309 0.19814566932618619 2.6675654877799748
0.2999527942854911 0.3145567886531353 0.19814566932618619 2.6675654877799748
0.2999527942854911 0.20302692018449309 0.22117123939096928 2.6675654877799748
0.43829305861145251 0.20302692018449309 0.19814566932618619 2.6675654877799748
0.2999527942854911 0.20302692018449309 0.19814566932618619 2.7980812918218971
0.43829305861145251 0.3145567886531353 0.22117123939096928 2.7980812918218971
0.66224675970152014 0.1845711648464203 0.48585482649505141 0.87268448969602597
0.66224675970152014 0.4854896333068609 0.48585482649505141 0.87268448969602597
0.66224675970152014 0.1845711648464203 0.12131508924067021 0.87268448969602597
0.082236742880195376 0.1845711648464203 0.48585482649505141 0.87268448969602597
0.66224675970152014 0.1845711648464203 0.48585482649505141 1.7893594075503947
0.082236742880195376 0.4854896333068609 0.12131508924067021 1.7893594075503947
0.11715734363533556 0.40580224990844727 0.21541043967008591 1.5804648661738636
0.11715734363533556 0.27418626844882965 0.21541043967008591 1.5804648661738636
0.11715734363533556 0.40580224990844727 0.45178535357117655 1.5804648661738636
0.66698089693672946 0.40580224990844727 0.21541043967008591 1.5804648661738636
0.11715734363533556 0.40580224990844727 0.21541043967008591 0.33087448916345841
0.66698089693672946 0.27418626844882965 0.45178535357117655 0.33087448916345841
0.53507690625265236 0.41664109975099561 0.49039668068289755 0.058327044076025486
0.53507690625265236 0.3601610109210015 0.49039668068289755 0.058327044076025486
0.53507690625265236 0.41664109975099561 0.20257793962955475 0.058327044076025486
0.39959251820109781 0.41664109975099561 0.49039668068289755 0.058327044076025486
0.53507690625265236 0.41664109975099561 0.49039668068289755 1.8218102021591367
0.39959251820109781 0.3601610109210015 0.20257793962955475 1.8218102021591367
0.26416548253037031 0.19873651415109636 0.21086567081511021 2.3088336704298853
0.26416548253037031 0.19890720956027508 0.21086567081511021 2.3088336704298853
0.26416548253037031 0.19873651415109636 0.37054820470511918 2.3088336704298853
0.35440090578049416 0.19873651415109636 0.21086567081511021 2.3088336704298853
0.26416548253037031 0.19873651415109636 0.21086567081511021 0.32141066442176702
0.35440090578049416 0.19890720956027508 0.37054820470511918 0.32141066442176702
0.55537047786638138 0.21405755095183851 0.32318345494568346 1.2491793047049642
0.55537047786638138 0.2010410763323307 0.32318345494568346 1.2491793047049642
0.55537047786638138 0.21405755095183851 0.47040061168372638 1.2491793047049642
0.62823324380442491 0.21405755095183851 0.32318345494568346 1.2491793047049642
0.55537047786638138 0.21405755095183851 0.32318345494568346 1.3416961147640647
0.62823324380442491 0.2010410763323307 0.47040061168372638 1.3416961147640647
0.16262498614378273 0.39595774821937091 0.17808104231953623 1.9453017988738419
0.16262498614378273 0.43968895263969898 0.17808104231953623 1.9453017988738419
0.16262498614378273 0.39595774821937091 0.10243337452411652 1.9453017988738419
0.12602037829346954 0.39595774821937091 0.17808104231953623 1.9453017988738419
0.16262498614378273 0.39595774821937091 0.17808104231953623 2.6433035495780408
0.12602037829346954 0.43968895263969898 0.10243337452411652 2.6433035495780408
0.31738301524892443 0.30214868485927582 0.35554115623235705 1.7809084145861866
0.31738301524892443 0.4690205454826355 0.35554115623235705 1.7809084145861866
0.31738301524892443 0.30214868485927582 0.2524768572300673 1.7809084145861866
0.5811001097317785 0.30214868485927582 0.35554115623235705 1.7809084145861866
0.31738301524892443 0.30214868485927582 0.35554115623235705 1.0198366597764195
0.5811001097317785 0.4690205454826355 0.2524768572300673 1.0198366597764195
0.38035941445268684 0.28275484144687657 0.14475975446403028 1.0379569309687615
0.38035941445268684 0.28418200574815278 0.14475975446403028 1.0379569309687615
0.38035941445268684 0.28275484144687657 0.32044101655483248 1.0379569309687615
0.17036168072372673 0.28275484144687657 0.14475975446403028 1.0379569309687615
0.38035941445268684 0.28275484144687657 0.14475975446403028 2.5733155756704509
0.17036168072372673 0.28418200574815278 0.32044101655483248 2.5733155756704509
0.093924814369529486 0.10503693483769894 0.43207502327859404 2.8337430135864019
0.093924814369529486 0.11566176041960717 0.43207502327859404 2.8337430135864019
0.093924814369529486 0.10503693483769894 0.42069091498851774 2.8337430135864019
0.52536343326792112 0.10503693483769894 0.43207502327859404 2.8337430135864019
0.093924814369529486 0.10503693483769894 0.43207502327859404 1.9220171426938475
0.52536343326792112 0.11566176041960717 0.42069091498851774 1.9220171426938475
0.68506462727673345 0.48544787429273129 0.26822221577167515 0.6286037494838238
0.68506462727673345 0.33092173077166082 0.26822221577167515 0.6286037494838238
0.68506462727673345 0.48544787429273129 0.15271757654845716 0.6286037494838238
0.22635359619744122 0.48544787429273129 0.26822221577167515 0.6286037494838238
0.68506462727673345 0.48544787429273129 0.26822221577167515 0.56699303113922483
0.22635359619744122 0.33092173077166082 0.15271757654845716 0.56699303113922483
0.06415843777358532 0.45549708455801008 0.34040122665464878 0.90253004527032388
0.06415843777358532 0.17335137017071248 0.34040122665464878 0.90253004527032388
0.06415843777358532 0.45549708455801008 0.13124417625367643 0.90253004527032388
0.57279947358183558 0.45549708455801008 0.34040122665464878 0.90253004527032388
0.06415843777358532 0.45549708455801008 0.34040122665464878 0.89313063061386355
0.57279947358183558 0.17335137017071248 0.13124417625367643 0.89313063061386355
0.65621181349270041 0.13448571413755417 0.16087633594870568 1.6454255540120604
0.65621181349270041 0.38631481602787976 0.16087633594870568 1.6454255540120604
0.65621181349270041 0.13448571413755417 0.49921749085187916 1.6454255540120604
0.18119389712810513 0.13448571413755417 0.16087633594870568 1.6454255540120604
0.65621181349270041 0.13448571413755417 0.16087633594870568 2.3546734593144061
0.18119389712810513 0.38631481602787976 0.49921749085187916 2.3546734593144061
0.3688307577744126 0.25291705839335921 0.47319110110402107 0.58523140075504787
0.3688307577744126 0.41384098939597613 0.47319110110402107 0.58523140075504787
0.3688307577744126 0.25291705839335921 0.39896990507841112 0.58523140075504787
0.47645019488409157 0.25291705839335921 0.47319110110402107 0.58523140075504787
0.3688307577744126 0.25291705839335921 0.47319110110402107 2.2557920846471191
0.47645019488409157 0.41384098939597613 0.39896990507841112 2.2557920846471191
0.43279758593998841 0.33171028010547166 0.22808259911835194 2.7904042849183082
0.43279758593998841 0.22670611292123796 0.22808259911835194 2.7904042849183082
0.43279758593998841 0.33171028010547166 0.231005721911788 2.7904042849183082
0.27780337394215165 0.33171028010547166 0.22808259911835194 2.7904042849183082
0.43279758593998841 0.33171028010547166 0.22808259911835194 0.62462153454631575
0.27780337394215165 0.22670611292123796 0.231005721911788 0.62462153454631575
0.58787458389997482 0.36290789246559141 0.40553048066794872 2.6281246933224796
0.58787458389997482 0.25682047046720979 0.40553048066794872 2.6281246933224796
0.58787458389997482 0.36290789246559141 0.18093633502721787 2.6281246933224796
0.42930715228430921 0.36290789246559141 0.40553048066794872 2.6281246933224796
0.58787458389997482 0.36290789246559141 0.40553048066794872 1.5799702000132205
0.42930715228430921 0.25682047046720979 0.18093633502721787 1.5799702000132205
0.19350080299191175 0.2466084361076355 0.29475521892309187 0.37765190662473447
0.19350080299191175 0.49619917795062063 0.29475521892309187 0.37765190662473447
0.19350080299191175 0.2466084361076355 0.44890354834496982 0.37765190662473447
0.32215460427105425 0.2466084361076355 0.29475521892309187 0.37765190662473447
0.19350080299191175 0.2466084361076355 0.29475521892309187 0.17184439940601587
0.32215460427105425 0.49619917795062063 0.44890354834496982 0.17184439940601587
0.48628755714744321 0.16579357348382473 0.38207345306873319 2.1725385483112931
0.48628755714744321 0.30385210774838922 0.38207345306873319 2.1725385483112931
0.48628755714744321 0.16579357348382473 0.34905192814767361 2.1725385483112931
0.69858031654730435 0.16579357348382473 0.38207345306873319 2.1725385483112931
0.48628755714744321 0.16579357348382473 0.38207345306873319 1.3761270837339761
0.69858031654730435 0.30385210774838922 0.34905192814767361 1.3761270837339761
0.21382966949604448 0.44929870925843718 0.11821458302438259 1.4763595961567761
0.21382966949604448 0.1433293253183365 0.11821458302438259 1.4763595961567761
0.21382966949604448 0.44929870925843718 0.28108163923025131 1.4763595961567761
0.053136679017916327 0.44929870925843718 0.11821458302438259 1.4763595961567761
0.21382966949604448 0.44929870925843718 0.11821458302438259 2.9542179043254255
0.053136679017916327 0.1433293253183365 0.28108163923025131 2.9542179043254255
0.5960004757158458 0.44816380143165591 0.47503833994269373 1.985716886110455
0.5960004757158458 0.34604765214025979 0.47503833994269373 1.985716886110455
0.5960004757158458 0.44816380143165591 0.45365280695259569 1.985716886110455
0.46692463341169055 0.44816380143165591 0.47503833994269373 1.985716886110455
0.5960004757158458 0.44816380143165591 0.47503833994269373 2.4376130098663271
0.46692463341169055 0.34604765214025979 0.45365280695259569 2.4376130098663271
0.20322522935457527 0.16761282682418824 0.22368709482252599 1.2089469153781236
0.20322522935457527 0.10735016390681268 0.22368709482252599 1.2089469153781236
0.20322522935457527 0.16761282682418824 0.12318557128310204 1.2089469153781236
0.2797142274677753 0.16761282682418824 0.22368709482252599 1.2089469153781236
0.20322522935457527 0.16761282682418824 0.22368709482252599 0.81059167153939615
0.2797142274677753 0.10735016390681268 0.12318557128310204 0.81059167153939615
0.49441715376451606 0.24459463320672514 0.31100309081375599 2.2684327196492253
0.49441715376451606 0.29268886707723141 0.31100309081375599 2.2684327196492253
0.49441715376451606 0.24459463320672514 0.22342702969908715 2.2684327196492253
0.57344263615086677 0.24459463320672514 0.31100309081375599 2.2684327196492253
0.49441715376451606 0.24459463320672514 0.31100309081375599 0.71444772961184388
0.57344263615086677 0.29268886707723141 0.22342702969908715 0.71444772961184388
0.22355532110668719 0.3642388757318259 0.18772019818425179 0.098550907610207794
0.22355532110668719 0.45408988893032076 0.18772019818425179 0.098550907610207794
0.22355532110668719 0.3642388757318259 0.35389729328453545 0.098550907610207794
0.172940985718742 0.3642388757318259 0.18772019818425179 0.098550907610207794
0.22355532110668719 0.3642388757318259 0.18772019818425179 2.1657480124835669
0.172940985718742 0.45408988893032076 0.35389729328453545 2.1657480124835669
0.053324571158736948 0.33294278234243391 0.36615608781576159 0.62274069143399602
0.053324571158736948 0.4372369457036257 0.36615608781576159 0.62274069143399602
0.053324571158736948 0.33294278234243391 0.40374702438712118 0.62274069143399602
0.69159141550771885 0.33294278234243391 0.36615608781576159 0.62274069143399602
0.053324571158736948 0.33294278234243391 0.36615608781576159 0.082109561530202629
0.69159141550771885 0.4372369457036257 0.40374702438712118 0.082109561530202629
0.64443462942726903 0.25080489367246628 0.13355521373450757 2.8394290063492953
0.64443462942726903 0.22202653959393504 0.13355521373450757 2.8394290063492953
0.64443462942726903 0.25080489367246628 0.17327368445694447 2.8394290063492953
0.057584038004279137 0.25080489367246628 0.13355521373450757 2.8394290063492953
0.64443462942726903 0.25080489367246628 0.13355521373450757 1.6701056293664873
0.057584038004279137 0.22202653959393504 0.17327368445694447 1.6701056293664873
0.3579931766726076 0.13640180341899397 0.44587374888360498 1.0438339717577398
0.3579931766726076 0.17811701111495495 0.44587374888360498 1.0438339717577398
0.3579931766726076 0.13640180341899397 0.27313138432800771 1.0438339717577398
0.43248186120763416 0.13640180341899397 0.44587374888360498 1.0438339717577398
0.3579931766726076 0.13640180341899397 0.44587374888360498 2.8713697109632195
0.43248186120763416 0.17811701111495495 0.27313138432800771 2.8713697109632195
0.42101916694082314 0.4544591318815947 0.25384122431278233 1.7752140936665239
0.42101916694082314 0.36280828267335896 0.25384122431278233 1.7752140936665239
0.42101916694082314 0.4544591318815947 0.303595545142889 1.7752140936665239
0.31643339418806132 0.4544591318815947 0.25384122431278233 1.7752140936665239
0.42101916694082314 0.4544591318815947 0.25384122431278233 1.4587573999981582
0.31643339418806132 0.36280828267335896 0.303595545142889 1.4587573999981582
0.32821067813783877 0.48741432130336759 0.32504600919783116 2.7960536491630972
0.32821067813783877 0.13286948800086976 0.32504600919783116 2.7960536491630972
0.32821067813783877 0.48741432130336759 0.37509262040257452 2.7960536491630972
0.61998782916925843 0.48741432130336759 0.32504600919783116 2.7960536491630972
0.32821067813783877 0.48741432130336759 0.32504600919783116 0.41592952054709198
0.61998782916925843 0.13286948800086976 0.37509262040257452 0.41592952054709198
0.39214775166474275 0.10375637114048004 0.17368862852454187 0.57939934958025818
0.39214775166474275 0.31995480023324491 0.17368862852454187 0.57939934958025818
0.39214775166474275 0.10375637114048004 0.24462843574583532 0.57939934958025818
0.12665108498185873 0.10375637114048004 0.17368862852454187 0.57939934958025818
0.39214775166474275 0.10375637114048004 0.17368862852454187 1.7277789741608502
0.12665108498185873 0.31995480023324491 0.24462843574583532 1.7277789741608502
0.10474876277148723 0.28384238146245477 0.46100766137242322 1.6397845508633555
0.10474876277148723 0.4799011252820492 0.46100766137242322 1.6397845508633555
0.10474876277148723 0.28384238146245477 0.14476999677717686 1.6397845508633555
0.40149583620950574 0.28384238146245477 0.46100766137242322 1.6397845508633555
0.10474876277148723 0.28384238146245477 0.46100766137242322 2.7446188404133918
0.40149583620950574 0.4799011252820492 0.14476999677717686 2.7446188404133918
0.69685172955505548 0.30037983916699884 0.23773083873093129 0.90834814664527785
0.69685172955505548 0.26708494760096074 0.23773083873093129 0.90834814664527785
0.69685172955505548 0.30037983916699884 0.4752433128654957 0.90834814664527785
0.34488783893175418 0.30037983916699884 0.23773083873093129 0.90834814664527785
0.69685172955505548 0.30037983916699884 0.23773083873093129 1.2400702665784955
0.34488783893175418 0.26708494760096074 0.4752433128654957 1.2400702665784955
0.52693739142268892 0.39408889561891558 0.41615454368293292 1.4361807002772391
0.52693739142268892 0.24944921582937241 0.41615454368293292 1.4361807002772391
0.52693739142268892 0.39408889561891558 0.32537070550024511 1.4361807002772391
0.51965452409349377 0.39408889561891558 0.41615454368293292 1.4361807002772391
0.52693739142268892 0.39408889561891558 0.41615454368293292 2.4720888202235103
0.51965452409349377 0.24944921582937241 0.32537070550024511 2.4720888202235103
0.25444974913261831 0.215045203268528 0.28354755491018296 2.2128945204575361
0.25444974913261831 0.41002161018550398 0.28354755491018296 2.2128945204575361
0.25444974913261831 0.215045203268528 0.29490041807293893 2.2128945204575361
0.22952096331864591 0.215045203268528 0.28354755491018296 2.2128945204575361
0.25444974913261831 0.215045203268528 0.28354755491018296 1.1215510433503986
0.22952096331864591 0.41002161018550398 0.29490041807293893 1.1215510433503986
0.54723466783761976 0.19755126051604749 0.39586309492588045 0.41783931731715801
0.54723466783761976 0.389938835054636 0.39586309492588045 0.41783931731715801
0.54723466783761976 0.19755126051604749 0.19465669468045235 0.41783931731715801
0.58553512906655669 0.19755126051604749 0.39586309492588045 0.41783931731715801
0.54723466783761976 0.19755126051604749 0.39586309492588045 0.47256271040230996
0.58553512906655669 0.389938835054636 0.19465669468045235 0.47256271040230996
0.15291047799400984 0.41870297603309159 0.10383666716516018 2.5877545737405123
0.15291047799400984 0.15041290707886221 0.10383666716516018 2.5877545737405123
0.15291047799400984 0.41870297603309159 0.42512390650808818 2.5877545737405123
0.16338016022928059 0.41870297603309159 0.10383666716516018 2.5877545737405123
0.15291047799400984 0.41870297603309159 0.10383666716516018 2.0161369060805439
0.16338016022928059 0.15041290707886221 0.42512390650808818 2.0161369060805439
0.41053961068391792 0.40454459153115752 0.37882591076195238 1.0771284931914509
0.41053961068391792 0.46519652642309672 0.37882591076195238 1.0771284931914509
0.41053961068391792 0.40454459153115752 0.27591897360980511 1.0771284931914509
0.27334675355814397 0.40454459153115752 0.37882591076195238 1.0771284931914509
0.41053961068391792 0.40454459153115752 0.37882591076195238 0.54822738269612192
0.27334675355814397 0.46519652642309672 0.27591897360980511 0.54822738269612192
0.31070839273743328 0.18670697771012784 0.12087694481015206 1.8424767565022411
0.31070839273743328 0.27572017237544061 0.12087694481015206 1.8424767565022411
0.31070839273743328 0.18670697771012784 0.34388618469238286 1.8424767565022411
0.48094902094453568 0.18670697771012784 0.12087694481015206 1.8424767565022411
0.31070839273743328 0.18670697771012784 0.12087694481015206 1.9635378188185395
0.48094902094453568 0.27572017237544061 0.34388618469238286 1.9635378188185395
0.67458200063556428 0.2010856568813324 0.40858233794569976 0.78299663975283507
0.67458200063556428 0.12433840893208981 0.40858233794569976 0.78299663975283507
0.67458200063556428 0.2010856568813324 0.44413226842880249 0.78299663975283507
0.20715883774682875 0.2010856568813324 0.40858233794569976 0.78299663975283507
0.67458200063556428 0.2010856568813324 0.40858233794569976 2.6009623661004007
0.20715883774682875 0.12433840893208981 0.44413226842880249 2.6009623661004007
0.12791419639252127 0.38305263519287114 0.29111665524542329 2.9642999396179617
0.12791419639252127 0.33495884835720063 0.29111665524542329 2.9642999396179617
0.12791419639252127 0.38305263519287114 0.1761619817465544 2.9642999396179617
0.54680235204286864 0.38305263519287114 0.29111665524542329 2.9642999396179617
0.12791419639252127 0.38305263519287114 0.29111665524542329 1.0156644234214725
0.54680235204286864 0.33495884835720063 0.1761619817465544 1.0156644234214725
0.28290194980800148 0.31434874050319195 0.46271737180650241 2.43147535596326
0.28290194980800148 0.35481778867542746 0.46271737180650241 2.43147535596326
0.28290194980800148 0.31434874050319195 0.22600709795951845 2.43147535596326
0.089223146205767989 0.31434874050319195 0.46271737180650241 2.43147535596326
0.28290194980800148 0.31434874050319195 0.46271737180650241 2.7080301926045118
0.089223146205767989 0.35481778867542746 0.22600709795951845 2.7080301926045118
0.49918259899131945 0.29487538449466233 0.23601803481578829 0.2033655532218516
0.49918259899131945 0.19195199087262155 0.23601803481578829 0.2033655532218516
0.49918259899131945 0.29487538449466233 0.39398041479289536 0.2033655532218516
0.6625310765579342 0.29487538449466233 0.23601803481578829 0.2033655532218516
0.49918259899131945 0.29487538449466233 0.23601803481578829 1.2536719994191827
0.6625310765579342 0.19195199087262155 0.39398041479289536 1.2536719994191827
0.14069485310465096 0.11791801303625107 0.34872689694166181 1.9989548124535383
0.14069485310465096 0.20819737724959853 0.34872689694166181 1.9989548124535383
0.14069485310465096 0.11791801303625107 0.49383053295314316 1.9989548124535383
0.30740782832726832 0.11791801303625107 0.34872689694166181 1.9989548124535383
0.14069485310465096 0.11791801303625107 0.34872689694166181 0.24833974632129074
0.30740782832726832 0.20819737724959853 0.49383053295314316 0.24833974632129074
0.5601414342876524 0.49824924916028979 0.15001084618270399 1.2789963979662955
0.5601414342876524 0.44523459225893025 0.15001084618270399 1.2789963979662955
0.5601414342876524 0.49824924916028979 0.12586634755134585 1.2789963979662955
0.44400685061700634 0.49824924916028979 0.15001084618270399 1.2789963979662955
0.5601414342876524 0.49824924916028979 0.15001084618270399 1.8723031743346157
0.44400685061700634 0.44523459225893025 0.12586634755134585 1.8723031743346157
0.19067439744248987 0.46842221878468993 0.42882746532559401 0.25213173671558503
0.19067439744248987 0.25278874039649968 0.42882746532559401 0.25213173671558503
0.19067439744248987 0.46842221878468993 0.1543931379914284 0.25213173671558503
0.10012974920682609 0.46842221878468993 0.42882746532559401 0.25213173671558503
0.19067439744248987 0.46842221878468993 0.42882746532559401 2.9496874639013408
0.10012974920682609 0.25278874039649968 0.1543931379914284 2.9496874639013408
0.60912838005460801 0.14744138978421689 0.27088459320366387 2.480208095072657
0.60912838005460801 0.48752963505685332 0.27088459320366387 2.480208095072657
0.60912838005460801 0.14744138978421689 0.4223572995513678 2.480208095072657
0.65416597202420235 0.14744138978421689 0.27088459320366387 2.480208095072657
0.60912838005460801 0.14744138978421689 0.27088459320366387 1.4034153187420966
0.65416597202420235 0.48752963505685332 0.4223572995513678 1.4034153187420966
0.25158801963552829 0.2649597615003586 0.3585929993540049 1.4198284495539963
0.25158801963552829 0.31232142671942709 0.3585929993540049 1.4198284495539963
0.25158801963552829 0.2649597615003586 0.32250949405133722 1.4198284495539963
0.35895182909443968 0.2649597615003586 0.3585929993540049 1.4198284495539963
0.25158801963552829 0.2649597615003586 0.3585929993540049 0.21372609042137861
0.35895182909443968 0.31232142671942709 0.32250949405133722 0.21372609042137861
0.46695789550431066 0.34378371536731722 0.14112120494246483 2.1398430145932732
0.46695789550431066 0.14715911485254765 0.14112120494246483 2.1398430145932732
0.46695789550431066 0.34378371536731722 0.25453615337610247 2.1398430145932732
0.39500930742360646 0.34378371536731722 0.14112120494246483 2.1398430145932732
0.46695789550431066 0.34378371536731722 0.14112120494246483 1.56156591781348
0.39500930742360646 0.14715911485254765 0.25453615337610247 1.56156591781348
0.62162668006494637 0.35007467083632948 0.31270973384380341 1.6091321357922257
0.62162668006494637 0.16780081838369371 0.31270973384380341 1.6091321357922257
0.62162668006494637 0.35007467083632948 0.10466513298451902 1.6091321357922257
0.24100622902624308 0.35007467083632948 0.31270973384380341 1.6091321357922257
0.62162668006494637 0.35007467083632948 0.31270973384380341 0.67475630265265707
0.24100622902624308 0.16780081838369371 0.10466513298451902 0.67475630265265707
0.076507509360089904 0.23375692777335644 0.18601646982133391 0.84384015479072938
0.076507509360089904 0.37915226928889756 0.18601646982133391 0.84384015479072938
0.076507509360089904 0.23375692777335644 0.47263539582490921 0.84384015479072938
0.51074795983731747 0.23375692777335644 0.18601646982133391 0.84384015479072938
0.076507509360089904 0.23375692777335644 0.18601646982133391 2.1823626111248133
0.51074795983731747 0.37915226928889756 0.47263539582490921 2.1823626111248133
0.43879842860624185 0.15364651232957841 0.49872236065566544 2.6388898900048434
0.43879842860624185 0.4207895793020725 0.49872236065566544 2.6388898900048434
0.43879842860624185 0.15364651232957841 0.37239009886980057 2.6388898900048434
0.13420075187459587 0.15364651232957841 0.49872236065566544 2.6388898900048434
0.43879842860624185 0.15364651232957841 0.49872236065566544 2.2670103588601944
0.13420075187459587 0.4207895793020725 0.37239009886980057 2.2670103588601944
0.34059271034784611 0.43713355213403704 0.20000017136335374 0.45755257480725653
0.34059271034784611 0.23204404301941395 0.20000017136335374 0.45755257480725653
0.34059271034784611 0.43713355213403704 0.20442286394536496 0.45755257480725653
0.61721389316953712 0.43713355213403704 0.20000017136335374 0.45755257480725653
0.34059271034784611 0.43713355213403704 0.20000017136335374 0.95821863988369715
0.61721389316953712 0.23204404301941395 0.20442286394536496 0.95821863988369715
0.090694650867953891 0.42941693104803569 0.30539071224629877 1.337283059078306
0.090694650867953891 0.369657301157713 0.30539071224629877 1.337283059078306
0.090694650867953891 0.42941693104803569 0.25901682972908024 1.337283059078306
0.19698646035976708 0.42941693104803569 0.30539071224629877 1.337283059078306
0.090694650867953891 0.42941693104803569 0.30539071224629877 1.3881292669762673
0.19698646035976708 0.369657301157713 0.25901682972908024 1.3881292669762673
0.68815345140174022 0.16135969795286656 0.19432129859924319 2.0342151576869192
0.68815345140174022 0.18335314430296423 0.19432129859924319 2.0342151576869192
0.68815345140174022 0.16135969795286656 0.31448711864650247 2.0342151576869192
0.55701188398525114 0.16135969795286656 0.19432129859924319 2.0342151576869192
0.68815345140174022 0.16135969795286656 0.19432129859924319 2.9660514382757248
0.55701188398525114 0.18335314430296423 0.31448711864650247 2.9660514382757248
0.31411690306849771 0.22584766671061518 0.48202976733446123 0.1450816041134298
0.31411690306849771 0.21679040491580964 0.48202976733446123 0.1450816041134298
0.31411690306849771 0.22584766671061518 0.41473007909953596 0.1450816041134298
0.2631272634491324 0.22584766671061518 0.48202976733446123 0.1450816041134298
0.31411690306849771 0.22584766671061518 0.48202976733446123 1.5912528568620981
0.2631272634491324 0.21679040491580964 0.41473007909953596 1.5912528568620981
0.38348915604874484 0.35798584148287771 0.21768448464572432 2.3962179423288998
0.38348915604874484 0.4303879287093878 0.21768448464572432 2.3962179423288998
0.38348915604874484 0.35798584148287771 0.15926286578178406 2.3962179423288998
0.49113127901218823 0.35798584148287771 0.21768448464572432 2.3962179423288998
0.38348915604874484 0.35798584148287771 0.21768448464572432 0.18295840696290136
0.49113127901218823 0.4303879287093878 0.15926286578178406 0.18295840696290136
0.55339388349093499 0.33919591195881371 0.43927301652729511 2.9304816995479168
0.55339388349093499 0.459718007594347 0.43927301652729511 2.9304816995479168
0.55339388349093499 0.33919591195881371 0.20931856743991376 2.9304816995479168
0.29731727619655429 0.33919591195881371 0.43927301652729511 2.9304816995479168
0.55339388349093499 0.33919591195881371 0.43927301652729511 2.24404844757691
0.29731727619655429 0.459718007594347 0.20931856743991376 2.24404844757691
0.16442552739754318 0.26955176480114462 0.25945323482155802 0.72615186420872813
0.16442552739754318 0.29992676861584189 0.25945323482155802 0.72615186420872813
0.16442552739754318 0.26955176480114462 0.36478275060653687 0.72615186420872813
0.45413951640948647 0.26955176480114462 0.25945323482155802 0.72615186420872813
0.16442552739754318 0.26955176480114462 0.25945323482155802 0.61270924818411476
0.45413951640948647 0.29992676861584189 0.36478275060653687 0.61270924818411476
0.5330569245386868 0.142654836922884 0.372159069031477 1.8762979062117637
0.5330569245386868 0.1001122608780861 0.372159069031477 1.8762979062117637
0.5330569245386868 0.142654836922884 0.46464195251464846 1.8762979062117637
0.079080522246658805 0.142654836922884 0.372159069031477 1.8762979062117637
0.5330569245386868 0.142654836922884 0.372159069031477 0.88210660777524119
0.079080522246658805 0.1001122608780861 0.46464195251464846 0.88210660777524119
0.26600446170195935 0.47320609763264654 0.12656341530382634 1.1339759587796034
0.26600446170195935 0.34041953496634958 0.12656341530382634 1.1339759587796034
0.26600446170195935 0.47320609763264654 0.10916863791644574 1.1339759587796034
0.67263150936923921 0.47320609763264654 0.12656341530382634 1.1339759587796034
0.26600446170195935 0.47320609763264654 0.12656341530382634 2.3434807871837915
0.67263150936923921 0.34041953496634958 0.10916863791644574 2.3434807871837915
0.48321949685923749 0.49366125203669076 0.45538918972015385 0.49281022999659185
0.48321949685923749 0.15765081010758877 0.45538918972015385 0.49281022999659185
0.48321949685923749 0.49366125203669076 0.18688975237309935 0.49281022999659185
0.36908207223750644 0.49366125203669076 0.45538918972015385 0.49281022999659185
0.48321949685923749 0.49366125203669076 0.45538918972015385 1.9331311447608472
0.36908207223750644 0.15765081010758877 0.18688975237309935 1.9331311447608472
0.21707873232662678 0.12250944115221502 0.24431371353566647 2.697173509720117
0.21707873232662678 0.39556695222854621 0.24431371353566647 2.697173509720117
0.21707873232662678 0.12250944115221502 0.44236309081315994 2.697173509720117
0.38491629632189867 0.12250944115221502 0.24431371353566647 2.697173509720117
0.21707873232662678 0.12250944115221502 0.24431371353566647 0.5782756824982167
0.38491629632189867 0.39556695222854621 0.44236309081315994 0.5782756824982167
0.58476313627324994 0.29008940681815149 0.33201904408633709 0.80857978759780536
0.58476313627324994 0.40439349152147774 0.33201904408633709 0.80857978759780536
0.58476313627324994 0.29008940681815149 0.34250615388154981 0.80857978759780536
0.11023271605372428 0.29008940681815149 0.33201904408633709 0.80857978759780536
0.58476313627324994 0.29008940681815149 0.33201904408633709 1.0316701882368327
0.11023271605372428 0.40439349152147774 0.34250615388154981 1.0316701882368327
0.19678830374032258 0.31913281306624414 0.16767990142107009 1.5508455844779314
0.19678830374032258 0.24221131429076195 0.16767990142107009 1.5508455844779314
0.19678830374032258 0.31913281306624414 0.28704199455678464 1.5508455844779314
0.64402585062198336 0.31913281306624414 0.16767990142107009 1.5508455844779314
0.19678830374032258 0.31913281306624414 0.16767990142107009 2.5853177534228564
0.64402585062198336 0.24221131429076195 0.28704199455678464 2.5853177534228564
0.36700882795266804 0.37533582635223872 0.38928061500191691 2.0829955709646644
0.36700882795266804 0.27232108227908614 0.38928061500191691 2.0829955709646644
0.36700882795266804 0.37533582635223872 0.13700914531946184 2.0829955709646644
0.14441282027401028 0.37533582635223872 0.38928061500191691 2.0829955709646644
0.36700882795266804 0.37533582635223872 0.38928061500191691 1.3305034371435642
0.14441282027401028 0.27232108227908614 0.13700914531946184 1.3305034371435642
0.43475588634610168 0.20879827328026296 0.10945474393665791 1.3860071900467577
0.43475588634610168 0.4867501422762871 0.10945474393665791 1.3860071900467577
0.43475588634610168 0.20879827328026296 0.49247638247907166 1.3860071900467577
0.607044015917927 0.20879827328026296 0.10945474393665791 1.3860071900467577
0.43475588634610168 0.20879827328026296 0.10945474393665791 2.6322795212495325
0.607044015917927 0.4867501422762871 0.49247638247907166 2.6322795212495325
0.062300559272989629 0.17879828587174418 0.42216366268694405 2.5370526290617881
0.062300559272989629 0.31310578174889092 0.42216366268694405 2.5370526290617881
0.062300559272989629 0.17879828587174418 0.39223416112363341 2.5370526290617881
0.25118606202304361 0.17879828587174418 0.42216366268694405 2.5370526290617881
0.062300559272989629 0.17879828587174418 0.42216366268694405 1.8098979103070498
0.25118606202304361 0.31310578174889092 0.39223416112363341 1.8098979103070498
0.65821103136986492 0.41245594993233681 0.27657412812113763 0.28595030617877842
0.65821103136986492 0.12763335481286051 0.27657412812113763 0.28595030617877842
0.65821103136986492 0.41245594993233681 0.23676389604806902 0.28595030617877842
0.50052601317875078 0.41245594993233681 0.27657412812113763 0.28595030617877842
0.65821103136986492 0.41245594993233681 0.27657412812113763 0.30966702186167244
0.50052601317875078 0.12763335481286051 0.23676389604806902 0.30966702186167244
0.24029118060134347 0.42329154536128044 0.401609243452549 1.7169275423522294
0.24029118060134347 0.43801939412951474 0.401609243452549 1.7169275423522294
0.24029118060134347 0.42329154536128044 0.48597240671515463 1.7169275423522294
0.56322070644237099 0.42329154536128044 0.401609243452549 1.7169275423522294
0.24029118060134347 0.42329154536128044 0.401609243452549 1.8006533076854052
0.56322070644237099 0.43801939412951474 0.48597240671515463 1.8006533076854052
0.460382124595344 0.19296002313494684 0.29712534658610823 1.0085736045648157
0.460382124595344 0.20249734558165075 0.29712534658610823 1.0085736045648157
0.460382124595344 0.19296002313494684 0.14300214238464834 1.0085736045648157
0.18312080176547169 0.19296002313494684 0.29712534658610823 1.0085736045648157
0.460382124595344 0.19296002313494684 0.29712534658610823 0.34197725343421104
0.18312080176547169 0.20249734558165075 0.14300214238464834 0.34197725343421104
0.17933787587098776 0.21983251608908178 0.3844444181770087 2.8977126260645689
0.17933787587098776 0.19765202105045321 0.3844444181770087 2.8977126260645689
0.17933787587098776 0.21983251608908178 0.24324667640030384 2.8977126260645689
0.45675477311015122 0.21983251608908178 0.3844444181770087 2.8977126260645689
0.17933787587098776 0.21983251608908178 0.3844444181770087 1.1758662579359116
0.45675477311015122 0.19765202105045321 0.24324667640030384 1.1758662579359116
0.60259227231144907 0.38930577673017985 0.11429412961006165 0.65799834662333134
0.60259227231144907 0.36203298829495911 0.11429412961006165 0.65799834662333134
0.60259227231144907 0.38930577673017985 0.38621391281485562 0.65799834662333134
0.28992627891711886 0.38930577673017985 0.11429412961006165 0.65799834662333134
0.60259227231144907 0.38930577673017985 0.11429412961006165 2.8099035824860632
0.28992627891711886 0.36203298829495911 0.38621391281485562 2.8099035824860632
0.44791326201520854 0.30809569433331491 0.34271783754229546 0.13236947707340121
0.44791326201520854 0.32964813187718389 0.34271783754229546 0.13236947707340121
0.44791326201520854 0.30809569433331491 0.43626805134117608 0.13236947707340121
0.42234175675548608 0.30809569433331491 0.34271783754229546 0.13236947707340121
0.44791326201520854 0.30809569433331491 0.34271783754229546 1.0943822655124964
0.42234175675548608 0.32964813187718389 0.43626805134117608 1.0943822655124964
0.3544286118820309 0.27612842991948128 0.15698430873453617 2.3252772536383568
0.3544286118820309 0.1175155270844698 0.15698430873453617 2.3252772536383568
0.3544286118820309 0.27612842991948128 0.19330389127135278 2.3252772536383568
0.32653634408488863 0.27612842991948128 0.15698430873453617 2.3252772536383568
0.3544286118820309 0.27612842991948128 0.15698430873453617 2.4996188050980868
0.32653634408488863 0.1175155270844698 0.19330389127135278 2.4996188050980868
0.63070185030810533 0.11166487224400044 0.469299815967679 1.1751256558708847
0.63070185030810533 0.2825430527329445 0.469299815967679 1.1751256558708847
0.63070185030810533 0.11166487224400044 0.29315245971083642 1.1751256558708847
0.68149842135608196 0.11166487224400044 0.469299815967679 1.1751256558708847
0.63070185030810533 0.11166487224400044 0.469299815967679 2.0346606454505025
0.68149842135608196 0.2825430527329445 0.29315245971083642 2.0346606454505025
0.090383093431591982 0.47950239069759848 0.23039989843964578 1.9288694424818458
0.090383093431591982 0.47050724439322955 0.23039989843964578 1.9288694424818458
0.090383093431591982 0.47950239069759848 0.33612579889595506 1.9288694424818458
0.06771426419727504 0.47950239069759848 0.23039989843964578 1.9288694424818458
0.090383093431591982 0.47950239069759848 0.23039989843964578 0.45368056383743888
0.06771426419727504 0.47050724439322955 0.33612579889595506 0.45368056383743888
0.66042870660312469 0.46217518076300623 0.35160163156688218 2.5524971601061521
0.66042870660312469 0.22522116266191006 0.35160163156688218 2.5524971601061521
0.66042870660312469 0.46217518076300623 0.35837967433035378 2.5524971601061521
0.41159628597088155 0.46217518076300623 0.35160163156688218 2.5524971601061521
0.66042870660312469 0.46217518076300623 0.35160163156688218 0.87551504187881957
0.41159628597088155 0.22522116266191006 0.35837967433035378 0.87551504187881957
0.11911673611029983 0.12868842706084252 0.14712385088205338 0.35955536820873624
0.11911673611029983 0.41547886133193968 0.14712385088205338 0.35955536820873624
0.11911673611029983 0.12868842706084252 0.21540635898709298 0.35955536820873624
0.33474519802257413 0.12868842706084252 0.14712385088205338 0.35955536820873624
0.11911673611029983 0.12868842706084252 0.14712385088205338 2.3730479808431864
0.33474519802257413 0.41547886133193968 0.21540635898709298 2.3730479808431864
0.39634665348567061 0.2587128195911646 0.43443980813026428 2.2481548656909167
0.39634665348567061 0.38446298576891424 0.43443980813026428 2.2481548656909167
0.39634665348567061 0.2587128195911646 0.11555700376629829 2.2481548656909167
0.6301205119118094 0.2587128195911646 0.43443980813026428 2.2481548656909167
0.39634665348567061 0.2587128195911646 0.43443980813026428 2.0921542953026293
0.6301205119118094 0.38446298576891424 0.11555700376629829 2.0921542953026293
0.30195061499252912 0.32503065802156927 0.26428343318402769 1.4944673613892496
0.30195061499252912 0.17462370023131371 0.26428343318402769 1.4944673613892496
0.30195061499252912 0.32503065802156927 0.45852118767797945 1.4944673613892496
0.1165605159010738 0.32503065802156927 0.26428343318402769 1.4944673613892496
0.30195061499252912 0.32503065802156927 0.26428343318402769 0.78768026171565064
0.1165605159010738 0.17462370023131371 0.45852118767797945 0.78768026171565064
0.14695325088687239 0.36882763281464581 0.49271931983530526 0.9651956122334302
0.14695325088687239 0.14145908467471602 0.49271931983530526 0.9651956122334302
0.14695325088687239 0.36882763281464581 0.30849297717213631 0.9651956122334302
0.59571740408428009 0.36882763281464581 0.49271931983530526 0.9651956122334302
0.14695325088687239 0.36882763281464581 0.49271931983530526 1.6508621110683681
0.59571740408428009 0.14145908467471602 0.30849297717213631 1.6508621110683681
0.57175566582009196 0.24000396504998209 0.2069919340312481 1.6736057005728782
0.57175566582009196 0.30510622709989549 0.2069919340312481 1.6736057005728782
0.57175566582009196 0.24000396504998209 0.26552576459944249 1.6736057005728782
0.1531606531701982 0.24000396504998209 0.2069919340312481 1.6736057005728782
0.57175566582009196 0.24000396504998209 0.2069919340312481 0.10027228051960468
0.1531606531701982 0.30510622709989549 0.26552576459944249 0.10027228051960468
0.28912066505290562 0.1723995704203844 0.31931050196290017 0.52255457403615124
0.28912066505290562 0.49474483318626883 0.31931050196290017 0.52255457403615124
0.28912066505290562 0.1723995704203844 0.16527891792356969 0.52255457403615124
0.52986407298594707 0.1723995704203844 0.31931050196290017 0.52255457403615124
0.28912066505290562 0.1723995704203844 0.31931050196290017 1.4866459348046781
0.52986407298594707 0.49474483318626883 0.16527891792356969 1.4866459348046781
0.51083649368956685 0.44338049478828911 0.18040451891720297 2.7622354090930523
0.51083649368956685 0.25848877206444743 0.18040451891720297 2.7622354090930523
0.51083649368956685 0.44338049478828911 0.40824920609593396 2.7622354090930523
0.21934856898151334 0.44338049478828911 0.18040451891720297 2.7622354090930523
0.51083649368956685 0.44338049478828911 0.18040451891720297 2.8445591317045689
0.21934856898151334 0.25848877206444743 0.40824920609593396 2.8445591317045689
0.26292376513592897 0.43941762261092665 0.37109276279807091 0.339948990418315
0.26292376513592897 0.18691853173077108 0.37109276279807091 0.339948990418315
0.26292376513592897 0.43941762261092665 0.32916519530117516 0.339948990418315
0.31337764570489524 0.43941762261092665 0.37109276279807091 0.339948990418315
0.26292376513592897 0.43941762261092665 0.37109276279807091 2.7866195384283365
0.31337764570489524 0.18691853173077108 0.32916519530117516 2.7866195384283365
0.51855011619627467 0.16980383805930616 0.12862229980528356 2.5796618644487856
0.51855011619627467 0.37253746464848525 0.12862229980528356 2.5796618644487856
0.51855011619627467 0.16980383805930616 0.29713545963168142 2.5796618644487856
0.44092071973718694 0.16980383805930616 0.12862229980528356 2.5796618644487856
0.51855011619627467 0.16980383805930616 0.12862229980528356 1.1984209157653154
0.44092071973718694 0.37253746464848525 0.29713545963168142 1.1984209157653154
0.161337406700477 0.24279415160417558 0.44132770486176021 1.5194677990299466
0.161337406700477 0.42741043977439408 0.44132770486176021 1.5194677990299466
0.161337406700477 0.24279415160417558 0.1968894474208355 1.5194677990299466
0.084687096579000351 0.24279415160417558 0.44132770486176021 1.5194677990299466
0.161337406700477 0.24279415160417558 0.44132770486176021 0.36547105504885319
0.084687096579000351 0.42741043977439408 0.1968894474208355 0.36547105504885319
0.53887968976050615 0.37337577491998675 0.25838349536061289 2.2278231422281265
0.53887968976050615 0.21293257623910905 0.25838349536061289 2.2278231422281265
0.53887968976050615 0.37337577491998675 0.4289222110062838 2.2278231422281265
0.66927141509950161 0.37337577491998675 0.25838349536061289 2.2278231422281265
0.53887968976050615 0.37337577491998675 0.25838349536061289 1.7778804598344864
0.66927141509950161 0.21293257623910905 0.4289222110062838 1.7778804598344864
0.38926795157603916 0.32966534756124022 0.48622202724218366 1.6942902425268294
0.38926795157603916 0.29538686908781531 0.48622202724218366 1.6942902425268294
0.38926795157603916 0.32966534756124022 0.37906486317515375 1.6942902425268294
0.21058090450242162 0.32966534756124022 0.48622202724218366 1.6942902425268294
0.38926795157603916 0.32966534756124022 0.48622202724218366 0.43109606298878794
0.21058090450242162 0.29538686908781531 0.37906486317515375 0.43109606298878794
0.33132118806242938 0.26158964894711972 0.21250117234885693 0.94054505050510173
0.33132118806242938 0.45742258951067927 0.21250117234885693 0.94054505050510173
0.33132118806242938 0.26158964894711972 0.247029023244977 0.94054505050510173
0.54117095009423788 0.26158964894711972 0.21250117234885693 0.94054505050510173
0.33132118806242938 0.26158964894711972 0.21250117234885693 2.057960522338897
0.54117095009423788 0.45742258951067927 0.247029023244977 2.057960522338897
0.69393960325978687 0.12600757777690888 0.30021007023751733 2.7354316043534874
0.69393960325978687 0.34242232106626036 0.30021007023751733 2.7354316043534874
0.69393960325978687 0.12600757777690888 0.14717897661030294 2.7354316043534874
0.26626791241578757 0.12600757777690888 0.30021007023751733 2.7354316043534874
0.69393960325978687 0.12600757777690888 0.30021007023751733 2.5223730092968046
0.26626791241578757 0.34242232106626036 0.14717897661030294 2.5223730092968046
0.10790625344961881 0.4581272870302201 0.19851546585559846 0.54252523319929846
0.10790625344961881 0.10455502569675446 0.19851546585559846 0.54252523319929846
0.10790625344961881 0.4581272870302201 0.47920563742518429 0.54252523319929846
0.48514904752373689 0.4581272870302201 0.19851546585559846 0.54252523319929846
0.10790625344961881 0.4581272870302201 0.19851546585559846 1.070915496095568
0.48514904752373689 0.10455502569675446 0.47920563742518429 1.070915496095568
0.64227357045747335 0.475152225419879 0.42108209766447546 0.98932827460438022
0.64227357045747335 0.39971694201231001 0.42108209766447546 0.98932827460438022
0.64227357045747335 0.475152225419879 0.40148453488945968 0.98932827460438022
0.14127214467152954 0.475152225419879 0.42108209766447546 0.98932827460438022
0.64227357045747335 0.475152225419879 0.42108209766447546 0.76490337330877789
0.14127214467152954 0.39971694201231001 0.40148453488945968 0.76490337330877789
0.055250106472522022 0.1086820375174284 0.27861775383353238 1.7430171843168141
0.055250106472522022 0.15955612771213057 0.27861775383353238 1.7430171843168141
0.055250106472522022 0.1086820375174284 0.16945785023272036 1.7430171843168141
0.61302625467069449 0.1086820375174284 0.27861775383353238 1.7430171843168141
0.055250106472522022 0.1086820375174284 0.27861775383353238 2.1156437050086261
0.61302625467069449 0.15955612771213057 0.16945785023272036 2.1156437050086261
0.41881590229459098 0.27852618545293806 0.39132614806294441 0.68336273075371989
0.41881590229459098 0.24059929624199869 0.39132614806294441 0.68336273075371989
0.41881590229459098 0.27852618545293806 0.26930563189089296 0.68336273075371989
0.23759159124456342 0.27852618545293806 0.39132614806294441 0.68336273075371989
0.41881590229459098 0.27852618545293806 0.39132614806294441 2.3956094900500773
0.23759159124456342 0.24059929624199869 0.26930563189089296 2.3956094900500773
0.35995589075610035 0.31225121468305589 0.10837584920227528 2.8763031172403695
0.35995589075610035 0.4003416854888201 0.10837584920227528 2.8763031172403695
0.35995589075610035 0.31225121468305589 0.30134144797921181 2.8763031172403695
0.5163669543340802 0.31225121468305589 0.10837584920227528 2.8763031172403695
0.35995589075610035 0.31225121468305589 0.10837584920227528 0.85223820055127153
0.5163669543340802 0.4003416854888201 0.30134144797921181 0.85223820055127153
0.21002765842713411 0.39354555569589145 0.33622656278312207 2.3463230410581826
0.21002765842713411 0.48357571363449103 0.33622656278312207 2.3463230410581826
0.21002765842713411 0.39354555569589145 0.45117591954767711 2.3463230410581826
0.36347549064084883 0.39354555569589145 0.33622656278312207 2.3463230410581826
0.21002765842713411 0.39354555569589145 0.33622656278312207 2.8210883217316867
0.36347549064084883 0.48357571363449103 0.45117591954767711 2.8210883217316867
0.58911610031500461 0.22231462560594084 0.16251184791326523 0.10664361141204834
0.58911610031500461 0.26983168683946135 0.16251184791326523 0.10664361141204834
0.58911610031500461 0.22231462560594084 0.11914313212037086 0.10664361141204834
0.38827641722746187 0.22231462560594084 0.16251184791326523 0.10664361141204834
0.58911610031500461 0.22231462560594084 0.16251184791326523 1.5093957470947506
0.38827641722746187 0.26983168683946135 0.11914313212037086 1.5093957470947506
0.23032069732435045 0.18989130854606628 0.4502177029848099 1.9024297818678619
0.23032069732435045 0.13022074326872826 0.4502177029848099 1.9024297818678619
0.23032069732435045 0.18989130854606628 0.2193884052336216 1.9024297818678619
0.094172339281067247 0.18989130854606628 0.4502177029848099 1.9024297818678619
0.23032069732435045 0.18989130854606628 0.4502177029848099 0.12357900878548622
0.094172339281067247 0.13022074326872826 0.2193884052336216 0.12357900878548622
0.48757503246888512 0.41885559558868413 0.24851703606545927 1.1940182881176473
0.48757503246888512 0.31657370068132878 0.24851703606545927 1.1940182881176473
0.48757503246888512 0.41885559558868413 0.35141811706125736 1.1940182881176473
0.65724467393010855 0.41885559558868413 0.24851703606545927 1.1940182881176473
0.48757503246888512 0.41885559558868413 0.24851703606545927 1.6282848129498959
0.65724467393010855 0.31657370068132878 0.35141811706125736 1.6282848129498959
0.07331747938878834 0.40782211571931837 0.47350637502968318 2.7229035861238837
0.07331747938878834 0.20527967102825642 0.47350637502968318 2.7229035861238837
0.07331747938878834 0.40782211571931837 0.10065015964210033 2.7229035861238837
0.42697572028264397 0.40782211571931837 0.47350637502968318 2.7229035861238837
0.07331747938878834 0.40782211571931837 0.47350637502968318 0.16038653285160662
0.42697572028264397 0.20527967102825642 0.10065015964210033 0.16038653285160662
0.62506230687722564 0.17592212110757829 0.22523126676678659 0.47176584249764686
0.62506230687722564 0.44168223813176155 0.22523126676678659 0.47176584249764686
0.62506230687722564 0.17592212110757829 0.47017987072467804 0.47176584249764686
0.31966581870801741 0.17592212110757829 0.22523126676678659 0.47176584249764686
0.62506230687722564 0.17592212110757829 0.22523126676678659 1.6145428739155829
0.31966581870801741 0.44168223813176155 0.47017987072467804 1.6145428739155829
0.33735542842186983 0.21147979311645032 0.33754729852080345 1.5319543521520496
0.33735542842186983 0.35827224664390089 0.33754729852080345 1.5319543521520496
0.33735542842186983 0.21147979311645032 0.36993838846683502 1.5319543521520496
0.69599108970724044 0.21147979311645032 0.33754729852080345 1.5319543521520496
0.33735542842186983 0.21147979311645032 0.33754729852080345 2.9888183131308854
0.69599108970724044 0.35827224664390089 0.36993838846683502 2.9888183131308854
0.4422661879099905 0.37938458137214182 0.16118819750845434 0.83502365895420316
0.4422661879099905 0.19457630068063736 0.16118819750845434 0.83502365895420316
0.4422661879099905 0.37938458137214182 0.20040560178458691 0.83502365895420316
0.050389941222965723 0.37938458137214182 0.16118819750845434 0.83502365895420316
0.4422661879099905 0.37938458137214182 0.16118819750845434 1.3646526816435158
0.050389941222965723 0.19457630068063736 0.20040560178458691 1.3646526816435158
0.61727725011296564 0.32309502065181733 0.38336190544068816 1.3599217588245869
0.61727725011296564 0.11531718410551549 0.38336190544068816 1.3599217588245869
0.61727725011296564 0.32309502065181733 0.15054373443126678 1.3599217588245869
0.57046936852857466 0.32309502065181733 0.38336190544068816 1.3599217588245869
0.61727725011296564 0.32309502065181733 0.38336190544068816 2.3201643967188894
0.57046936852857466 0.11531718410551549 0.15054373443126678 2.3201643967188894
0.18259740052744744 0.29268428385257722 0.116337189078331 2.1022423008459805
0.18259740052744744 0.32501001283526421 0.116337189078331 2.1022423008459805
0.18259740052744744 0.29268428385257722 0.42007955126464369 2.1022423008459805
0.17870380398817359 0.29268428385257722 0.116337189078331 2.1022423008459805
0.18259740052744744 0.29268428385257722 0.116337189078331 0.90469637891426691
0.17870380398817359 0.32501001283526421 0.42007955126464369 0.90469637891426691
0.47507458464242514 0.1197183933109045 0.40365573614835737 0.30736121492385871
0.47507458464242514 0.47485215924680235 0.40365573614835737 0.30736121492385871
0.47507458464242514 0.1197183933109045 0.32022182755172257 0.30736121492385871
0.47386214002035554 0.1197183933109045 0.40365573614835737 0.30736121492385871
0.47507458464242514 0.1197183933109045 0.40365573614835737 0.63617074731066825
0.47386214002035554 0.47485215924680235 0.32022182755172257 0.63617074731066825
0.24355814876034854 0.4891124393790961 0.2960470300167799 2.5116924556738138
0.24355814876034854 0.28464330732822418 0.2960470300167799 2.5116924556738138
0.24355814876034854 0.4891124393790961 0.25069514214992528 2.5116924556738138
0.27505548354238268 0.4891124393790961 0.2960470300167799 2.5116924556738138
0.24355814876034854 0.4891124393790961 0.2960470300167799 2.2213107569546997
0.27505548354238268 0.28464330732822418 0.25069514214992528 2.2213107569546997
0.50630522458814076 0.4689654693007469 0.3235018022358418 2.0588614976930617
0.50630522458814076 0.41728595942258839 0.3235018022358418 2.0588614976930617
0.50630522458814076 0.4689654693007469 0.22844125479459765 2.0588614976930617
0.57861002990975974 0.4689654693007469 0.3235018022358418 2.0588614976930617
0.50630522458814076 0.4689654693007469 0.3235018022358418 2.5618343167126176
0.57861002990975974 0.41728595942258839 0.22844125479459765 2.5618343167126176
0.27570234667509791 0.14017206877470018 0.17522062845528127 1.3165971062237025
0.27570234667509791 0.2294682275503874 0.17522062845528127 1.3165971062237025
0.27570234667509791 0.14017206877470018 0.39796791635453699 1.3165971062237025
0.16803147518076 0.14017206877470018 0.17522062845528127 1.3165971062237025
0.27570234667509791 0.14017206877470018 0.17522062845528127 1.0544298603618145
0.16803147518076 0.2294682275503874 0.39796791635453699 1.0544298603618145
0.56722199949435892 0.27261980287730692 0.48753962554037578 2.3762458722651005
0.56722199949435892 0.17066936269402505 0.48753962554037578 2.3762458722651005
0.56722199949435892 0.27261980287730692 0.49782642684876921 2.3762458722651005
0.52261540363542736 0.27261980287730692 0.48753962554037578 2.3762458722651005
0.56722199949435892 0.27261980287730692 0.48753962554037578 0.60156974010765563
0.52261540363542736 0.17066936269402505 0.49782642684876921 0.60156974010765563
0.13353257402777671 0.34363099448382856 0.21118666753172877 0.17188118713080883
0.13353257402777671 0.38275311775505549 0.21118666753172877 0.17188118713080883
0.13353257402777671 0.34363099448382856 0.12829058617353439 0.17188118713080883
0.22376559339463709 0.34363099448382856 0.21118666753172877 0.17188118713080883
0.13353257402777671 0.34363099448382856 0.21118666753172877 1.9105636625581981
0.22376559339463709 0.38275311775505549 0.12829058617353439 1.9105636625581981
0.30886253244243556 0.362336665391922 0.43337255418300635 0.69898293814390899
0.30886253244243556 0.30271428823471069 0.43337255418300635 0.69898293814390899
0.30886253244243556 0.362336665391922 0.27812654934823511 0.69898293814390899
0.39710359098389741 0.362336665391922 0.43337255418300635 0.69898293814390899
0.30886253244243556 0.362336665391922 0.43337255418300635 0.28692247986197472
0.39710359098389741 0.30271428823471069 0.27812654934823511 0.28692247986197472
0.41214499790221448 0.22883135080337524 0.26634175144135952 2.9500866664376857
0.41214499790221448 0.13818681798875332 0.26634175144135952 2.9500866664376857
0.41214499790221448 0.22883135080337524 0.34765931218862534 2.9500866664376857
0.35206952826119953 0.22883135080337524 0.26634175144135952 2.9500866664376857
0.41214499790221448 0.22883135080337524 0.26634175144135952 1.8333522067034247
0.35206952826119953 0.13818681798875332 0.34765931218862534 1.8333522067034247
0.12603111858479676 0.15896280966699125 0.35365727953612802 1.1543062713417411
0.12603111858479676 0.26185845956206322 0.35365727953612802 1.1543062713417411
0.12603111858479676 0.15896280966699125 0.44790310710668568 1.1543062713417411
0.62548652174882591 0.15896280966699125 0.35365727953612802 1.1543062713417411
0.12603111858479676 0.15896280966699125 0.35365727953612802 2.6548733329445122
0.62548652174882591 0.26185845956206322 0.44790310710668568 2.6548733329445122
0.67622947730123995 0.42526208721101288 0.14605468958616258 1.8512932468488814
0.67622947730123995 0.49742930866777901 0.14605468958616258 1.8512932468488814
0.67622947730123995 0.42526208721101288 0.17837337218225002 1.8512932468488814
0.12343104854226111 0.42526208721101288 0.14605468958616258 1.8512932468488814
0.67622947730123995 0.42526208721101288 0.14605468958616258 1.307191438587308
0.12343104854226111 0.49742930866777901 0.17837337218225002 1.307191438587308
0.42791089806705707 0.43317063227295882 0.44694004915654661 2.4534057396629452
0.42791089806705707 0.10984151437878609 0.44694004915654661 2.4534057396629452
0.42791089806705707 0.43317063227295882 0.13316203057765963 2.4534057396629452
0.68585094530135393 0.43317063227295882 0.44694004915654661 2.4534057396629452
0.42791089806705707 0.43317063227295882 0.44694004915654661 0.99308183305308229
0.68585094530135393 0.10984151437878609 0.13316203057765963 0.99308183305308229
0.37377195707522326 0.15105082765221597 0.25178233385086057 0.27210103438705208
0.37377195707522326 0.34922098405659197 0.25178233385086057 0.27210103438705208
0.37377195707522326 0.15105082765221597 0.49019481949508192 0.27210103438705208
0.060492853587493303 0.15105082765221597 0.25178233385086057 0.27210103438705208
0.37377195707522326 0.15105082765221597 0.25178233385086057 2.6242630994109808
0.060492853587493303 0.34922098405659197 0.49019481949508192 2.6242630994109808
0.65132890306413171 0.23654725737869742 0.36410139352083204 2.1605261072173714
0.65132890306413171 0.45062392503023152 0.36410139352083204 2.1605261072173714
0.65132890306413171 0.23654725737869742 0.38995030932128427 2.1605261072173714
0.41688268859870725 0.23654725737869742 0.36410139352083204 2.1605261072173714
0.65132890306413171 0.23654725737869742 0.36410139352083204 1.9862936260639132
0.41688268859870725 0.45062392503023152 0.38995030932128427 1.9862936260639132
0.069105855328962212 0.35462266989052293 0.13462494723498822 1.395179249317348
0.069105855328962212 0.29010038189589982 0.13462494723498822 1.395179249317348
0.069105855328962212 0.35462266989052293 0.23292059600353243 1.395179249317348
0.3297960049472749 0.35462266989052293 0.13462494723498822 1.395179249317348
0.069105855328962212 0.35462266989052293 0.13462494723498822 0.52476186497315769
0.3297960049472749 0.29010038189589982 0.23292059600353243 0.52476186497315769
0.21904369350522757 0.3484183572232723 0.30681083686649802 0.86884204176127922
0.21904369350522757 0.22012317702174189 0.30681083686649802 0.86884204176127922
0.21904369350522757 0.3484183572232723 0.18287859372794629 0.86884204176127922
0.46364017035812133 0.3484183572232723 0.30681083686649802 0.86884204176127922
0.21904369350522757 0.3484183572232723 0.30681083686649802 1.8490203380517662
0.46364017035812133 0.22012317702174189 0.18287859372794629 1.8490203380517662
0.48101909919641905 0.26783663854002954 0.19290351644158366 1.5887990508377554
0.48101909919641905 0.4330858591943979 0.19290351644158366 1.5887990508377554
0.48101909919641905 0.26783663854002954 0.43990527689456937 1.5887990508377554
0.2852352620568126 0.26783663854002954 0.19290351644158366 1.5887990508377554
0.48101909919641905 0.26783663854002954 0.19290351644158366 0.27089596327826382
0.2852352620568126 0.4330858591943979 0.43990527689456937 0.27089596327826382
0.19871097207069394 0.14476068355143071 0.48021898791193962 0.43794474768698222
0.19871097207069394 0.36686204373836517 0.48021898791193962 0.43794474768698222
0.19871097207069394 0.14476068355143071 0.34005673229694366 0.43794474768698222
0.56029947069473562 0.14476068355143071 0.48021898791193962 0.43794474768698222
0.19871097207069394 0.14476068355143071 0.48021898791193962 1.2771667013750971
0.56029947069473562 0.36686204373836517 0.34005673229694366 1.2771667013750971
0.58259983020834627 0.46437418200075631 0.21949293352663518 2.6660559558391572
0.58259983020834627 0.17972793243825436 0.21949293352663518 2.6660559558391572
0.58259983020834627 0.46437418200075631 0.28302091769874094 2.6660559558391572
0.18891581548377873 0.46437418200075631 0.21949293352663518 2.6660559558391572
0.58259983020834627 0.46437418200075631 0.21949293352663518 2.6852592991529405
0.18891581548377873 0.17972793243825436 0.28302091769874094 2.6852592991529405
0.16757596684619783 0.49389922693371779 0.39694465398788459 1.8160356465584042
0.16757596684619783 0.32224912159144881 0.39694465398788459 1.8160356465584042
0.16757596684619783 0.49389922693371779 0.21152385435998441 1.8160356465584042
0.53279771618545047 0.49389922693371779 0.39694465398788459 1.8160356465584042
0.16757596684619783 0.49389922693371779 0.39694465398788459 1.5380931973603369
0.53279771618545047 0.32224912159144881 0.21152385435998441 1.5380931973603369
0.55047408607788384 0.11493503525853158 0.101793035492301 1.0960224869298936
0.55047408607788384 0.13741134256124499 0.101793035492301 1.0960224869298936
0.55047408607788384 0.11493503525853158 0.36855969280004508 1.0960224869298936
0.21354612628929315 0.11493503525853158 0.101793035492301 1.0960224869298936
0.55047408607788384 0.11493503525853158 0.101793035492301 0.23647504628926516
0.21354612628929315 0.13741134256124499 0.36855969280004508 0.23647504628926516
0.26912264274433251 0.29727309234440324 0.41410900466144085 2.9853471763676405
0.26912264274433251 0.26264108605682851 0.41410900466144085 2.9853471763676405
0.26912264274433251 0.29727309234440324 0.46840897649526603 2.9853471763676405
0.58881961875595146 0.29727309234440324 0.41410900466144085 2.9853471763676405
0.26912264274433251 0.29727309234440324 0.41410900466144085 1.4267204439613224
0.58881961875595146 0.26264108605682851 0.46840897649526603 1.4267204439613224
0.53018417567946008 0.31850430853664879 0.28462644368410112 0.75726941259980207
0.53018417567946008 0.4779002942144871 0.28462644368410112 0.75726941259980207
0.53018417567946008 0.31850430853664879 0.11138231717050076 0.75726941259980207
0.1578591183759272 0.31850430853664879 0.28462644368410112 0.75726941259980207
0.53018417567946008 0.31850430853664879 0.28462644368410112 2.9271089140889051
0.1578591183759272 0.4779002942144871 0.11138231717050076 2.9271089140889051
0.67980614444240928 0.38729255720973021 0.45680014863610274 0.22872848802238704
0.67980614444240928 0.40714034996926785 0.45680014863610274 0.22872848802238704
0.67980614444240928 0.38729255720973021 0.26144717186689381 0.22872848802238704
0.63558700904250143 0.38729255720973021 0.45680014863610274 0.22872848802238704
0.67980614444240928 0.38729255720973021 0.45680014863610274 0.93544054370194685
0.63558700904250143 0.40714034996926785 0.26144717186689381 0.93544054370194685
0.099128630803897971 0.20356762334704401 0.24289889819920063 2.4100672086307404
0.099128630803897971 0.24588578343391421 0.24289889819920063 2.4100672086307404
0.099128630803897971 0.20356762334704401 0.31847690902650361 2.4100672086307404
0.11328844758681952 0.20356762334704401 0.24289889819920063 2.4100672086307404
0.099128630803897971 0.20356762334704401 0.24289889819920063 2.2904982094386219
0.11328844758681952 0.24588578343391421 0.31847690902650361 2.2904982094386219
0.37509482959285373 0.18363821543753148 0.33021750189363958 1.2597525173357129
0.37509482959285373 0.15426963903009894 0.33021750189363958 1.2597525173357129
0.37509482959285373 0.18363821543753148 0.41872368417680261 1.2597525173357129
0.40723631368018681 0.18363821543753148 0.33021750189363958 1.2597525173357129
0.37509482959285373 0.18363821543753148 0.33021750189363958 2.2049232199904321
0.40723631368018681 0.15426963903009894 0.41872368417680261 2.2049232199904321
0.32258324795402582 0.40010868944227695 0.16948531195521355 2.0250430929264427
0.32258324795402582 0.3929182790219784 0.16948531195521355 2.0250430929264427
0.32258324795402582 0.40010868944227695 0.16169091910123826 2.0250430929264427
0.34197899671271437 0.40010868944227695 0.16948531195521355 2.0250430929264427
0.32258324795402582 0.40010868944227695 0.16948531195521355 0.65147750692576178
0.34197899671271437 0.3929182790219784 0.16169091910123826 0.65147750692576178
0.57340105036273592 0.41406899876892567 0.34452033191919329 0.60081170765519143
0.57340105036273592 0.2789905793964863 0.34452033191919329 0.60081170765519143
0.57340105036273592 0.41406899876892567 0.31246140524744992 0.60081170765519143
0.074596581980586052 0.41406899876892567 0.34452033191919329 0.60081170765519143
0.57340105036273592 0.41406899876892567 0.34452033191919329 2.1424300628910959
0.074596581980586052 0.2789905793964863 0.31246140524744992 2.1424300628910959
0.14506746106781065 0.19467523880302906 0.1551794718950987 2.7706921142834426
0.14506746106781065 0.46758965738117697 0.1551794718950987 2.7706921142834426
0.14506746106781065 0.19467523880302906 0.26792864091694357 2.7706921142834426
0.67940412084572011 0.19467523880302906 0.1551794718950987 2.7706921142834426
0.14506746106781065 0.19467523880302906 0.1551794718950987 0.73703629297599205
0.67940412084572011 0.46758965738117697 0.26792864091694357 0.73703629297599205
0.51244459291920064 0.21772677078843117 0.46788790486752985 0.88226126609325417
0.51244459291920064 0.33227251321077345 0.46788790486752985 0.88226126609325417
0.51244459291920064 0.21772677078843117 0.16768560893833639 0.88226126609325417
0.30323506169952447 0.21772677078843117 0.46788790486752985 0.88226126609325417
0.51244459291920064 0.21772677078843117 0.46788790486752985 0.83405121626660239
0.30323506169952447 0.33227251321077345 0.16768560893833639 0.83405121626660239
0.28727689688093955 0.39813760295510292 0.23181414008140566 1.6590326422363522
0.28727689688093955 0.12096991352736951 0.23181414008140566 1.6590326422363522
0.28727689688093955 0.39813760295510292 0.41221534535288817 1.6590326422363522
0.45102119008079167 0.39813760295510292 0.23181414008140566 1.6590326422363522
0.28727689688093955 0.39813760295510292 0.23181414008140566 2.4148744189028442
0.45102119008079167 0.12096991352736951 0.41221534535288817 2.4148744189028442
0.11195716904476284 0.30434190370142461 0.40966485664248464 2.1940047374615075
0.11195716904476284 0.18770306631922723 0.40966485664248464 2.1940047374615075
0.11195716904476284 0.30434190370142461 0.36217187531292439 2.1940047374615075
0.25609557256102561 0.30434190370142461 0.40966485664248464 2.1940047374615075
0.11195716904476284 0.30434190370142461 0.40966485664248464 1.4361846694646776
0.25609557256102561 0.18770306631922723 0.36217187531292439 1.4361846694646776
0.66751136393286281 0.28643740154802799 0.28907360173761842 1.462623210141957
0.66751136393286281 0.35301188267767436 0.28907360173761842 1.462623210141957
0.66751136393286281 0.28643740154802799 0.21764521524310113 1.462623210141957
0.49535861941985782 0.28643740154802799 0.28907360173761842 1.462623210141957
0.66751136393286281 0.28643740154802799 0.28907360173761842 2.8946578175364435
0.49535861941985782 0.35301188267767436 0.21764521524310113 2.8946578175364435
0.29474891973659395 0.10096537098288537 0.37677942402660847 2.613483200814426
0.29474891973659395 0.44694260060787205 0.37677942402660847 2.613483200814426
0.29474891973659395 0.10096537098288537 0.11778594180941582 2.613483200814426
0.20036145434714853 0.10096537098288537 0.37677942402660847 2.613483200814426
0.29474891973659395 0.10096537098288537 0.37677942402660847 1.6928712525276841
0.20036145434714853 0.44694260060787205 0.11778594180941582 1.6928712525276841
0.40346656707115464 0.48286546096205718 0.12195526733994484 0.39679629130989319
0.40346656707115464 0.21215290687978269 0.12195526733994484 0.39679629130989319
0.40346656707115464 0.48286546096205718 0.46232178099453447 0.39679629130989319
0.5513532456941902 0.48286546096205718 0.12195526733994484 0.39679629130989319
0.40346656707115464 0.48286546096205718 0.12195526733994484 0.058631373150795696
0.5513532456941902 0.21215290687978269 0.46232178099453447 0.058631373150795696
0.34639091491699214 0.45021855123341081 0.49453105442225931 1.2292757786104085
0.34639091491699214 0.49216894619166851 0.49453105442225931 1.2292757786104085
0.34639091491699214 0.45021855123341081 0.43379497863352301 1.2292757786104085
0.2478036196902394 0.45021855123341081 0.49453105442225931 1.2292757786104085
0.34639091491699214 0.45021855123341081 0.49453105442225931 1.2173272837063671
0.2478036196902394 0.49216894619166851 0.43379497863352301 1.2173272837063671
0.45602274495176964 0.13391898758709431 0.20518405586481095 1.9607135882392528
0.45602274495176964 0.254985223710537 0.20518405586481095 1.9607135882392528
0.45602274495176964 0.13391898758709431 0.18925916329026224 1.9607135882392528
0.50619703955017026 0.13391898758709431 0.20518405586481095 1.9607135882392528
0.45602274495176964 0.13391898758709431 0.20518405586481095 2.7680743445846439
0.50619703955017026 0.254985223710537 0.18925916329026224 2.7680743445846439
0.082313302718102929 0.2538727886974812 0.31788942217826843 0.071383430875241766
0.082313302718102929 0.14506005235016348 0.31788942217826843 0.071383430875241766
0.082313302718102929 0.2538727886974812 0.28911612406373022 0.071383430875241766
0.15145194013603031 0.2538727886974812 0.31788942217826843 0.071383430875241766
0.082313302718102929 0.2538727886974812 0.31788942217826843 1.7503747402551773
0.15145194013603031 0.14506005235016348 0.28911612406373022 1.7503747402551773
0.63885854645632201 0.33737800791859629 0.18182173036038876 2.2880363250473139
0.63885854645632201 0.30797465220093728 0.18182173036038876 2.2880363250473139
0.63885854645632201 0.33737800791859629 0.33364280797541146 2.2880363250473139
0.60280426805838938 0.33737800791859629 0.18182173036038876 2.2880363250473139
0.63885854645632201 0.33737800791859629 0.18182173036038876 0.39261842233210809
0.60280426805838938 0.30797465220093728 0.33364280797541146 0.39261842233210809
0.46385709010064596 0.36858974732458594 0.3596602592617274 2.8194554869556425
0.46385709010064596 0.37549061737954614 0.3596602592617274 2.8194554869556425
0.46385709010064596 0.36858974732458594 0.48371220603585241 2.8194554869556425
0.10430254247039555 0.36858974732458594 0.3596602592617274 2.8194554869556425
0.46385709010064596 0.36858974732458594 0.3596602592617274 1.9926543257924916
0.10430254247039555 0.37549061737954614 0.48371220603585241 1.9926543257924916
0.23706172476522624 0.2475782696157694 0.13906289264559746 0.64954163594305525
0.23706172476522624 0.16501663327217103 0.13906289264559746 0.64954163594305525
0.23706172476522624 0.2475782696157694 0.13918249346315861 0.64954163594305525
0.64715162529610093 0.2475782696157694 0.13906289264559746 0.64954163594305525
0.23706172476522624 0.2475782696157694 0.13906289264559746 0.49532429300755265
0.64715162529610093 0.16501663327217103 0.13918249346315861 0.49532429300755265
0.60602007303386929 0.16521579548716547 0.42677182331681252 1.7998618830025197
0.60602007303386929 0.2351209554821253 0.42677182331681252 1.7998618830025197
0.60602007303386929 0.16521579548716547 0.23942473866045477 1.7998618830025197
0.37357841995544727 0.16521579548716547 0.42677182331681252 1.7998618830025197
0.60602007303386929 0.16521579548716547 0.42677182331681252 1.1448463526538015
0.37357841995544727 0.2351209554821253 0.23942473866045477 1.1448463526538015
0.17614063969813287 0.44400910064578059 0.27195376046001912 1.0231466574114561
0.17614063969813287 0.42454846128821377 0.27195376046001912 1.0231466574114561
0.17614063969813287 0.44400910064578059 0.38395752683281903 1.0231466574114561
0.37813625587150451 0.44400910064578059 0.27195376046001912 1.0231466574114561
0.17614063969813287 0.44400910064578059 0.27195376046001912 2.4495229410675168
0.37813625587150451 0.42454846128821377 0.38395752683281903 2.4495229410675168
0.37369188917800777 0.44462553076446054 0.42787928692996502 2.6573139604979752
0.37369188917800777 0.36368641220033171 0.42787928692996502 2.6573139604979752
0.37369188917800777 0.44462553076446054 0.19003270454704763 2.6573139604979752
0.28087966167367989 0.44462553076446054 0.42787928692996502 2.6573139604979752
0.37369188917800777 0.44462553076446054 0.42787928692996502 1.6432229349678755
0.28087966167367989 0.36368641220033171 0.19003270454704763 1.6432229349678755
0.42624285188503558 0.16422094516456126 0.27339522391557691 0.44075028795003895
0.42624285188503558 0.17664992809295654 0.27339522391557691 0.44075028795003895
0.42624285188503558 0.16422094516456126 0.43299688920378687 0.44075028795003895
0.46802071640267962 0.16422094516456126 0.27339522391557691 0.44075028795003895
0.42624285188503558 0.16422094516456126 0.27339522391557691 0.10827269110620022
0.46802071640267962 0.17664992809295654 0.43299688920378687 0.10827269110620022
0.069027075637131924 0.24818249493837358 0.36071341037750249 1.5917957489246131
0.069027075637131924 0.22329234816133978 0.36071341037750249 1.5917957489246131
0.069027075637131924 0.24818249493837358 0.33314677104353907 1.5917957489246131
0.17439396940171717 0.24818249493837358 0.36071341037750249 1.5917957489246131
0.069027075637131924 0.24818249493837358 0.36071341037750249 1.4858424570775033
0.17439396940171717 0.22329234816133978 0.33314677104353907 1.4858424570775033
0.64966458589769893 0.36758269220590589 0.14056334160268308 0.86026867375254634
0.64966458589769893 0.43615735396742827 0.14056334160268308 0.86026867375254634
0.64966458589769893 0.36758269220590589 0.29017345495522023 0.86026867375254634
0.57480627964250741 0.36758269220590589 0.14056334160268308 0.86026867375254634
0.64966458589769893 0.36758269220590589 0.14056334160268308 2.845004185767174
0.57480627964250741 0.43615735396742827 0.29017345495522023 2.845004185767174
0.47967090448364608 0.33638311289250855 0.31801122166216378 1.3924193629446626
0.47967090448364608 0.45380224101245403 0.31801122166216378 1.3924193629446626
0.47967090448364608 0.33638311289250855 0.14012081846594812 1.3924193629446626
0.056131131807342173 0.33638311289250855 0.31801122166216378 1.3924193629446626
0.47967090448364608 0.33638311289250855 0.31801122166216378 0.87651106088101871
0.056131131807342173 0.45380224101245403 0.14012081846594812 0.87651106088101871
0.21864871387369927 0.25448926948010919 0.18227752968668939 2.1692224486681817
0.21864871387369927 0.2931810185313225 0.18227752968668939 2.1692224486681817
0.21864871387369927 0.25448926948010919 0.48309110589325432 2.1692224486681817
0.69022769453003996 0.25448926948010919 0.18227752968668939 2.1692224486681817
0.21864871387369927 0.25448926948010919 0.18227752968668939 2.37241319632709
0.69022769453003996 0.2931810185313225 0.48309110589325432 2.37241319632709
0.58125042477622624 0.13291188180446625 0.4945923425257206 0.2806287045863271
0.58125042477622624 0.10666894502937795 0.4945923425257206 0.2806287045863271
0.58125042477622624 0.13291188180446625 0.38284502215683458 0.2806287045863271
0.31526788249611848 0.13291188180446625 0.4945923425257206 0.2806287045863271
0.58125042477622624 0.13291188180446625 0.4945923425257206 2.0999860126781464
0.31526788249611848 0.10666894502937795 0.38284502215683458 2.0999860126781464
0.19831234090961514 0.45082282125949857 0.20569264180958272 2.4504547393855454
0.19831234090961514 0.34614604488015177 0.20569264180958272 2.4504547393855454
0.19831234090961514 0.45082282125949857 0.23987781032919886 2.4504547393855454
0.43138585570268329 0.45082282125949857 0.20569264180958272 2.4504547393855454
0.19831234090961514 0.45082282125949857 0.20569264180958272 0.77949012067556389
0.43138585570268329 0.34614604488015177 0.23987781032919886 0.77949012067556389
0.55245827529579394 0.48387251608073711 0.37787169963121414 2.0280390663483741
0.55245827529579394 0.1510941855609417 0.37787169963121414 2.0280390663483741
0.55245827529579394 0.48387251608073711 0.26840592101216321 2.0280390663483741
0.12782650520093738 0.48387251608073711 0.37787169963121414 2.0280390663483741
0.55245827529579394 0.48387251608073711 0.37787169963121414 1.0951855236442387
0.12782650520093738 0.1510941855609417 0.26840592101216321 1.0951855236442387
0.16860942295752462 0.10036114566028119 0.12339370362460614 1.2511798739919067
0.16860942295752462 0.38984050191938879 0.12339370362460614 1.2511798739919067
0.16860942295752462 0.10036114566028119 0.31137315668165688 1.2511798739919067
0.62107390677556396 0.10036114566028119 0.12339370362460614 1.2511798739919067
0.16860942295752462 0.10036114566028119 0.12339370362460614 2.499173882792741
0.62107390677556396 0.38984050191938879 0.31137315668165688 2.499173882792741
0.53216711543500417 0.28743225187063215 0.41070882938802244 2.401325894035399
0.53216711543500417 0.41030929386615755 0.41070882938802244 2.401325894035399
0.53216711543500417 0.28743225187063215 0.41161845363676552 2.401325894035399
0.34633081723004572 0.28743225187063215 0.41070882938802244 2.401325894035399
0.53216711543500417 0.28743225187063215 0.41070882938802244 2.0423000411464276
0.34633081723004572 0.41030929386615755 0.41161845363676552 2.0423000411464276
0.2701523310970515 0.3037254735827446 0.29055261611938477 0.23153334753960372
0.2701523310970515 0.24895710013806821 0.29055261611938477 0.23153334753960372
0.2701523310970515 0.3037254735827446 0.1686481900513172 0.23153334753960372
0.40286946571432047 0.3037254735827446 0.29055261611938477 0.23153334753960372
0.2701523310970515 0.3037254735827446 0.29055261611938477 0.44568002149358399
0.40286946571432047 0.24895710013806821 0.1686481900513172 0.44568002149358399
0.099842233024537569 0.39753333292901516 0.4680127315223217 0.76579780746400361
0.099842233024537569 0.2658191986382008 0.4680127315223217 0.76579780746400361
0.099842233024537569 0.39753333292901516 0.21867790259420872 0.76579780746400361
0.22807790753431617 0.39753333292901516 0.4680127315223217 0.76579780746400361
0.099842233024537569 0.39753333292901516 0.4680127315223217 1.792821370714456
0.22807790753431617 0.2658191986382008 0.21867790259420872 1.792821370714456
0.68210524781607085 0.21873387657105925 0.2322851274162531 2.9823954514253139
0.68210524781607085 0.4809807766228914 0.2322851274162531 2.9823954514253139
0.68210524781607085 0.21873387657105925 0.36165124252438552 2.9823954514253139
0.51828097207471724 0.21873387657105925 0.2322851274162531 2.9823954514253139
0.68210524781607085 0.21873387657105925 0.2322851274162531 0.35016752623155717
0.51828097207471724 0.4809807766228914 0.36165124252438552 0.35016752623155717
0.32329802215099329 0.19405875802040101 0.3446030545979738 1.093261919811368
0.32329802215099329 0.319076706469059 0.3446030545979738 1.093261919811368
0.32329802215099329 0.19405875802040101 0.46149904802441599 1.093261919811368
0.16220481749624011 0.19405875802040101 0.3446030545979738 1.093261919811368
0.32329802215099329 0.19405875802040101 0.3446030545979738 1.1748704585291445
0.16220481749624011 0.319076706469059 0.46149904802441599 1.1748704585291445
0.37739762323908504 0.41506389379501341 0.15569723621010781 1.8247326687550547
0.37739762323908504 0.13433660678565504 0.15569723621010781 1.8247326687550547
0.37739762323908504 0.41506389379501341 0.11853488720953465 1.8247326687550547
0.58444897397421303 0.41506389379501341 0.15569723621010781 1.8247326687550547
0.37739762323908504 0.41506389379501341 0.15569723621010781 2.8105382352448998
0.58444897397421303 0.13433660678565504 0.11853488720953465 2.8105382352448998
0.14530476629734038 0.40110358744859698 0.3306831419467926 0.38826862111061816
0.14530476629734038 0.44377364479005343 0.3306831419467926 0.38826862111061816
0.14530476629734038 0.40110358744859698 0.36776189915835855 0.38826862111061816
0.4795457058120518 0.40110358744859698 0.3306831419467926 0.38826862111061816
0.14530476629734038 0.40110358744859698 0.3306831419467926 1.3196138533735275
0.4795457058120518 0.44377364479005343 0.36776189915835855 1.3196138533735275
0.57522420543245967 0.18302173763513566 0.16961394809186459 2.6164342010918258
0.57522420543245967 0.20908157825469972 0.16961394809186459 2.6164342010918258
0.57522420543245967 0.18302173763513566 0.21229773759841919 2.6164342010918258
0.27185409581288694 0.18302173763513566 0.16961394809186459 2.6164342010918258
0.57522420543245967 0.18302173763513566 0.16961394809186459 2.6428078705334661
0.27185409581288694 0.20908157825469972 0.21229773759841919 2.6428078705334661
0.28751550968736406 0.20457472614943983 0.45732324831187732 1.4653830965146424
0.28751550968736406 0.1908785317093134 0.45732324831187732 1.4653830965146424
0.28751550968736406 0.20457472614943983 0.11244003772735596 1.4653830965146424
0.54574594069272275 0.20457472614943983 0.45732324831187732 1.4653830965146424
0.28751550968736406 0.20457472614943983 0.45732324831187732 1.8065636830610039
0.54574594069272275 0.1908785317093134 0.11244003772735596 1.8065636830610039
0.51427149637602265 0.38668828420341017 0.24297779947519305 2.1853083960106967
0.51427149637602265 0.35608967170119288 0.24297779947519305 2.1853083960106967
0.51427149637602265 0.38668828420341017 0.46791337840259073 2.1853083960106967
0.20603307760320599 0.38668828420341017 0.24297779947519305 2.1853083960106967
0.51427149637602265 0.38668828420341017 0.24297779947519305 0.31335967277228838
0.20603307760320599 0.35608967170119288 0.46791337840259073 0.31335967277228838
0.6690196242183446 0.31788787543773656 0.41554210558533666 1.6560359441494943
0.6690196242183446 0.33544491641223428 0.41554210558533666 1.6560359441494943
0.6690196242183446 0.31788787543773656 0.31785612702369692 1.6560359441494943
0.66358741042204195 0.31788787543773656 0.41554210558533666 1.6560359441494943
0.6690196242183446 0.31788787543773656 0.41554210558533666 1.9366326158881189
0.66358741042204195 0.33544491641223428 0.31785612702369692 1.9366326158881189
0.11251434753648937 0.29826793968677523 0.28572254069149494 0.89083463410198693
0.11251434753648937 0.12404463738203049 0.28572254069149494 0.89083463410198693
0.11251434753648937 0.29826793968677523 0.26238586418330667 0.89083463410198693
0.090348983835428942 0.29826793968677523 0.28572254069149494 0.89083463410198693
0.11251434753648937 0.29826793968677523 0.28572254069149494 0.57441297688484194
0.090348983835428942 0.12404463738203049 0.26238586418330667 0.57441297688484194
0.40497359726577992 0.11433081291615964 0.39842901565134525 2.7794341096246242
0.40497359726577992 0.27581247873604298 0.39842901565134525 2.7794341096246242
0.40497359726577992 0.11433081291615964 0.16214440576732159 2.7794341096246242
0.44541024323552841 0.11433081291615964 0.39842901565134525 2.7794341096246242
0.40497359726577992 0.11433081291615964 0.39842901565134525 1.042727015888095
0.44541024323552841 0.27581247873604298 0.16214440576732159 1.042727015888095
0.29530242732726036 0.49490628503263001 0.10283319875597954 0.59800616739213475
0.29530242732726036 0.46450918689370158 0.10283319875597954 0.59800616739213475
0.29530242732726036 0.49490628503263001 0.41761164069175727 0.59800616739213475
0.30890040858648715 0.49490628503263001 0.10283319875597954 0.59800616739213475
0.29530242732726036 0.49490628503263001 0.10283319875597954 2.5746193494361638
0.30890040858648715 0.46450918689370158 0.41761164069175727 2.5746193494361638
0.45388096729293459 0.46497845500707624 0.48068164847791195 1.0259072245299816
0.45388096729293459 0.23195179626345636 0.48068164847791195 1.0259072245299816
0.45388096729293459 0.46497845500707624 0.48910696655511854 1.0259072245299816
0.65275267087854438 0.46497845500707624 0.48068164847791195 1.0259072245299816
0.45388096729293459 0.46497845500707624 0.48068164847791195 2.2473825430656968
0.65275267087854438 0.23195179626345636 0.48910696655511854 2.2473825430656968
0.34520270102657374 0.14375358074903488 0.21960633397102358 1.7911648608058692
0.34520270102657374 0.42147697843611243 0.21960633397102358 1.7911648608058692
0.34520270102657374 0.14375358074903488 0.13363975547254087 1.7911648608058692
0.098647096846252669 0.14375358074903488 0.21960633397102358 1.7911648608058692
0.34520270102657374 0.14375358074903488 0.21960633397102358 0.60901681686893117
0.098647096846252669 0.42147697843611243 0.13363975547254087 0.60901681686893117
0.63671549996361132 0.26845311634242536 0.30731254965066912 0.64101324107885371
0.63671549996361132 0.3786662369966507 0.30731254965066912 0.64101324107885371
0.63671549996361132 0.26845311634242536 0.23388347886502744 0.64101324107885371
0.39396290145814411 0.26845311634242536 0.30731254965066912 0.64101324107885371
0.63671549996361132 0.26845311634242536 0.30731254965066912 0.89299632330253731
0.39396290145814411 0.3786662369966507 0.23388347886502744 0.89299632330253731
0.081121301697567108 0.34742345921695234 0.19297319166362287 2.8224072118979691
0.081121301697567108 0.16809462569653988 0.19297319166362287 2.8224072118979691
0.081121301697567108 0.34742345921695234 0.38935376554727552 2.8224072118979691
0.35781608293764289 0.34742345921695234 0.19297319166362287 2.8224072118979691
0.081121301697567108 0.34742345921695234 0.19297319166362287 2.3329522183044253
0.35781608293764289 0.16809462569653988 0.38935376554727552 2.3329522183044253
0.23618840323761103 0.35361561179161072 0.36554973013699055 2.2967776396426558
0.23618840323761103 0.14823263362050057 0.36554973013699055 2.2967776396426558
0.23618840323761103 0.35361561179161072 0.43938506506383423 2.2967776396426558
0.51179444328881796 0.35361561179161072 0.36554973013699055 2.2967776396426558
0.23618840323761103 0.35361561179161072 0.36554973013699055 1.3770723075677456
0.51179444328881796 0.14823263362050057 0.43938506506383423 1.3770723075677456
0.46139544160105284 0.23715147972106934 0.13572402372956277 0.068578571358025073
0.46139544160105284 0.31104960329830644 0.13572402372956277 0.068578571358025073
0.46139544160105284 0.23715147972106934 0.18391174823045731 0.068578571358025073
0.24214189769700167 0.23715147972106934 0.13572402372956277 0.068578571358025073
0.46139544160105284 0.23715147972106934 0.13572402372956277 2.9767500618578495
0.24214189769700167 0.31104960329830644 0.18391174823045731 2.9767500618578495
0.1752685095183551 0.15005598030984402 0.44843363687396054 1.9577176148173214
0.1752685095183551 0.48899061828851698 0.44843363687396054 1.9577176148173214
0.1752685095183551 0.15005598030984402 0.28377018719911573 1.9577176148173214
0.61862711682915683 0.15005598030984402 0.44843363687396054 1.9577176148173214
0.1752685095183551 0.15005598030984402 0.44843363687396054 1.5877515174920858
0.61862711682915683 0.48899061828851698 0.28377018719911573 1.5877515174920858
0.60356213417835536 0.43378706537187106 0.25284388400614266 1.2378484219542147
0.60356213417835536 0.2519045751541853 0.25284388400614266 1.2378484219542147
0.60356213417835536 0.43378706537187106 0.33923437260091305 1.2378484219542147
0.13568348172120748 0.43378706537187106 0.25284388400614266 1.2378484219542147
0.60356213417835536 0.43378706537187106 0.25284388400614266 0.18682089298084378
0.13568348172120748 0.2519045751541853 0.33923437260091305 0.18682089298084378
0.51831136778928333 0.42587856426835058 0.35411836579442024 0.53971967097669837
0.51831136778928333 0.33934759497642519 0.35411836579442024 0.53971967097669837
0.51831136778928333 0.42587856426835058 0.39695963263511658 0.53971967097669837
0.55584637350402766 0.42587856426835058 0.35411836579442024 0.53971967097669837
0.51831136778928333 0.42587856426835058 0.35411836579442024 0.68582432967096574
0.55584637350402766 0.33934759497642519 0.39695963263511658 0.68582432967096574
0.26109699727967378 0.15796791091561319 0.14616956897079947 2.7441736216542125
0.26109699727967378 0.1013826247304678 0.14616956897079947 2.7441736216542125
0.26109699727967378 0.15796791091561319 0.22898629419505598 2.7441736216542125
0.19589045364409685 0.15796791091561319 0.14616956897079947 2.7441736216542125
0.26109699727967378 0.15796791091561319 0.14616956897079947 2.1716529199329018
0.19589045364409685 0.1013826247304678 0.22898629419505598 2.1716529199329018
0.53864221018739045 0.2294356245547533 0.43387584127485757 0.94911839655429131
0.53864221018739045 0.29846734032034872 0.43387584127485757 0.94911839655429131
0.53864221018739045 0.2294356245547533 0.12913772575557234 0.94911839655429131
0.48967837160453193 0.2294356245547533 0.43387584127485757 0.94911839655429131
0.53864221018739045 0.2294356245547533 0.43387584127485757 2.2705231171926856
0.48967837160453193 0.29846734032034872 0.12913772575557234 2.2705231171926856
0.15951442597433924 0.36132956333458421 0.2664099477231503 1.6912935663995148
0.15951442597433924 0.46060068942606447 0.2664099477231503 1.6912935663995148
0.15951442597433924 0.36132956333458421 0.49710188508033759 1.6912935663995148
0.26176354368217286 0.36132956333458421 0.2664099477231503 1.6912935663995148
0.15951442597433924 0.36132956333458421 0.2664099477231503 0.95434473490327609
0.26176354368217286 0.46060068942606447 0.49710188508033759 0.95434473490327609
0.32981429346837099 0.34263614639639856 0.48898648321628568 2.2191268227368592
0.32981429346837099 0.43048176616430289 0.48898648321628568 2.2191268227368592
0.32981429346837099 0.34263614639639856 0.34725526683032515 2.2191268227368592
0.45559250130318096 0.34263614639639856 0.48898648321628568 2.2191268227368592
0.32981429346837099 0.34263614639639856 0.48898648321628568 2.9463644360223413
0.45559250130318096 0.43048176616430289 0.34725526683032515 2.9463644360223413
0.38871430838480586 0.27323623523116114 0.21228731833398343 1.5222276634430887
0.38871430838480586 0.21610153429210188 0.21228731833398343 1.5222276634430887
0.38871430838480586 0.27323623523116114 0.27928802967071531 1.5222276634430887
0.29868091847747563 0.27323623523116114 0.21228731833398343 1.5222276634430887
0.38871430838480586 0.27323623523116114 0.21228731833398343 1.4070966824474931
0.29868091847747563 0.21610153429210188 0.27928802967071531 1.4070966824474931
0.10639816750772296 0.139165011420846 0.32499686889350415 2.582612886685729
0.10639816750772296 0.18384074345231058 0.32499686889350415 2.582612886685729
0.10639816750772296 0.139165011420846 0.17904349565505984 2.582612886685729
0.67379694236442444 0.139165011420846 0.32499686889350415 2.582612886685729
0.10639816750772296 0.139165011420846 0.32499686889350415 0.20284779385656118
0.67379694236442444 0.18384074345231058 0.17904349565505984 0.20284779385656118
0.69338225042447443 0.46956969238817692 0.17628060430288317 0.33142129825949673
0.69338225042447443 0.36936199851334095 0.17628060430288317 0.33142129825949673
0.69338225042447443 0.46956969238817692 0.44701376073062427 0.33142129825949673
0.080176606448367244 0.46956969238817692 0.17628060430288317 0.33142129825949673
0.69338225042447443 0.46956969238817692 0.17628060430288317 1.5720830677303672
0.080176606448367244 0.36936199851334095 0.44701376073062427 1.5720830677303672
0.057393017364665871 0.49011954143643377 0.4041198987513781 1.2025909534209969
0.057393017364665871 0.127145791426301 0.4041198987513781 1.2025909534209969
0.057393017364665871 0.49011954143643377 0.46926595829427242 1.2025909534209969
0.38374095479957754 0.49011954143643377 0.4041198987513781 1.2025909534209969
0.057393017364665871 0.49011954143643377 0.4041198987513781 2.7045176538674531
0.38374095479957754 0.127145791426301 0.46926595829427242 2.7045176538674531
0.64346570707857609 0.11911411955952644 0.29617723897099496 1.8994337864863875
0.64346570707857609 0.31340112015604971 0.29617723897099496 1.8994337864863875
0.64346570707857609 0.11911411955952644 0.10129566937685014 1.8994337864863875
0.36799591593444342 0.11911411955952644 0.29617723897099496 1.8994337864863875
0.64346570707857609 0.11911411955952644 0.29617723897099496 1.2575457726423442
0.36799591593444342 0.31340112015604971 0.10129566937685014 1.2575457726423442
0.36209749407134945 0.29367918260395531 0.38388648256659508 0.10383877385437489
0.36209749407134945 0.48665636442601679 0.38388648256659508 0.10383877385437489
0.36209749407134945 0.29367918260395531 0.20154251605272294 0.10383877385437489
0.64258279362693427 0.29367918260395531 0.38388648256659508 0.10383877385437489
0.36209749407134945 0.29367918260395531 0.38388648256659508 0.23727149970754982
0.64258279362693427 0.48665636442601679 0.20154251605272294 0.23727149970754982
0.42000429052859539 0.32247854359447958 0.11641451753675938 2.3550643336939809
0.42000429052859539 0.27301001250743867 0.11641451753675938 2.3550643336939809
0.42000429052859539 0.32247854359447958 0.36950972937047488 2.3550643336939809
0.10885916524566709 0.32247854359447958 0.11641451753675938 2.3550643336939809
0.42000429052859539 0.32247854359447958 0.11641451753675938 1.8830129972837866
0.10885916524566709 0.27301001250743867 0.36950972937047488 1.8830129972837866
0.58998836609534921 0.3787803582847119 0.3389788266271353 2.8792548202231525
0.58998836609534921 0.24367077834904194 0.3389788266271353 2.8792548202231525
0.58998836609534921 0.3787803582847119 0.4193792477250099 2.8792548202231525
0.60848699542693796 0.3787803582847119 0.3389788266271353 2.8792548202231525
0.58998836609534921 0.3787803582847119 0.3389788266271353 0.55910589885637174
0.60848699542693796 0.24367077834904194 0.4193792477250099 0.55910589885637174
0.21248546168208121 0.21248685047030449 0.16228577196598054 0.67483435784906154
0.21248546168208121 0.40351084545254712 0.16228577196598054 0.67483435784906154
0.21248546168208121 0.21248685047030449 0.15141506455838682 0.67483435784906154
0.14578644856810569 0.21248685047030449 0.16228577196598054 0.67483435784906154
0.21248546168208121 0.21248685047030449 0.16228577196598054 1.9530205371443929
0.14578644856810569 0.40351084545254712 0.15141506455838682 1.9530205371443929
0.48844852834008629 0.1753056887537241 0.47499230951070792 1.7343201401606203
0.48844852834008629 0.39663895182311537 0.47499230951070792 1.7343201401606203
0.48844852834008629 0.1753056887537241 0.25126441977918146 1.7343201401606203
0.50170143218711016 0.1753056887537241 0.47499230951070792 1.7343201401606203
0.48844852834008629 0.1753056887537241 0.47499230951070792 2.6042851743839681
0.50170143218711016 0.39663895182311537 0.25126441977918146 2.6042851743839681
0.23278217148035762 0.40881696380674837 0.22626995258033278 0.99208886368244897
0.23278217148035762 0.15638050585985186 0.22626995258033278 0.99208886368244897
0.23278217148035762 0.40881696380674837 0.31923773437738423 0.99208886368244897
0.25227214084006844 0.40881696380674837 0.22626995258033278 0.99208886368244897
0.23278217148035762 0.40881696380674837 0.22626995258033278 1.011983191473335
0.25227214084006844 0.15638050585985186 0.31923773437738423 1.011983191473335
0.62514095096848898 0.4198504466563463 0.45130840577185161 2.5087414334368705
0.62514095096848898 0.47177152037620551 0.45130840577185161 2.5087414334368705
0.62514095096848898 0.4198504466563463 0.17000247463583945 2.5087414334368705
0.18452419559471306 0.4198504466563463 0.45130840577185161 2.5087414334368705
0.62514095096848898 0.4198504466563463 0.45130840577185161 2.4799093382319808
0.18452419559471306 0.47177152037620551 0.17000247463583945 2.4799093382319808
0.074981932155787939 0.18927487917244434 0.24995694980025293 0.31588890708267692
0.074981932155787939 0.28146499358117583 0.24995694980025293 0.31588890708267692
0.074981932155787939 0.18927487917244434 0.40047578997910027 0.31588890708267692
0.56471328549087041 0.18927487917244434 0.24995694980025293 0.31588890708267692
0.074981932155787939 0.18927487917244434 0.24995694980025293 1.1133721895155311
0.56471328549087041 0.28146499358117583 0.40047578997910027 1.1133721895155311
0.44234608146361998 0.22332167997956276 0.33727210834622384 2.1109386203372478
0.44234608146361998 0.11839212402701378 0.33727210834622384 2.1109386203372478
0.44234608146361998 0.22332167997956276 0.30061658807098868 2.1109386203372478
0.29098261157050725 0.22332167997956276 0.33727210834622384 2.1109386203372478
0.44234608146361998 0.22332167997956276 0.33727210834622384 0.47354744219928985
0.29098261157050725 0.11839212402701378 0.30061658807098868 0.47354744219928985
0.33902364894747727 0.39294132962822914 0.16398938484489917 1.3571618944114447
0.33902364894747727 0.32818258143961432 0.16398938484489917 1.3571618944114447
0.33902364894747727 0.39294132962822914 0.27015240415930752 1.3571618944114447
0.45788061195053154 0.39294132962822914 0.16398938484489917 1.3571618944114447
0.33902364894747727 0.39294132962822914 0.16398938484489917 2.0155133209314942
0.45788061195053154 0.32818258143961432 0.27015240415930752 2.0155133209314942
0.1839469415601343 0.31163473464548586 0.39144949726760392 0.82645031290501358
0.1839469415601343 0.36135024875402455 0.39144949726760392 0.82645031290501358
0.1839469415601343 0.31163473464548586 0.12030422277748586 0.82645031290501358
0.32547993394546204 0.31163473464548586 0.39144949726760392 0.82645031290501358
0.1839469415601343 0.31163473464548586 0.39144949726760392 0.41511484345287086
0.32547993394546204 0.36135024875402455 0.12030422277748586 0.41511484345287086
0.61767574567347761 0.27952108122408392 0.10884840935468675 1.5349510282793641
0.61767574567347761 0.19775193445384504 0.10884840935468675 1.5349510282793641
0.61767574567347761 0.27952108122408392 0.45077143535017972 1.5349510282793641
0.42121599540114396 0.27952108122408392 0.10884840935468675 1.5349510282793641
0.61767574567347761 0.27952108122408392 0.10884840935468675 1.7282353154286743
0.42121599540114396 0.19775193445384504 0.45077143535017972 1.7282353154286743
0.24490651781670747 0.10807776674628258 0.42116629779338843 0.47457140472024684
0.24490651781670747 0.20220817700028421 0.42116629779338843 0.47457140472024684
0.24490651781670747 0.10807776674628258 0.35052847489714622 0.47457140472024684
0.06631094785407185 0.10807776674628258 0.42116629779338843 0.47457140472024684
0.24490651781670747 0.10807776674628258 0.42116629779338843 2.7369683771076798
0.06631094785407185 0.20220817700028421 0.35052847489714622 2.7369683771076798
0.47546938993036741 0.47615933045744896 0.27913394533097746 2.7141615688231586
0.47546938993036741 0.43851306624710562 0.27913394533097746 2.7141615688231586
0.47546938993036741 0.47615933045744896 0.220058186724782 2.7141615688231586
0.68000576482154429 0.47615933045744896 0.27913394533097746 2.7141615688231586
0.47546938993036741 0.47615933045744896 0.27913394533097746 1.2480818765321375
0.68000576482154429 0.43851306624710562 0.220058186724782 1.2480818765321375
0.27371927131898699 0.45873151309788229 0.30131605491042135 1.8599902910050752
0.27371927131898699 0.25877797640860078 0.30131605491042135 1.8599902910050752
0.27371927131898699 0.45873151309788229 0.29778064526617531 1.8599902910050752
0.33615842289291314 0.45873151309788229 0.30131605491042135 1.8599902910050752
0.27371927131898699 0.45873151309788229 0.30131605491042135 0.081124961490482095
0.33615842289291314 0.25877797640860078 0.29778064526617531 0.081124961490482095
0.50527567183598876 0.12500052340328693 0.19995850361883641 1.1515456822636725
0.50527567183598876 0.49425119683146479 0.19995850361883641 1.1515456822636725
0.50527567183598876 0.12500052340328693 0.32825090959668157 1.1515456822636725
0.41307901460677382 0.12500052340328693 0.19995850361883641 1.1515456822636725
0.50527567183598876 0.12500052340328693 0.19995850361883641 1.670728994920105
0.41307901460677382 0.49425119683146479 0.32825090959668157 1.670728994920105
0.13154821046628057 0.26220607832074166 0.48727665729820735 2.9471349634549022
0.13154821046628057 0.30578902624547483 0.48727665729820735 2.9471349634549022
0.13154821046628057 0.26220607832074166 0.42849313095211983 2.9471349634549022
0.11760699814185499 0.26220607832074166 0.48727665729820735 2.9471349634549022
0.13154821046628057 0.26220607832074166 0.48727665729820735 2.8635490611974896
0.11760699814185499 0.30578902624547483 0.42849313095211983 2.8635490611974896
0.56618871772661805 0.32867049649357793 0.21400004699826242 0.70751131104856735
0.56618871772661805 0.14135923087596894 0.21400004699826242 0.70751131104856735
0.56618871772661805 0.32867049649357793 0.19802589453756811 0.70751131104856735
0.63125618179328735 0.32867049649357793 0.21400004699826242 0.70751131104856735
0.56618871772661805 0.32867049649357793 0.21400004699826242 1.466936473428458
0.63125618179328735 0.14135923087596894 0.19802589453756811 1.466936473428458
0.41143035930581384 0.37236866988241679 0.44144793003797533 0.17468602468848229
0.41143035930581384 0.17374713905155659 0.44144793003797533 0.17468602468848229
0.41143035930581384 0.37236866988241679 0.24790005162358286 0.17468602468848229
0.15211424841545521 0.37236866988241679 0.44144793003797533 0.17468602468848229
0.41143035930581384 0.37236866988241679 0.44144793003797533 2.445263604929298
0.15211424841545521 0.17374713905155659 0.24790005162358286 2.445263604929298
0.30655960319563741 0.24339842237532139 0.25884077362716196 2.3675045796293022
0.30655960319563741 0.38592857196927077 0.25884077362716196 2.3675045796293022
0.30655960319563741 0.24339842237532139 0.37836421169340617 2.3675045796293022
0.594581656716764 0.24339842237532139 0.25884077362716196 2.3675045796293022
0.30655960319563741 0.24339842237532139 0.25884077362716196 0.80257984199032195
0.594581656716764 0.38592857196927077 0.37836421169340617 0.80257984199032195
0.6755160494241863 0.16880894228816035 0.3711556252092123 1.308024440920353
0.6755160494241863 0.41421464495360849 0.3711556252092123 1.308024440920353
0.6755160494241863 0.16880894228816035 0.47822114862501619 1.308024440920353
0.21793526662513613 0.16880894228816035 0.3711556252092123 1.308024440920353
0.6755160494241863 0.16880894228816035 0.3711556252092123 0.71526227494880568
0.21793526662513613 0.41421464495360849 0.47822114862501619 0.71526227494880568
0.12373184086754917 0.44003410264849663 0.12912940680980683 2.0618574930745361
0.12373184086754917 0.22629928141832353 0.12912940680980683 2.0618574930745361
0.12373184086754917 0.44003410264849663 0.14774780943989754 2.0618574930745361
0.52838142183609305 0.44003410264849663 0.12912940680980683 2.0618574930745361
0.12373184086754917 0.44003410264849663 0.12912940680980683 2.1652918908111749
0.52838142183609305 0.22629928141832353 0.14774780943989754 2.1652918908111749
0.68902679230086505 0.44281284213066108 0.31981278769671917 1.1254595318664611
0.68902679230086505 0.10328770391643048 0.31981278769671917 1.1254595318664611
0.68902679230086505 0.44281284213066108 0.21466599591076374 1.1254595318664611
0.43943790271878236 0.44281284213066108 0.31981278769671917 1.1254595318664611
0.68902679230086505 0.44281284213066108 0.31981278769671917 1.9921985554727915
0.43943790271878236 0.10328770391643048 0.21466599591076374 1.9921985554727915
0.093156279996037483 0.17334563732147218 0.18047209531068803 1.879237663203031
0.093156279996037483 0.34349734634161 0.18047209531068803 1.879237663203031
0.093156279996037483 0.17334563732147218 0.35919268056750298 1.879237663203031
0.31196417990140612 0.17334563732147218 0.18047209531068803 1.879237663203031
0.093156279996037483 0.17334563732147218 0.18047209531068803 0.49613848699182278
0.31196417990140612 0.34349734634161 0.35919268056750298 0.49613848699182278
0.38436126685701305 0.23944852314889431 0.49318140745162964 0.72892299386754633
0.38436126685701305 0.45654902644455431 0.49318140745162964 0.72892299386754633
0.38436126685701305 0.23944852314889431 0.4590504042804241 0.72892299386754633
0.66813581422902635 0.23944852314889431 0.49318140745162964 0.72892299386754633
0.38436126685701305 0.23944852314889431 0.49318140745162964 1.136834874457419
0.66813581422902635 0.45654902644455431 0.4590504042804241 1.136834874457419
0.3165748612955212 0.36978591047227383 0.20710743330419065 2.9217741148109733
0.3165748612955212 0.29685546532273294 0.20710743330419065 2.9217741148109733
0.3165748612955212 0.36978591047227383 0.1145145881921053 2.9217741148109733
0.083640835899859656 0.36978591047227383 0.20710743330419065 2.9217741148109733
0.3165748612955212 0.36978591047227383 0.20710743330419065 2.4571731847777962
0.083640835899859656 0.29685546532273294 0.1145145881921053 2.4571731847777962
0.16656728568486867 0.32597668021917348 0.43593396879732615 2.393232487528175
0.16656728568486867 0.21361228190362455 0.43593396879732615 2.393232487528175
0.16656728568486867 0.32597668021917348 0.26455956026911737 2.393232487528175
0.54230647347867489 0.32597668021917348 0.43593396879732615 2.393232487528175
0.16656728568486867 0.32597668021917348 0.43593396879732615 1.2255060057839753
0.54230647347867489 0.21361228190362455 0.26455956026911737 1.2255060057839753
0.55458211675286295 0.2581452175974846 0.26534288451075555 0.15364372883602978
0.55458211675286295 0.4273074805736542 0.26534288451075555 0.15364372883602978
0.55458211675286295 0.2581452175974846 0.30909234769642357 0.15364372883602978
0.21162724266760047 0.2581452175974846 0.26534288451075555 0.15364372883602978
0.55458211675286295 0.2581452175974846 0.26534288451075555 2.7602540461716054
0.21162724266760047 0.4273074805736542 0.30909234769642357 2.7602540461716054
0.2681475275661796 0.12964665405452253 0.35304939523339274 2.0429683963142335
0.2681475275661796 0.37282967902719977 0.35304939523339274 2.0429683963142335
0.2681475275661796 0.12964665405452253 0.40933382995426659 2.0429683963142335
0.48663194202817972 0.12964665405452253 0.35304939523339274 2.0429683963142335
0.2681475275661796 0.12964665405452253 0.35304939523339274 1.7509977544561031
0.48663194202817972 0.37282967902719977 0.40933382995426659 1.7509977544561031
0.53424890618771315 0.46161978356540201 0.14822502620518208 1.3344662755291166
0.53424890618771315 0.18642789348959923 0.14822502620518208 1.3344662755291166
0.53424890618771315 0.46161978356540201 0.16480411812663079 1.3344662755291166
0.26768130073323843 0.46161978356540201 0.14822502620518208 1.3344662755291166
0.53424890618771315 0.46161978356540201 0.14822502620518208 0.39163417364507919
0.26768130073323843 0.18642789348959923 0.16480411812663079 0.39163417364507919
0.2155704914126545 0.47854411303997046 0.46982348710298538 0.28872211658343677
0.2155704914126545 0.31628142669796944 0.46982348710298538 0.28872211658343677
0.2155704914126545 0.47854411303997046 0.14255193248391151 0.28872211658343677
0.61153345163911577 0.47854411303997046 0.46982348710298538 0.28872211658343677
0.2155704914126545 0.47854411303997046 0.46982348710298538 1.444195928065628
0.61153345163911577 0.31628142669796944 0.14255193248391151 1.444195928065628
0.48266229899600144 0.11222031414508821 0.23047670237720014 2.5283443635790048
0.48266229899600144 0.13071132190525533 0.23047670237720014 2.5283443635790048
0.48266229899600144 0.11222031414508821 0.48708166815340526 2.5283443635790048
0.13986868425272403 0.11222031414508821 0.23047670237720014 2.5283443635790048
0.48266229899600144 0.11222031414508821 0.23047670237720014 2.8870077055834233
0.13986868425272403 0.13071132190525533 0.48708166815340526 2.8870077055834233
0.19528125417418774 0.27518236301839349 0.34318290613591673 1.3774900384686888
0.19528125417418774 0.26915194541215898 0.34318290613591673 1.3774900384686888
0.19528125417418774 0.27518236301839349 0.38683787323534491 1.3774900384686888
0.51524135884828859 0.27518236301839349 0.34318290613591673 1.3774900384686888
0.19528125417418774 0.27518236301839349 0.34318290613591673 1.6933272424428167
0.51524135884828859 0.26915194541215898 0.38683787323534491 1.6933272424428167
0.58420964805409314 0.308663346990943 0.15711504220962524 2.0859360526208577
0.58420964805409314 0.48367863707244396 0.15711504220962524 2.0859360526208577
0.58420964805409314 0.308663346990943 0.24230510964989663 2.0859360526208577
0.23653534455224867 0.308663346990943 0.15711504220962524 2.0859360526208577
0.58420964805409314 0.308663346990943 0.15711504220962524 0.057817047409266235
0.23653534455224867 0.48367863707244396 0.24230510964989663 0.057817047409266235
0.43451856174506243 0.38986117392778397 0.38592935130000117 1.5595981423594059
0.43451856174506243 0.40121518895030028 0.38592935130000117 1.5595981423594059
0.43451856174506243 0.38986117392778397 0.19223721362650395 1.5595981423594059
0.38940209019929167 0.38986117392778397 0.38592935130000117 1.5595981423594059
0.43451856174506243 0.38986117392778397 0.38592935130000117 2.1418068290947376
0.38940209019929167 0.40121518895030028 0.19223721362650395 2.1418068290947376
0.36518569225445385 0.21887428909540177 0.11533219553530216 0.80576368479445581
0.36518569225445385 0.23913064040243626 0.11533219553530216 0.80576368479445581
0.36518569225445385 0.21887428909540177 0.43677305355668072 0.80576368479445581
0.36453165984712538 0.21887428909540177 0.11533219553530216 0.80576368479445581
0.36518569225445385 0.21887428909540177 0.11533219553530216 0.73802067342028033
0.36453165984712538 0.23913064040243626 0.43677305355668072 0.73802067342028033
0.65797243793494997 0.19352762512862684 0.40304177291691301 2.6941887795843185
0.65797243793494997 0.16082341372966769 0.40304177291691301 2.6941887795843185
0.65797243793494997 0.19352762512862684 0.3369145430624485 2.6941887795843185
0.65873739947564891 0.19352762512862684 0.40304177291691301 2.6941887795843185
0.65797243793494997 0.19352762512862684 0.40304177291691301 0.8258727137844265
0.65873739947564891 0.16082341372966769 0.3369145430624485 0.8258727137844265
0.060473636444658044 0.42234552316367624 0.29822354093194009 0.50137163005426533
0.060473636444658044 0.39864188097417352 0.29822354093194009 0.50137163005426533
0.060473636444658044 0.42234552316367624 0.29238788224756718 0.50137163005426533
0.095575877185910929 0.42234552316367624 0.29822354093194009 0.50137163005426533
0.060473636444658044 0.42234552316367624 0.29822354093194009 2.4226945855586228
0.095575877185910929 0.39864188097417352 0.29238788224756718 2.4226945855586228
0.45966854174621397 0.41150993071496489 0.42321011424064636 1.9201162038545312
0.45966854174621397 0.28571220152080057 0.42321011424064636 1.9201162038545312
0.45966854174621397 0.41150993071496489 0.44317648820579059 1.9201162038545312
0.32075175102800124 0.41150993071496489 0.42321011424064636 1.9201162038545312
0.45966854174621397 0.41150993071496489 0.42321011424064636 0.93175896040111783
0.32075175102800124 0.28571220152080057 0.44317648820579059 0.93175896040111783
0.23799205785617228 0.17936589084565641 0.27805218957364564 1.1779424394200744
0.23799205785617228 0.4735787615180016 0.27805218957364564 1.1779424394200744
0.23799205785617228 0.17936589084565641 0.18614982664585114 1.1779424394200744
0.42815099521540101 0.17936589084565641 0.27805218957364564 1.1779424394200744
0.23799205785617228 0.17936589084565641 0.27805218957364564 2.2938213690748812
0.42815099521540101 0.4735787615180016 0.18614982664585114 2.2938213690748812
0.60187747874297204 0.20784004330635072 0.39037041179835796 2.3282627084390817
0.60187747874297204 0.32647247500717641 0.39037041179835796 2.3282627084390817
0.60187747874297204 0.20784004330635072 0.28599987328052523 2.3282627084390817
0.051763735385611659 0.20784004330635072 0.39037041179835796 2.3282627084390817
0.60187747874297204 0.20784004330635072 0.39037041179835796 2.1944055869635939
0.051763735385611659 0.32647247500717641 0.28599987328052523 2.1944055869635939
0.17703510159626601 0.37589122056961066 0.11089413315057756 0.12380735235080123
0.17703510159626601 0.11443754807114602 0.11089413315057756 0.12380735235080123
0.17703510159626601 0.37589122056961066 0.34303571395576005 0.12380735235080123
0.69743423266336313 0.37589122056961066 0.11089413315057756 0.12380735235080123
0.17703510159626601 0.37589122056961066 0.11089413315057756 0.6623563744387031
0.69743423266336313 0.11443754807114602 0.34303571395576005 0.6623563744387031
0.35244440329261117 0.31970046274363995 0.33210424557328222 0.65522721696451314
0.35244440329261117 0.19447942934930326 0.33210424557328222 0.65522721696451314
0.35244440329261117 0.31970046274363995 0.49307616651058195 0.65522721696451314
0.17733008731156585 0.31970046274363995 0.33210424557328222 0.65522721696451314
0.35244440329261117 0.31970046274363995 0.33210424557328222 1.5488033716621996
0.17733008731156585 0.19447942934930326 0.49307616651058195 1.5488033716621996
0.44687982527539127 0.28914333693683147 0.16819671280682086 2.906420210801512
0.44687982527539127 0.3589580714702606 0.16819671280682086 2.906420210801512
0.44687982527539127 0.28914333693683147 0.13604340367019177 2.906420210801512
0.56902614808641372 0.28914333693683147 0.16819671280682086 2.906420210801512
0.44687982527539127 0.28914333693683147 0.16819671280682086 0.22540644832283258
0.56902614808641372 0.3589580714702606 0.13604340367019177 0.22540644832283258
0.08840017304755747 0.12306488603353501 0.45551153756678109 1.0170900314779581
0.08840017304755747 0.44119768477976329 0.45551153756678109 1.0170900314779581
0.08840017304755747 0.12306488603353501 0.23628941588103772 1.0170900314779581
0.27396947373636066 0.12306488603353501 0.45551153756678109 1.0170900314779581
0.08840017304755747 0.12306488603353501 0.45551153756678109 1.4305945685371757
0.27396947373636066 0.44119768477976329 0.23628941588103772 1.4305945685371757
0.62967214258387683 0.49270297735929491 0.24478565379977227 1.7139877853609622
0.62967214258387683 0.20557800754904748 0.24478565379977227 1.7139877853609622
0.62967214258387683 0.49270297735929491 0.39331915080547331 1.7139877853609622
0.47268694257363669 0.49270297735929491 0.24478565379977227 1.7139877853609622
0.62967214258387683 0.49270297735929491 0.24478565379977227 2.9235960239991545
0.47268694257363669 0.20557800754904748 0.39331915080547331 2.9235960239991545
0.12046495019458234 0.4726507034152746 0.37321470044553284 2.7652201392288505
0.12046495019458234 0.4979138024151325 0.37321470044553284 2.7652201392288505
0.12046495019458234 0.4726507034152746 0.31559668034315114 2.7652201392288505
0.16912739351391792 0.4726507034152746 0.37321470044553284 2.7652201392288505
0.12046495019458234 0.4726507034152746 0.37321470044553284 1.8595378393213453
0.16912739351391792 0.4979138024151325 0.31559668034315114 1.8595378393213453
0.66082366686314342 0.14361306689679623 0.12806290984153748 0.51399317397847777
0.66082366686314342 0.26156006343662741 0.12806290984153748 0.51399317397847777
0.66082366686314342 0.14361306689679623 0.25856696926057343 0.51399317397847777
0.57977529945783313 0.14361306689679623 0.12806290984153748 0.51399317397847777
0.66082366686314342 0.14361306689679623 0.12806290984153748 0.26001731536075473
0.57977529945783313 0.26156006343662741 0.25856696926057343 0.26001731536075473
0.30330000105313953 0.26898415982723234 0.44037799984216697 1.6648531426914037
0.30330000105313953 0.13828365355730057 0.44037799984216697 1.6648531426914037
0.30330000105313953 0.26898415982723234 0.15832169614732267 1.6648531426914037
0.22512938217259942 0.26898415982723234 0.44037799984216697 1.6648531426914037
0.30330000105313953 0.26898415982723234 0.44037799984216697 1.2808484164331855
0.22512938217259942 0.13828365355730057 0.15832169614732267 1.2808484164331855
0.39674530401825897 0.34014193117618563 0.26089565269649029 0.96801171503677974
0.39674530401825897 0.30202842764556409 0.26089565269649029 0.96801171503677974
0.39674530401825897 0.34014193117618563 0.41535448282957077 0.96801171503677974
0.52406853260472408 0.34014193117618563 0.26089565269649029 0.96801171503677974
0.39674530401825897 0.34014193117618563 0.26089565269649029 2.6819359199212491
0.52406853260472408 0.30202842764556409 0.41535448282957077 2.6819359199212491
0.57183571434579783 0.35894411616027355 0.48209353573620317 1.5029845129673185
0.57183571434579783 0.38129059597849846 0.48209353573620317 1.5029845129673185
0.57183571434579783 0.35894411616027355 0.36528807841241362 1.5029845129673185
0.35070566199719899 0.35894411616027355 0.48209353573620317 1.5029845129673185
0.57183571434579783 0.35894411616027355 0.48209353573620317 0.98920757671996962
0.35070566199719899 0.38129059597849846 0.36528807841241362 0.98920757671996962
0.14862131644040344 0.22529222182929518 0.21819211617112161 2.245214384034723
0.14862131644040344 0.17154893912374974 0.21819211617112161 2.245214384034723
0.14862131644040344 0.22529222182929518 0.20825226157903673 2.245214384034723
0.39565053950063878 0.22529222182929518 0.21819211617112161 2.245214384034723
0.14862131644040344 0.22529222182929518 0.21819211617112161 2.6277762090961634
0.39565053950063878 0.17154893912374974 0.20825226157903673 2.6277762090961634
0.51091529275290659 0.16230576783418657 0.30551003143191335 0.35678355780407789
0.51091529275290659 0.22839929759502411 0.30551003143191335 0.35678355780407789
0.51091529275290659 0.16230576783418657 0.10840447992086411 0.35678355780407789
0.12233520769514143 0.16230576783418657 0.30551003143191335 0.35678355780407789
0.51091529275290659 0.16230576783418657 0.30551003143191335 1.9755835835193098
0.12233520769514143 0.22839929759502411 0.10840447992086411 1.9755835835193098
0.29078496284782884 0.42884928137063982 0.19477805234491827 2.5612054255889354
0.29078496284782884 0.4185593213886023 0.19477805234491827 2.5612054255889354
0.29078496284782884 0.42884928137063982 0.46543116532266138 2.5612054255889354
0.62432117471471427 0.42884928137063982 0.19477805234491827 2.5612054255889354
0.29078496284782884 0.42884928137063982 0.19477805234491827 0.53583024334415796
0.62432117471471427 0.4185593213886023 0.46543116532266138 0.53583024334415796
0.20393984857946634 0.43656594790518288 0.49977641776204107 1.7722743147157134
0.20393984857946634 0.18119192570447923 0.49977641776204107 1.7722743147157134
0.20393984857946634 0.43656594790518288 0.4233507364988327 1.7722743147157134
0.061975746881216764 0.43656594790518288 0.49977641776204107 1.7722743147157134
0.20393984857946634 0.43656594790518288 0.49977641776204107 0.29078531723260881
0.061975746881216764 0.18119192570447923 0.4233507364988327 0.29078531723260881
0.59830342433415351 0.15459253229200842 0.20150114484131337 1.0523504206304253
0.59830342433415351 0.36598087660968304 0.20150114484131337 1.0523504206304253
0.59830342433415351 0.15459253229200842 0.1538148980587721 1.0523504206304253
0.68726433482952409 0.15459253229200842 0.20150114484131337 1.0523504206304253
0.59830342433415351 0.15459253229200842 0.20150114484131337 1.8298505159807206
0.68726433482952409 0.36598087660968304 0.1538148980587721 1.8298505159807206
0.22426876835525034 0.23320153281092645 0.31381629146635537 2.8481365691266953
0.22426876835525034 0.43415628448128707 0.31381629146635537 2.8481365691266953
0.22426876835525034 0.23320153281092645 0.25367417149245741 2.8481365691266953
0.33093152954243121 0.23320153281092645 0.31381629146635537 2.8481365691266953
0.22426876835525034 0.23320153281092645 0.31381629146635537 2.6655723078793288
0.33093152954243121 0.43415628448128707 0.25367417149245741 2.6655723078793288
0.49671641211025408 0.35103290006518362 0.18745740875601768 0.619969583734721
0.49671641211025408 0.21884824819862844 0.18745740875601768 0.619969583734721
0.49671641211025408 0.35103290006518362 0.32320083081722262 0.619969583734721
0.4179290255531668 0.35103290006518362 0.18745740875601768 0.619969583734721
0.49671641211025408 0.35103290006518362 0.18745740875601768 1.2961341278260947
0.4179290255531668 0.21884824819862844 0.32320083081722262 1.2961341278260947
0.64641772415488952 0.3447297859936953 0.35865528881549835 0.089988804847151049
0.64641772415488952 0.2896173477172852 0.35865528881549835 0.089988804847151049
0.64641772415488952 0.3447297859936953 0.4730611961334944 0.089988804847151049
0.28409965997561809 0.3447297859936953 0.35865528881549835 0.089988804847151049
0.64641772415488952 0.3447297859936953 0.35865528881549835 2.5513053964805601
0.28409965997561809 0.2896173477172852 0.4730611961334944 2.5513053964805601
0.054354104539379479 0.26439211256802087 0.14163041077554228 2.2714181524904071
0.054354104539379479 0.45092074237763879 0.14163041077554228 2.2714181524904071
0.054354104539379479 0.26439211256802087 0.10353145897388459 2.2714181524904071
0.46259391088969998 0.26439211256802087 0.14163041077554228 2.2714181524904071
0.054354104539379479 0.26439211256802087 0.14163041077554228 1.0653199272418024
0.46259391088969998 0.45092074237763879 0.10353145897388459 1.0653199272418024
0.4230035111308097 0.14839966371655466 0.42894826345145709 1.2117637208868564
0.4230035111308097 0.3491256318986416 0.42894826345145709 1.2117637208868564
0.4230035111308097 0.14839966371655466 0.20377449095249178 1.2117637208868564
0.18743299967609345 0.14839966371655466 0.42894826345145709 1.2117637208868564
0.4230035111308097 0.14839966371655466 0.42894826345145709 0.59787695743978031
0.18743299967609345 0.3491256318986416 0.20377449095249178 0.59787695743978031
0.35902647781185798 0.46786677315831182 0.27133977264165876 1.9769636255235972
0.35902647781185798 0.11052582003176213 0.27133977264165876 1.9769636255235972
0.35902647781185798 0.46786677315831182 0.37330725602805614 1.9769636255235972
0.55888600368052721 0.46786677315831182 0.27133977264165876 1.9769636255235972
0.35902647781185798 0.46786677315831182 0.27133977264165876 1.9138981093996765
0.55888600368052721 0.11052582003176213 0.37330725602805614 1.9138981093996765
0.39079819126054638 0.49729101993143565 0.34977187104523183 2.5964628611828386
0.39079819126054638 0.39301359541714198 0.34977187104523183 2.5964628611828386
0.39079819126054638 0.49729101993143565 0.34477915726602082 2.5964628611828386
0.21503885062411426 0.49729101993143565 0.34977187104523183 2.5964628611828386
0.39079819126054638 0.49729101993143565 0.34977187104523183 2.3094656413795054
0.21503885062411426 0.39301359541714198 0.34477915726602082 2.3094656413795054
0.32781220194883642 0.11847340799868107 0.15149048045277597 0.41506748495295648
0.32781220194883642 0.15358529761433604 0.15149048045277597 0.41506748495295648
0.32781220194883642 0.11847340799868107 0.2752463683485985 0.41506748495295648
0.53420125530101359 0.11847340799868107 0.15149048045277597 0.41506748495295648
0.32781220194883642 0.11847340799868107 0.15149048045277597 0.91575355791822088
0.53420125530101359 0.15358529761433604 0.2752463683485985 0.91575355791822088
0.69550337987020605 0.29392936453223228 0.46380864605307581 2.2099540607608854
0.69550337987020605 0.24636875800788405 0.46380864605307581 2.2099540607608854
0.69550337987020605 0.29392936453223228 0.17500412315130234 2.2099540607608854
0.15898479255847631 0.29392936453223228 0.46380864605307581 2.2099540607608854
0.69550337987020605 0.29392936453223228 0.46380864605307581 0.63230769034460188
0.15898479255847631 0.24636875800788405 0.17500412315130234 0.63230769034460188
0.10435393811203539 0.31491634473204611 0.23745585121214391 1.4446978298957647
0.10435393811203539 0.4068434730172158 0.23745585121214391 1.4446978298957647
0.10435393811203539 0.31491634473204611 0.4445338364690542 1.4446978298957647
0.58987578675150865 0.31491634473204611 0.23745585121214391 1.4446978298957647
0.10435393811203539 0.31491634473204611 0.23745585121214391 2.2248125794346629
0.58987578675150865 0.4068434730172158 0.4445338364690542 2.2248125794346629
0.25437112441286441 0.38360808081924913 0.40866596661508081 0.9111642274890841
0.25437112441286441 0.4768298331648112 0.40866596661508081 0.9111642274890841
0.25437112441286441 0.38360808081924913 0.39469637125730517 0.9111642274890841
0.11216285089030861 0.38360808081924913 0.40866596661508081 0.9111642274890841
0.25437112441286441 0.38360808081924913 0.40866596661508081 0.16407953511491419
0.11216285089030861 0.4768298331648112 0.39469637125730517 0.16407953511491419
0.52527291928417974 0.20012738294899465 0.29163494408130647 1.6310320149414244
0.52527291928417974 0.26391597911715509 0.29163494408130647 1.6310320149414244
0.52527291928417974 0.20012738294899465 0.22516968809068205 1.6310320149414244
0.63453076356090599 0.20012738294899465 0.29163494408130647 1.6310320149414244
0.52527291928417974 0.20012738294899465 0.29163494408130647 1.6112082953168454
0.63453076356090599 0.26391597911715509 0.22516968809068205 1.6112082953168454
0.15283056506887077 0.18727462664246561 0.37894983142614369 0.57083792756304153
0.15283056506887077 0.13594728969037534 0.37894983142614369 0.57083792756304153
0.15283056506887077 0.18727462664246561 0.12531272731721402 0.57083792756304153
0.34048619489185505 0.18727462664246561 0.37894983142614369 0.57083792756304153
0.15283056506887077 0.18727462664246561 0.37894983142614369 2.9993470137675105
0.34048619489185505 0.13594728969037534 0.12531272731721402 2.9993470137675105
0.54556646668352182 0.40359852090477943 0.12134740762412549 2.7990384012584388
0.54556646668352182 0.32313022911548617 0.12134740762412549 2.7990384012584388
0.54556646668352182 0.40359852090477943 0.49484854191541672 2.7990384012584388
0.405832852050662 0.40359852090477943 0.12134740762412549 2.7990384012584388
0.54556646668352182 0.40359852090477943 0.12134740762412549 1.3537627465207875
0.405832852050662 0.32313022911548617 0.49484854191541672 1.3537627465207875
0.30983610758557911 0.41775690838694579 0.39638519324362276 1.2761795924575627
0.30983610758557911 0.21127782315015795 0.39638519324362276 1.2761795924575627
0.30983610758557911 0.41775690838694579 0.24404987618327142 1.2761795924575627
0.67831810982897878 0.41775690838694579 0.39638519324362276 1.2761795924575627
0.30983610758557911 0.41775690838694579 0.39638519324362276 2.8217226231378318
0.67831810982897878 0.21127782315015795 0.24404987618327142 2.8217226231378318
0.40808182680048044 0.19811891242861748 0.10391494855284691 2.007708073040396
0.40808182680048044 0.44841271750628953 0.10391494855284691 2.007708073040396
0.40808182680048044 0.19811891242861748 0.37608569152653215 2.007708073040396
0.073421385744586593 0.19811891242861748 0.10391494855284691 2.007708073040396
0.40808182680048044 0.19811891242861748 0.10391494855284691 1.5084002990406753
0.073421385744586593 0.44841271750628953 0.37608569152653215 1.5084002990406753
0.12704071989282967 0.214086926355958 0.41662118509411816 0.21192765598490834
0.12704071989282967 0.3517430402338505 0.41662118509411816 0.21192765598490834
0.12704071989282967 0.214086926355958 0.47593423612415797 0.21192765598490834
0.44964747461490329 0.214086926355958 0.41662118509411816 0.21192765598490834
0.12704071989282967 0.214086926355958 0.41662118509411816 0.13176893023014069
0.44964747461490329 0.3517430402338505 0.47593423612415797 0.13176893023014069
0.6721205071080476 0.3946443382650614 0.28367681093513963 2.4284899231220782
0.6721205071080476 0.18877961225807668 0.28367681093513963 2.4284899231220782
0.6721205071080476 0.3946443382650614 0.14390755221247675 2.4284899231220782
0.30179184004664417 0.3946443382650614 0.28367681093513963 2.4284899231220782
0.6721205071080476 0.3946443382650614 0.28367681093513963 1.6204532273316385
0.30179184004664417 0.18877961225807668 0.14390755221247675 1.6204532273316385
0.49703970747068515 0.30094744041562083 0.46249111704528334 2.9555923768405616
0.49703970747068515 0.12126059532165528 0.46249111704528334 2.9555923768405616
0.49703970747068515 0.30094744041562083 0.29376644976437094 2.9555923768405616
0.49673241237178439 0.30094744041562083 0.46249111704528334 2.9555923768405616
0.49703970747068515 0.30094744041562083 0.46249111704528334 0.75690318231761466
0.49673241237178439 0.12126059532165528 0.29376644976437094 0.75690318231761466
0.28170979381538924 0.28289635851979256 0.23877047747373581 0.78576774745211009
0.28170979381538924 0.33178340755403046 0.23877047747373581 0.78576774745211009
0.28170979381538924 0.28289635851979256 0.32579616233706477 0.78576774745211009
0.25753871672786771 0.28289635851979256 0.23877047747373581 0.78576774745211009
0.28170979381538924 0.28289635851979256 0.23877047747373581 2.1232827493518589
0.25753871672786771 0.33178340755403046 0.32579616233706477 2.1232827493518589
0.55799981160089374 0.10431176908314228 0.32648001611232758 1.8454165354530514
0.55799981160089374 0.46826783046126363 0.32648001611232758 1.8454165354530514
0.55799981160089374 0.10431176908314228 0.42604067251086242 1.8454165354530514
0.55243917922489338 0.10431176908314228 0.32648001611232758 1.8454165354530514
0.55799981160089374 0.10431176908314228 0.32648001611232758 2.3951649190974234
0.55243917922489338 0.46826783046126363 0.42604067251086242 2.3951649190974234
0.13950648424215614 0.48645609505474574 0.1747852500528097 1.0686120443187654
0.13950648424215614 0.27888915278017523 0.1747852500528097 1.0686120443187654
0.13950648424215614 0.48645609505474574 0.19400788433849814 1.0686120443187654
0.20153672806918621 0.48645609505474574 0.1747852500528097 1.0686120443187654
0.13950648424215614 0.48645609505474574 0.1747852500528097 0.85304110733032235
0.20153672806918621 0.27888915278017523 0.19400788433849814 0.85304110733032235
0.61063525527715679 0.45390368923544888 0.44637455567717554 0.46611399682447319
0.61063525527715679 0.42387025244534016 0.44637455567717554 0.46611399682447319
0.61063525527715679 0.45390368923544888 0.1225125465542078 0.46611399682447319
0.50510119749233118 0.45390368923544888 0.44637455567717554 0.46611399682447319
0.61063525527715679 0.45390368923544888 0.44637455567717554 0.42290627330139285
0.50510119749233118 0.42387025244534016 0.1225125465542078 0.42290627330139285
0.19122806000523268 0.13736008033156397 0.25391037501394753 2.6359051379095018
0.19122806000523268 0.23522234633564951 0.25391037501394753 2.6359051379095018
0.19122806000523268 0.13736008033156397 0.45454531088471417 2.6359051379095018
0.24663827386684711 0.13736008033156397 0.25391037501394753 2.6359051379095018
0.19122806000523268 0.13736008033156397 0.25391037501394753 2.0657918883617223
0.24663827386684711 0.23522234633564951 0.45454531088471417 2.0657918883617223
0.46846600081771606 0.25023724175989626 0.36661965437233446 0.84102407394692313
0.46846600081771606 0.16472589187324049 0.36661965437233446 0.84102407394692313
0.46846600081771606 0.25023724175989626 0.35429853573441505 0.84102407394692313
0.60144040300510826 0.25023724175989626 0.36661965437233446 0.84102407394692313
0.46846600081771606 0.25023724175989626 0.36661965437233446 2.5217385761334001
0.60144040300510826 0.16472589187324049 0.35429853573441505 2.5217385761334001
0.25214535309933123 0.33388884998857976 0.13366913869976998 1.6178846717141571
0.25214535309933123 0.37597966343164446 0.13366913869976998 1.6178846717141571
0.25214535309933123 0.33388884998857976 0.22226879931986332 1.6178846717141571
0.14999888744205236 0.33388884998857976 0.13366913869976998 1.6178846717141571
0.25214535309933123 0.33388884998857976 0.13366913869976998 1.0719111637450756
0.14999888744205236 0.37597966343164446 0.22226879931986332 1.0719111637450756
0.076746277138590807 0.36519710198044775 0.31249567717313764 2.1427834742899239
0.076746277138590807 0.30924345888197424 0.31249567717313764 2.1427834742899239
0.076746277138590807 0.36519710198044775 0.17243587747216227 2.1427834742899239
0.64851541286334391 0.36519710198044775 0.31249567717313764 2.1427834742899239
0.076746277138590807 0.36519710198044775 0.31249567717313764 2.7870642411382498
0.64851541286334391 0.30924345888197424 0.17243587747216227 2.7870642411382498
0.62345342854969199 0.2440392352640629 0.18878112845122816 1.411311319935471
0.62345342854969199 0.14398347064852715 0.18878112845122816 1.411311319935471
0.62345342854969199 0.2440392352640629 0.40446253754198558 1.411311319935471
0.10575567265041172 0.2440392352640629 0.18878112845122816 1.411311319935471
0.62345342854969199 0.2440392352640629 0.18878112845122816 1.1976177893908322
0.10575567265041172 0.14398347064852715 0.40446253754198558 1.1976177893908322
0.34083017054945225 0.16855884976685048 0.4764876779168844 2.4714998076303303
0.34083017054945225 0.25586024783551697 0.4764876779168844 2.4714998076303303
0.34083017054945225 0.16855884976685048 0.30461325384676458 2.4714998076303303
0.37923217541538173 0.16855884976685048 0.4764876779168844 2.4714998076303303
0.34083017054945225 0.16855884976685048 0.4764876779168844 0.37347111428275709
0.37923217541538173 0.25586024783551697 0.30461325384676458 0.37347111428275709
0.44062142870388921 0.44759620018303392 0.22478679120540621 0.25490356907978656
0.44062142870388921 0.49069876968860626 0.22478679120540621 0.25490356907978656
0.44062142870388921 0.44759620018303392 0.27257741466164587 0.25490356907978656
0.3747436882928013 0.44759620018303392 0.22478679120540621 0.25490356907978656
0.44062142870388921 0.44759620018303392 0.22478679120540621 1.7702416350866856
0.3747436882928013 0.49069876968860626 0.27257741466164587 1.7702416350866856
0.086380967404693365 0.44868222847580908 0.38195265568792824 2.4228426779732106
0.086380967404693365 0.29501626528799535 0.38195265568792824 2.4228426779732106
0.086380967404693365 0.44868222847580908 0.49961564056575303 2.4228426779732106
0.60587792126461859 0.44868222847580908 0.38195265568792824 2.4228426779732106
0.086380967404693365 0.44868222847580908 0.38195265568792824 1.9644808521878721
0.60587792126461859 0.29501626528799535 0.49961564056575303 1.9644808521878721
0.63151034568436437 0.1667884685099125 0.11775940284132957 0.21775761002331973
0.63151034568436437 0.45783247277140615 0.11775940284132957 0.21775761002331973
0.63151034568436437 0.1667884685099125 0.13008895516395569 0.21775761002331973
0.14301982712931929 0.1667884685099125 0.11775940284132957 0.21775761002331973
0.63151034568436437 0.1667884685099125 0.11775940284132957 0.52453637614846227
0.14301982712931929 0.45783247277140615 0.13008895516395569 0.52453637614846227
0.35046610543504353 0.24600416608154774 0.40546819046139715 2.0133469790527223
0.35046610543504353 0.34202350042760377 0.40546819046139715 2.0133469790527223
0.35046610543504353 0.24600416608154774 0.2303296983242035 2.0133469790527223
0.49938982813619071 0.24600416608154774 0.40546819046139715 2.0133469790527223
0.35046610543504353 0.24600416608154774 0.40546819046139715 0.97738523115694531
0.49938982813619071 0.34202350042760377 0.2303296983242035 0.97738523115694531
0.44868207001127297 0.36391499824821949 0.29424601383507254 1.2703636101785303
0.44868207001127297 0.10493821799755097 0.29424601383507254 1.2703636101785303
0.44868207001127297 0.36391499824821949 0.3998655151575804 1.2703636101785303
0.24980314206331966 0.36391499824821949 0.29424601383507254 1.2703636101785303
0.44868207001127297 0.36391499824821949 0.29424601383507254 2.6157627276688813
0.24980314206331966 0.10493821799755097 0.3998655151575804 2.6157627276688813
0.59860997302457686 0.33270513042807581 0.47208454422652724 1.1087916319239139
0.59860997302457686 0.18498466499149802 0.47208454422652724 1.1087916319239139
0.59860997302457686 0.33270513042807581 0.44991813898086552 1.1087916319239139
0.38113303324207659 0.33270513042807581 0.47208454422652724 1.1087916319239139
0.59860997302457686 0.33270513042807581 0.47208454422652724 1.2920523647892477
0.38113303324207659 0.18498466499149802 0.44991813898086552 1.2920523647892477
0.18016623673029242 0.2523006282746792 0.22664165943861009 1.8050598496216537
0.18016623673029242 0.37451061084866522 0.22664165943861009 1.8050598496216537
0.18016623673029242 0.2523006282746792 0.18038535229861738 1.8050598496216537
0.36522812251932912 0.2523006282746792 0.22664165943861009 1.8050598496216537
0.18016623673029242 0.2523006282746792 0.22664165943861009 2.6929487324130537
0.36522812251932912 0.37451061084866522 0.18038535229861738 2.6929487324130537
0.45643946425989262 0.13549276925623419 0.33934716880321503 0.74557962307453163
0.45643946425989262 0.42544988207519052 0.33934716880321503 0.74557962307453163
0.45643946425989262 0.13549276925623419 0.28024081103503706 0.74557962307453163
0.64027249715290957 0.13549276925623419 0.33934716880321503 0.74557962307453163
0.45643946425989262 0.13549276925623419 0.33934716880321503 1.8714613140708209
0.64027249715290957 0.42544988207519052 0.28024081103503706 1.8714613140708209
0.24107979596592483 0.4548928592354059 0.15937536321580412 2.9959631881481408
0.24107979596592483 0.21487750560045243 0.15937536321580412 2.9959631881481408
0.24107979596592483 0.4548928592354059 0.34977052211761472 2.9959631881481408
0.10638883952051401 0.4548928592354059 0.15937536321580412 2.9959631881481408
0.24107979596592483 0.4548928592354059 0.15937536321580412 0.27174965424597264
0.10638883952051401 0.21487750560045243 0.34977052211761472 0.27174965424597264
0.50905632581561799 0.4844407685101032 0.43195110186934471 1.577468870792389
0.50905632581561799 0.48241166472435004 0.43195110186934471 1.577468870792389
0.50905632581561799 0.4844407685101032 0.37124223262071609 1.577468870792389
0.45282468246296043 0.4844407685101032 0.43195110186934471 1.577468870792389
0.50905632581561799 0.4844407685101032 0.43195110186934471 1.4185810925997795
0.45282468246296043 0.48241166472435004 0.37124223262071609 1.4185810925997795
0.29278526916168629 0.1056412048637867 0.26775175370275972 0.8812571549993754
0.29278526916168629 0.27101062498986722 0.26775175370275972 0.8812571549993754
0.29278526916168629 0.1056412048637867 0.2017124976962805 0.8812571549993754
0.29607309014536437 0.1056412048637867 0.26775175370275972 0.8812571549993754
0.29278526916168629 0.1056412048637867 0.26775175370275972 2.911773683926016
0.29607309014536437 0.27101062498986722 0.2017124976962805 2.911773683926016
0.57001517564058302 0.28175994642078878 0.35545752830803401 2.6763067804157732
0.57001517564058302 0.1290284536778927 0.35545752830803401 2.6763067804157732
0.57001517564058302 0.28175994642078878 0.10185782574117185 2.6763067804157732
0.67132674860768016 0.28175994642078878 0.35545752830803401 2.6763067804157732
0.57001517564058302 0.28175994642078878 0.35545752830803401 1.5375095099563898
0.67132674860768016 0.1290284536778927 0.10185782574117185 1.5375095099563898
0.15057822572998703 0.30276516564190392 0.14424146488308909 0.42588941960513599
0.15057822572998703 0.31772592402994637 0.14424146488308909 0.42588941960513599
0.15057822572998703 0.30276516564190392 0.47139058858156202 0.42588941960513599
0.077866245806217191 0.30276516564190392 0.14424146488308909 0.42588941960513599
0.15057822572998703 0.30276516564190392 0.14424146488308909 0.21430372248128057
0.077866245806217191 0.31772592402994637 0.47139058858156202 0.21430372248128057
0.30019025448709724 0.39656197354197509 0.32209217995405198 0.26076452999323607
0.30019025448709724 0.39698963016271593 0.32209217995405198 0.26076452999323607
0.30019025448709724 0.39656197354197509 0.32136086486279969 0.26076452999323607
0.55307988161221144 0.39656197354197509 0.32209217995405198 0.26076452999323607
0.30019025448709724 0.39656197354197509 0.32209217995405198 2.2061379313386977
0.55307988161221144 0.39698963016271593 0.32136086486279969 2.2061379313386977
0.40003110370598727 0.21305049583315849 0.17664322666823865 2.4658159339633583
0.40003110370598727 0.16229832880198958 0.17664322666823865 2.4658159339633583
0.40003110370598727 0.21305049583315849 0.25182502418756486 2.4658159339633583
0.19328131773509083 0.21305049583315849 0.17664322666823865 2.4658159339633583
0.40003110370598727 0.21305049583315849 0.17664322666823865 0.67427985467806462
0.19328131773509083 0.16229832880198958 0.25182502418756486 0.67427985467806462
0.11739611141383648 0.19935294426977634 0.48935170732438571 1.4054363982424141
0.11739611141383648 0.23784526959061625 0.48935170732438571 1.4054363982424141
0.11739611141383648 0.19935294426977634 0.15158659368753435 1.4054363982424141
0.48720934982411557 0.19935294426977634 0.48935170732438571 1.4054363982424141
0.11739611141383648 0.19935294426977634 0.48935170732438571 0.94277177838280801
0.48720934982411557 0.23784526959061625 0.15158659368753435 0.94277177838280801
0.66407350818626576 0.41564624942839146 0.20938603579998016 2.1484756980732085
0.66407350818626576 0.40305564589798448 0.20938603579998016 2.1484756980732085
0.66407350818626576 0.41564624942839146 0.42111325524747378 2.1484756980732085
0.25945203043520448 0.41564624942839146 0.20938603579998016 2.1484756980732085
0.66407350818626576 0.41564624942839146 0.20938603579998016 2.3050253229208288
0.25945203043520448 0.40305564589798448 0.42111325524747378 2.3050253229208288
0.26487892977893351 0.40480740256607539 0.48442081883549692 0.63713144164264213
0.26487892977893351 0.11259024180471898 0.48442081883549692 0.63713144164264213
0.26487892977893351 0.40480740256607539 0.27032431550323965 0.63713144164264213
0.15454481290653346 0.40480740256607539 0.48442081883549692 0.63713144164264213
0.26487892977893351 0.40480740256607539 0.48442081883549692 0.81403912493526942
0.15454481290653346 0.11259024180471898 0.27032431550323965 0.81403912493526942
0.53737616459839044 0.18518759794533254 0.21431381888687612 2.8307919913494586
0.53737616459839044 0.32775258347392083 0.21431381888687612 2.8307919913494586
0.53737616459839044 0.18518759794533254 0.30235097631812097 2.8307919913494586
0.59685234935022891 0.18518759794533254 0.21431381888687612 2.8307919913494586
0.53737616459839044 0.18518759794533254 0.21431381888687612 2.410692347417474
0.59685234935022891 0.32775258347392083 0.30235097631812097 2.410692347417474
0.16333960536867378 0.20201986208558084 0.30163247026503087 1.0351970665556192
0.16333960536867378 0.47209852598607538 0.30163247026503087 1.0351970665556192
0.16333960536867378 0.20201986208558084 0.40259930118918419 1.0351970665556192
0.2207428019028157 0.20201986208558084 0.30163247026503087 1.0351970665556192
0.16333960536867378 0.20201986208558084 0.30163247026503087 2.1306928544771671
0.2207428019028157 0.47209852598607538 0.40259930118918419 2.1306928544771671
0.55767342648468909 0.38259527459740639 0.19710602983832359 1.7896047340774537
0.55767342648468909 0.28735766112804417 0.19710602983832359 1.7896047340774537
0.55767342648468909 0.38259527459740639 0.17056346125900745 1.7896047340774537
0.53102892786264411 0.38259527459740639 0.19710602983832359 1.7896047340774537
0.55767342648468909 0.38259527459740639 0.19710602983832359 0.72673804951071741
0.53102892786264411 0.28735766112804417 0.17056346125900745 0.72673804951071741
0.38234375864267345 0.31380513049662118 0.36927973330020902 1.9482984750011565
0.38234375864267345 0.20411599166691305 0.36927973330020902 1.9482984750011565
0.38234375864267345 0.31380513049662118 0.22062072381377221 1.9482984750011565
0.33858783477917309 0.31380513049662118 0.36927973330020902 1.9482984750011565
0.38234375864267345 0.31380513049662118 0.36927973330020902 1.7052394739061596
0.33858783477917309 0.20411599166691305 0.22062072381377221 1.7052394739061596
0.31841631638817486 0.29572341181337836 0.13042236529290677 1.2406059586557747
0.31841631638817486 0.44286154583096504 0.13042236529290677 1.2406059586557747
0.31841631638817486 0.29572341181337836 0.35265348739922053 1.2406059586557747
0.4153508792165666 0.29572341181337836 0.13042236529290677 1.2406059586557747
0.31841631638817486 0.29572341181337836 0.13042236529290677 0.069560629580616956
0.4153508792165666 0.44286154583096504 0.35265348739922053 0.069560629580616956
0.68704772200435393 0.1164832852780819 0.44273828677833083 2.3000916531291602
0.68704772200435393 0.35708035044372088 0.44273828677833083 2.3000916531291602
0.68704772200435393 0.1164832852780819 0.45250432081520564 2.3000916531291602
0.1204132258426398 0.1164832852780819 0.44273828677833083 2.3000916531291602
0.68704772200435393 0.1164832852780819 0.44273828677833083 1.4553886331355572
0.1204132258426398 0.35708035044372088 0.45250432081520564 1.4553886331355572
0.094954347750172016 0.49859678372740746 0.25696147531270985 0.061132606298625471
0.094954347750172016 0.19572891741991044 0.25696147531270985 0.061132606298625471
0.094954347750172016 0.49859678372740746 0.12047458514571191 0.061132606298625471
0.63390501476824279 0.49859678372740746 0.25696147531270985 0.061132606298625471
0.094954347750172016 0.49859678372740746 0.25696147531270985 2.8980317613613606
0.63390501476824279 0.19572891741991044 0.12047458514571191 2.8980317613613606
0.65486346380785099 0.46592700965702538 0.33441314883530138 1.4735990070787073
0.65486346380785099 0.30078081488609315 0.33441314883530138 1.4735990070787073
0.65486346380785099 0.46592700965702538 0.19897905662655832 1.4735990070787073
0.32775186030194159 0.46592700965702538 0.33441314883530138 1.4735990070787073
0.65486346380785099 0.46592700965702538 0.33441314883530138 1.739715136036426
0.32775186030194159 0.30078081488609315 0.19897905662655832 1.739715136036426
0.063763613114133477 0.14946281798183919 0.16431228592991831 2.1812355924674867
0.063763613114133477 0.14016035757958889 0.16431228592991831 2.1812355924674867
0.063763613114133477 0.14946281798183919 0.43100876845419411 2.1812355924674867
0.42364527774043376 0.14946281798183919 0.16431228592991831 2.1812355924674867
0.063763613114133477 0.14946281798183919 0.16431228592991831 0.38052020451739432
0.42364527774043376 0.14016035757958889 0.43100876845419411 0.38052020451739432
0.43144802553579203 0.26313593462109564 0.45162790045142176 0.38618027952939277
0.43144802553579203 0.25989827141165733 0.45162790045142176 0.38618027952939277
0.43144802553579203 0.26313593462109564 0.33115567006170754 0.38618027952939277
0.068959690025076265 0.26313593462109564 0.45162790045142176 0.38618027952939277
0.43144802553579203 0.26313593462109564 0.45162790045142176 1.2135037731327118
0.068959690025076265 0.25989827141165733 0.33115567006170754 1.2135037731327118
0.36843228158541019 0.34686715081334119 0.24709538854658605 2.6251729903396965
0.36843228158541019 0.49937460757791996 0.24709538854658605 2.6251729903396965
0.36843228158541019 0.34686715081334119 0.29912288263440134 2.6251729903396965
0.68281201552599669 0.34686715081334119 0.24709538854658605 2.6251729903396965
0.36843228158541019 0.34686715081334119 0.24709538854658605 2.7484204628123341
0.68281201552599669 0.49937460757791996 0.29912288263440134 2.7484204628123341
0.19342089006677265 0.35307033099234109 0.41928127966821194 2.7816629922825098
0.19342089006677265 0.41691574901342399 0.41928127966821194 2.7816629922825098
0.19342089006677265 0.35307033099234109 0.14909159578382969 2.7816629922825098
0.18679479500278828 0.35307033099234109 0.41928127966821194 2.7816629922825098
0.19342089006677265 0.35307033099234109 0.41928127966821194 1.147858935725242
0.18679479500278828 0.41691574901342399 0.14909159578382969 1.147858935725242
0.58620638274587689 0.23184539712965491 0.28043002188205723 0.58803623831272134
0.58620638274587689 0.22987850420176983 0.28043002188205723 0.58803623831272134
0.58620638274587689 0.23184539712965491 0.48112741187214858 0.58803623831272134
0.56714387540705502 0.23184539712965491 0.28043002188205723 0.58803623831272134
0.58620638274587689 0.23184539712965491 0.28043002188205723 2.4683658953376115
0.56714387540705502 0.22987850420176983 0.48112741187214858 2.4683658953376115
0.21375104477629064 0.15575106665492058 0.39274893850088122 1.6484215493935348
0.21375104477629064 0.17027091160416602 0.39274893850088122 1.6484215493935348
0.21375104477629064 0.15575106665492058 0.38087834790349007 1.6484215493935348
0.2936301817651838 0.15575106665492058 0.39274893850088122 1.6484215493935348
0.21375104477629064 0.15575106665492058 0.39274893850088122 2.0039421431340276
0.2936301817651838 0.17027091160416602 0.38087834790349007 2.0039421431340276
0.48462308500893408 0.43472154065966606 0.1069660346955061 0.89395737996697433
0.48462308500893408 0.38313667960464959 0.1069660346955061 0.89395737996697433
0.48462308500893408 0.43472154065966606 0.24885166324675084 0.89395737996697433
0.4606880152598023 0.43472154065966606 0.1069660346955061 0.89395737996697433
0.48462308500893408 0.43472154065966606 0.1069660346955061 0.50805072394505146
0.4606880152598023 0.38313667960464959 0.24885166324675084 0.50805072394505146
0.56123756268061697 0.42993534617125995 0.41097643971443176 0.11798011580586434
0.56123756268061697 0.22053002044558526 0.41097643971443176 0.11798011580586434
0.56123756268061697 0.42993534617125995 0.28800159320235252 0.11798011580586434
0.23084571063518522 0.42993534617125995 0.41097643971443176 0.11798011580586434
0.56123756268061697 0.42993534617125995 0.41097643971443176 0.36164877969950443
0.23084571063518522 0.22053002044558526 0.28800159320235252 0.36164877969950443
0.13644477659836413 0.16053535155951978 0.28774904273450375 2.3339128467577694
0.13644477659836413 0.43271221555769446 0.28774904273450375 2.3339128467577694
0.13644477659836413 0.16053535155951978 0.33253743238747124 2.3339128467577694
0.52088878708891562 0.16053535155951978 0.28774904273450375 2.3339128467577694
0.13644477659836413 0.16053535155951978 0.28774904273450375 1.7582281646391751
0.52088878708891562 0.43271221555769446 0.33253743238747124 1.7582281646391751
0.50031837602145968 0.22725718766450884 0.37506461851298811 1.1837611391925813
0.50031837602145968 0.36724827587604525 0.37506461851298811 1.1837611391925813
0.50031837602145968 0.22725718766450884 0.43277662582695486 1.1837611391925813
0.16467499793507157 0.22725718766450884 0.37506461851298811 1.1837611391925813
0.50031837602145968 0.22725718766450884 0.37506461851298811 2.7759615207865833
0.16467499793507157 0.36724827587604525 0.43277662582695486 2.7759615207865833
0.2786121374927461 0.35766197592020033 0.12365862280130387 1.914480191012025
0.2786121374927461 0.17933215163648131 0.12365862280130387 1.914480191012025
0.2786121374927461 0.35766197592020033 0.1882499657571316 1.914480191012025
0.58675931887701149 0.35766197592020033 0.12365862280130387 1.914480191012025
0.2786121374927461 0.35766197592020033 0.12365862280130387 1.1863239331749083
0.58675931887701149 0.17933215163648131 0.1882499657571316 1.1863239331749083
0.12899049804545937 0.3389582481235266 0.34584451094269753 1.7543473643621803
0.12899049804545937 0.1118116207420826 0.34584451094269753 1.7543473643621803
0.12899049804545937 0.3389582481235266 0.23809657283127308 1.7543473643621803
0.1305930007249117 0.3389582481235266 0.34584451094269753 1.7543473643621803
0.12899049804545937 0.3389582481235266 0.34584451094269753 2.5336620618626475
0.1305930007249117 0.1118116207420826 0.23809657283127308 2.5336620618626475
0.67031205864623189 0.27104751132428651 0.1538667429238558 0.97691316136628392
0.67031205864623189 0.34728407748043538 0.1538667429238558 0.97691316136628392
0.67031205864623189 0.27104751132428651 0.38262630924582486 0.97691316136628392
0.6236830487381666 0.27104751132428651 0.1538667429238558 0.97691316136628392
0.67031205864623189 0.27104751132428651 0.1538667429238558 1.0836435136100651
0.6236830487381666 0.34728407748043538 0.38262630924582486 1.0836435136100651
0.31182432365603741 0.14174579083919525 0.46618569232523444 2.8660522926637531
0.31182432365603741 0.45257189422845845 0.46618569232523444 2.8660522926637531
0.31182432365603741 0.14174579083919525 0.48248021826148035 2.8660522926637531
0.34879984506405887 0.14174579083919525 0.46618569232523444 2.8660522926637531
0.31182432365603741 0.14174579083919525 0.46618569232523444 0.43411023263722665
0.34879984506405887 0.45257189422845845 0.48248021826148035 0.43411023263722665
0.40622999100014562 0.47363983690738676 0.23352932855486871 0.69541805883556607
0.40622999100014562 0.2881428640335798 0.23352932855486871 0.69541805883556607
0.40622999100014562 0.47363983690738676 0.13794745393097402 0.69541805883556607
0.40518098259344693 0.47363983690738676 0.23352932855486871 0.69541805883556607
0.40622999100014562 0.47363983690738676 0.23352932855486871 2.0768047118332982
0.40518098259344693 0.2881428640335798 0.13794745393097402 2.0768047118332982
0.34391016247682266 0.49068768732249735 0.36098405383527277 0.92777590551108124
0.34391016247682266 0.4083162244409323 0.36098405383527277 0.92777590551108124
0.34391016247682266 0.49068768732249735 0.16569507755339147 0.92777590551108124
0.058740219287574294 0.49068768732249735 0.36098405383527277 0.92777590551108124
0.34391016247682266 0.49068768732249735 0.36098405383527277 2.3838710683713855
0.058740219287574294 0.4083162244409323 0.16569507755339147 2.3838710683713855
0.43740505650639527 0.12439428679645062 0.1377505362033844 1.7052660394635797
0.43740505650639527 0.24471867084503174 0.1377505362033844 1.7052660394635797
0.43740505650639527 0.12439428679645062 0.41022786572575576 1.7052660394635797
0.69299433170817792 0.12439428679645062 0.1377505362033844 1.7052660394635797
0.43740505650639527 0.12439428679645062 0.1377505362033844 0.84193839246854196
0.69299433170817792 0.24471867084503174 0.41022786572575576 0.84193839246854196
0.079864706983789807 0.28800695985555647 0.42506922632455824 0.55421502272456891
0.079864706983789807 0.15542492605745795 0.42506922632455824 0.55421502272456891
0.079864706983789807 0.28800695985555647 0.31037164404988293 0.55421502272456891
0.31757950228638943 0.28800695985555647 0.42506922632455824 0.55421502272456891
0.079864706983789807 0.28800695985555647 0.42506922632455824 0.74488971735998999
0.31757950228638943 0.15542492605745795 0.31037164404988293 0.74488971735998999
0.62019366901367901 0.32151815146207807 0.27366932146251199 2.7248155925729871
0.62019366901367901 0.39172905310988426 0.27366932146251199 2.7248155925729871
0.62019366901367901 0.32151815146207807 0.26584193147718904 2.7248155925729871
0.43385486779734483 0.32151815146207807 0.27366932146251199 2.7248155925729871
0.62019366901367901 0.32151815146207807 0.27366932146251199 2.1114604202584921
0.43385486779734483 0.39172905310988426 0.26584193147718904 2.1114604202584921
0.47025554026477034 0.37780889235436921 0.49584302790462975 2.5668863951063154
0.47025554026477034 0.32498825900256634 0.49584302790462975 2.5668863951063154
0.47025554026477034 0.37780889235436921 0.11597240045666696 2.5668863951063154
0.28348757717758416 0.37780889235436921 0.49584302790462975 2.5668863951063154
0.47025554026477034 0.37780889235436921 0.49584302790462975 0.14278175919160246
0.28348757717758416 0.32498825900256634 0.11597240045666696 0.14278175919160246
0.25017480142414567 0.20680357776582242 0.20385911837220194 0.35091986841738226
0.25017480142414567 0.13468096703290941 0.20385911837220194 0.35091986841738226
0.25017480142414567 0.20680357776582242 0.46049908436834819 0.35091986841738226
0.47078850618563584 0.20680357776582242 0.20385911837220194 0.35091986841738226
0.25017480142414567 0.20680357776582242 0.20385911837220194 1.6316571921573582
0.47078850618563584 0.13468096703290941 0.46049908436834819 1.6316571921573582
0.61246571219526225 0.18059995770454407 0.31617500707507135 2.2395192561018464
0.61246571219526225 0.26535811014473443 0.31617500707507135 2.2395192561018464
0.61246571219526225 0.18059995770454407 0.36025910414755347 2.2395192561018464
0.17670426224358377 0.18059995770454407 0.31617500707507135 2.2395192561018464
0.61246571219526225 0.18059995770454407 0.31617500707507135 2.833454978492707
0.17670426224358377 0.26535811014473443 0.36025910414755347 2.833454978492707
0.18922155965119597 0.4093992352485657 0.18352470733225346 1.5088567061871292
0.18922155965119597 0.47514933124184611 0.18352470733225346 1.5088567061871292
0.18922155965119597 0.4093992352485657 0.2157232888042927 1.5088567061871292
0.57727659931406372 0.4093992352485657 0.18352470733225346 1.5088567061871292
0.18922155965119597 0.4093992352485657 0.18352470733225346 1.5203237902598083
0.57727659931406372 0.47514933124184611 0.2157232888042927 1.5203237902598083
0.42495159185491493 0.42355439215898516 0.30851438157260419 2.9391157884386181
0.42495159185491493 0.19044259712100031 0.30851438157260419 2.9391157884386181
0.42495159185491493 0.42355439215898516 0.46652085781097419 2.9391157884386181
0.50952253025025129 0.42355439215898516 0.30851438157260419 2.9391157884386181
0.42495159185491493 0.42355439215898516 0.30851438157260419 2.9882330501297116
0.50952253025025129 0.19044259712100031 0.46652085781097419 2.9882330501297116
0.35721477735787627 0.19144060760736467 0.19118852168321609 0.7117584074863792
0.35721477735787627 0.35028190053999431 0.19118852168321609 0.7117584074863792
0.35721477735787627 0.19144060760736467 0.10948504321277142 0.7117584074863792
0.23971263109706342 0.19144060760736467 0.19118852168321609 0.7117584074863792
0.35721477735787627 0.19144060760736467 0.19118852168321609 1.3424801335909964
0.23971263109706342 0.35028190053999431 0.10948504321277142 1.3424801335909964
0.64840671266429117 0.22076675705611706 0.47889423370361328 1.8619043396916988
0.64840671266429117 0.44965999424457548 0.47889423370361328 1.8619043396916988
0.64840671266429117 0.22076675705611706 0.20973487012088299 1.8619043396916988
0.61597839039750391 0.22076675705611706 0.47889423370361328 1.8619043396916988
0.64840671266429117 0.22076675705611706 0.47889423370361328 0.1522459572455287
0.61597839039750391 0.44965999424457548 0.20973487012088299 0.1522459572455287
0.052506445720791821 0.38884838037192826 0.22080471180379391 1.142610157468021
0.052506445720791821 0.20940231345593929 0.22080471180379391 1.142610157468021
0.052506445720791821 0.38884838037192826 0.36676155328750615 1.142610157468021
0.13287724433466791 0.38884838037192826 0.22080471180379391 1.142610157468021
0.052506445720791821 0.38884838037192826 0.22080471180379391 1.5992060681554676
0.13287724433466791 0.20940231345593929 0.36676155328750615 1.5992060681554676
0.22750761150382459 0.30755212008953092 0.44865542389452462 1.3056213092869522
0.22750761150382459 0.28016684725880625 0.44865542389452462 1.3056213092869522
0.22750761150382459 0.30755212008953092 0.41660974733531475 1.3056213092869522
0.65048206541687248 0.30755212008953092 0.44865542389452462 1.3056213092869522
0.22750761150382459 0.30755212008953092 0.44865542389452462 0.64350040639430295
0.65048206541687248 0.28016684725880625 0.41660974733531475 0.64350040639430295
0.49365858118981115 0.27697642147541046 0.25007993504405024 2.0716306426870821
0.49365858118981115 0.46642293818295 0.25007993504405024 2.0716306426870821
0.49365858118981115 0.27697642147541046 0.15958003401756288 2.0716306426870821
0.096216503297910094 0.27697642147541046 0.25007993504405024 2.0716306426870821
0.49365858118981115 0.27697642147541046 0.25007993504405024 2.235836646192372
0.096216503297910094 0.46642293818295 0.15958003401756288 2.235836646192372
0.20721711996011433 0.11023018024861814 0.36278847232460976 0.18249719891130925
0.20721711996011433 0.33342816978693013 0.36278847232460976 0.18249719891130925
0.20721711996011433 0.11023018024861814 0.25943236947059634 0.18249719891130925
0.39131532763130955 0.11023018024861814 0.36278847232460976 0.18249719891130925
0.20721711996011433 0.11023018024861814 0.36278847232460976 2.32137788382262
0.39131532763130955 0.33342816978693013 0.25943236947059634 2.32137788382262
0.59520219638943672 0.47984988950192931 0.13594931848347189 2.36455608273983
0.59520219638943672 0.119781057164073 0.13594931848347189 2.36455608273983
0.59520219638943672 0.47984988950192931 0.31646515838801859 2.36455608273983
0.35500867357477539 0.47984988950192931 0.13594931848347189 2.36455608273983
0.59520219638943672 0.47984988950192931 0.13594931848347189 0.92749715106934316
0.35500867357477539 0.119781057164073 0.31646515838801859 0.92749715106934316
0.15462150168605149 0.45968000739812853 0.45851590186357505 2.114657414084077
0.15462150168605149 0.37746109329164035 0.45851590186357505 2.114657414084077
0.15462150168605149 0.45968000739812853 0.38874249719083309 2.114657414084077
0.6611568301916122 0.45968000739812853 0.45851590186357505 2.114657414084077
0.15462150168605149 0.45968000739812853 0.45851590186357505 0.58587473576828841
0.6611568301916122 0.37746109329164035 0.38874249719083309 0.58587473576828841
0.54359948663040991 0.13070981949567795 0.24119610898196697 1.3485915787792206
0.54359948663040991 0.16308009624481201 0.24119610898196697 1.3485915787792206
0.54359948663040991 0.13070981949567795 0.23170973211526871 1.3485915787792206
0.088078277884051204 0.13070981949567795 0.24119610898196697 1.3485915787792206
0.54359948663040991 0.13070981949567795 0.24119610898196697 1.9020645370201767
0.088078277884051204 0.16308009624481201 0.23170973211526871 1.9020645370201767
0.25620048926211891 0.25688902847468853 0.32890495918691159 2.4996371275919675
0.25620048926211891 0.23706931807100773 0.32890495918691159 2.4996371275919675
0.25620048926211891 0.25688902847468853 0.13185813575983049 2.4996371275919675
0.44260269463993601 0.25688902847468853 0.32890495918691159 2.4996371275919675
0.25620048926211891 0.25688902847468853 0.32890495918691159 2.540022789040655
0.44260269463993601 0.23706931807100773 0.13185813575983049 2.540022789040655
0.52326254220679402 0.32811405770480634 0.17080929279327395 0.31761203950047495
0.52326254220679402 0.42259133681654937 0.17080929279327395 0.31761203950047495
0.52326254220679402 0.32811405770480634 0.48888787291944025 0.31761203950047495
0.30625288682058449 0.32811405770480634 0.17080929279327395 0.31761203950047495
0.52326254220679402 0.32811405770480634 0.17080929279327395 1.0542059690938892
0.30625288682058449 0.42259133681654937 0.48888787291944025 1.0542059690938892
0.69858259935863309 0.37182332873344426 0.39864782616496086 0.48417603679805998
0.69858259935863309 0.49257615916430952 0.39864782616496086 0.48417603679805998
0.69858259935863309 0.37182332873344426 0.33901372700929644 0.48417603679805998
0.47711629755794993 0.37182332873344426 0.39864782616496086 0.48417603679805998
0.69858259935863309 0.37182332873344426 0.39864782616496086 2.6773159065203367
0.47711629755794993 0.49257615916430952 0.33901372700929644 2.6773159065203367
0.10113338893279433 0.23809239864349366 0.10007842518389226 2.7115670817300677
0.10113338893279433 0.25461194962263112 0.10007842518389226 2.7115670817300677
0.10113338893279433 0.23809239864349366 0.28198706768453119 2.7115670817300677
0.26958223725669084 0.23809239864349366 0.10007842518389226 2.7115670817300677
0.10113338893279433 0.23809239864349366 0.10007842518389226 1.308046375759095
0.26958223725669084 0.25461194962263112 0.28198706768453119 1.308046375759095
0.3939183185342699 0.17450416050851347 0.41278387792408466 0.82297324981004005
0.3939183185342699 0.14544667787849905 0.41278387792408466 0.82297324981004005
0.3939183185342699 0.17450416050851347 0.18173950575292111 0.82297324981004005
0.54293971904553473 0.17450416050851347 0.41278387792408466 0.82297324981004005
0.3939183185342699 0.17450416050851347 0.41278387792408466 0.30180938948020342
0.54293971904553473 0.14544667787849905 0.18173950575292111 0.30180938948020342
0.32455569440498944 0.44096844755113129 0.28593860641121865 1.5422115010771156
0.32455569440498944 0.30757926478981973 0.28593860641121865 1.5422115010771156
0.32455569440498944 0.44096844755113129 0.4387753441929817 1.5422115010771156
0.20338424826040863 0.44096844755113129 0.28593860641121865 1.5422115010771156
0.32455569440498944 0.44096844755113129 0.28593860641121865 1.8410432375203074
0.20338424826040863 0.30757926478981973 0.4387753441929817 1.8410432375203074
0.40171616110019381 0.43867869414389138 0.46412661112844944 1.3743111200921239
0.40171616110019381 0.43451993353664875 0.46412661112844944 1.3743111200921239
0.40171616110019381 0.43867869414389138 0.32381028942763806 1.3743111200921239
0.1144346912857145 0.43867869414389138 0.46412661112844944 1.3743111200921239
0.40171616110019381 0.43867869414389138 0.46412661112844944 1.5766375538542867
0.1144346912857145 0.43451993353664875 0.32381028942763806 1.5766375538542867
0.298423483222723 0.17084717191755772 0.23459581956267359 2.0936067077265679
0.298423483222723 0.22477751448750496 0.23459581956267359 2.0936067077265679
0.298423483222723 0.17084717191755772 0.25584610402584074 2.0936067077265679
0.63696011248975992 0.17084717191755772 0.23459581956267359 2.0936067077265679
0.298423483222723 0.17084717191755772 0.23459581956267359 0.17553828005105257
0.63696011248975992 0.22477751448750496 0.25584610402584074 0.17553828005105257
0.66580062597058709 0.24155474230647089 0.34691443517804144 0.29872573160216215
0.66580062597058709 0.17537786178290846 0.34691443517804144 0.29872573160216215
0.66580062597058709 0.24155474230647089 0.15559775531291964 0.29872573160216215
0.34313500365242355 0.24155474230647089 0.34691443517804144 0.29872573160216215
0.66580062597058709 0.24155474230647089 0.34691443517804144 1.3652387296983601
0.34313500365242355 0.17537786178290846 0.15559775531291964 1.3652387296983601
0.11559201609343289 0.37352800294756894 0.15181185789406301 2.5260817071436343
0.11559201609343289 0.3655386462807656 0.15181185789406301 2.5260817071436343
0.11559201609343289 0.37352800294756894 0.42357107214629652 2.5260817071436343
0.40863901679404074 0.37352800294756894 0.15181185789406301 2.5260817071436343
0.11559201609343289 0.37352800294756894 0.15181185789406301 2.9647478346964715
0.40863901679404074 0.3655386462807656 0.42357107214629652 2.9647478346964715
0.2855066835414618 0.32973285205662251 0.38024774603545664 2.6854837641139326
0.2855066835414618 0.34489237703382969 0.38024774603545664 2.6854837641139326
0.2855066835414618 0.32973285205662251 0.3735260874032974 2.6854837641139326
0.2173095384147018 0.32973285205662251 0.38024774603545664 2.6854837641139326
0.2855066835414618 0.32973285205662251 0.38024774603545664 0.90418903935223827
0.2173095384147018 0.34489237703382969 0.3735260874032974 0.90418903935223827
0.51609931029379363 0.2602655876427889 0.11946655958890916 0.50342628569617864
0.51609931029379363 0.10853940173983574 0.11946655958890916 0.50342628569617864
0.51609931029379363 0.2602655876427889 0.20555580072104931 0.50342628569617864
0.53663177620619529 0.2602655876427889 0.11946655958890916 0.50342628569617864
0.51609931029379363 0.2602655876427889 0.11946655958890916 2.3439762850621344
0.53663177620619529 0.10853940173983574 0.20555580072104931 2.3439762850621344
0.14333685762248932 0.12713708952069283 0.40678246915340421 1.5636146855528654
0.14333685762248932 0.29151298068463805 0.40678246915340421 1.5636146855528654
0.14333685762248932 0.12713708952069283 0.1057049434632063 1.5636146855528654
0.16163229374215005 0.12713708952069283 0.40678246915340421 1.5636146855528654
0.14333685762248932 0.12713708952069283 0.40678246915340421 2.2592947855088115
0.16163229374215005 0.29151298068463805 0.1057049434632063 2.2592947855088115
0.5770160706713795 0.45747460797429085 0.2929294999688864 0.79760394674196844
0.5770160706713795 0.45525698959827421 0.2929294999688864 0.79760394674196844
0.5770160706713795 0.45747460797429085 0.47367215454578404 0.79760394674196844
0.59268327844329172 0.45747460797429085 0.2929294999688864 0.79760394674196844
0.5770160706713795 0.45747460797429085 0.2929294999688864 0.62076041002005344
0.59268327844329172 0.45525698959827421 0.47367215454578404 0.62076041002005344
0.17216821261681614 0.47795257903635502 0.31413118466734891 0.73640264486625795
0.17216821261681614 0.24750123471021654 0.31413118466734891 0.73640264486625795
0.17216821261681614 0.47795257903635502 0.4459245428442955 0.73640264486625795
0.28653031284920866 0.47795257903635502 0.31413118466734891 0.73640264486625795
0.17216821261681614 0.47795257903635502 0.31413118466734891 1.0307247942166031
0.28653031284920866 0.24750123471021654 0.4459245428442955 1.0307247942166031
0.60683847451582551 0.10696582533419133 0.18460645712912083 2.9184263275469839
0.60683847451582551 0.41197911612689497 0.18460645712912083 2.9184263275469839
0.60683847451582551 0.10696582533419133 0.17795730791985989 2.9184263275469839
0.46486453451216214 0.10696582533419133 0.18460645712912083 2.9184263275469839
0.60683847451582551 0.10696582533419133 0.18460645712912083 2.5627857770566642
0.46486453451216214 0.41197911612689497 0.17795730791985989 2.5627857770566642
0.2331290238071233 0.28082604631781583 0.49692210741341114 1.1226458226533236
0.2331290238071233 0.38796874061226849 0.49692210741341114 1.1226458226533236
0.2331290238071233 0.28082604631781583 0.27781047783792023 1.1226458226533236
0.19024046594277022 0.28082604631781583 0.49692210741341114 1.1226458226533236
0.2331290238071233 0.28082604631781583 0.49692210741341114 1.9253500084482136
0.19024046594277022 0.38796874061226849 0.27781047783792023 1.9253500084482136
0.46463583325967184 0.30964388474822047 0.20181338861584663 1.8887130633689464
0.46463583325967184 0.15234982557594778 0.20181338861584663 1.8887130633689464
0.46463583325967184 0.30964388474822047 0.34578074067831044 1.8887130633689464
0.56153359808959069 0.30964388474822047 0.20181338861584663 1.8887130633689464
0.46463583325967184 0.30964388474822047 0.20181338861584663 0.56329901873692878
0.56153359808959069 0.15234982557594778 0.34578074067831044 0.56329901873692878
0.63486629263497885 0.3908550281077624 0.43023709505796437 2.0444722626928984
0.63486629263497885 0.13248324394226074 0.43023709505796437 2.0444722626928984
0.63486629263497885 0.3908550281077624 0.4958486255258322 2.0444722626928984
0.064405072806403035 0.3908550281077624 0.43023709505796437 2.0444722626928984
0.63486629263497885 0.3908550281077624 0.43023709505796437 1.8183072817020121
0.064405072806403035 0.13248324394226074 0.4958486255258322 1.8183072817020121
0.083111838717013595 0.22453136034309865 0.26946199946105481 1.3252326060150565
0.083111838717013595 0.32035056911408899 0.26946199946105481 1.3252326060150565
0.083111838717013595 0.22453136034309865 0.1278752848505974 1.3252326060150565
0.68953626602888107 0.22453136034309865 0.26946199946105481 1.3252326060150565
0.083111838717013595 0.22453136034309865 0.26946199946105481 0.32527192070528871
0.68953626602888107 0.32035056911408899 0.1278752848505974 0.32527192070528871
0.45207019788213065 0.18826280012726784 0.35678092800080774 2.3848814818541704
0.45207019788213065 0.47949429377913477 0.35678092800080774 2.3848814818541704
0.45207019788213065 0.18826280012726784 0.22812442034482958 2.3848814818541704
0.33373782383278006 0.18826280012726784 0.35678092800080774 2.3848814818541704
0.45207019788213065 0.18826280012726784 0.35678092800080774 1.3306379256211223
0.33373782383278006 0.47949429377913477 0.22812442034482958 1.3306379256211223
0.3471498507075011 0.4217437244951725 0.14292183816432955 0.15749184233292937
0.3471498507075011 0.26745860315859316 0.14292183816432955 0.15749184233292937
0.3471498507075011 0.4217437244951725 0.39608858190476892 0.15749184233292937
0.42057777256704859 0.4217437244951725 0.14292183816432955 0.15749184233292937
0.3471498507075011 0.4217437244951725 0.14292183816432955 2.6540005920730532
0.42057777256704859 0.26745860315859316 0.39608858190476892 2.6540005920730532
0.57924237591214478 0.40777978226542477 0.36795728877186773 1.6856561536361279
0.57924237591214478 0.3544311750680208 0.36795728877186773 1.6856561536361279
0.57924237591214478 0.40777978226542477 0.1468626666814089 1.6856561536361279
0.64574768240563563 0.40777978226542477 0.36795728877186773 1.6856561536361279
0.57924237591214478 0.40777978226542477 0.36795728877186773 1.1630481239458919
0.64574768240563563 0.3544311750680208 0.1468626666814089 1.1630481239458919
0.20014434633776546 0.17722254917025568 0.13174256272614004 0.95493850722745066
0.20014434633776546 0.19234739020466807 0.13174256272614004 0.95493850722745066
0.20014434633776546 0.17722254917025568 0.47732682749629018 0.95493850722745066
0.10314777530729771 0.17722254917025568 0.13174256272614004 0.95493850722745066
0.20014434633776546 0.17722254917025568 0.13174256272614004 2.7985247647973894
0.10314777530729771 0.19234739020466807 0.47732682749629018 2.7985247647973894
0.47770128385163835 0.21037544049322607 0.44445133842527873 2.7498251708735526
0.47770128385163835 0.20779015235602857 0.44445133842527873 2.7498251708735526
0.47770128385163835 0.21037544049322607 0.3770861558616162 2.7498251708735526
0.3767619126476347 0.21037544049322607 0.44445133842527873 2.7498251708735526
0.47770128385163835 0.21037544049322607 0.44445133842527873 1.7817186503627898
0.3767619126476347 0.20779015235602857 0.3770861558616162 1.7817186503627898
0.22043732227757573 0.3800136152654886 0.25525065883994102 0.53389103451088071
0.22043732227757573 0.44560785442590711 0.25525065883994102 0.53389103451088071
0.22043732227757573 0.3800136152654886 0.24661281593143941 0.53389103451088071
0.3724334160331636 0.3800136152654886 0.25525065883994102 0.53389103451088071
0.22043732227757573 0.3800136152654886 0.25525065883994102 0.33887367001563312
0.3724334160331636 0.44560785442590711 0.24661281593143941 0.33887367001563312
0.065768247144296771 0.32380875423550604 0.47685137093067176 0.37161074020966894
0.065768247144296771 0.46324817575514321 0.47685137093067176 0.37161074020966894
0.065768247144296771 0.32380875423550604 0.19657237455248833 0.37161074020966894
0.50233461963944137 0.32380875423550604 0.47685137093067176 0.37161074020966894
0.065768247144296771 0.32380875423550604 0.47685137093067176 2.0542235268756746
0.50233461963944137 0.46324817575514321 0.19657237455248833 2.0542235268756746
0.6527820846997201 0.29166460707783703 0.22188703976571561 2.5422463794486223
0.6527820846997201 0.27767730876803398 0.22188703976571561 2.5422463794486223
0.6527820846997201 0.29166460707783703 0.42704263813793664 2.5422463794486223
0.24402920454740523 0.29166460707783703 0.22188703976571561 2.5422463794486223
0.6527820846997201 0.29166460707783703 0.22188703976571561 0.45741237135857349
0.24402920454740523 0.27767730876803398 0.42704263813793664 0.45741237135857349
0.37047396847046904 0.12093261964619161 0.30959251336753368 1.482052204232067
0.37047396847046904 0.12236792109906675 0.30959251336753368 1.482052204232067
0.37047396847046904 0.12093261964619161 0.32718725092709067 1.482052204232067
0.59897144781425593 0.12093261964619161 0.30959251336753368 1.482052204232067
0.37047396847046904 0.12093261964619161 0.30959251336753368 1.1063894829800727
0.59897144781425593 0.12236792109906675 0.32718725092709067 1.1063894829800727
0.42932439232245079 0.48898388035595419 0.18914222568273545 2.2594850018171964
0.42932439232245079 0.33689537346363069 0.18914222568273545 2.2594850018171964
0.42932439232245079 0.48898388035595419 0.29672001525759695 2.2594850018171964
0.14768728823401034 0.48898388035595419 0.18914222568273545 2.2594850018171964
0.42932439232245079 0.48898388035595419 0.18914222568273545 2.5101867062643168
0.14768728823401034 0.33689537346363069 0.29672001525759695 2.5101867062643168
0.32144773728214199 0.47163385376334188 0.41796795316040514 2.3146611979387699
0.32144773728214199 0.16664514988660811 0.41796795316040514 2.3146611979387699
0.32144773728214199 0.47163385376334188 0.22444266453385353 2.3146611979387699
0.49412325224839143 0.47163385376334188 0.41796795316040514 2.3146611979387699
0.32144773728214199 0.47163385376334188 0.41796795316040514 2.0886921619521082
0.49412325224839143 0.16664514988660811 0.22444266453385353 2.0886921619521082
0.37938428837805982 0.1379820428788662 0.28174710944294934 0.14405922267958524
0.37938428837805982 0.38034111373126511 0.28174710944294934 0.14405922267958524
0.37938428837805982 0.1379820428788662 0.3549098763614893 0.14405922267958524
0.25477216187864538 0.1379820428788662 0.28174710944294934 0.14405922267958524
0.37938428837805982 0.1379820428788662 0.28174710944294934 0.76838740581378351
0.25477216187864538 0.38034111373126511 0.3549098763614893 0.76838740581378351
0.098032855940982697 0.27422618009150029 0.39445289596915245 1.9398452833376827
0.098032855940982697 0.41961332336068158 0.39445289596915245 1.9398452833376827
0.098032855940982697 0.27422618009150029 0.45476452447474003 1.9398452833376827
0.55012764176353812 0.27422618009150029 0.39445289596915245 1.9398452833376827
0.098032855940982697 0.27422618009150029 0.39445289596915245 0.86449759592339404
0.55012764176353812 0.41961332336068158 0.45476452447474003 0.86449759592339404
0.68405595459043977 0.34076958633959298 0.10525830425322057 1.1623565547959507
0.68405595459043977 0.23321077413856983 0.10525830425322057 1.1623565547959507
0.68405595459043977 0.34076958633959298 0.12429423704743386 1.1623565547959507
0.19906764333136379 0.34076958633959298 0.10525830425322057 1.1623565547959507
0.68405595459043977 0.34076958633959298 0.10525830425322057 2.3605908672337232
0.19906764333136379 0.23321077413856983 0.12429423704743386 2.3605908672337232
0.52906853049062186 0.35955843105912211 0.32684683762490752 0.99796246780291209
0.52906853049062186 0.25007133483886723 0.32684683762490752 0.99796246780291209
0.52906853049062186 0.35955843105912211 0.27436065413057809 0.99796246780291209
0.67571027665399008 0.35955843105912211 0.32684683762490752 0.99796246780291209
0.52906853049062186 0.35955843105912211 0.32684683762490752 1.496855286038965
0.67571027665399008 0.25007133483886723 0.27436065413057809 1.496855286038965
0.27343192826956508 0.23052087798714638 0.17187636196613312 1.7286236123068632
0.27343192826956508 0.49028021655976772 0.17187636196613312 1.7286236123068632
0.27343192826956508 0.23052087798714638 0.30483397021889691 1.7286236123068632
0.070653523318469524 0.23052087798714638 0.17187636196613312 1.7286236123068632
0.27343192826956508 0.23052087798714638 0.17187636196613312 2.8562081505928933
0.070653523318469524 0.49028021655976772 0.30483397021889691 2.8562081505928933
0.54939811858348542 0.15668505616486073 0.45958487838506701 0.66896926854148508
0.54939811858348542 0.30958190783858297 0.45958487838506701 0.66896926854148508
0.54939811858348542 0.15668505616486073 0.40507237687706954 0.66896926854148508
0.44733710912987584 0.15668505616486073 0.45958487838506701 0.66896926854148508
0.54939811858348542 0.15668505616486073 0.45958487838506701 1.6549552903227509
0.44733710912987584 0.30958190783858297 0.40507237687706954 1.6549552903227509
0.17184562310576437 0.42784272022545344 0.23914065770804882 2.8849372006411849
0.17184562310576437 0.14988910891115667 0.23914065770804882 2.8849372006411849
0.17184562310576437 0.42784272022545344 0.17460819222033025 2.8849372006411849
0.29932160270400343 0.42784272022545344 0.23914065770804882 2.8849372006411849
0.17184562310576437 0.42784272022545344 0.23914065770804882 0.12019618232533336
0.29932160270400343 0.14988910891115667 0.17460819222033025 0.12019618232533336
0.2468657528981566 0.43243173956871039 0.34140624403953557 2.2026374154515564
0.2468657528981566 0.46247202232480056 0.34140624403953557 2.2026374154515564
0.2468657528981566 0.43243173956871039 0.11356342956423759 2.2026374154515564
0.38697144337929779 0.43243173956871039 0.34140624403953557 2.2026374154515564
0.2468657528981566 0.43243173956871039 0.34140624403953557 0.70342868609964859
0.38697144337929779 0.46247202232480056 0.11356342956423759 0.70342868609964859
0.47365149422548702 0.15209412574768066 0.15830886624753476 1.4482311533404888
0.47365149422548702 0.29721279628574848 0.15830886624753476 1.4482311533404888
0.47365149422548702 0.15209412574768066 0.45653676874935634 1.4482311533404888
0.36226103985682123 0.15209412574768066 0.15830886624753476 1.4482311533404888
0.47365149422548702 0.15209412574768066 0.15830886624753476 2.1532896526700256
0.36226103985682123 0.29721279628574848 0.45653676874935634 2.1532896526700256
0.18594460487365722 0.23530788384377957 0.47101461403071887 2.5990910342152418
0.18594460487365722 0.10283958464860916 0.47101461403071887 2.5990910342152418
0.18594460487365722 0.23530788384377957 0.35628687031567097 2.5990910342152418
0.65592993684113021 0.23530788384377957 0.47101461403071887 2.5990910342152418
0.18594460487365722 0.23530788384377957 0.47101461403071887 2.4341496303117274
0.65592993684113021 0.10283958464860916 0.35628687031567097 2.4341496303117274
0.61581445294432335 0.35477486215531828 0.22869653850793839 0.40542907909765846
0.61581445294432335 0.33767734579741959 0.22869653850793839 0.40542907909765846
0.61581445294432335 0.35477486215531828 0.2133227102458477 0.40542907909765846
0.092928288830444211 0.35477486215531828 0.22869653850793839 0.40542907909765846
0.61581445294432335 0.35477486215531828 0.22869653850793839 0.79129721808075915
0.092928288830444211 0.33767734579741959 0.2133227102458477 0.79129721808075915
0.44559359941631549 0.34848589748144154 0.40028506889939308 0.56914856892272836
0.44559359941631549 0.3708495788276196 0.40028506889939308 0.56914856892272836
0.44559359941631549 0.34848589748144154 0.16346233375370503 0.56914856892272836
0.60910411239601669 0.34848589748144154 0.40028506889939308 0.56914856892272836
0.44559359941631549 0.34848589748144154 0.40028506889939308 2.8754612926608325
0.60910411239601669 0.3708495788276196 0.16346233375370503 2.8754612926608325
0.33595218411646777 0.26651254147291181 0.29843808300793173 2.8081090211640296
0.33595218411646777 0.18220090903341771 0.29843808300793173 2.8081090211640296
0.33595218411646777 0.26651254147291181 0.40642957016825676 2.8081090211640296
0.13759673731401562 0.26651254147291181 0.29843808300793173 2.8081090211640296
0.33595218411646777 0.26651254147291181 0.29843808300793173 1.4786800555998088
0.13759673731401562 0.18220090903341771 0.40642957016825676 1.4786800555998088
0.62842937670648091 0.14589023105800153 0.38614663220942025 0.91967828277155761
0.62842937670648091 0.2179544657468796 0.38614663220942025 0.91967828277155761
0.62842937670648091 0.14589023105800153 0.30657716318964956 0.91967828277155761
0.51243504881858826 0.14589023105800153 0.38614663220942025 0.91967828277155761
0.62842937670648091 0.14589023105800153 0.38614663220942025 0.09231766656041146
0.51243504881858826 0.2179544657468796 0.30657716318964956 0.09231766656041146
0.071874508960172528 0.46372146718204021 0.11257895156741143 1.6273693937061728
0.071874508960172528 0.42920900247991089 0.11257895156741143 1.6273693937061728
0.071874508960172528 0.46372146718204021 0.26360689885914323 1.6273693937061728
0.23388658422045405 0.46372146718204021 0.11257895156741143 1.6273693937061728
0.071874508960172528 0.46372146718204021 0.11257895156741143 1.681753050698042
0.23388658422045405 0.42920900247991089 0.26360689885914323 1.681753050698042
0.67731566568836565 0.49669961631298065 0.49139552377164364 2.8511187519554793
0.67731566568836565 0.2742816518992186 0.49139552377164364 2.8511187519554793
0.67731566568836565 0.49669961631298065 0.24213520027697089 2.8511187519554793
0.54003462945111091 0.49669961631298065 0.49139552377164364 2.8511187519554793
0.67731566568836565 0.49669961631298065 0.49139552377164364 2.725685758688003
0.54003462945111091 0.2742816518992186 0.24213520027697089 2.725685758688003
0.1217512220609933 0.11321878731250763 0.20830428004264834 0.61212463573440912
0.1217512220609933 0.48480522483587263 0.20830428004264834 0.61212463573440912
0.1217512220609933 0.11321878731250763 0.38510548844933512 0.61212463573440912
0.20919788768514991 0.11321878731250763 0.20830428004264834 0.61212463573440912
0.1217512220609933 0.11321878731250763 0.20830428004264834 1.2369679074044526
0.20919788768514991 0.48480522483587263 0.38510548844933512 1.2369679074044526
0.41327088335528966 0.29957298897206786 0.32101309448480608 1.7624449925915899
0.41327088335528966 0.31503963656723499 0.32101309448480608 1.7624449925915899
0.41327088335528966 0.29957298897206786 0.48495710864663122 1.7624449925915899
0.48398312721401449 0.29957298897206786 0.32101309448480608 1.7624449925915899
0.41327088335528966 0.29957298897206786 0.32101309448480608 0.40311261080160743
0.48398312721401449 0.31503963656723499 0.48495710864663122 0.40311261080160743
0.30454302602447564 0.31589694283902647 0.17868895046412947 1.0548098126135768
0.30454302602447564 0.12566019669175149 0.17868895046412947 1.0548098126135768
0.30454302602447564 0.31589694283902647 0.14198989607393742 1.0548098126135768
0.26487513235770166 0.31589694283902647 0.17868895046412947 1.0548098126135768
0.30454302602447564 0.31589694283902647 0.17868895046412947 1.7164017320694032
0.26487513235770166 0.12566019669175149 0.14198989607393742 1.7164017320694032
0.13463858915492893 0.38460206538438801 0.35028966553509233 1.2206429853327574
0.13463858915492893 0.15804964266717436 0.35028966553509233 1.2206429853327574
0.13463858915492893 0.38460206538438801 0.2918273486196995 1.2206429853327574
0.43716723066754631 0.38460206538438801 0.35028966553509233 1.2206429853327574
0.13463858915492893 0.38460206538438801 0.35028966553509233 0.48457150346711281
0.43716723066754631 0.15804964266717436 0.2918273486196995 0.48457150346711281
0.56296196845360102 0.20578432232141497 0.14844879284501078 1.9751057493485511
0.56296196845360102 0.39518377184867859 0.14844879284501078 1.9751057493485511
0.56296196845360102 0.20578432232141497 0.33479153253138066 1.9751057493485511
0.3095336723141372 0.20578432232141497 0.14844879284501078 1.9751057493485511
0.56296196845360102 0.20578432232141497 0.14844879284501078 2.0267060314913095
0.3095336723141372 0.39518377184867859 0.33479153253138066 2.0267060314913095
0.27684807823970908 0.18200974278151991 0.43615423366427419 0.085775482186824084
0.27684807823970908 0.40476408340036873 0.43615423366427419 0.085775482186824084
0.27684807823970908 0.18200974278151991 0.43503911830484865 0.085775482186824084
0.66548832636326549 0.18200974278151991 0.43615423366427419 0.085775482186824084
0.27684807823970908 0.18200974278151991 0.43615423366427419 2.4916529258932174
0.66548832636326549 0.40476408340036873 0.43503911830484865 2.4916529258932174
0.50200552553869782 0.40299678258597849 0.26258045770227911 2.2794036415673791
0.50200552553869782 0.24180141910910607 0.26258045770227911 2.2794036415673791
0.50200552553869782 0.40299678258597849 0.19206580296158793 2.2794036415673791
0.080833359947428102 0.40299678258597849 0.26258045770227911 2.2794036415673791
0.50200552553869782 0.40299678258597849 0.26258045770227911 1.1252844264687598
0.080833359947428102 0.24180141910910607 0.19206580296158793 1.1252844264687598
0.10964707778766751 0.41402665339410305 0.4375694643706084 0.85445129155263311
0.10964707778766751 0.33004657104611401 0.4375694643706084 0.85445129155263311
0.10964707778766751 0.41402665339410305 0.34130139648914337 0.85445129155263311
0.35331481848843388 0.41402665339410305 0.4375694643706084 0.85445129155263311
0.10964707778766751 0.41402665339410305 0.4375694643706084 2.5931824430525303
0.35331481848843388 0.33004657104611401 0.34130139648914337 2.5931824430525303
0.69031434268690639 0.19597567878663541 0.26116822510957716 1.5974360658375921
0.69031434268690639 0.11713195331394673 0.26116822510957716 1.5974360658375921
0.69031434268690639 0.19597567878663541 0.28582808189094067 1.5974360658375921
0.39841708829626438 0.19597567878663541 0.26116822510957716 1.5974360658375921
0.69031434268690639 0.19597567878663541 0.26116822510957716 1.0006893242776393
0.39841708829626438 0.11713195331394673 0.28582808189094067 1.0006893242776393
0.33310164166614409 0.21662240624427798 0.37348381280899046 0.44658165288910273
0.33310164166614409 0.28291327506303787 0.37348381280899046 0.44658165288910273
0.33310164166614409 0.21662240624427798 0.18558891229331495 0.44658165288910273
0.12464673910290001 0.21662240624427798 0.37348381280899046 0.44658165288910273
0.33310164166614409 0.21662240624427798 0.37348381280899046 0.54728355329334744
0.12464673910290001 0.28291327506303787 0.18558891229331495 0.54728355329334744
0.38560301330871877 0.39876664876937873 0.1252516355365515 2.651665315428227
0.38560301330871877 0.47009697966277597 0.1252516355365515 2.651665315428227
0.38560301330871877 0.39876664876937873 0.44105309545993809 2.651665315428227
0.62679025582037862 0.39876664876937873 0.1252516355365515 2.651665315428227
0.38560301330871877 0.39876664876937873 0.1252516355365515 1.9410070557171109
0.62679025582037862 0.47009697966277597 0.44105309545993809 1.9410070557171109
0.54060066798701878 0.3050556253641844 0.30367533899843691 2.4908241507722435
0.54060066798701878 0.4399795703589916 0.30367533899843691 2.4908241507722435
0.54060066798701878 0.3050556253641844 0.39119421057403092 2.4908241507722435
0.17173524242825805 0.3050556253641844 0.30367533899843691 2.4908241507722435
0.54060066798701878 0.3050556253641844 0.30367533899843691 0.24847544806361199
0.17173524242825805 0.4399795703589916 0.39119421057403092 0.24847544806361199
0.15769233875907956 0.28541773669421677 0.1960237078368664 0.24044199110940098
0.15769233875907956 0.20055203475058081 0.1960237078368664 0.24044199110940098
0.15769233875907956 0.28541773669421677 0.23572699725627899 0.24044199110940098
0.58254317520186305 0.28541773669421677 0.1960237078368664 0.24044199110940098
0.15769233875907956 0.28541773669421677 0.1960237078368664 1.8940258097755911
0.58254317520186305 0.20055203475058081 0.23572699725627899 1.8940258097755911
0.52031074305996294 0.10217958539724351 0.48334269300103194 2.1288671737374365
0.52031074305996294 0.19958550631999972 0.48334269300103194 2.1288671737374365
0.52031074305996294 0.10217958539724351 0.1358731120824814 2.1288671737374365
0.22743976097553964 0.10217958539724351 0.48334269300103194 2.1288671737374365
0.52031074305996294 0.10217958539724351 0.48334269300103194 2.7164411286169292
0.22743976097553964 0.19958550631999972 0.1358731120824814 2.7164411286169292
0.25923896138556302 0.48273691385984419 0.21636012084782125 1.4325975506289303
0.25923896138556302 0.36005946062505245 0.21636012084782125 1.4325975506289303
0.25923896138556302 0.48273691385984419 0.4913434009999037 1.4325975506289303
0.52653878568671642 0.48273691385984419 0.21636012084782125 1.4325975506289303
0.25923896138556302 0.48273691385984419 0.21636012084782125 1.2692781115275622
0.52653878568671642 0.36005946062505245 0.4913434009999037 1.2692781115275622
0.49153719507157795 0.45288692377507689 0.38756485730409629 0.19131018122091889
0.49153719507157795 0.14265099279582502 0.38756485730409629 0.19131018122091889
0.49153719507157795 0.45288692377507689 0.4128389175981283 0.19131018122091889
0.18009782382287082 0.45288692377507689 0.38756485730409629 0.19131018122091889
0.49153719507157795 0.45288692377507689 0.38756485730409629 0.19083431791916489
0.18009782382287082 0.14265099279582502 0.4128389175981283 0.19083431791916489
0.22955216537229717 0.1317289736121893 0.11115752570331097 2.4417261366207899
0.22955216537229717 0.30395362228155137 0.11115752570331097 2.4417261366207899
0.22955216537229717 0.1317289736121893 0.15736865252256393 2.4417261366207899
0.5716340490616858 0.1317289736121893 0.11115752570331097 2.4417261366207899
0.22955216537229717 0.1317289736121893 0.11115752570331097 1.5602607276572289
0.5716340490616858 0.30395362228155137 0.15736865252256393 1.5602607276572289
0.59311795029789205 0.25547915399074556 0.42347620390355589 1.2914115551234784
0.59311795029789205 0.49590850062668324 0.42347620390355589 1.2914115551234784
0.59311795029789205 0.25547915399074556 0.25722480267286302 1.2914115551234784
0.27643974013626571 0.25547915399074556 0.42347620390355589 1.2914115551234784
0.59311795029789205 0.25547915399074556 0.42347620390355589 2.9350705743165313
0.27643974013626571 0.49590850062668324 0.25722480267286302 2.9350705743165313
0.2092195068951696 0.33451661169528962 0.2752501368522644 1.9876246763272585
0.2092195068951696 0.25730945244431497 0.2752501368522644 1.9876246763272585
0.2092195068951696 0.33451661169528962 0.31269203983247285 1.9876246763272585
0.47499722088687113 0.33451661169528962 0.2752501368522644 1.9876246763272585
0.2092195068951696 0.33451661169528962 0.2752501368522644 1.3959939566059412
0.47499722088687113 0.25730945244431497 0.31269203983247285 1.3959939566059412
0.36389818787574763 0.36581150107085703 0.45368602797389035 1.8304263034389914
0.36389818787574763 0.22797480784356594 0.45368602797389035 1.8304263034389914
0.36389818787574763 0.36581150107085703 0.46252497285604477 1.8304263034389914
0.32351831556297833 0.36581150107085703 0.45368602797389035 1.8304263034389914
0.36389818787574763 0.36581150107085703 0.45368602797389035 2.2822554615677895
0.32351831556297833 0.22797480784356594 0.46252497285604477 2.2822554615677895
0.41802754360251121 0.2492678087204695 0.24602832533419133 1.0873855981974305
0.41802754360251121 0.41276451945304871 0.24602832533419133 1.0873855981974305
0.41802754360251121 0.2492678087204695 0.10706081353127957 1.0873855981974305
0.4307600487954914 0.2492678087204695 0.24602832533419133 1.0873855981974305
0.41802754360251121 0.2492678087204695 0.24602832533419133 0.96626821514263761
0.4307600487954914 0.41276451945304871 0.10706081353127957 0.96626821514263761
0.059232149086892602 0.16293803006410601 0.33334417827427387 2.9767101778374614
0.059232149086892602 0.38718991614878184 0.33334417827427387 2.9767101778374614
0.059232149086892602 0.16293803006410601 0.20730072222650053 2.9767101778374614
0.05423267483711243 0.16293803006410601 0.33334417827427387 2.9767101778374614
0.059232149086892602 0.16293803006410601 0.33334417827427387 0.69683714765265592
0.05423267483711243 0.38718991614878184 0.20730072222650053 0.69683714765265592
0.64144557281397274 0.44658974558115005 0.16636774316430092 0.7716601792781056
0.64144557281397274 0.17188111767172815 0.16636774316430092 0.7716601792781056
0.64144557281397274 0.44658974558115005 0.36277406066656115 0.7716601792781056
0.69974581855349238 0.44658974558115005 0.16636774316430092 0.7716601792781056
0.64144557281397274 0.44658974558115005 0.16636774316430092 2.1828568737788498
0.69974581855349238 0.17188111767172815 0.36277406066656115 2.1828568737788498
