0.46358655970543616 0.11128846779465676 0.46635918989777569 0.016607388488203288 35.067876467481256 239.54617781564593
0.15368436677381395 0.11128846779465676 0.46635918989777569 0.016607388488203288 35.067876467481256 239.54617781564593
0.46358655970543616 0.25455782264471055 0.46635918989777569 0.016607388488203288 35.067876467481256 239.54617781564593
0.46358655970543616 0.11128846779465676 0.38648934289813042 0.016607388488203288 35.067876467481256 239.54617781564593
0.46358655970543616 0.11128846779465676 0.46635918989777569 0.013572252632491292 35.067876467481256 239.54617781564593
0.46358655970543616 0.11128846779465676 0.46635918989777569 0.016607388488203288 25.295781625434756 239.54617781564593
0.46358655970543616 0.11128846779465676 0.46635918989777569 0.016607388488203288 35.067876467481256 836.55463410541415
0.15368436677381395 0.25455782264471055 0.38648934289813042 0.013572252632491292 25.295781625434756 836.55463410541415
0.22680580834858116 0.31903162747621538 0.2667148344218731 0.0081185886876657624 9.1952420696616173 788.06450702250004
0.391330365370959 0.31903162747621538 0.2667148344218731 0.0081185886876657624 9.1952420696616173 788.06450702250004
0.22680580834858116 0.34107859693467618 0.2667148344218731 0.0081185886876657624 9.1952420696616173 788.06450702250004
0.22680580834858116 0.31903162747621538 0.16614816486835482 0.0081185886876657624 9.1952420696616173 788.06450702250004
0.22680580834858116 0.31903162747621538 0.2667148344218731 0.0032993492152541878 9.1952420696616173 788.06450702250004
0.22680580834858116 0.31903162747621538 0.2667148344218731 0.0081185886876657624 22.615522772073746 788.06450702250004
0.22680580834858116 0.31903162747621538 0.2667148344218731 0.0081185886876657624 9.1952420696616173 493.14255928620696
0.391330365370959 0.34107859693467618 0.16614816486835482 0.0032993492152541878 22.615522772073746 493.14255928620696
0.19326578481122847 0.24867922104895115 0.37456293292343623 0.012335015718638898 17.584136083722115 583.187310770154
0.25817710179835557 0.24867922104895115 0.37456293292343623 0.012335015718638898 17.584136083722115 583.187310770154
0.19326578481122847 0.46982960477471358 0.37456293292343623 0.012335015718638898 17.584136083722115 583.187310770154
0.19326578481122847 0.24867922104895115 0.21536223553121092 0.012335015718638898 17.584136083722115 583.187310770154
0.19326578481122847 0.24867922104895115 0.37456293292343623 0.0076298792919144041 17.584136083722115 583.187310770154
0.19326578481122847 0.24867922104895115 0.37456293292343623 0.012335015718638898 8.9449760708957911 583.187310770154
0.19326578481122847 0.24867922104895115 0.37456293292343623 0.012335015718638898 17.584136083722115 245.6634952686727
0.25817710179835557 0.46982960477471358 0.21536223553121092 0.0076298792919144041 8.9449760708957911 245.6634952686727
0.61666111745871599 0.43154445849359035 0.17413713373243811 0.0038082245597615841 30.149115400388837 484.83074558898807
0.69815580565482371 0.43154445849359035 0.17413713373243811 0.0038082245597615841 30.149115400388837 484.83074558898807
0.61666111745871599 0.13135032989084722 0.17413713373243811 0.0038082245597615841 30.149115400388837 484.83074558898807
0.61666111745871599 0.43154445849359035 0.43258771933615214 0.0038082245597615841 30.149115400388837 484.83074558898807
0.61666111745871599 0.43154445849359035 0.17413713373243811 0.017903977080062031 30.149115400388837 484.83074558898807
0.61666111745871599 0.43154445849359035 0.17413713373243811 0.0038082245597615841 35.099369820207357 484.83074558898807
0.61666111745871599 0.43154445849359035 0.17413713373243811 0.0038082245597615841 30.149115400388837 631.73000244423747
0.69815580565482371 0.13135032989084722 0.43258771933615214 0.017903977080062031 35.099369820207357 631.73000244423747
0.64701036945916712 0.27391628213226793 0.21949937231838704 0.0011861908437684179 23.335016483440995 140.77136572450399
0.35850709797814484 0.27391628213226793 0.21949937231838704 0.0011861908437684179 23.335016483440995 140.77136572450399
0.64701036945916712 0.43518914803862574 0.21949937231838704 0.0011861908437684179 23.335016483440995 140.77136572450399
0.64701036945916712 0.27391628213226793 0.2789326880127192 0.0011861908437684179 23.335016483440995 140.77136572450399
0.64701036945916712 0.27391628213226793 0.21949937231838704 0.0021861420501023535 23.335016483440995 140.77136572450399
0.64701036945916712 0.27391628213226793 0.21949937231838704 0.0011861908437684179 14.013657171279192 140.77136572450399
0.64701036945916712 0.27391628213226793 0.21949937231838704 0.0011861908437684179 23.335016483440995 699.13134509697556
0.35850709797814484 0.43518914803862574 0.2789326880127192 0.0021861420501023535 14.013657171279192 699.13134509697556
0.081425987090915447 0.45679830126464371 0.41982426978647713 0.014934975498169663 20.899087704718113 942.4146899022162
0.59647815050557251 0.45679830126464371 0.41982426978647713 0.014934975498169663 20.899087704718113 942.4146899022162
0.081425987090915447 0.17210660167038441 0.41982426978647713 0.014934975498169663 20.899087704718113 942.4146899022162
0.081425987090915447 0.45679830126464371 0.47428918443620205 0.014934975498169663 20.899087704718113 942.4146899022162
0.081425987090915447 0.45679830126464371 0.41982426978647713 0.012370664601586761 20.899087704718113 942.4146899022162
0.081425987090915447 0.45679830126464371 0.41982426978647713 0.014934975498169663 33.838996591046453 942.4146899022162
0.081425987090915447 0.45679830126464371 0.41982426978647713 0.014934975498169663 20.899087704718113 171.12146513536572
0.59647815050557251 0.17210660167038441 0.47428918443620205 0.012370664601586761 33.838996591046453 171.12146513536572
0.33864309745840721 0.18642834946513176 0.11520330384373666 0.0054615848535671833 14.317900419235229 681.30294317379594
0.051681907102465632 0.18642834946513176 0.11520330384373666 0.0054615848535671833 14.317900419235229 681.30294317379594
0.33864309745840721 0.23886267542839051 0.11520330384373666 0.0054615848535671833 14.317900419235229 681.30294317379594
0.33864309745840721 0.18642834946513176 0.31881598830223085 0.0054615848535671833 14.317900419235229 681.30294317379594
0.33864309745840721 0.18642834946513176 0.11520330384373666 0.016701114463433624 14.317900419235229 681.30294317379594
0.33864309745840721 0.18642834946513176 0.11520330384373666 0.0054615848535671833 27.785651080310345 681.30294317379594
0.33864309745840721 0.18642834946513176 0.11520330384373666 0.0054615848535671833 14.317900419235229 390.14592589810491
0.051681907102465632 0.23886267542839051 0.31881598830223085 0.016701114463433624 27.785651080310345 390.14592589810491
0.43323479909449808 0.39418829083442686 0.31474714502692225 0.019247152370214463 33.444358261302114 329.82138302177191
0.49198519997298712 0.39418829083442686 0.31474714502692225 0.019247152370214463 33.444358261302114 329.82138302177191
0.43323479909449808 0.35078017823398111 0.31474714502692225 0.019247152370214463 33.444358261302114 329.82138302177191
0.43323479909449808 0.39418829083442686 0.12659342512488367 0.019247152370214463 33.444358261302114 329.82138302177191
0.43323479909449808 0.39418829083442686 0.31474714502692225 0.0065177956504747277 33.444358261302114 329.82138302177191
0.43323479909449808 0.39418829083442686 0.31474714502692225 0.019247152370214463 16.434418952092528 329.82138302177191
0.43323479909449808 0.39418829083442686 0.31474714502692225 0.019247152370214463 33.444358261302114 932.63030657544732
0.49198519997298712 0.35078017823398111 0.12659342512488367 0.0065177956504747277 16.434418952092528 932.63030657544732
0.38344961577095088 0.21088935174047949 0.14653436653316021 0.013429606445506217 10.093544853851199 515.06926761940122
0.31232650522142646 0.21088935174047949 0.14653436653316021 0.013429606445506217 10.093544853851199 515.06926761940122
0.38344961577095088 0.40577685087919235 0.14653436653316021 0.013429606445506217 10.093544853851199 515.06926761940122
0.38344961577095088 0.21088935174047949 0.26530395038425925 0.013429606445506217 10.093544853851199 515.06926761940122
0.38344961577095088 0.21088935174047949 0.14653436653316021 0.01994605887569487 10.093544853851199 515.06926761940122
0.38344961577095088 0.21088935174047949 0.14653436653316021 0.013429606445506217 18.474338456988335 515.06926761940122
0.38344961577095088 0.21088935174047949 0.14653436653316021 0.013429606445506217 10.093544853851199 826.72311430796981
0.31232650522142646 0.40577685087919235 0.26530395038425925 0.01994605887569487 18.474338456988335 826.72311430796981
0.30408702371641988 0.42177563868463042 0.34533052705228329 0.0021577256297692659 37.657959956675768 613.58759347349405
0.56268819514662027 0.42177563868463042 0.34533052705228329 0.0021577256297692659 37.657959956675768 613.58759347349405
0.30408702371641988 0.19230297766625881 0.34533052705228329 0.0021577256297692659 37.657959956675768 613.58759347349405
0.30408702371641988 0.42177563868463042 0.48245069794356821 0.0021577256297692659 37.657959956675768 613.58759347349405
0.30408702371641988 0.42177563868463042 0.34533052705228329 0.0097698392396792788 37.657959956675768 613.58759347349405
0.30408702371641988 0.42177563868463042 0.34533052705228329 0.0021577256297692659 29.364124296233058 613.58759347349405
0.30408702371641988 0.42177563868463042 0.34533052705228329 0.0021577256297692659 37.657959956675768 496.9341735355556
0.56268819514662027 0.19230297766625881 0.48245069794356821 0.0097698392396792788 29.364124296233058 496.9341735355556
0.11566782589070498 0.14827896729111673 0.2375495657324791 0.017818598940595985 27.562580417841673 862.25520465523005
0.12736670849844811 0.14827896729111673 0.2375495657324791 0.017818598940595985 27.562580417841673 862.25520465523005
0.11566782589070498 0.22173070088028909 0.2375495657324791 0.017818598940595985 27.562580417841673 862.25520465523005
0.11566782589070498 0.14827896729111673 0.3363646760582924 0.017818598940595985 27.562580417841673 862.25520465523005
0.11566782589070498 0.14827896729111673 0.2375495657324791 0.0042006101083010431 27.562580417841673 862.25520465523005
0.11566782589070498 0.14827896729111673 0.2375495657324791 0.017818598940595985 30.840076219290495 862.25520465523005
0.11566782589070498 0.14827896729111673 0.2375495657324791 0.017818598940595985 27.562580417841673 291.09330652281642
0.12736670849844811 0.22173070088028909 0.3363646760582924 0.0042006101083010431 30.840076219290495 291.09330652281642
0.69648131784051648 0.33428731709718706 0.43868928253650663 0.0065061575321480637 16.689609011635184 313.89864282682538
0.49881001887843007 0.33428731709718706 0.43868928253650663 0.0065061575321480637 16.689609011635184 313.89864282682538
0.69648131784051648 0.38325677849352358 0.43868928253650663 0.0065061575321480637 16.689609011635184 313.89864282682538
0.69648131784051648 0.33428731709718706 0.11607751324772836 0.0065061575321480637 16.689609011635184 313.89864282682538
0.69648131784051648 0.33428731709718706 0.43868928253650663 0.014378033482842148 16.689609011635184 313.89864282682538
0.69648131784051648 0.33428731709718706 0.43868928253650663 0.0065061575321480637 13.365803027525544 313.89864282682538
0.69648131784051648 0.33428731709718706 0.43868928253650663 0.0065061575321480637 16.689609011635184 578.28274657949805
0.49881001887843007 0.38325677849352358 0.11607751324772836 0.014378033482842148 13.365803027525544 578.28274657949805
0.56432931069284675 0.17275347039103509 0.39342489391565327 0.0091665363630279908 21.826344488188624 417.20253750681877
0.18714949823915955 0.17275347039103509 0.39342489391565327 0.0091665363630279908 21.826344488188624 417.20253750681877
0.56432931069284675 0.28729156479239465 0.39342489391565327 0.0091665363630279908 21.826344488188624 417.20253750681877
0.56432931069284675 0.17275347039103509 0.36888034716248519 0.0091665363630279908 21.826344488188624 417.20253750681877
0.56432931069284675 0.17275347039103509 0.39342489391565327 0.0059247475830838088 21.826344488188624 417.20253750681877
0.56432931069284675 0.17275347039103509 0.39342489391565327 0.0091665363630279908 37.256456540897489 417.20253750681877
0.56432931069284675 0.17275347039103509 0.39342489391565327 0.0091665363630279908 21.826344488188624 737.63881074264646
0.18714949823915955 0.28729156479239465 0.36888034716248519 0.0059247475830838088 37.256456540897489 737.63881074264646
0.16632924857549369 0.35874198079109199 0.19219037890434265 0.015179652032628657 25.954281959682703 768.84587174281478
0.43783577717840666 0.35874198079109199 0.19219037890434265 0.015179652032628657 25.954281959682703 768.84587174281478
0.16632924857549369 0.32420216389000417 0.19219037890434265 0.015179652032628657 25.954281959682703 768.84587174281478
0.16632924857549369 0.35874198079109199 0.17672438472509386 0.015179652032628657 25.954281959682703 768.84587174281478
0.16632924857549369 0.35874198079109199 0.19219037890434265 0.016205945728346705 25.954281959682703 768.84587174281478
0.16632924857549369 0.35874198079109199 0.19219037890434265 0.015179652032628657 10.640657518059015 768.84587174281478
0.16632924857549369 0.35874198079109199 0.19219037890434265 0.015179652032628657 25.954281959682703 138.8770648278296
0.43783577717840666 0.32420216389000417 0.17672438472509386 0.016205945728346705 10.640657518059015 138.8770648278296
0.25342305367812512 0.28526591248810296 0.49693952016532428 0.0047757311237975955 30.828868385404348 961.22056758031249
0.25102746384218333 0.28526591248810296 0.49693952016532428 0.0047757311237975955 30.828868385404348 961.22056758031249
0.25342305367812512 0.48989239931106565 0.49693952016532428 0.0047757311237975955 30.828868385404348 961.22056758031249
0.25342305367812512 0.28526591248810296 0.22907562367618084 0.0047757311237975955 30.828868385404348 961.22056758031249
0.25342305367812512 0.28526591248810296 0.49693952016532428 0.010636796811781824 30.828868385404348 961.22056758031249
0.25342305367812512 0.28526591248810296 0.49693952016532428 0.0047757311237975955 19.499407133087516 961.22056758031249
0.25342305367812512 0.28526591248810296 0.49693952016532428 0.0047757311237975955 30.828868385404348 373.17253509536386
0.25102746384218333 0.48989239931106565 0.22907562367618084 0.010636796811781824 19.499407133087516 373.17253509536386
0.51559907556511453 0.49613236002624039 0.29804894886910915 0.010828198890015484 13.394192254170775 159.73899737000465
0.62279582815244794 0.49613236002624039 0.29804894886910915 0.010828198890015484 13.394192254170775 159.73899737000465
0.51559907556511453 0.10180304758250713 0.29804894886910915 0.010828198890015484 13.394192254170775 159.73899737000465
0.51559907556511453 0.49613236002624039 0.42434155531227591 0.010828198890015484 13.394192254170775 159.73899737000465
0.51559907556511453 0.49613236002624039 0.29804894886910915 0.000356793037429452 13.394192254170775 159.73899737000465
0.51559907556511453 0.49613236002624039 0.29804894886910915 0.010828198890015484 24.530748195946217 159.73899737000465
0.51559907556511453 0.49613236002624039 0.29804894886910915 0.010828198890015484 13.394192254170775 957.40484865382314
0.62279582815244794 0.10180304758250713 0.42434155531227591 0.000356793037429452 24.530748195946217 957.40484865382314
0.52290103049017489 0.2962952986359596 0.33642859943211079 0.0058574801782146097 29.55662733130157 741.74423338845372
0.40920531079173084 0.2962952986359596 0.33642859943211079 0.0058574801782146097 29.55662733130157 741.74423338845372
0.52290103049017489 0.48587554208934314 0.33642859943211079 0.0058574801782146097 29.55662733130157 741.74423338845372
0.52290103049017489 0.2962952986359596 0.493129787966609 0.0058574801782146097 29.55662733130157 741.74423338845372
0.52290103049017489 0.2962952986359596 0.33642859943211079 0.011782406299002471 29.55662733130157 741.74423338845372
0.52290103049017489 0.2962952986359596 0.33642859943211079 0.0058574801782146097 23.663822256028652 741.74423338845372
0.52290103049017489 0.2962952986359596 0.33642859943211079 0.0058574801782146097 29.55662733130157 668.12389073893428
0.40920531079173084 0.48587554208934314 0.493129787966609 0.011782406299002471 23.663822256028652 668.12389073893428
0.28615034734830258 0.48548968806862836 0.13688170649111273 0.019644332607090472 18.690866205841303 390.20765442401171
0.14080944284796715 0.48548968806862836 0.13688170649111273 0.019644332607090472 18.690866205841303 390.20765442401171
0.28615034734830258 0.1223955273628235 0.13688170649111273 0.019644332607090472 18.690866205841303 390.20765442401171
0.28615034734830258 0.48548968806862836 0.26028892286121846 0.019644332607090472 18.690866205841303 390.20765442401171
0.28615034734830258 0.48548968806862836 0.13688170649111273 0.0015314205192029479 18.690866205841303 390.20765442401171
0.28615034734830258 0.48548968806862836 0.13688170649111273 0.019644332607090472 20.482776707038283 390.20765442401171
0.28615034734830258 0.48548968806862836 0.13688170649111273 0.019644332607090472 18.690866205841303 211.73123111948371
0.14080944284796715 0.1223955273628235 0.26028892286121846 0.0015314205192029479 20.482776707038283 211.73123111948371
0.13330382737331092 0.15897902809083464 0.42900600507855413 0.00034587078560143711 8.0885111652314663 185.41454542428255
0.67032668897882097 0.15897902809083464 0.42900600507855413 0.00034587078560143711 8.0885111652314663 185.41454542428255
0.13330382737331092 0.28857403583824637 0.42900600507855413 0.00034587078560143711 8.0885111652314663 185.41454542428255
0.13330382737331092 0.15897902809083464 0.10794051364064217 0.00034587078560143711 8.0885111652314663 185.41454542428255
0.13330382737331092 0.15897902809083464 0.42900600507855413 0.007099436507560313 8.0885111652314663 185.41454542428255
0.13330382737331092 0.15897902809083464 0.42900600507855413 0.00034587078560143711 11.536350596696138 185.41454542428255
0.13330382737331092 0.15897902809083464 0.42900600507855413 0.00034587078560143711 8.0885111652314663 414.49937289580703
0.67032668897882097 0.28857403583824637 0.10794051364064217 0.007099436507560313 11.536350596696138 414.49937289580703
0.55668955538421871 0.37290485538542273 0.22867805585265161 0.01409337111786008 35.660365318879485 987.00307877734303
0.28084997544065116 0.37290485538542273 0.22867805585265161 0.01409337111786008 35.660365318879485 987.00307877734303
0.55668955538421871 0.30009407028555868 0.22867805585265161 0.01409337111786008 35.660365318879485 987.00307877734303
0.55668955538421871 0.37290485538542273 0.33766573816537859 0.01409337111786008 35.660365318879485 987.00307877734303
0.55668955538421871 0.37290485538542273 0.22867805585265161 0.01735164483487606 35.660365318879485 987.00307877734303
0.55668955538421871 0.37290485538542273 0.22867805585265161 0.01409337111786008 36.243289859965444 987.00307877734303
0.55668955538421871 0.37290485538542273 0.22867805585265161 0.01409337111786008 35.660365318879485 912.61260015890002
0.28084997544065116 0.30009407028555868 0.33766573816537859 0.01735164483487606 36.243289859965444 912.61260015890002
0.66829098667949438 0.13412448577582836 0.17706897035241129 0.01147505759894848 32.822858525440097 643.65777671337128
0.60903322901576751 0.13412448577582836 0.17706897035241129 0.01147505759894848 32.822858525440097 643.65777671337128
0.66829098667949438 0.20406785942614081 0.17706897035241129 0.01147505759894848 32.822858525440097 643.65777671337128
0.66829098667949438 0.13412448577582836 0.19729231446981432 0.01147505759894848 32.822858525440097 643.65777671337128
0.66829098667949438 0.13412448577582836 0.17706897035241129 0.0027166122734546662 32.822858525440097 643.65777671337128
0.66829098667949438 0.13412448577582836 0.17706897035241129 0.01147505759894848 12.385423669591546 643.65777671337128
0.66829098667949438 0.13412448577582836 0.17706897035241129 0.01147505759894848 32.822858525440097 867.95338252559304
0.60903322901576751 0.20406785942614081 0.19729231446981432 0.0027166122734546662 12.385423669591546 867.95338252559304
0.10271682883612812 0.34805489368736742 0.37749171778559687 0.0029469821179285648 15.395620662719011 545.24620613083243
0.34095203187316653 0.34805489368736742 0.37749171778559687 0.0029469821179285648 15.395620662719011 545.24620613083243
0.10271682883612812 0.39098462238907816 0.37749171778559687 0.0029469821179285648 15.395620662719011 545.24620613083243
0.10271682883612812 0.34805489368736742 0.35514835491776464 0.0029469821179285648 15.395620662719011 545.24620613083243
0.10271682883612812 0.34805489368736742 0.37749171778559687 0.012923044348694386 15.395620662719011 545.24620613083243
0.10271682883612812 0.34805489368736742 0.37749171778559687 0.0029469821179285648 31.702638652175665 545.24620613083243
0.10271682883612812 0.34805489368736742 0.37749171778559687 0.0029469821179285648 15.395620662719011 452.01790304854512
0.34095203187316653 0.39098462238907816 0.35514835491776464 0.012923044348694386 31.702638652175665 452.01790304854512
0.31673981575295324 0.22153888940811159 0.28214618749916553 0.016983645751327277 19.821368467062712 284.160181786865
0.46899244701489801 0.22153888940811159 0.28214618749916553 0.016983645751327277 19.821368467062712 284.160181786865
0.31673981575295324 0.41992405615746975 0.28214618749916553 0.016983645751327277 19.821368467062712 284.160181786865
0.31673981575295324 0.22153888940811159 0.40123759098351008 0.016983645751327277 19.821368467062712 284.160181786865
0.31673981575295324 0.22153888940811159 0.28214618749916553 0.018490989416092635 19.821368467062712 284.160181786865
0.31673981575295324 0.22153888940811159 0.28214618749916553 0.016983645751327277 30.373414738103747 284.160181786865
0.31673981575295324 0.22153888940811159 0.28214618749916553 0.016983645751327277 19.821368467062712 221.67409108951688
0.46899244701489801 0.41992405615746975 0.40123759098351008 0.018490989416092635 30.373414738103747 221.67409108951688
0.41130206906236705 0.41073785945773122 0.48178749121725561 0.0084961308630183349 23.956515213474631 832.62370675802231
0.079830869194120163 0.41073785945773122 0.48178749121725561 0.0084961308630183349 23.956515213474631 832.62370675802231
0.41130206906236705 0.18184076994657516 0.48178749121725561 0.0084961308630183349 23.956515213474631 832.62370675802231
0.41130206906236705 0.41073785945773122 0.24651552550494671 0.0084961308630183349 23.956515213474631 832.62370675802231
0.41130206906236705 0.41073785945773122 0.48178749121725561 0.0082857706682756549 23.956515213474631 832.62370675802231
0.41130206906236705 0.41073785945773122 0.48178749121725561 0.0084961308630183349 17.582063853740692 832.62370675802231
0.41130206906236705 0.41073785945773122 0.48178749121725561 0.0084961308630183349 23.956515213474631 651.26006985083222
0.079830869194120163 0.18184076994657516 0.24651552550494671 0.0082857706682756549 17.582063853740692 651.26006985083222
0.44593791831284757 0.19433960281312468 0.25136749297380445 0.0043801376281306145 15.597470218315721 912.70639030262828
0.5450940736569464 0.19433960281312468 0.25136749297380445 0.0043801376281306145 15.597470218315721 912.70639030262828
0.44593791831284757 0.2369957696646452 0.25136749297380445 0.0043801376281306145 15.597470218315721 912.70639030262828
0.44593791831284757 0.19433960281312468 0.15788225233554842 0.0043801376281306145 15.597470218315721 912.70639030262828
0.44593791831284757 0.19433960281312468 0.25136749297380445 0.015545827566087248 15.597470218315721 912.70639030262828
0.44593791831284757 0.19433960281312468 0.25136749297380445 0.0043801376281306145 17.300200035795569 912.70639030262828
0.44593791831284757 0.19433960281312468 0.25136749297380445 0.0043801376281306145 15.597470218315721 770.35301169380546
0.5450940736569464 0.2369957696646452 0.15788225233554842 0.015545827566087248 17.300200035795569 770.35301169380546
0.36660538720898322 0.38666527904570103 0.45026111602783203 0.010431321072205903 28.169659592211246 111.16981469094753
0.32492063427343959 0.38666527904570103 0.45026111602783203 0.010431321072205903 28.169659592211246 111.16981469094753
0.36660538720898322 0.37352263331413271 0.45026111602783203 0.010431321072205903 28.169659592211246 111.16981469094753
0.36660538720898322 0.38666527904570103 0.38752869293093684 0.010431321072205903 28.169659592211246 111.16981469094753
0.36660538720898322 0.38666527904570103 0.45026111602783203 0.005352845578826964 28.169659592211246 111.16981469094753
0.36660538720898322 0.38666527904570103 0.45026111602783203 0.010431321072205903 26.802968598902225 111.16981469094753
0.36660538720898322 0.38666527904570103 0.45026111602783203 0.010431321072205903 28.169659592211246 103.46220461651683
0.32492063427343959 0.37352263331413271 0.38752869293093684 0.005352845578826964 26.802968598902225 103.46220461651683
0.05380157520994544 0.2570221796631813 0.15800864510238172 0.010007158250175417 37.050879776477814 359.86314825713634
0.52691868096590033 0.2570221796631813 0.15800864510238172 0.010007158250175417 37.050879776477814 359.86314825713634
0.05380157520994544 0.4405716437846422 0.15800864510238172 0.010007158250175417 37.050879776477814 359.86314825713634
0.05380157520994544 0.2570221796631813 0.44300514496862886 0.010007158250175417 37.050879776477814 359.86314825713634
0.05380157520994544 0.2570221796631813 0.15800864510238172 0.0010211116530001165 37.050879776477814 359.86314825713634
0.05380157520994544 0.2570221796631813 0.15800864510238172 0.010007158250175417 32.944447474554181 359.86314825713634
0.05380157520994544 0.2570221796631813 0.15800864510238172 0.010007158250175417 37.050879776477814 346.98961032554507
0.52691868096590033 0.4405716437846422 0.44300514496862886 0.0010211116530001165 32.944447474554181 346.98961032554507
0.63460545525886114 0.47407930865883829 0.35924621187150485 0.016021558832004665 11.185684652999043 711.45167825743556
0.1044142410159111 0.47407930865883829 0.35924621187150485 0.016021558832004665 11.185684652999043 711.45167825743556
0.63460545525886114 0.15209855660796168 0.35924621187150485 0.016021558832004665 11.185684652999043 711.45167825743556
0.63460545525886114 0.47407930865883829 0.2102182473987341 0.016021558832004665 11.185684652999043 711.45167825743556
0.63460545525886114 0.47407930865883829 0.35924621187150485 0.011215306967683138 11.185684652999043 711.45167825743556
0.63460545525886114 0.47407930865883829 0.35924621187150485 0.016021558832004665 15.02613765373826 711.45167825743556
0.63460545525886114 0.47407930865883829 0.35924621187150485 0.016021558832004665 11.185684652999043 972.10491811856627
0.1044142410159111 0.15209855660796168 0.2102182473987341 0.011215306967683138 15.02613765373826 972.10491811856627
0.58370562740601595 0.23139287233352662 0.41075744740664966 0.018678254641219975 12.331177780404687 813.71185164898634
0.42492180755361908 0.23139287233352662 0.41075744740664966 0.018678254641219975 12.331177780404687 813.71185164898634
0.58370562740601595 0.45587616302073009 0.41075744740664966 0.018678254641219975 12.331177780404687 813.71185164898634
0.58370562740601595 0.23139287233352662 0.45130197368562219 0.018678254641219975 12.331177780404687 813.71185164898634
0.58370562740601595 0.23139287233352662 0.41075744740664966 0.0091041997166350502 12.331177780404687 813.71185164898634
0.58370562740601595 0.23139287233352662 0.41075744740664966 0.018678254641219975 36.078605215996504 813.71185164898634
0.58370562740601595 0.23139287233352662 0.41075744740664966 0.018678254641219975 12.331177780404687 793.52148892357945
0.42492180755361908 0.45587616302073009 0.45130197368562219 0.0091041997166350502 36.078605215996504 793.52148892357945
0.1857157970778644 0.44844237491488459 0.20962078236043455 0.0073670981450006372 31.46507366746664 265.30027100816369
0.20506350388750433 0.44844237491488459 0.20962078236043455 0.0073670981450006372 31.46507366746664 265.30027100816369
0.1857157970778644 0.14278759732842447 0.20962078236043455 0.0073670981450006372 31.46507366746664 265.30027100816369
0.1857157970778644 0.44844237491488459 0.29664646126329897 0.0073670981450006372 31.46507366746664 265.30027100816369
0.1857157970778644 0.44844237491488459 0.20962078236043455 0.019368643624335529 31.46507366746664 265.30027100816369
0.1857157970778644 0.44844237491488459 0.20962078236043455 0.0073670981450006372 8.0830998364835978 265.30027100816369
0.1857157970778644 0.44844237491488459 0.20962078236043455 0.0073670981450006372 31.46507366746664 532.71286198869348
0.20506350388750433 0.14278759732842447 0.29664646126329897 0.019368643624335529 8.0830998364835978 532.71286198869348
0.23469359646551308 0.11880766563117505 0.30489917248487475 0.013053046763315798 25.318077459931374 457.75905409827828
0.64542841147631402 0.11880766563117505 0.30489917248487475 0.013053046763315798 25.318077459931374 457.75905409827828
0.23469359646551308 0.27124560438096523 0.30489917248487475 0.013053046763315798 25.318077459931374 457.75905409827828
0.23469359646551308 0.11880766563117505 0.1474352739751339 0.013053046763315798 25.318077459931374 457.75905409827828
0.23469359646551308 0.11880766563117505 0.30489917248487475 0.015036980619467797 25.318077459931374 457.75905409827828
0.23469359646551308 0.11880766563117505 0.30489917248487475 0.013053046763315798 21.60737718641758 457.75905409827828
0.23469359646551308 0.11880766563117505 0.30489917248487475 0.013053046763315798 25.318077459931374 316.76112646237016
0.64542841147631402 0.27124560438096523 0.1474352739751339 0.015036980619467797 21.60737718641758 316.76112646237016
0.49684017729014152 0.31112571544945244 0.10610606372356415 0.0017798816254362467 22.88935817964375 556.2225891277194
0.22323864232748747 0.31112571544945244 0.10610606372356415 0.0017798816254362467 22.88935817964375 556.2225891277194
0.49684017729014152 0.33315698951482775 0.10610606372356415 0.0017798816254362467 22.88935817964375 556.2225891277194
0.49684017729014152 0.31112571544945244 0.30520070195198057 0.0017798816254362467 22.88935817964375 556.2225891277194
0.49684017729014152 0.31112571544945244 0.10610606372356415 0.0047737592592835424 22.88935817964375 556.2225891277194
0.49684017729014152 0.31112571544945244 0.10610606372356415 0.0017798816254362467 26.18736913613975 556.2225891277194
0.49684017729014152 0.31112571544945244 0.10610606372356415 0.0017798816254362467 22.88935817964375 563.97418575361371
0.22323864232748747 0.33315698951482775 0.30520070195198057 0.0047737592592835424 26.18736913613975 563.97418575361371
0.47784724757075303 0.24162498973309995 0.24721313267946243 0.008570066995546223 33.846004337072372 696.75008915364742
0.65945010879077015 0.24162498973309995 0.24721313267946243 0.008570066995546223 33.846004337072372 696.75008915364742
0.47784724757075303 0.36474125757813458 0.24721313267946243 0.008570066995546223 33.846004337072372 696.75008915364742
0.47784724757075303 0.24162498973309995 0.25165792629122735 0.008570066995546223 33.846004337072372 696.75008915364742
0.47784724757075303 0.24162498973309995 0.24721313267946243 0.012793845428340139 33.846004337072372 696.75008915364742
0.47784724757075303 0.24162498973309995 0.24721313267946243 0.008570066995546223 33.367051856592298 696.75008915364742
0.47784724757075303 0.24162498973309995 0.24721313267946243 0.008570066995546223 33.846004337072372 142.72234756499529
0.65945010879077015 0.36474125757813458 0.25165792629122735 0.012793845428340139 33.367051856592298 142.72234756499529
0.25249383202753961 0.42766386009752755 0.44842306375503538 0.017407593487016856 13.656505646184087 373.23205498978496
0.29054632582701739 0.42766386009752755 0.44842306375503538 0.017407593487016856 13.656505646184087 373.23205498978496
0.25249383202753961 0.22782985903322697 0.44842306375503538 0.017407593487016856 13.656505646184087 373.23205498978496
0.25249383202753961 0.42766386009752755 0.49375297129154205 0.017407593487016856 13.656505646184087 373.23205498978496
0.25249383202753961 0.42766386009752755 0.44842306375503538 0.0031493694212287667 13.656505646184087 373.23205498978496
0.25249383202753961 0.42766386009752755 0.44842306375503538 0.017407593487016856 14.485605482012033 373.23205498978496
0.25249383202753961 0.42766386009752755 0.44842306375503538 0.017407593487016856 13.656505646184087 727.42167394608259
0.29054632582701739 0.22782985903322697 0.49375297129154205 0.0031493694212287667 14.485605482012033 727.42167394608259
0.17709739552810788 0.10428344458341599 0.14369679503142835 0.0030615521613508467 20.626505279913545 126.36476932093501
0.39831885355524715 0.10428344458341599 0.14369679503142835 0.0030615521613508467 20.626505279913545 126.36476932093501
0.17709739552810788 0.16126146763563157 0.14369679503142835 0.0030615521613508467 20.626505279913545 126.36476932093501
0.17709739552810788 0.10428344458341599 0.34922622106969359 0.0030615521613508467 20.626505279913545 126.36476932093501
0.17709739552810788 0.10428344458341599 0.14369679503142835 0.0087176921805366889 20.626505279913545 126.36476932093501
0.17709739552810788 0.10428344458341599 0.14369679503142835 0.0030615521613508467 15.96155690215528 126.36476932093501
0.17709739552810788 0.10428344458341599 0.14369679503142835 0.0030615521613508467 20.626505279913545 960.59103216975927
0.39831885355524715 0.16126146763563157 0.34922622106969359 0.0087176921805366889 15.96155690215528 960.59103216975927
0.59160756398923697 0.31510258391499524 0.34256316982209684 0.0118583667030558 23.874621756374836 899.72184412181377
0.15049576121382413 0.31510258391499524 0.34256316982209684 0.0118583667030558 23.874621756374836 899.72184412181377
0.59160756398923697 0.44935011826455595 0.34256316982209684 0.0118583667030558 23.874621756374836 899.72184412181377
0.59160756398923697 0.31510258391499524 0.10399721898138524 0.0118583667030558 23.874621756374836 899.72184412181377
0.59160756398923697 0.31510258391499524 0.34256316982209684 0.018363381441310049 23.874621756374836 899.72184412181377
0.59160756398923697 0.31510258391499524 0.34256316982209684 0.0118583667030558 28.258516706526279 899.72184412181377
0.59160756398923697 0.31510258391499524 0.34256316982209684 0.0118583667030558 23.874621756374836 362.29613814502954
0.15049576121382413 0.44935011826455595 0.10399721898138524 0.018363381441310049 28.258516706526279 362.29613814502954
0.62195773613639171 0.17941989004611969 0.487829078361392 0.014188019895367327 29.641239151358604 569.65972790494561
0.45961603526957329 0.17941989004611969 0.487829078361392 0.014188019895367327 29.641239151358604 569.65972790494561
0.62195773613639171 0.14531607627868653 0.487829078361392 0.014188019895367327 29.641239151358604 569.65972790494561
0.62195773613639171 0.17941989004611969 0.35752943493425848 0.014188019895367327 29.641239151358604 569.65972790494561
0.62195773613639171 0.17941989004611969 0.487829078361392 0.0020264824856072667 29.641239151358604 569.65972790494561
0.62195773613639171 0.17941989004611969 0.487829078361392 0.014188019895367327 22.143562391400337 569.65972790494561
0.62195773613639171 0.17941989004611969 0.487829078361392 0.014188019895367327 29.641239151358604 521.21399641036987
0.45961603526957329 0.14531607627868653 0.35752943493425848 0.0020264824856072667 22.143562391400337 521.21399641036987
0.065261617396026844 0.39025581702589995 0.2890575017780066 0.00071046704612672332 17.890278028324246 443.01669877022505
0.090387508319690821 0.39025581702589995 0.2890575017780066 0.00071046704612672332 17.890278028324246 443.01669877022505
0.065261617396026844 0.45878924839198587 0.2890575017780066 0.00071046704612672332 17.890278028324246 443.01669877022505
0.065261617396026844 0.39025581702589995 0.19041904769837859 0.00071046704612672332 17.890278028324246 443.01669877022505
0.065261617396026844 0.39025581702589995 0.2890575017780066 0.011601932447217406 17.890278028324246 443.01669877022505
0.065261617396026844 0.39025581702589995 0.2890575017780066 0.00071046704612672332 25.767745582386851 443.01669877022505
0.065261617396026844 0.39025581702589995 0.2890575017780066 0.00071046704612672332 17.890278028324246 808.81557129323483
0.090387508319690821 0.45878924839198587 0.19041904769837859 0.011601932447217406 25.767745582386851 808.81557129323483
0.36433204128406937 0.26685937754809858 0.3968125507235527 0.019699555969797077 9.8303446564823389 252.35649775713682
0.59966669916175308 0.26685937754809858 0.3968125507235527 0.019699555969797077 9.8303446564823389 252.35649775713682
0.36433204128406937 0.33024118170142175 0.3968125507235527 0.019699555969797077 9.8303446564823389 252.35649775713682
0.36433204128406937 0.26685937754809858 0.24120493531227113 0.019699555969797077 9.8303446564823389 252.35649775713682
0.36433204128406937 0.26685937754809858 0.3968125507235527 0.017170174991711973 9.8303446564823389 252.35649775713682
0.36433204128406937 0.26685937754809858 0.3968125507235527 0.019699555969797077 34.626495700329542 252.35649775713682
0.36433204128406937 0.26685937754809858 0.3968125507235527 0.019699555969797077 9.8303446564823389 603.22188325226307
0.59966669916175308 0.33024118170142175 0.24120493531227113 0.017170174991711973 34.626495700329542 603.22188325226307
0.44749950654804699 0.4529150355607271 0.19569703042507172 0.0062615065742284062 34.641768030822277 828.83856752887368
0.3515187078621238 0.4529150355607271 0.19569703042507172 0.0062615065742284062 34.641768030822277 828.83856752887368
0.44749950654804699 0.26871430464088919 0.19569703042507172 0.0062615065742284062 34.641768030822277 828.83856752887368
0.44749950654804699 0.4529150355607271 0.41143099293112761 0.0062615065742284062 34.641768030822277 828.83856752887368
0.44749950654804699 0.4529150355607271 0.19569703042507172 0.0075959476513788107 34.641768030822277 828.83856752887368
0.44749950654804699 0.4529150355607271 0.19569703042507172 0.0062615065742284062 9.4178537670522928 828.83856752887368
0.44749950654804699 0.4529150355607271 0.19569703042507172 0.0062615065742284062 34.641768030822277 273.84480908513069
0.3515187078621238 0.26871430464088919 0.41143099293112761 0.0075959476513788107 9.4178537670522928 273.84480908513069
0.39834567462094123 0.14278742522001267 0.36488715894520285 0.0016763181239366532 13.117203798145056 972.30207640677691
0.53625545981340106 0.14278742522001267 0.36488715894520285 0.0016763181239366532 13.117203798145056 972.30207640677691
0.39834567462094123 0.11283911243081093 0.36488715894520285 0.0016763181239366532 13.117203798145056 972.30207640677691
0.39834567462094123 0.14278742522001267 0.39940599687397482 0.0016763181239366532 13.117203798145056 972.30207640677691
0.39834567462094123 0.14278742522001267 0.36488715894520285 0.018877874607220291 13.117203798145056 972.30207640677691
0.39834567462094123 0.14278742522001267 0.36488715894520285 0.0016763181239366532 10.168696690350771 972.30207640677691
0.39834567462094123 0.14278742522001267 0.36488715894520285 0.0016763181239366532 13.117203798145056 167.05669891089201
0.53625545981340106 0.11283911243081093 0.39940599687397482 0.018877874607220291 10.168696690350771 167.05669891089201
0.33040792914107436 0.32571979239583015 0.16453762985765935 0.012678024568594994 31.365669911727309 198.78404559567571
0.093738468317314971 0.32571979239583015 0.16453762985765935 0.012678024568594994 31.365669911727309 198.78404559567571
0.33040792914107436 0.47592236138880251 0.16453762985765935 0.012678024568594994 31.365669911727309 198.78404559567571
0.33040792914107436 0.32571979239583015 0.1540127616375685 0.012678024568594994 31.365669911727309 198.78404559567571
0.33040792914107436 0.32571979239583015 0.16453762985765935 0.0092914105063304324 31.365669911727309 198.78404559567571
0.33040792914107436 0.32571979239583015 0.16453762985765935 0.012678024568594994 37.728420944884419 198.78404559567571
0.33040792914107436 0.32571979239583015 0.16453762985765935 0.012678024568594994 31.365669911727309 709.12894476205111
0.093738468317314971 0.47592236138880251 0.1540127616375685 0.0092914105063304324 37.728420944884419 709.12894476205111
0.10013480759225785 0.205446257814765 0.46918455436825757 0.0073014529787003993 26.351178793236613 405.40320249274373
0.55442089312709864 0.205446257814765 0.46918455436825757 0.0073014529787003993 26.351178793236613 405.40320249274373
0.10013480759225785 0.31004444211721421 0.46918455436825757 0.0073014529787003993 26.351178793236613 405.40320249274373
0.10013480759225785 0.205446257814765 0.20166145712137223 0.0073014529787003993 26.351178793236613 405.40320249274373
0.10013480759225785 0.205446257814765 0.46918455436825757 0.004959369809553027 26.351178793236613 405.40320249274373
0.10013480759225785 0.205446257814765 0.46918455436825757 0.0073014529787003993 24.057873629033566 405.40320249274373
0.10013480759225785 0.205446257814765 0.46918455436825757 0.0073014529787003993 26.351178793236613 929.66403905302286
0.55442089312709864 0.31004444211721421 0.20166145712137223 0.004959369809553027 24.057873629033566 929.66403905302286
0.67206064611673355 0.41315890289843082 0.2696164689958096 0.018265318831987679 21.162260297685862 728.76027394086123
0.31423505716957145 0.41315890289843082 0.2696164689958096 0.018265318831987679 21.162260297685862 728.76027394086123
0.67206064611673355 0.29812774024903776 0.2696164689958096 0.018265318831987679 21.162260297685862 728.76027394086123
0.67206064611673355 0.41315890289843082 0.44394474700093267 0.018265318831987679 21.162260297685862 728.76027394086123
0.67206064611673355 0.41315890289843082 0.2696164689958096 0.014547056531719865 21.162260297685862 728.76027394086123
0.67206064611673355 0.41315890289843082 0.2696164689958096 0.018265318831987679 19.972285276278853 728.76027394086123
0.67206064611673355 0.41315890289843082 0.2696164689958096 0.018265318831987679 21.162260297685862 401.24229248613119
0.31423505716957145 0.29812774024903776 0.44394474700093267 0.014547056531719865 19.972285276278853 401.24229248613119
0.53991207741200919 0.27982014529407029 0.12425271049141884 0.015974664274789392 17.321793299168348 846.0614456795156
0.65642397268675268 0.27982014529407029 0.12425271049141884 0.015974664274789392 17.321793299168348 846.0614456795156
0.53991207741200919 0.39428816437721259 0.12425271049141884 0.015974664274789392 17.321793299168348 846.0614456795156
0.53991207741200919 0.27982014529407029 0.29101907387375836 0.015974664274789392 17.321793299168348 846.0614456795156
0.53991207741200919 0.27982014529407029 0.12425271049141884 0.0054753156749531625 17.321793299168348 846.0614456795156
0.53991207741200919 0.27982014529407029 0.12425271049141884 0.015974664274789392 28.892180008813739 846.0614456795156
0.53991207741200919 0.27982014529407029 0.12425271049141884 0.015974664274789392 17.321793299168348 469.08264569938183
0.65642397268675268 0.39428816437721259 0.29101907387375836 0.0054753156749531625 28.892180008813739 469.08264569938183
0.15079780905507503 0.4875129569321871 0.3239216975867748 0.0096141814723610889 27.131951620802283 269.41840648651123
0.21358208223246034 0.4875129569321871 0.3239216975867748 0.0096141814723610889 27.131951620802283 269.41840648651123
0.15079780905507503 0.20776819102466107 0.3239216975867748 0.0096141814723610889 27.131951620802283 269.41840648651123
0.15079780905507503 0.4875129569321871 0.46142154783010481 0.0096141814723610889 27.131951620802283 269.41840648651123
0.15079780905507503 0.4875129569321871 0.3239216975867748 0.015108769355341794 27.131951620802283 269.41840648651123
0.15079780905507503 0.4875129569321871 0.3239216975867748 0.0096141814723610889 18.94628632068634 269.41840648651123
0.15079780905507503 0.4875129569321871 0.3239216975867748 0.0096141814723610889 27.131951620802283 854.68214005231857
0.21358208223246034 0.20776819102466107 0.46142154783010481 0.015108769355341794 18.94628632068634 854.68214005231857
0.27974739754572508 0.16725849211215973 0.21605068035423758 0.010347716675885023 37.147508842870593 532.30301290750504
0.43592732329852873 0.16725849211215973 0.21605068035423758 0.010347716675885023 37.147508842870593 532.30301290750504
0.27974739754572508 0.17813752517104151 0.21605068035423758 0.010347716675885023 37.147508842870593 532.30301290750504
0.27974739754572508 0.16725849211215973 0.30750759951770307 0.010347716675885023 37.147508842870593 532.30301290750504
0.27974739754572508 0.16725849211215973 0.21605068035423758 0.010776808873377742 37.147508842870593 532.30301290750504
0.27974739754572508 0.16725849211215973 0.21605068035423758 0.010347716675885023 12.892941424623132 532.30301290750504
0.27974739754572508 0.16725849211215973 0.21605068035423758 0.010347716675885023 37.147508842870593 606.57137557864189
0.43592732329852873 0.17813752517104151 0.30750759951770307 0.010776808873377742 12.892941424623132 606.57137557864189
0.53049671319313341 0.35017102584242821 0.41650072373449809 0.0040238659687340259 10.395051885396242 658.7850927375257
0.19541674335487186 0.35017102584242821 0.41650072373449809 0.0040238659687340259 10.395051885396242 658.7850927375257
0.53049671319313341 0.41661750264465813 0.41650072373449809 0.0040238659687340259 10.395051885396242 658.7850927375257
0.53049671319313341 0.35017102584242821 0.1402455646544695 0.0040238659687340259 10.395051885396242 658.7850927375257
0.53049671319313341 0.35017102584242821 0.41650072373449809 0.0011445684466511012 10.395051885396242 658.7850927375257
0.53049671319313341 0.35017102584242821 0.41650072373449809 0.0040238659687340259 31.312941398471594 658.7850927375257
0.53049671319313341 0.35017102584242821 0.41650072373449809 0.0040238659687340259 10.395051885396242 262.69244886934757
0.19541674335487186 0.41661750264465813 0.1402455646544695 0.0011445684466511012 31.312941398471594 262.69244886934757
0.49721396085806185 0.15036210156977178 0.1548788618296385 0.018859009613655508 24.584297101944685 298.70239738374949
0.26751391938887537 0.15036210156977178 0.1548788618296385 0.018859009613655508 24.584297101944685 298.70239738374949
0.49721396085806185 0.19599715657532216 0.1548788618296385 0.018859009613655508 24.584297101944685 298.70239738374949
0.49721396085806185 0.15036210156977178 0.1715799789875746 0.018859009613655508 24.584297101944685 298.70239738374949
0.49721396085806185 0.15036210156977178 0.1548788618296385 0.012260806708224119 24.584297101944685 298.70239738374949
0.49721396085806185 0.15036210156977178 0.1548788618296385 0.018859009613655508 32.174603056162596 298.70239738374949
0.49721396085806185 0.15036210156977178 0.1548788618296385 0.018859009613655508 24.584297101944685 536.77795175462961
0.26751391938887537 0.19599715657532216 0.1715799789875746 0.012260806708224119 32.174603056162596 536.77795175462961
0.27188998395577069 0.36746195219457156 0.35599133037030695 0.0054195242438465361 19.402587881311774 875.23932503536344
0.68748007169924674 0.36746195219457156 0.35599133037030695 0.0054195242438465361 19.402587881311774 875.23932503536344
0.27188998395577069 0.4090865455567837 0.35599133037030695 0.0054195242438465361 19.402587881311774 875.23932503536344
0.27188998395577069 0.36746195219457156 0.37617471702396876 0.0054195242438465361 19.402587881311774 875.23932503536344
0.27188998395577069 0.36746195219457156 0.35599133037030695 0.0025995575807988645 19.402587881311774 875.23932503536344
0.27188998395577069 0.36746195219457156 0.35599133037030695 0.0054195242438465361 11.913462841883302 875.23932503536344
0.27188998395577069 0.36746195219457156 0.35599133037030695 0.0054195242438465361 19.402587881311774 783.52399822324514
0.68748007169924674 0.4090865455567837 0.37617471702396876 0.0025995575807988645 11.913462841883302 783.52399822324514
0.15835833488963544 0.28772758319973946 0.26073886007070546 0.014583537860028447 14.88042382709682 628.28789846971631
0.16301114750094708 0.28772758319973946 0.26073886007070546 0.014583537860028447 14.88042382709682 628.28789846971631
0.15835833488963544 0.37994417063891894 0.26073886007070546 0.014583537860028447 14.88042382709682 628.28789846971631
0.15835833488963544 0.28772758319973946 0.430085439234972 0.014583537860028447 14.88042382709682 628.28789846971631
0.15835833488963544 0.28772758319973946 0.26073886007070546 0.0069303851345553997 14.88042382709682 628.28789846971631
0.15835833488963544 0.28772758319973946 0.26073886007070546 0.014583537860028447 18.05494199693203 628.28789846971631
0.15835833488963544 0.28772758319973946 0.26073886007070546 0.014583537860028447 14.88042382709682 566.9405622407794
0.16301114750094708 0.37994417063891894 0.430085439234972 0.0069303851345553997 18.05494199693203 566.9405622407794
0.57285826914012428 0.47999833673238756 0.4595073848962784 0.0011074203949421645 33.136328209191561 501.69992838054895
0.38064474952407173 0.47999833673238756 0.4595073848962784 0.0011074203949421645 33.136328209191561 501.69992838054895
0.57285826914012428 0.21803351044654848 0.4595073848962784 0.0011074203949421645 33.136328209191561 501.69992838054895
0.57285826914012428 0.47999833673238756 0.22235670238733293 0.0011074203949421645 33.136328209191561 501.69992838054895
0.57285826914012428 0.47999833673238756 0.4595073848962784 0.016592837926745416 33.136328209191561 501.69992838054895
0.57285826914012428 0.47999833673238756 0.4595073848962784 0.0011074203949421645 29.900540171191096 501.69992838054895
0.57285826914012428 0.47999833673238756 0.4595073848962784 0.0011074203949421645 33.136328209191561 305.66508341580629
0.38064474952407173 0.21803351044654848 0.22235670238733293 0.016592837926745416 29.900540171191096 305.66508341580629
0.68445626199245446 0.2129677437245846 0.30799461752176283 0.0034380363125354053 35.380455043166876 172.68149321898818
0.062677429569885132 0.2129677437245846 0.30799461752176283 0.0034380363125354053 35.380455043166876 172.68149321898818
0.68445626199245446 0.31425513587892057 0.30799461752176283 0.0034380363125354053 35.380455043166876 172.68149321898818
0.68445626199245446 0.2129677437245846 0.46260731071233752 0.0034380363125354053 35.380455043166876 172.68149321898818
0.68445626199245446 0.2129677437245846 0.30799461752176283 0.0038137603223323824 35.380455043166876 172.68149321898818
0.68445626199245446 0.2129677437245846 0.30799461752176283 0.0034380363125354053 20.954724570736289 172.68149321898818
0.68445626199245446 0.2129677437245846 0.30799461752176283 0.0034380363125354053 35.380455043166876 127.52243503928185
0.062677429569885132 0.31425513587892057 0.46260731071233752 0.0038137603223323824 20.954724570736289 127.52243503928185
0.12776975757442416 0.40524307191371922 0.10912519097328187 0.01223628623839468 8.635437136515975 946.09341248869896
0.48232860113494092 0.40524307191371922 0.10912519097328187 0.01223628623839468 8.635437136515975 946.09341248869896
0.12776975757442416 0.27772899717092514 0.10912519097328187 0.01223628623839468 8.635437136515975 946.09341248869896
0.12776975757442416 0.40524307191371922 0.28299737349152565 0.01223628623839468 8.635437136515975 946.09341248869896
0.12776975757442416 0.40524307191371922 0.10912519097328187 0.01337242904994637 8.635437136515975 946.09341248869896
0.12776975757442416 0.40524307191371922 0.10912519097328187 0.01223628623839468 23.191877968609333 946.09341248869896
0.12776975757442416 0.40524307191371922 0.10912519097328187 0.01223628623839468 8.635437136515975 752.22560800611973
0.48232860113494092 0.27772899717092514 0.28299737349152565 0.01337242904994637 23.191877968609333 752.22560800611973
0.30247601391747592 0.12550489194691183 0.40135480575263505 0.0077104868259280923 19.08518454246223 755.40743544697762
0.36951265246607357 0.12550489194691183 0.40135480575263505 0.0077104868259280923 19.08518454246223 755.40743544697762
0.30247601391747592 0.1113628063350916 0.40135480575263505 0.0077104868259280923 19.08518454246223 755.40743544697762
0.30247601391747592 0.12550489194691183 0.13534583635628225 0.0077104868259280923 19.08518454246223 755.40743544697762
0.30247601391747592 0.12550489194691183 0.40135480575263505 0.017703185682743788 19.08518454246223 755.40743544697762
0.30247601391747592 0.12550489194691183 0.40135480575263505 0.0077104868259280923 36.716155039146543 755.40743544697762
0.30247601391747592 0.12550489194691183 0.40135480575263505 0.0077104868259280923 19.08518454246223 997.26364724338055
0.36951265246607357 0.1113628063350916 0.13534583635628225 0.017703185682743788 36.716155039146543 997.26364724338055
0.38561342065222554 0.3426093172281981 0.20014182291924953 0.016546577343158425 28.902553144842386 431.94447373971343
0.58683142871595917 0.3426093172281981 0.20014182291924953 0.016546577343158425 28.902553144842386 431.94447373971343
0.38561342065222554 0.49983671680092812 0.20014182291924953 0.016546577343158425 28.902553144842386 431.94447373971343
0.38561342065222554 0.3426093172281981 0.31807139031589032 0.016546577343158425 28.902553144842386 431.94447373971343
0.38561342065222554 0.3426093172281981 0.20014182291924953 0.0081457113998010758 28.902553144842386 431.94447373971343
0.38561342065222554 0.3426093172281981 0.20014182291924953 0.016546577343158425 11.063488993793726 431.94447373971343
0.38561342065222554 0.3426093172281981 0.20014182291924953 0.016546577343158425 28.902553144842386 329.96097356081009
0.58683142871595917 0.49983671680092812 0.31807139031589032 0.0081457113998010758 11.063488993793726 329.96097356081009
0.4196166787296533 0.25309332683682439 0.4323188938200474 0.011187961203046144 22.371586367487907 469.63563002645969
0.11649008956737816 0.25309332683682439 0.4323188938200474 0.011187961203046144 22.371586367487907 469.63563002645969
0.4196166787296533 0.34399773664772515 0.4323188938200474 0.011187961203046144 22.371586367487907 469.63563002645969
0.4196166787296533 0.25309332683682439 0.4802651911973953 0.011187961203046144 22.371586367487907 469.63563002645969
0.4196166787296533 0.25309332683682439 0.4323188938200474 0.015695854566991331 22.371586367487907 469.63563002645969
0.4196166787296533 0.25309332683682439 0.4323188938200474 0.011187961203046144 8.5550481472164392 469.63563002645969
0.4196166787296533 0.25309332683682439 0.4323188938200474 0.011187961203046144 22.371586367487907 448.17272927612066
0.11649008956737816 0.34399773664772515 0.4802651911973953 0.015695854566991331 8.5550481472164392 448.17272927612066
0.35170838399790222 0.4670740947127342 0.23187190219759943 0.0048655458800494671 25.626912342384458 596.17255432531238
0.50850633052177718 0.4670740947127342 0.23187190219759943 0.0048655458800494671 25.626912342384458 596.17255432531238
0.35170838399790222 0.25708024725317957 0.23187190219759943 0.0048655458800494671 25.626912342384458 596.17255432531238
0.35170838399790222 0.4670740947127342 0.27237226888537408 0.0048655458800494671 25.626912342384458 596.17255432531238
0.35170838399790222 0.4670740947127342 0.23187190219759943 0.0061312811071053148 25.626912342384458 596.17255432531238
0.35170838399790222 0.4670740947127342 0.23187190219759943 0.0048655458800494671 35.606660481542349 596.17255432531238
0.35170838399790222 0.4670740947127342 0.23187190219759943 0.0048655458800494671 25.626912342384458 878.17084286361933
0.50850633052177718 0.25708024725317957 0.27237226888537408 0.0061312811071053148 35.606660481542349 878.17084286361933
0.078221912775188682 0.19045919515192511 0.32724033780395989 0.015578844481147828 32.089937368407845 802.76593519374728
0.30144008672796185 0.19045919515192511 0.32724033780395989 0.015578844481147828 32.089937368407845 802.76593519374728
0.078221912775188682 0.12882518284022809 0.32724033780395989 0.015578844481147828 32.089937368407845 802.76593519374728
0.078221912775188682 0.19045919515192511 0.12158348597586155 0.015578844481147828 32.089937368407845 802.76593519374728
0.078221912775188682 0.19045919515192511 0.32724033780395989 0.00056175449863076214 32.089937368407845 802.76593519374728
0.078221912775188682 0.19045919515192511 0.32724033780395989 0.015578844481147828 26.660234762355685 802.76593519374728
0.078221912775188682 0.19045919515192511 0.32724033780395989 0.015578844481147828 32.089937368407845 648.07420987635851
0.30144008672796185 0.12882518284022809 0.12158348597586155 0.00056175449863076214 26.660234762355685 648.07420987635851
0.65013752919621759 0.37961085699498653 0.12757440246641638 0.0092169257044792188 11.907876722514629 226.17796845734119
0.57237455225549638 0.37961085699498653 0.12757440246641638 0.0092169257044792188 11.907876722514629 226.17796845734119
0.65013752919621759 0.46690764427185061 0.12757440246641638 0.0092169257044792188 11.907876722514629 226.17796845734119
0.65013752919621759 0.37961085699498653 0.32636651657521726 0.0092169257044792188 11.907876722514629 226.17796845734119
0.65013752919621759 0.37961085699498653 0.12757440246641638 0.010127522403188051 11.907876722514629 226.17796845734119
0.65013752919621759 0.37961085699498653 0.12757440246641638 0.0092169257044792188 21.134515136480331 226.17796845734119
0.65013752919621759 0.37961085699498653 0.12757440246641638 0.0092169257044792188 11.907876722514629 232.55059700459242
0.57237455225549638 0.46690764427185061 0.32636651657521726 0.010127522403188051 21.134515136480331 232.55059700459242
0.59923678119666868 0.11492459066212178 0.27918501980602739 0.0069252712465822696 11.575253635644913 342.76499534025788
0.24165109083987768 0.11492459066212178 0.27918501980602739 0.0069252712465822696 11.575253635644913 342.76499534025788
0.59923678119666868 0.16293463669717312 0.27918501980602739 0.0069252712465822696 11.575253635644913 342.76499534025788
0.59923678119666868 0.11492459066212178 0.18515995107591154 0.0069252712465822696 11.575253635644913 342.76499534025788
0.59923678119666868 0.11492459066212178 0.27918501980602739 0.0098729790778830668 11.575253635644913 342.76499534025788
0.59923678119666868 0.11492459066212178 0.27918501980602739 0.0069252712465822696 27.274932555854321 342.76499534025788
0.59923678119666868 0.11492459066212178 0.27918501980602739 0.0069252712465822696 11.575253635644913 187.45151050388813
0.24165109083987768 0.16293463669717312 0.18515995107591154 0.0098729790778830668 27.274932555854321 187.45151050388813
0.21013211505487561 0.30406862013041974 0.47875615693628792 0.017887701125629245 36.394116284325719 666.17692466825247
0.63335250602103765 0.30406862013041974 0.47875615693628792 0.017887701125629245 36.394116284325719 666.17692466825247
0.21013211505487561 0.42641382664442062 0.47875615693628792 0.017887701125629245 36.394116284325719 666.17692466825247
0.21013211505487561 0.30406862013041974 0.3680619690567255 0.017887701125629245 36.394116284325719 666.17692466825247
0.21013211505487561 0.30406862013041974 0.47875615693628792 0.019528331512957811 36.394116284325719 666.17692466825247
0.21013211505487561 0.30406862013041974 0.47875615693628792 0.017887701125629245 16.828239655122161 666.17692466825247
0.21013211505487561 0.30406862013041974 0.47875615693628792 0.017887701125629245 36.394116284325719 686.03175058960915
0.63335250602103765 0.42641382664442062 0.3680619690567255 0.019528331512957811 16.828239655122161 686.03175058960915
0.21979567310772835 0.2274605892598629 0.18660588935017586 0.0025362007126212122 27.885343397036195 928.97739019244909
0.17778292964212594 0.2274605892598629 0.18660588935017586 0.0025362007126212122 27.885343397036195 928.97739019244909
0.21979567310772835 0.35955250002443795 0.18660588935017586 0.0025362007126212122 27.885343397036195 928.97739019244909
0.21979567310772835 0.2274605892598629 0.41258545145392422 0.0025362007126212122 27.885343397036195 928.97739019244909
0.21979567310772835 0.2274605892598629 0.18660588935017586 0.013958875825442375 27.885343397036195 928.97739019244909
0.21979567310772835 0.2274605892598629 0.18660588935017586 0.0025362007126212122 15.499015349894762 928.97739019244909
0.21979567310772835 0.2274605892598629 0.18660588935017586 0.0025362007126212122 27.885343397036195 887.67378032207489
0.17778292964212594 0.35955250002443795 0.41258545145392422 0.013958875825442375 15.499015349894762 887.67378032207489
0.47051491811871521 0.44143372476100928 0.38695847019553187 0.013539342541433873 16.14159233123064 155.5144184269011
0.44840241442434481 0.44143372476100928 0.38695847019553187 0.013539342541433873 16.14159233123064 155.5144184269011
0.47051491811871521 0.24803173914551735 0.38695847019553187 0.013539342541433873 16.14159233123064 155.5144184269011
0.47051491811871521 0.44143372476100928 0.23282391428947449 0.013539342541433873 16.14159233123064 155.5144184269011
0.47051491811871521 0.44143372476100928 0.38695847019553187 0.0043047270551323895 16.14159233123064 155.5144184269011
0.47051491811871521 0.44143372476100928 0.38695847019553187 0.013539342541433873 32.471573354676366 155.5144184269011
0.47051491811871521 0.44143372476100928 0.38695847019553187 0.013539342541433873 16.14159233123064 431.74797259271145
0.44840241442434481 0.24803173914551735 0.23282391428947449 0.0043047270551323895 32.471573354676366 431.74797259271145
0.47569350376725189 0.26375482566654684 0.18932139948010446 0.0051265654912218449 13.901461206376553 410.56473068892956
0.47606368241831654 0.26375482566654684 0.18932139948010446 0.0051265654912218449 13.901461206376553 410.56473068892956
0.47569350376725189 0.21502522751688957 0.18932139948010446 0.0051265654912218449 13.901461206376553 410.56473068892956
0.47569350376725189 0.26375482566654684 0.10137416534125805 0.0051265654912218449 13.901461206376553 410.56473068892956
0.47569350376725189 0.26375482566654684 0.18932139948010446 0.014603181140124799 13.901461206376553 410.56473068892956
0.47569350376725189 0.26375482566654684 0.18932139948010446 0.0051265654912218449 13.443544453009963 410.56473068892956
0.47569350376725189 0.26375482566654684 0.18932139948010446 0.0051265654912218449 13.901461206376553 985.72153355926275
0.47606368241831654 0.21502522751688957 0.10137416534125805 0.014603181140124799 13.443544453009963 985.72153355926275
0.214818008756265 0.45601930133998392 0.39043387994170187 0.011178311139717699 34.08261258341372 762.04339740797877
0.074030433874577278 0.45601930133998392 0.39043387994170187 0.011178311139717699 34.08261258341372 762.04339740797877
0.214818008756265 0.37693582661449909 0.39043387994170187 0.011178311139717699 34.08261258341372 762.04339740797877
0.214818008756265 0.45601930133998392 0.3467711079865694 0.011178311139717699 34.08261258341372 762.04339740797877
0.214818008756265 0.45601930133998392 0.39043387994170187 0.0050579530591145158 34.08261258341372 762.04339740797877
0.214818008756265 0.45601930133998392 0.39043387994170187 0.011178311139717699 30.659624181687832 762.04339740797877
0.214818008756265 0.45601930133998392 0.39043387994170187 0.011178311139717699 34.08261258341372 344.79984734207392
0.074030433874577278 0.37693582661449909 0.3467711079865694 0.0050579530591145158 30.659624181687832 344.79984734207392
0.20527339177206155 0.17629120573401452 0.2951798725873232 0.0094392718179151427 23.634232657030225 966.92359773442149
0.61594543401151891 0.17629120573401452 0.2951798725873232 0.0094392718179151427 23.634232657030225 966.92359773442149
0.20527339177206155 0.41215578615665438 0.2951798725873232 0.0094392718179151427 23.634232657030225 966.92359773442149
0.20527339177206155 0.17629120573401452 0.49755705669522288 0.0094392718179151427 23.634232657030225 966.92359773442149
0.20527339177206155 0.17629120573401452 0.2951798725873232 0.0093887946642935288 23.634232657030225 966.92359773442149
0.20527339177206155 0.17629120573401452 0.2951798725873232 0.0094392718179151427 29.323076160624623 966.92359773442149
0.20527339177206155 0.17629120573401452 0.2951798725873232 0.0094392718179151427 23.634232657030225 110.94383019953966
0.61594543401151891 0.41215578615665438 0.49755705669522288 0.0093887946642935288 29.323076160624623 110.94383019953966
0.60453430791385465 0.39338478744030003 0.49394840933382511 0.01545317569486797 20.377999201416969 165.27715884149075
0.33531056884676214 0.39338478744030003 0.49394840933382511 0.01545317569486797 20.377999201416969 165.27715884149075
0.60453430791385465 0.19906643442809582 0.49394840933382511 0.01545317569486797 20.377999201416969 165.27715884149075
0.60453430791385465 0.39338478744030003 0.2552757576107979 0.01545317569486797 20.377999201416969 165.27715884149075
0.60453430791385465 0.39338478744030003 0.49394840933382511 0.018935236072726548 20.377999201416969 165.27715884149075
0.60453430791385465 0.39338478744030003 0.49394840933382511 0.01545317569486797 18.647508967667818 165.27715884149075
0.60453430791385465 0.39338478744030003 0.49394840933382511 0.01545317569486797 20.377999201416969 765.51604252308607
0.33531056884676214 0.19906643442809582 0.2552757576107979 0.018935236072726548 18.647508967667818 765.51604252308607
0.65535323065705597 0.1011376865208149 0.34868716783821585 0.018090749030187727 18.134213902056217 509.5592693425715
0.67612962322309611 0.1011376865208149 0.34868716783821585 0.018090749030187727 18.134213902056217 509.5592693425715
0.65535323065705597 0.49679013639688496 0.34868716783821585 0.018090749030187727 18.134213902056217 509.5592693425715
0.65535323065705597 0.1011376865208149 0.40819763392210007 0.018090749030187727 18.134213902056217 509.5592693425715
0.65535323065705597 0.1011376865208149 0.34868716783821585 0.0013940518768504264 18.134213902056217 509.5592693425715
0.65535323065705597 0.1011376865208149 0.34868716783821585 0.018090749030187727 24.72377398237586 509.5592693425715
0.65535323065705597 0.1011376865208149 0.34868716783821585 0.018090749030187727 18.134213902056217 550.34902580082417
0.67612962322309611 0.49679013639688496 0.40819763392210007 0.0013940518768504264 24.72377398237586 550.34902580082417
0.073281364236027005 0.31824805587530136 0.14981772936880589 0.0067802287941798565 29.87887423671782 607.91294109076262
0.2737762798555195 0.31824805587530136 0.14981772936880589 0.0067802287941798565 29.87887423671782 607.91294109076262
0.073281364236027005 0.10831626318395138 0.14981772936880589 0.0067802287941798565 29.87887423671782 607.91294109076262
0.073281364236027005 0.31824805587530136 0.23779772296547891 0.0067802287941798565 29.87887423671782 607.91294109076262
0.073281364236027005 0.31824805587530136 0.14981772936880589 0.010991405940800907 29.87887423671782 607.91294109076262
0.073281364236027005 0.31824805587530136 0.14981772936880589 0.0067802287941798565 19.437931070104241 607.91294109076262
0.073281364236027005 0.31824805587530136 0.14981772936880589 0.0067802287941798565 29.87887423671782 318.97015944123268
0.2737762798555195 0.10831626318395138 0.23779772296547891 0.010991405940800907 19.437931070104241 318.97015944123268
0.34680758579634124 0.23850393630564215 0.44204582944512372 0.013781063943728807 34.400589914992452 869.02769189327955
0.4148492339998483 0.23850393630564215 0.44204582944512372 0.013781063943728807 34.400589914992452 869.02769189327955
0.34680758579634124 0.28071426227688789 0.44204582944512372 0.013781063943728807 34.400589914992452 869.02769189327955
0.34680758579634124 0.23850393630564215 0.19327093549072744 0.013781063943728807 34.400589914992452 869.02769189327955
0.34680758579634124 0.23850393630564215 0.44204582944512372 0.015322167404927315 34.400589914992452 869.02769189327955
0.34680758579634124 0.23850393630564215 0.44204582944512372 0.013781063943728807 10.484180629253387 869.02769189327955
0.34680758579634124 0.23850393630564215 0.44204582944512372 0.013781063943728807 34.400589914992452 525.25047957897186
0.4148492339998483 0.28071426227688789 0.19327093549072744 0.015322167404927315 10.484180629253387 525.25047957897186
0.42487213052809231 0.43078519962728024 0.24083283469080927 0.0025071769831702118 9.5826347470283508 320.5062479712069
0.13389473892748355 0.43078519962728024 0.24083283469080927 0.0025071769831702118 9.5826347470283508 320.5062479712069
0.42487213052809231 0.31724033989012246 0.24083283469080927 0.0025071769831702118 9.5826347470283508 320.5062479712069
0.42487213052809231 0.43078519962728024 0.36053686849772937 0.0025071769831702118 9.5826347470283508 320.5062479712069
0.42487213052809231 0.43078519962728024 0.24083283469080927 0.0057260358884930612 9.5826347470283508 320.5062479712069
0.42487213052809231 0.43078519962728024 0.24083283469080927 0.0025071769831702118 37.310565693303943 320.5062479712069
0.42487213052809231 0.43078519962728024 0.24083283469080927 0.0025071769831702118 9.5826347470283508 798.34994040429592
0.13389473892748355 0.31724033989012246 0.36053686849772937 0.0057260358884930612 37.310565693303943 798.34994040429592
0.39047470097430043 0.16413600668311118 0.42281536869704728 0.005197143647260964 31.142798263579607 135.04255283623934
0.6397829385474324 0.16413600668311118 0.42281536869704728 0.005197143647260964 31.142798263579607 135.04255283623934
0.39047470097430043 0.46370243951678281 0.42281536869704728 0.005197143647260964 31.142798263579607 135.04255283623934
0.39047470097430043 0.16413600668311118 0.4475596278905869 0.005197143647260964 31.142798263579607 135.04255283623934
0.39047470097430043 0.16413600668311118 0.42281536869704728 0.018264798818714918 31.142798263579607 135.04255283623934
0.39047470097430043 0.16413600668311118 0.42281536869704728 0.005197143647260964 34.779700852930546 135.04255283623934
0.39047470097430043 0.16413600668311118 0.42281536869704728 0.005197143647260964 31.142798263579607 904.25925496965647
0.6397829385474324 0.46370243951678281 0.4475596278905869 0.018264798818714918 34.779700852930546 904.25925496965647
0.29718104423955077 0.35329398810863499 0.22236836515367031 0.018984708162397147 12.887801362201571 936.52122290804982
0.23015241641551254 0.35329398810863499 0.22236836515367031 0.018984708162397147 12.887801362201571 936.52122290804982
0.29718104423955077 0.12561989314854147 0.22236836515367031 0.018984708162397147 12.887801362201571 936.52122290804982
0.29718104423955077 0.35329398810863499 0.20546850487589838 0.018984708162397147 12.887801362201571 936.52122290804982
0.29718104423955077 0.35329398810863499 0.22236836515367031 0.0086615669451653964 12.887801362201571 936.52122290804982
0.29718104423955077 0.35329398810863499 0.22236836515367031 0.018984708162397147 9.3668981101363897 936.52122290804982
0.29718104423955077 0.35329398810863499 0.22236836515367031 0.018984708162397147 12.887801362201571 418.4644078835845
0.23015241641551254 0.12561989314854147 0.20546850487589838 0.0086615669451653964 9.3668981101363897 418.4644078835845
0.1225935739930719 0.27667277343571184 0.31773833781480787 0.00084636984113603834 21.395205875858665 687.85661580041051
0.41911794347688547 0.27667277343571184 0.31773833781480787 0.00084636984113603834 21.395205875858665 687.85661580041051
0.1225935739930719 0.26034624278545382 0.31773833781480787 0.00084636984113603834 21.395205875858665 687.85661580041051
0.1225935739930719 0.27667277343571184 0.1515544954687357 0.00084636984113603834 21.395205875858665 687.85661580041051
0.1225935739930719 0.27667277343571184 0.31773833781480787 0.0030920074025169017 21.395205875858665 687.85661580041051
0.1225935739930719 0.27667277343571184 0.31773833781480787 0.00084636984113603834 22.883851353079081 687.85661580041051
0.1225935739930719 0.27667277343571184 0.31773833781480787 0.00084636984113603834 21.395205875858665 199.00049399584532
0.41911794347688547 0.26034624278545382 0.1515544954687357 0.0030920074025169017 22.883851353079081 199.00049399584532
0.68943632841110225 0.49065985195338724 0.11807239055633545 0.014593223586678507 26.577824365347624 336.21017355471849
0.21213564975187182 0.49065985195338724 0.11807239055633545 0.014593223586678507 26.577824365347624 336.21017355471849
0.68943632841110225 0.34726374559104445 0.11807239055633545 0.014593223586678507 26.577824365347624 336.21017355471849
0.68943632841110225 0.49065985195338724 0.39678608439862728 0.014593223586678507 26.577824365347624 336.21017355471849
0.68943632841110225 0.49065985195338724 0.11807239055633545 0.012696461823582651 26.577824365347624 336.21017355471849
0.68943632841110225 0.49065985195338724 0.11807239055633545 0.014593223586678507 24.895789103582501 336.21017355471849
0.68943632841110225 0.49065985195338724 0.11807239055633545 0.014593223586678507 26.577824365347624 671.19974661618471
0.21213564975187182 0.34726374559104445 0.39678608439862728 0.012696461823582651 24.895789103582501 671.19974661618471
0.57775651030242436 0.20231919623911382 0.26343148201704025 0.011994609350711109 26.90987703576684 233.12900951132178
0.52000740580260751 0.20231919623911382 0.26343148201704025 0.011994609350711109 26.90987703576684 233.12900951132178
0.57775651030242436 0.24479147940874102 0.26343148201704025 0.011994609350711109 26.90987703576684 233.12900951132178
0.57775651030242436 0.20231919623911382 0.14325004778802397 0.011994609350711109 26.90987703576684 233.12900951132178
0.57775651030242436 0.20231919623911382 0.26343148201704025 0.0073813499569892888 26.90987703576684 233.12900951132178
0.57775651030242436 0.20231919623911382 0.26343148201704025 0.011994609350711109 15.999464506283402 233.12900951132178
0.57775651030242436 0.20231919623911382 0.26343148201704025 0.011994609350711109 26.90987703576684 659.60854515433311
0.52000740580260751 0.24479147940874102 0.14325004778802397 0.0073813499569892888 15.999464506283402 659.60854515433311
0.15310032605193555 0.41628644131124026 0.4630026310682297 0.0034670202480629091 17.091600952669978 781.4826712012291
0.11005725376307963 0.41628644131124026 0.4630026310682297 0.0034670202480629091 17.091600952669978 781.4826712012291
0.15310032605193555 0.35631225369870667 0.4630026310682297 0.0034670202480629091 17.091600952669978 781.4826712012291
0.15310032605193555 0.41628644131124026 0.31036244966089727 0.0034670202480629091 17.091600952669978 781.4826712012291
0.15310032605193555 0.41628644131124026 0.4630026310682297 0.016920692188479008 17.091600952669978 781.4826712012291
0.15310032605193555 0.41628644131124026 0.4630026310682297 0.0034670202480629091 28.088597815483809 781.4826712012291
0.15310032605193555 0.41628644131124026 0.4630026310682297 0.0034670202480629091 17.091600952669978 217.7315179258585
0.11005725376307963 0.35631225369870667 0.31036244966089727 0.016920692188479008 28.088597815483809 217.7315179258585
0.26667188042774792 0.13968429639935495 0.17085387818515302 0.016343570412695407 10.629025196656585 589.11097943782806
0.53802438797429197 0.13968429639935495 0.17085387818515302 0.016343570412695407 10.629025196656585 589.11097943782806
0.26667188042774792 0.42959298565983772 0.17085387818515302 0.016343570412695407 10.629025196656585 589.11097943782806
0.26667188042774792 0.13968429639935495 0.45801118239760397 0.016343570412695407 10.629025196656585 589.11097943782806
0.26667188042774792 0.13968429639935495 0.17085387818515302 0.011351212786883117 10.629025196656585 589.11097943782806
0.26667188042774792 0.13968429639935495 0.17085387818515302 0.016343570412695407 34.222752360627055 589.11097943782806
0.26667188042774792 0.13968429639935495 0.17085387818515302 0.016343570412695407 10.629025196656585 464.77112881839275
0.53802438797429197 0.42959298565983772 0.45801118239760397 0.011351212786883117 34.222752360627055 464.77112881839275
0.50215210733003912 0.32882244437932973 0.37120647095143799 0.0078554835835471758 37.373133834451437 490.58954557403922
0.330721999425441 0.32882244437932973 0.37120647095143799 0.0078554835835471758 37.373133834451437 490.58954557403922
0.50215210733003912 0.16611371077597142 0.37120647095143799 0.0078554835835471758 37.373133834451437 490.58954557403922
0.50215210733003912 0.32882244437932973 0.28778885602951054 0.0078554835835471758 37.373133834451437 490.58954557403922
0.50215210733003912 0.32882244437932973 0.37120647095143799 0.001813083882816136 37.373133834451437 490.58954557403922
0.50215210733003912 0.32882244437932973 0.37120647095143799 0.0078554835835471758 13.732726231217384 490.58954557403922
0.50215210733003912 0.32882244437932973 0.37120647095143799 0.0078554835835471758 37.373133834451437 864.8726299405098
0.330721999425441 0.16611371077597142 0.28778885602951054 0.001813083882816136 13.732726231217384 864.8726299405098
0.53507772651500995 0.12864422909915449 0.20626428313553336 0.012784394703432919 19.639310512691736 808.14700219780207
0.056039242446422582 0.12864422909915449 0.20626428313553336 0.012784394703432919 19.639310512691736 808.14700219780207
0.53507772651500995 0.4461098197847605 0.20626428313553336 0.012784394703432919 19.639310512691736 808.14700219780207
0.53507772651500995 0.12864422909915449 0.21895254179835322 0.012784394703432919 19.639310512691736 808.14700219780207
0.53507772651500995 0.12864422909915449 0.20626428313553336 0.010340874684229494 19.639310512691736 808.14700219780207
0.53507772651500995 0.12864422909915449 0.20626428313553336 0.012784394703432919 14.598450094461441 808.14700219780207
0.53507772651500995 0.12864422909915449 0.20626428313553336 0.012784394703432919 19.639310512691736 591.90637599676847
0.056039242446422582 0.4461098197847605 0.21895254179835322 0.010340874684229494 14.598450094461441 591.90637599676847
0.2741721608676016 0.33946969397366045 0.40747422613203532 0.001511942536942661 24.829138277098536 259.6805770881474
0.4888961270451545 0.33946969397366045 0.40747422613203532 0.001511942536942661 24.829138277098536 259.6805770881474
0.2741721608676016 0.15802125409245493 0.40747422613203532 0.001511942536942661 24.829138277098536 259.6805770881474
0.2741721608676016 0.33946969397366045 0.426849028468132 0.001511942536942661 24.829138277098536 259.6805770881474
0.2741721608676016 0.33946969397366045 0.40747422613203532 0.00081240895446389912 24.829138277098536 259.6805770881474
0.2741721608676016 0.33946969397366045 0.40747422613203532 0.001511942536942661 33.240012658759952 259.6805770881474
0.2741721608676016 0.33946969397366045 0.40747422613203532 0.001511942536942661 24.829138277098536 288.88279665261507
0.4888961270451545 0.15802125409245493 0.426849028468132 0.00081240895446389912 33.240012658759952 288.88279665261507
0.14526216774247586 0.21608295738697053 0.10274947062134743 0.018333014288917183 32.887707745656371 464.47669016197324
0.36302284384146327 0.21608295738697053 0.10274947062134743 0.018333014288917183 32.887707745656371 464.47669016197324
0.14526216774247586 0.23100898526608946 0.10274947062134743 0.018333014288917183 32.887707745656371 464.47669016197324
0.14526216774247586 0.21608295738697053 0.37919740937650204 0.018333014288917183 32.887707745656371 464.47669016197324
0.14526216774247586 0.21608295738697053 0.10274947062134743 0.0063807553540915253 32.887707745656371 464.47669016197324
0.14526216774247586 0.21608295738697053 0.10274947062134743 0.018333014288917183 27.193991478532553 464.47669016197324
0.14526216774247586 0.21608295738697053 0.10274947062134743 0.018333014288917183 32.887707745656371 504.39507905393839
0.36302284384146327 0.23100898526608946 0.37919740937650204 0.0063807553540915253 27.193991478532553 504.39507905393839
0.54453268609940997 0.4021281443536282 0.30161585733294488 0.0070210598489269613 14.640149112790823 562.88515273481607
0.59323072517290709 0.4021281443536282 0.30161585733294488 0.0070210598489269613 14.640149112790823 562.88515273481607
0.54453268609940997 0.36792037039995196 0.30161585733294488 0.0070210598489269613 14.640149112790823 562.88515273481607
0.54453268609940997 0.4021281443536282 0.17441660799086095 0.0070210598489269613 14.640149112790823 562.88515273481607
0.54453268609940997 0.4021281443536282 0.30161585733294488 0.01591042482238263 14.640149112790823 562.88515273481607
0.54453268609940997 0.4021281443536282 0.30161585733294488 0.0070210598489269613 17.011887768283486 562.88515273481607
0.54453268609940997 0.4021281443536282 0.30161585733294488 0.0070210598489269613 14.640149112790823 821.89313229173422
0.59323072517290709 0.36792037039995196 0.17441660799086095 0.01591042482238263 17.011887768283486 821.89313229173422
0.676604388654232 0.29083793610334396 0.45313023999333379 0.0096625032631680388 8.8729577250778675 906.01373231038451
0.26125871669501066 0.29083793610334396 0.45313023999333379 0.0096625032631680388 8.8729577250778675 906.01373231038451
0.676604388654232 0.26550906114280226 0.45313023999333379 0.0096625032631680388 8.8729577250778675 906.01373231038451
0.676604388654232 0.29083793610334396 0.31561932899057865 0.0096625032631680388 8.8729577250778675 906.01373231038451
0.676604388654232 0.29083793610334396 0.45313023999333379 0.0044020619777962568 8.8729577250778675 906.01373231038451
0.676604388654232 0.29083793610334396 0.45313023999333379 0.0096625032631680388 25.875081719830632 906.01373231038451
0.676604388654232 0.29083793610334396 0.45313023999333379 0.0096625032631680388 8.8729577250778675 943.78664903342724
0.26125871669501066 0.26550906114280226 0.31561932899057865 0.0044020619777962568 25.875081719830632 943.78664903342724
0.09452230012975632 0.47688769772648809 0.25435865148901937 0.015674972936138513 35.62450541369617 104.42229881882668
0.69380588959902523 0.47688769772648809 0.25435865148901937 0.015674972936138513 35.62450541369617 104.42229881882668
0.09452230012975632 0.32703592479228971 0.25435865148901937 0.015674972936138513 35.62450541369617 104.42229881882668
0.09452230012975632 0.47688769772648809 0.13271973095834255 0.015674972936138513 35.62450541369617 104.42229881882668
0.09452230012975632 0.47688769772648809 0.25435865148901937 0.014016170279309155 35.62450541369617 104.42229881882668
0.09452230012975632 0.47688769772648809 0.25435865148901937 0.015674972936138513 22.022032339125872 104.42229881882668
0.09452230012975632 0.47688769772648809 0.25435865148901937 0.015674972936138513 35.62450541369617 375.36087483167648
0.69380588959902523 0.32703592479228971 0.13271973095834255 0.014016170279309155 22.022032339125872 375.36087483167648
0.32491451771929858 0.15349715016782284 0.36211523897945885 0.004110862437449396 28.654957732185721 365.51132723689079
0.15692437281832097 0.15349715016782284 0.36211523897945885 0.004110862437449396 28.654957732185721 365.51132723689079
0.32491451771929858 0.46205521114170556 0.36211523897945885 0.004110862437449396 28.654957732185721 365.51132723689079
0.32491451771929858 0.15349715016782284 0.2866304636001587 0.004110862437449396 28.654957732185721 365.51132723689079
0.32491451771929858 0.15349715016782284 0.36211523897945885 0.019584445831738413 28.654957732185721 365.51132723689079
0.32491451771929858 0.15349715016782284 0.36211523897945885 0.004110862437449396 8.358809744939208 365.51132723689079
0.32491451771929858 0.15349715016782284 0.36211523897945885 0.004110862437449396 28.654957732185721 131.39401599764824
0.15692437281832097 0.46205521114170556 0.2866304636001587 0.019584445831738413 8.358809744939208 131.39401599764824
0.40300851319916542 0.36432718969881539 0.16099970676004888 0.010164042880013586 18.843891929835081 717.0447981916368
0.38682207753881809 0.36432718969881539 0.16099970676004888 0.010164042880013586 18.843891929835081 717.0447981916368
0.40300851319916542 0.14858212396502496 0.16099970676004888 0.010164042880013586 18.843891929835081 717.0447981916368
0.40300851319916542 0.36432718969881539 0.46639613732695584 0.010164042880013586 18.843891929835081 717.0447981916368
0.40300851319916542 0.36432718969881539 0.16099970676004888 0.0099715319011360413 18.843891929835081 717.0447981916368
0.40300851319916542 0.36432718969881539 0.16099970676004888 0.010164042880013586 35.671345584094524 717.0447981916368
0.40300851319916542 0.36432718969881539 0.16099970676004888 0.010164042880013586 18.843891929835081 742.47419573366642
0.38682207753881809 0.14858212396502496 0.46639613732695584 0.0099715319011360413 35.671345584094524 742.47419573366642
0.45303274579346176 0.23059420883655549 0.38077502101659777 0.017339937233924865 25.397624291479588 637.18564994633198
0.24778838763013478 0.23059420883655549 0.38077502101659777 0.017339937233924865 25.397624291479588 637.18564994633198
0.45303274579346176 0.29508114494383336 0.38077502101659777 0.017339937233924865 25.397624291479588 637.18564994633198
0.45303274579346176 0.23059420883655549 0.32920000441372399 0.017339937233924865 25.397624291479588 637.18564994633198
0.45303274579346176 0.23059420883655549 0.38077502101659777 0.016342182917706668 25.397624291479588 637.18564994633198
0.45303274579346176 0.23059420883655549 0.38077502101659777 0.017339937233924865 36.443696973845363 637.18564994633198
0.45303274579346176 0.23059420883655549 0.38077502101659777 0.017339937233924865 25.397624291479588 623.38342983275652
0.24778838763013478 0.29508114494383336 0.32920000441372399 0.016342182917706668 36.443696973845363 623.38342983275652
0.35970903052948411 0.43830058202147482 0.18042548000812531 0.0088504162007942803 22.148600334301591 538.71922148391604
0.62730566570535296 0.43830058202147482 0.18042548000812531 0.0088504162007942803 22.148600334301591 538.71922148391604
0.35970903052948411 0.30699790790677073 0.18042548000812531 0.0088504162007942803 22.148600334301591 538.71922148391604
0.35970903052948411 0.43830058202147482 0.12460933141410352 0.0088504162007942803 22.148600334301591 538.71922148391604
0.35970903052948411 0.43830058202147482 0.18042548000812531 0.0067170334067195659 22.148600334301591 538.71922148391604
0.35970903052948411 0.43830058202147482 0.18042548000812531 0.0088504162007942803 11.467607423663139 538.71922148391604
0.35970903052948411 0.43830058202147482 0.18042548000812531 0.0088504162007942803 22.148600334301591 249.60802476853132
0.62730566570535296 0.30699790790677073 0.12460933141410352 0.0067170334067195659 11.467607423663139 249.60802476853132
0.060678047034889465 0.1180333148688078 0.48507089130580427 0.011752041672915221 12.134407909587026 290.02889199182391
0.18406943306326867 0.1180333148688078 0.48507089130580427 0.011752041672915221 12.134407909587026 290.02889199182391
0.060678047034889465 0.47890761755406863 0.48507089130580427 0.011752041672915221 12.134407909587026 290.02889199182391
0.060678047034889465 0.1180333148688078 0.26913289576768873 0.011752041672915221 12.134407909587026 290.02889199182391
0.060678047034889465 0.1180333148688078 0.48507089130580427 0.0023849879523739222 12.134407909587026 290.02889199182391
0.060678047034889465 0.1180333148688078 0.48507089130580427 0.011752041672915221 20.333681369200349 290.02889199182391
0.060678047034889465 0.1180333148688078 0.48507089130580427 0.011752041672915221 12.134407909587026 480.39128985255957
0.18406943306326867 0.47890761755406863 0.26913289576768873 0.0023849879523739222 20.333681369200349 480.39128985255957
0.62753041577525437 0.30095941908657553 0.28550279401242734 0.0032258873643353585 32.322997331619263 838.43735791742802
0.44218662306666368 0.30095941908657553 0.28550279401242734 0.0032258873643353585 32.322997331619263 838.43735791742802
0.62753041577525437 0.11582433134317399 0.28550279401242734 0.0032258873643353585 32.322997331619263 838.43735791742802
0.62753041577525437 0.30095941908657553 0.47686398103833205 0.0032258873643353585 32.322997331619263 838.43735791742802
0.62753041577525437 0.30095941908657553 0.28550279401242734 0.012011331834271551 32.322997331619263 838.43735791742802
0.62753041577525437 0.30095941908657553 0.28550279401242734 0.0032258873643353585 23.7106645219028 838.43735791742802
0.62753041577525437 0.30095941908657553 0.28550279401242734 0.0032258873643353585 32.322997331619263 839.63728938251734
0.44218662306666368 0.11582433134317399 0.47686398103833205 0.012011331834271551 23.7106645219028 839.63728938251734
0.59710337747819719 0.1935760285705328 0.13389056138694289 0.00062344022486358886 36.163809441030025 735.96046203747392
0.12284941291436552 0.1935760285705328 0.13389056138694289 0.00062344022486358886 36.163809441030025 735.96046203747392
0.59710337747819719 0.41360920481383801 0.13389056138694289 0.00062344022486358886 36.163809441030025 735.96046203747392
0.59710337747819719 0.1935760285705328 0.23660959973931314 0.00062344022486358886 36.163809441030025 735.96046203747392
0.59710337747819719 0.1935760285705328 0.13389056138694289 0.008088417499139907 36.163809441030025 735.96046203747392
0.59710337747819719 0.1935760285705328 0.13389056138694289 0.00062344022486358886 17.667072389274836 735.96046203747392
0.59710337747819719 0.1935760285705328 0.13389056138694289 0.00062344022486358886 36.163809441030025 940.98550081253052
0.12284941291436552 0.41360920481383801 0.23660959973931314 0.008088417499139907 17.667072389274836 940.98550081253052
0.17243695901706813 0.37649450041353705 0.33355956040322782 0.014371728764474394 11.353293547406793 384.36903860419989
0.50205651437863708 0.37649450041353705 0.33355956040322782 0.014371728764474394 11.353293547406793 384.36903860419989
0.17243695901706813 0.17512919008731842 0.33355956040322782 0.014371728764474394 11.353293547406793 384.36903860419989
0.17243695901706813 0.37649450041353705 0.41622169464826586 0.014371728764474394 11.353293547406793 384.36903860419989
0.17243695901706813 0.37649450041353705 0.33355956040322782 0.017605850206874312 11.353293547406793 384.36903860419989
0.17243695901706813 0.37649450041353705 0.33355956040322782 0.014371728764474394 30.185581373050809 384.36903860419989
0.17243695901706813 0.37649450041353705 0.33355956040322782 0.014371728764474394 11.353293547406793 386.18290089070797
0.50205651437863708 0.17512919008731842 0.41622169464826586 0.017605850206874312 30.185581373050809 386.18290089070797
0.24795264652930199 0.25623410195112228 0.22568700462579727 0.0062131485300138591 16.367331819608808 191.91325958818197
0.307968240045011 0.25623410195112228 0.22568700462579727 0.0062131485300138591 16.367331819608808 191.91325958818197
0.24795264652930199 0.21083742268383504 0.22568700462579727 0.0062131485300138591 16.367331819608808 191.91325958818197
0.24795264652930199 0.25623410195112228 0.36543290130794048 0.0062131485300138591 16.367331819608808 191.91325958818197
0.24795264652930199 0.25623410195112228 0.22568700462579727 0.013273875599727036 16.367331819608808 191.91325958818197
0.24795264652930199 0.25623410195112228 0.22568700462579727 0.0062131485300138591 31.668857403099537 191.91325958818197
0.24795264652930199 0.25623410195112228 0.22568700462579727 0.0062131485300138591 16.367331819608808 183.85421223938465
0.307968240045011 0.21083742268383504 0.36543290130794048 0.013273875599727036 31.668857403099537 183.85421223938465
0.48346231207251544 0.46393284276127822 0.42613705992698669 0.01999927884116769 28.119202211499214 993.44672048464417
0.56577571835368867 0.46393284276127822 0.42613705992698669 0.01999927884116769 28.119202211499214 993.44672048464417
0.48346231207251544 0.39735745713114745 0.42613705992698669 0.01999927884116769 28.119202211499214 993.44672048464417
0.48346231207251544 0.46393284276127822 0.18271084018051625 0.01999927884116769 28.119202211499214 993.44672048464417
0.48346231207251544 0.46393284276127822 0.42613705992698669 0.0037576466305181389 28.119202211499214 993.44672048464417
0.48346231207251544 0.46393284276127822 0.42613705992698669 0.01999927884116769 12.551212629303336 993.44672048464417
0.48346231207251544 0.46393284276127822 0.42613705992698669 0.01999927884116769 28.119202211499214 696.05733826756477
0.56577571835368867 0.39735745713114745 0.18271084018051625 0.0037576466305181389 12.551212629303336 696.05733826756477
0.49126494061201803 0.18334810733795168 0.32093065828084943 0.010692371810413898 8.9577144403010607 853.5771663300693
0.37277622395195059 0.18334810733795168 0.32093065828084943 0.010692371810413898 8.9577144403010607 853.5771663300693
0.49126494061201803 0.30327335298061375 0.32093065828084943 0.010692371810413898 8.9577144403010607 853.5771663300693
0.49126494061201803 0.18334810733795168 0.43547933511435988 0.010692371810413898 8.9577144403010607 853.5771663300693
0.49126494061201803 0.18334810733795168 0.32093065828084943 0.014124752406775952 8.9577144403010607 853.5771663300693
0.49126494061201803 0.18334810733795168 0.32093065828084943 0.010692371810413898 19.903470242395997 853.5771663300693
0.49126494061201803 0.18334810733795168 0.32093065828084943 0.010692371810413898 8.9577144403010607 234.76028880104423
0.37277622395195059 0.30327335298061375 0.43547933511435988 0.014124752406775952 19.903470242395997 234.76028880104423
0.23927460978738962 0.39726805612444882 0.12138375341892244 0.0043704517170786855 34.823833137750626 277.09906287491322
0.58229711526073513 0.39726805612444882 0.12138375341892244 0.0043704517170786855 34.823833137750626 277.09906287491322
0.23927460978738962 0.29175337962806225 0.12138375341892244 0.0043704517170786855 34.823833137750626 277.09906287491322
0.23927460978738962 0.39726805612444882 0.21833004839718342 0.0043704517170786855 34.823833137750626 277.09906287491322
0.23927460978738962 0.39726805612444882 0.12138375341892244 0.0039897687906399375 34.823833137750626 277.09906287491322
0.23927460978738962 0.39726805612444882 0.12138375341892244 0.0043704517170786855 24.258238386362791 277.09906287491322
0.23927460978738962 0.39726805612444882 0.12138375341892244 0.0043704517170786855 34.823833137750626 634.4496819190681
0.58229711526073513 0.29175337962806225 0.21833004839718342 0.0039897687906399375 24.258238386362791 634.4496819190681
0.19033640576526523 0.27076328210532663 0.41350959055125713 0.016243939317949117 30.39670354872942 523.96248616278172
0.065782590536400676 0.27076328210532663 0.41350959055125713 0.016243939317949117 30.39670354872942 523.96248616278172
0.19033640576526523 0.11915548965334893 0.41350959055125713 0.016243939317949117 30.39670354872942 523.96248616278172
0.19033640576526523 0.27076328210532663 0.16285677030682566 0.016243939317949117 30.39670354872942 523.96248616278172
0.19033640576526523 0.27076328210532663 0.41350959055125713 0.0095578177131712457 30.39670354872942 523.96248616278172
0.19033640576526523 0.27076328210532663 0.41350959055125713 0.016243939317949117 37.775191126391292 523.96248616278172
0.19033640576526523 0.27076328210532663 0.41350959055125713 0.016243939317949117 30.39670354872942 882.99989951774478
0.065782590536400676 0.11915548965334893 0.16285677030682566 0.0095578177131712457 37.775191126391292 882.99989951774478
0.57816998609341674 0.45995177812874322 0.21318162940442564 0.0098814598120749008 17.825435960665345 650.6092737428844
0.47795264008454974 0.45995177812874322 0.21318162940442564 0.0098814598120749008 17.825435960665345 650.6092737428844
0.57816998609341674 0.48263546712696559 0.21318162940442564 0.0098814598120749008 17.825435960665345 650.6092737428844
0.57816998609341674 0.45995177812874322 0.3831400588154793 0.0098814598120749008 17.825435960665345 650.6092737428844
0.57816998609341674 0.45995177812874322 0.21318162940442564 0.019693995773978533 17.825435960665345 650.6092737428844
0.57816998609341674 0.45995177812874322 0.21318162940442564 0.0098814598120749008 10.019558772444725 650.6092737428844
0.57816998609341674 0.45995177812874322 0.21318162940442564 0.0098814598120749008 17.825435960665345 440.71103250607848
0.47795264008454974 0.48263546712696559 0.3831400588154793 0.019693995773978533 10.019558772444725 440.71103250607848
0.62899294779635961 0.24550896249711515 0.16782101802527905 0.0075701048910617828 20.662372337654233 980.44780101627111
0.16754300077445805 0.24550896249711515 0.16782101802527905 0.0075701048910617828 20.662372337654233 980.44780101627111
0.62899294779635961 0.18510697558522227 0.16782101802527905 0.0075701048910617828 20.662372337654233 980.44780101627111
0.62899294779635961 0.24550896249711515 0.13033948391675951 0.0075701048910617828 20.662372337654233 980.44780101627111
0.62899294779635961 0.24550896249711515 0.16782101802527905 0.00029687550384551288 20.662372337654233 980.44780101627111
0.62899294779635961 0.24550896249711515 0.16782101802527905 0.0075701048910617828 31.125179894268513 980.44780101627111
0.62899294779635961 0.24550896249711515 0.16782101802527905 0.0075701048910617828 20.662372337654233 429.56053139641881
0.16754300077445805 0.18510697558522227 0.13033948391675951 0.00029687550384551288 31.125179894268513 429.56053139641881
0.05834531774744392 0.43471424020826821 0.36824377737939362 0.01853325806800276 23.090168043971062 207.09469253197312
0.37738367696292691 0.43471424020826821 0.36824377737939362 0.01853325806800276 23.090168043971062 207.09469253197312
0.05834531774744392 0.42319022454321387 0.36824377737939362 0.01853325806800276 23.090168043971062 207.09469253197312
0.05834531774744392 0.43471424020826821 0.32249176278710368 0.01853325806800276 23.090168043971062 207.09469253197312
0.05834531774744392 0.43471424020826821 0.36824377737939362 0.010541974032670261 23.090168043971062 207.09469253197312
0.05834531774744392 0.43471424020826821 0.36824377737939362 0.01853325806800276 12.977992316707969 207.09469253197312
0.05834531774744392 0.43471424020826821 0.36824377737939362 0.01853325806800276 23.090168043971062 901.29279801622033
0.37738367696292691 0.42319022454321387 0.32249176278710368 0.010541974032670261 12.977992316707969 901.29279801622033
0.37126822578720742 0.10819192081689835 0.27289976030588148 0.0020215586237609389 33.692985765635967 397.7510311640799
0.27188738151453434 0.10819192081689835 0.27289976030588148 0.0020215586237609389 33.692985765635967 397.7510311640799
0.37126822578720742 0.38777952939271931 0.27289976030588148 0.0020215586237609389 33.692985765635967 397.7510311640799
0.37126822578720742 0.10819192081689835 0.47170584388077264 0.0020215586237609389 33.692985765635967 397.7510311640799
0.37126822578720742 0.10819192081689835 0.27289976030588148 0.016109942814148962 33.692985765635967 397.7510311640799
0.37126822578720742 0.10819192081689835 0.27289976030588148 0.0020215586237609389 19.112147364765406 397.7510311640799
0.37126822578720742 0.10819192081689835 0.27289976030588148 0.0020215586237609389 33.692985765635967 681.19715685024858
0.27188738151453434 0.38777952939271931 0.47170584388077264 0.016109942814148962 19.112147364765406 681.19715685024858
0.44044450689107173 0.322128651291132 0.47254107594490058 0.013024062717147173 14.558168092742562 721.27282377332449
0.68437737091444428 0.322128651291132 0.47254107594490058 0.013024062717147173 14.558168092742562 721.27282377332449
0.44044450689107173 0.20086282752454282 0.47254107594490058 0.013024062717147173 14.558168092742562 721.27282377332449
0.44044450689107173 0.322128651291132 0.27643794529139998 0.013024062717147173 14.558168092742562 721.27282377332449
0.44044450689107173 0.322128651291132 0.47254107594490058 0.0058660479500889781 14.558168092742562 721.27282377332449
0.44044450689107173 0.322128651291132 0.47254107594490058 0.013024062717147173 28.858441339805722 721.27282377332449
0.44044450689107173 0.322128651291132 0.47254107594490058 0.013024062717147173 14.558168092742562 194.93548469617963
0.68437737091444428 0.20086282752454282 0.27643794529139998 0.0058660479500889781 28.858441339805722 194.93548469617963
0.40667905830778178 0.28216774873435502 0.29192651696503163 0.019421986678056419 37.888273840770125 578.02598373964429
0.17341101723723112 0.28216774873435502 0.29192651696503163 0.019421986678056419 37.888273840770125 578.02598373964429
0.40667905830778178 0.15508394539356232 0.29192651696503163 0.019421986678056419 37.888273840770125 578.02598373964429
0.40667905830778178 0.28216774873435502 0.11273119151592255 0.019421986678056419 37.888273840770125 578.02598373964429
0.40667905830778178 0.28216774873435502 0.29192651696503163 0.018114819024689494 37.888273840770125 578.02598373964429
0.40667905830778178 0.28216774873435502 0.29192651696503163 0.019421986678056419 28.554153081029654 578.02598373964429
0.40667905830778178 0.28216774873435502 0.29192651696503163 0.019421986678056419 37.888273840770125 301.72147927805781
0.17341101723723112 0.15508394539356232 0.11273119151592255 0.018114819024689494 28.554153081029654 301.72147927805781
0.322273054998368 0.49923080988228319 0.49082015193998818 0.0059831487800925971 10.315497901290655 451.54787693172693
0.45150604504160574 0.49923080988228319 0.49082015193998818 0.0059831487800925971 10.315497901290655 451.54787693172693
0.322273054998368 0.44355711750686166 0.49082015193998818 0.0059831487800925971 10.315497901290655 451.54787693172693
0.322273054998368 0.49923080988228319 0.33307033106684686 0.0059831487800925971 10.315497901290655 451.54787693172693
0.322273054998368 0.49923080988228319 0.49082015193998818 0.0078831597410142437 10.315497901290655 451.54787693172693
0.322273054998368 0.49923080988228319 0.49082015193998818 0.0059831487800925971 15.533912817016244 451.54787693172693
0.322273054998368 0.49923080988228319 0.49082015193998818 0.0059831487800925971 10.315497901290655 575.28792610391974
0.45150604504160574 0.44355711750686166 0.33307033106684686 0.0078831597410142437 15.533912817016244 575.28792610391974
0.10828950847499072 0.16958177089691162 0.19856614246964455 0.013832351396046581 16.463876787573099 244.92485765367746
0.23712016739882524 0.16958177089691162 0.19856614246964455 0.013832351396046581 16.463876787573099 244.92485765367746
0.10828950847499072 0.37047627493739133 0.19856614246964455 0.013832351396046581 16.463876787573099 244.92485765367746
0.10828950847499072 0.16958177089691162 0.48542165197432041 0.013832351396046581 16.463876787573099 244.92485765367746
0.10828950847499072 0.16958177089691162 0.19856614246964455 0.003551411763764918 16.463876787573099 244.92485765367746
0.10828950847499072 0.16958177089691162 0.19856614246964455 0.013832351396046581 14.197364181280136 244.92485765367746
0.10828950847499072 0.16958177089691162 0.19856614246964455 0.013832351396046581 16.463876787573099 780.4421610198915
0.23712016739882524 0.37047627493739133 0.48542165197432041 0.003551411763764918 14.197364181280136 780.4421610198915
0.66370741631835695 0.36191339418292046 0.39980372115969665 0.00035552095957100394 27.328714339062572 821.57164858654141
0.63661512830294664 0.36191339418292046 0.39980372115969665 0.00035552095957100394 27.328714339062572 821.57164858654141
0.66370741631835695 0.23394939787685873 0.39980372115969665 0.00035552095957100394 27.328714339062572 821.57164858654141
0.66370741631835695 0.36191339418292046 0.2681924130767584 0.00035552095957100394 27.328714339062572 821.57164858654141
0.66370741631835695 0.36191339418292046 0.39980372115969665 0.013784274712204935 27.328714339062572 821.57164858654141
0.66370741631835695 0.36191339418292046 0.39980372115969665 0.00035552095957100394 33.75811798684299 821.57164858654141
0.66370741631835695 0.36191339418292046 0.39980372115969665 0.00035552095957100394 27.328714339062572 549.530119728297
0.63661512830294664 0.23394939787685873 0.2681924130767584 0.013784274712204935 33.75811798684299 549.530119728297
0.55202911887317896 0.14512739330530167 0.4450664825737477 0.0027052605312317614 26.183562746271491 704.04688790440559
0.29833399592898785 0.14512739330530167 0.4450664825737477 0.0027052605312317614 26.183562746271491 704.04688790440559
0.55202911887317896 0.33622644022107129 0.4450664825737477 0.0027052605312317614 26.183562746271491 704.04688790440559
0.55202911887317896 0.14512739330530167 0.42184977494180209 0.0027052605312317614 26.183562746271491 704.04688790440559
0.55202911887317896 0.14512739330530167 0.4450664825737477 0.0066126178026199344 26.183562746271491 704.04688790440559
0.55202911887317896 0.14512739330530167 0.4450664825737477 0.0027052605312317614 9.8324377294629812 704.04688790440559
0.55202911887317896 0.14512739330530167 0.4450664825737477 0.0027052605312317614 26.183562746271491 333.92320731654763
0.29833399592898785 0.33622644022107129 0.42184977494180209 0.0066126178026199344 9.8324377294629812 333.92320731654763
0.1387996408622712 0.33743917718529703 0.24392980560660363 0.011504081512801351 22.049337785691023 380.69378947839141
0.5767489635851234 0.33743917718529703 0.24392980560660363 0.011504081512801351 22.049337785691023 380.69378947839141
0.1387996408622712 0.27431504167616372 0.24392980560660363 0.011504081512801351 22.049337785691023 380.69378947839141
0.1387996408622712 0.33743917718529703 0.22648933269083502 0.011504081512801351 22.049337785691023 380.69378947839141
0.1387996408622712 0.33743917718529703 0.24392980560660363 0.016761032623983919 22.049337785691023 380.69378947839141
0.1387996408622712 0.33743917718529703 0.24392980560660363 0.011504081512801351 34.314164809882641 380.69378947839141
0.1387996408622712 0.33743917718529703 0.24392980560660363 0.011504081512801351 22.049337785691023 988.90752764418721
0.5767489635851234 0.27431504167616372 0.22648933269083502 0.016761032623983919 34.314164809882641 988.90752764418721
0.29176541185006494 0.2078107412904501 0.33920668251812458 0.0082930830691009764 13.167654026299715 117.80532067641616
0.11322496836073696 0.2078107412904501 0.33920668251812458 0.0082930830691009764 13.167654026299715 117.80532067641616
0.29176541185006494 0.13977942615747452 0.33920668251812458 0.0082930830691009764 13.167654026299715 117.80532067641616
0.29176541185006494 0.2078107412904501 0.18040330037474633 0.0082930830691009764 13.167654026299715 117.80532067641616
0.29176541185006494 0.2078107412904501 0.33920668251812458 0.0124293647877872 13.167654026299715 117.80532067641616
0.29176541185006494 0.2078107412904501 0.33920668251812458 0.0082930830691009764 25.360414983704686 117.80532067641616
0.29176541185006494 0.2078107412904501 0.33920668251812458 0.0082930830691009764 13.167654026299715 755.29871629551053
0.11322496836073696 0.13977942615747452 0.18040330037474633 0.0124293647877872 25.360414983704686 755.29871629551053
0.51835984499193721 0.42485396303236489 0.14041356183588505 0.017128688093088568 30.595815462991595 891.32710322737694
0.51303971414454275 0.42485396303236489 0.14041356183588505 0.017128688093088568 30.595815462991595 891.32710322737694
0.51835984499193721 0.45286807678639895 0.14041356183588505 0.017128688093088568 30.595815462991595 891.32710322737694
0.51835984499193721 0.42485396303236489 0.37262325286865239 0.017128688093088568 30.595815462991595 891.32710322737694
0.51835984499193721 0.42485396303236489 0.14041356183588505 0.0022821444110944869 30.595815462991595 891.32710322737694
0.51835984499193721 0.42485396303236489 0.14041356183588505 0.017128688093088568 22.419229049235582 891.32710322737694
0.51835984499193721 0.42485396303236489 0.14041356183588505 0.017128688093088568 30.595815462991595 114.78886986151338
0.51303971414454275 0.45286807678639895 0.37262325286865239 0.0022821444110944869 22.419229049235582 114.78886986151338
0.51062141121365123 0.22470255419611931 0.4754729133099318 0.0022640507705509664 18.446937372907996 350.96562476828694
0.60528705692850049 0.22470255419611931 0.4754729133099318 0.0022640507705509664 18.446937372907996 350.96562476828694
0.51062141121365123 0.13441981934010983 0.4754729133099318 0.0022640507705509664 18.446937372907996 350.96562476828694
0.51062141121365123 0.22470255419611931 0.34133846089243891 0.0022640507705509664 18.446937372907996 350.96562476828694
0.51062141121365123 0.22470255419611931 0.4754729133099318 0.011119310212507845 18.446937372907996 350.96562476828694
0.51062141121365123 0.22470255419611931 0.4754729133099318 0.0022640507705509664 21.556480649858713 350.96562476828694
0.51062141121365123 0.22470255419611931 0.4754729133099318 0.0022640507705509664 18.446937372907996 403.43126421794295
0.60528705692850049 0.13441981934010983 0.34133846089243891 0.011119310212507845 21.556480649858713 403.43126421794295
0.2586016393266618 0.40757371783256535 0.27582854591310024 0.013265271131880583 29.31898520514369 674.43255949765444
0.34463002956472333 0.40757371783256535 0.27582854591310024 0.013265271131880583 29.31898520514369 674.43255949765444
0.2586016393266618 0.4728990092873574 0.27582854591310024 0.013265271131880583 29.31898520514369 674.43255949765444
0.2586016393266618 0.40757371783256535 0.11168962419033052 0.013265271131880583 29.31898520514369 674.43255949765444
0.2586016393266618 0.40757371783256535 0.27582854591310024 0.00096243595536798241 29.31898520514369 674.43255949765444
0.2586016393266618 0.40757371783256535 0.27582854591310024 0.013265271131880583 26.340636985376477 674.43255949765444
0.2586016393266618 0.40757371783256535 0.27582854591310024 0.013265271131880583 29.31898520514369 916.04649825021625
0.34463002956472333 0.4728990092873574 0.11168962419033052 0.00096243595536798241 26.340636985376477 916.04649825021625
0.17162677529267967 0.1372153777629137 0.38367512971162798 0.0065738136008381843 35.901550699025393 921.38012368232012
0.46539542344398788 0.1372153777629137 0.38367512971162798 0.0065738136008381843 35.901550699025393 921.38012368232012
0.17162677529267967 0.33807045854628087 0.38367512971162798 0.0065738136008381843 35.901550699025393 921.38012368232012
0.17162677529267967 0.1372153777629137 0.2577789213508368 0.0065738136008381843 35.901550699025393 921.38012368232012
0.17162677529267967 0.1372153777629137 0.38367512971162798 0.0052929707895964387 35.901550699025393 921.38012368232012
0.17162677529267967 0.1372153777629137 0.38367512971162798 0.0065738136008381843 35.206711210310459 921.38012368232012
0.17162677529267967 0.1372153777629137 0.38367512971162798 0.0065738136008381843 35.901550699025393 713.9650153927505
0.46539542344398788 0.33807045854628087 0.2577789213508368 0.0052929707895964387 35.206711210310459 713.9650153927505
0.55947058741003275 0.34496447853744028 0.18324931859970095 0.017538249919749796 8.3362138103693724 147.97195615246892
0.083339857729151839 0.34496447853744028 0.18324931859970095 0.017538249919749796 8.3362138103693724 147.97195615246892
0.55947058741003275 0.25154969766736035 0.18324931859970095 0.017538249919749796 8.3362138103693724 147.97195615246892
0.55947058741003275 0.34496447853744028 0.49056170620024209 0.017538249919749796 8.3362138103693724 147.97195615246892
0.55947058741003275 0.34496447853744028 0.18324931859970095 0.015451067668013277 8.3362138103693724 147.97195615246892
0.55947058741003275 0.34496447853744028 0.18324931859970095 0.017538249919749796 8.8234476950019598 147.97195615246892
0.55947058741003275 0.34496447853744028 0.18324931859970095 0.017538249919749796 8.3362138103693724 159.57425525411963
0.083339857729151839 0.25154969766736035 0.49056170620024209 0.015451067668013277 8.8234476950019598 159.57425525411963
0.69154076930135489 0.16206486262381078 0.23486308306455614 0.015228009966202083 15.150657838210464 477.20625549554825
0.40521495114080602 0.16206486262381078 0.23486308306455614 0.015228009966202083 15.150657838210464 477.20625549554825
0.69154076930135489 0.35376560576260097 0.23486308306455614 0.015228009966202083 15.150657838210464 477.20625549554825
0.69154076930135489 0.16206486262381078 0.24948028661310673 0.015228009966202083 15.150657838210464 477.20625549554825
0.69154076930135489 0.16206486262381078 0.23486308306455614 0.0045617498664185406 15.150657838210464 477.20625549554825
0.69154076930135489 0.16206486262381078 0.23486308306455614 0.015228009966202083 32.774476615712047 477.20625549554825
0.69154076930135489 0.16206486262381078 0.23486308306455614 0.015228009966202083 15.150657838210464 260.48434125259519
0.40521495114080602 0.35376560576260097 0.24948028661310673 0.0045617498664185406 32.774476615712047 260.48434125259519
0.1208835273515433 0.36981854401528835 0.4351879924535752 0.0088668136022984987 32.586257543414831 603.79819860681891
0.14486794541589915 0.36981854401528835 0.4351879924535752 0.0088668136022984987 32.586257543414831 603.79819860681891
0.1208835273515433 0.24184811636805537 0.4351879924535752 0.0088668136022984987 32.586257543414831 603.79819860681891
0.1208835273515433 0.36981854401528835 0.40413225851953027 0.0088668136022984987 32.586257543414831 603.79819860681891
0.1208835273515433 0.36981854401528835 0.4351879924535752 0.014784949640557172 32.586257543414831 603.79819860681891
0.1208835273515433 0.36981854401528835 0.4351879924535752 0.0088668136022984987 15.063989713788033 603.79819860681891
0.1208835273515433 0.36981854401528835 0.4351879924535752 0.0088668136022984987 32.586257543414831 620.19732678309083
0.14486794541589915 0.24184811636805537 0.40413225851953027 0.014784949640557172 15.063989713788033 620.19732678309083
0.30934247551485894 0.29945485964417462 0.13056548945605756 0.010915225895680489 24.196897272020578 794.48031326755881
0.66650521741248658 0.29945485964417462 0.13056548945605756 0.010915225895680489 24.196897272020578 794.48031326755881
0.30934247551485894 0.16906027607619761 0.13056548945605756 0.010915225895680489 24.196897272020578 794.48031326755881
0.30934247551485894 0.29945485964417462 0.35178381204605103 0.010915225895680489 24.196897272020578 794.48031326755881
0.30934247551485894 0.29945485964417462 0.13056548945605756 0.019115413627587258 24.196897272020578 794.48031326755881
0.30934247551485894 0.29945485964417462 0.13056548945605756 0.010915225895680489 16.547265464439988 794.48031326755881
0.30934247551485894 0.29945485964417462 0.13056548945605756 0.010915225895680489 24.196897272020578 849.85450664535165
0.66650521741248658 0.16906027607619761 0.35178381204605103 0.019115413627587258 16.547265464439988 849.85450664535165
0.37854881756938991 0.48233060389757154 0.3301093425601721 0.004592022070288658 20.069881586357951 217.94713735580444
0.28475951836444435 0.48233060389757154 0.3301093425601721 0.004592022070288658 20.069881586357951 217.94713735580444
0.37854881756938991 0.43214273750782017 0.3301093425601721 0.004592022070288658 20.069881586357951 217.94713735580444
0.37854881756938991 0.48233060389757154 0.19401617869734766 0.004592022070288658 20.069881586357951 217.94713735580444
0.37854881756938991 0.48233060389757154 0.3301093425601721 0.0088934271071106213 20.069881586357951 217.94713735580444
0.37854881756938991 0.48233060389757154 0.3301093425601721 0.004592022070288658 27.658617358654737 217.94713735580444
0.37854881756938991 0.48233060389757154 0.3301093425601721 0.004592022070288658 20.069881586357951 476.54592664912343
0.28475951836444435 0.43214273750782017 0.19401617869734766 0.0088934271071106213 27.658617358654737 476.54592664912343
0.42793982941657299 0.12196560092270375 0.11248172596096993 0.0080508933413773794 28.391727136448026 180.0333040766418
0.42887128484435372 0.12196560092270375 0.11248172596096993 0.0080508933413773794 28.391727136448026 180.0333040766418
0.42793982941657299 0.38652299903333187 0.11248172596096993 0.0080508933413773794 28.391727136448026 180.0333040766418
0.42793982941657299 0.12196560092270375 0.20765331871807577 0.0080508933413773794 28.391727136448026 180.0333040766418
0.42793982941657299 0.12196560092270375 0.11248172596096993 0.017410319979302584 28.391727136448026 180.0333040766418
0.42793982941657299 0.12196560092270375 0.11248172596096993 0.0080508933413773794 29.72004577703774 180.0333040766418
0.42793982941657299 0.12196560092270375 0.11248172596096993 0.0080508933413773794 28.391727136448026 358.33200169727206
0.42887128484435372 0.38652299903333187 0.20765331871807577 0.017410319979302584 29.72004577703774 358.33200169727206
0.3435043777804821 0.30796806626021866 0.31127789840102194 0.016887781507335605 15.827669605612755 953.50024215877056
0.20120200109668074 0.30796806626021866 0.31127789840102194 0.016887781507335605 15.827669605612755 953.50024215877056
0.3435043777804821 0.22499686032533647 0.31127789840102194 0.016887781507335605 15.827669605612755 953.50024215877056
0.3435043777804821 0.30796806626021866 0.44049200229346752 0.016887781507335605 15.827669605612755 953.50024215877056
0.3435043777804821 0.30796806626021866 0.31127789840102194 0.007195433815941215 15.827669605612755 953.50024215877056
0.3435043777804821 0.30796806626021866 0.31127789840102194 0.016887781507335605 18.132611561566591 953.50024215877056
0.3435043777804821 0.30796806626021866 0.31127789840102194 0.016887781507335605 15.827669605612755 968.94519543275237
0.20120200109668074 0.22499686032533647 0.44049200229346752 0.007195433815941215 18.132611561566591 968.94519543275237
0.086406053509563208 0.23447728678584101 0.20349845178425313 0.0037018542405217888 10.951704077422619 746.90299890935421
0.64952632538042954 0.23447728678584101 0.20349845178425313 0.0037018542405217888 10.951704077422619 746.90299890935421
0.086406053509563208 0.18909789361059667 0.20349845178425313 0.0037018542405217888 10.951704077422619 746.90299890935421
0.086406053509563208 0.23447728678584101 0.39128075391054151 0.0037018542405217888 10.951704077422619 746.90299890935421
0.086406053509563208 0.23447728678584101 0.20349845178425313 0.0016261810442432763 10.951704077422619 746.90299890935421
0.086406053509563208 0.23447728678584101 0.20349845178425313 0.0037018542405217888 12.086590772494674 746.90299890935421
0.086406053509563208 0.23447728678584101 0.20349845178425313 0.0037018542405217888 10.951704077422619 724.34660932049155
0.64952632538042954 0.18909789361059667 0.39128075391054151 0.0016261810442432763 12.086590772494674 724.34660932049155
0.64183418587781482 0.44535767436027529 0.40463818050920963 0.012499391490034761 36.825262049213052 423.49482802674174
0.21920896819792685 0.44535767436027529 0.40463818050920963 0.012499391490034761 36.825262049213052 423.49482802674174
0.64183418587781482 0.40257180407643323 0.40463818050920963 0.012499391490034761 36.825262049213052 423.49482802674174
0.64183418587781482 0.44535767436027529 0.16155201271176339 0.012499391490034761 36.825262049213052 423.49482802674174
0.64183418587781482 0.44535767436027529 0.40463818050920963 0.011842280461266638 36.825262049213052 423.49482802674174
0.64183418587781482 0.44535767436027529 0.40463818050920963 0.012499391490034761 32.133482836186886 423.49482802674174
0.64183418587781482 0.44535767436027529 0.40463818050920963 0.012499391490034761 36.825262049213052 155.45401005074382
0.21920896819792685 0.40257180407643323 0.16155201271176339 0.011842280461266638 32.133482836186886 155.45401005074382
0.6114031086210161 0.26011450663208963 0.35312226600944996 0.014847978918813171 31.687952579930425 307.12366532534361
0.5486430546734482 0.26011450663208963 0.35312226600944996 0.014847978918813171 31.687952579930425 307.12366532534361
0.6114031086210161 0.10498234517872335 0.35312226600944996 0.014847978918813171 31.687952579930425 307.12366532534361
0.6114031086210161 0.26011450663208963 0.30192771926522255 0.014847978918813171 31.687952579930425 307.12366532534361
0.6114031086210161 0.26011450663208963 0.35312226600944996 0.0085378022003918894 31.687952579930425 307.12366532534361
0.6114031086210161 0.26011450663208963 0.35312226600944996 0.014847978918813171 11.002055287361145 307.12366532534361
0.6114031086210161 0.26011450663208963 0.35312226600944996 0.014847978918813171 31.687952579930425 277.78656417503953
0.5486430546734482 0.10498234517872335 0.30192771926522255 0.0085378022003918894 11.002055287361145 277.78656417503953
0.19816402597352861 0.47098726779222488 0.15188773907721043 0.0013698647502809764 12.560572952032089 883.71559837833047
0.32128363759256895 0.47098726779222488 0.15188773907721043 0.0013698647502809764 12.560572952032089 883.71559837833047
0.19816402597352861 0.4930717341601849 0.15188773907721043 0.0013698647502809764 12.560572952032089 883.71559837833047
0.19816402597352861 0.47098726779222488 0.14406758993864061 0.0013698647502809764 12.560572952032089 883.71559837833047
0.19816402597352861 0.47098726779222488 0.15188773907721043 0.018702998255752026 12.560572952032089 883.71559837833047
0.19816402597352861 0.47098726779222488 0.15188773907721043 0.0013698647502809764 36.909252686426044 883.71559837833047
0.19816402597352861 0.47098726779222488 0.15188773907721043 0.0013698647502809764 12.560572952032089 594.87250940874219
0.32128363759256895 0.4930717341601849 0.14406758993864061 0.018702998255752026 36.909252686426044 594.87250940874219
0.23174395482055843 0.19750487841665745 0.45663841739296918 0.019198830763809384 22.656419642269611 620.9112704731524
0.53063603187911212 0.19750487841665745 0.45663841739296918 0.019198830763809384 22.656419642269611 620.9112704731524
0.23174395482055843 0.32096213512122629 0.45663841739296918 0.019198830763809384 22.656419642269611 620.9112704731524
0.23174395482055843 0.19750487841665745 0.29954407922923565 0.019198830763809384 22.656419642269611 620.9112704731524
0.23174395482055843 0.19750487841665745 0.45663841739296918 0.013133816331252457 22.656419642269611 620.9112704731524
0.23174395482055843 0.19750487841665745 0.45663841739296918 0.019198830763809384 23.246029701083899 620.9112704731524
0.23174395482055843 0.19750487841665745 0.45663841739296918 0.019198830763809384 22.656419642269611 811.89539851620793
0.53063603187911212 0.32096213512122629 0.29954407922923565 0.013133816331252457 23.246029701083899 811.89539851620793
0.4583684561774134 0.38349971733987331 0.25774783417582514 0.0057612760078161957 25.091424847021699 494.37810461968184
0.10062869633547961 0.38349971733987331 0.25774783417582514 0.0057612760078161957 25.091424847021699 494.37810461968184
0.4583684561774134 0.28405147492885591 0.25774783417582514 0.0057612760078161957 25.091424847021699 494.37810461968184
0.4583684561774134 0.38349971733987331 0.45426377244293692 0.0057612760078161957 25.091424847021699 494.37810461968184
0.4583684561774134 0.38349971733987331 0.25774783417582514 0.0029698428971692923 25.091424847021699 494.37810461968184
0.4583684561774134 0.38349971733987331 0.25774783417582514 0.0057612760078161957 20.798319766297936 494.37810461968184
0.4583684561774134 0.38349971733987331 0.25774783417582514 0.0057612760078161957 25.091424847021699 508.45997938886285
0.10062869633547961 0.28405147492885591 0.45426377244293692 0.0029698428971692923 20.798319766297936 508.45997938886285
0.46116932099685065 0.20367130488157273 0.36025150530040262 0.017703491716086865 20.253201100975275 896.03567337617278
0.65752145345322788 0.20367130488157273 0.36025150530040262 0.017703491716086865 20.253201100975275 896.03567337617278
0.46116932099685065 0.21191611774265767 0.36025150530040262 0.017703491716086865 20.253201100975275 896.03567337617278
0.46116932099685065 0.20367130488157273 0.35155537240207202 0.017703491716086865 20.253201100975275 896.03567337617278
0.46116932099685065 0.20367130488157273 0.36025150530040262 0.0096625816892832537 20.253201100975275 896.03567337617278
0.46116932099685065 0.20367130488157273 0.36025150530040262 0.017703491716086865 17.92358217947185 896.03567337617278
0.46116932099685065 0.20367130488157273 0.36025150530040262 0.017703491716086865 20.253201100975275 327.53739319741726
0.65752145345322788 0.21191611774265767 0.35155537240207202 0.0096625816892832537 17.92358217947185 327.53739319741726
0.22946173311211165 0.41453946307301526 0.15979842208325865 0.006391650498844683 23.500852046534419 122.57224395871162
0.21756274099461731 0.41453946307301526 0.15979842208325865 0.006391650498844683 23.500852046534419 122.57224395871162
0.22946173311211165 0.39844226762652402 0.15979842208325865 0.006391650498844683 23.500852046534419 122.57224395871162
0.22946173311211165 0.41453946307301526 0.1967837292701006 0.006391650498844683 23.500852046534419 122.57224395871162
0.22946173311211165 0.41453946307301526 0.15979842208325865 0.01989802231770009 23.500852046534419 122.57224395871162
0.22946173311211165 0.41453946307301526 0.15979842208325865 0.006391650498844683 29.973249018192291 122.57224395871162
0.22946173311211165 0.41453946307301526 0.15979842208325865 0.006391650498844683 23.500852046534419 996.17224633693695
0.21756274099461731 0.39844226762652402 0.1967837292701006 0.01989802231770009 29.973249018192291 996.17224633693695
0.2007666790857911 0.14106205962598325 0.45517400354146964 0.013390030816942455 34.219770526513457 369.55456957221031
0.43194611729122689 0.14106205962598325 0.45517400354146964 0.013390030816942455 34.219770526513457 369.55456957221031
0.2007666790857911 0.4155912201851607 0.45517400354146964 0.013390030816942455 34.219770526513457 369.55456957221031
0.2007666790857911 0.14106205962598325 0.2475604571402073 0.013390030816942455 34.219770526513457 369.55456957221031
0.2007666790857911 0.14106205962598325 0.45517400354146964 0.014328783744946123 34.219770526513457 369.55456957221031
0.2007666790857911 0.14106205962598325 0.45517400354146964 0.013390030816942455 32.276594528928399 369.55456957221031
0.2007666790857911 0.14106205962598325 0.45517400354146964 0.013390030816942455 34.219770526513457 748.03401604294777
0.43194611729122689 0.4155912201851607 0.2475604571402073 0.014328783744946123 32.276594528928399 748.03401604294777
0.60892268004827199 0.32705229260027413 0.25550197660923002 0.0021175405161455276 14.029806192964315 692.966044601053
0.19431980014778671 0.32705229260027413 0.25550197660923002 0.0021175405161455276 14.029806192964315 692.966044601053
0.60892268004827199 0.17711732089519502 0.25550197660923002 0.0021175405161455276 14.029806192964315 692.966044601053
0.60892268004827199 0.32705229260027413 0.40546610206365585 0.0021175405161455276 14.029806192964315 692.966044601053
0.60892268004827199 0.32705229260027413 0.25550197660923002 0.0040945657378062611 14.029806192964315 692.966044601053
0.60892268004827199 0.32705229260027413 0.25550197660923002 0.0021175405161455276 11.752820398658514 692.966044601053
0.60892268004827199 0.32705229260027413 0.25550197660923002 0.0021175405161455276 14.029806192964315 121.1746621876955
0.19431980014778671 0.17711732089519502 0.40546610206365585 0.0040945657378062611 11.752820398658514 121.1746621876955
0.63951001758687198 0.16590844504535199 0.10086115747690201 0.0047379683131352065 9.486333329230547 825.15411172062159
0.53259971938095985 0.16590844504535199 0.10086115747690201 0.0047379683131352065 9.486333329230547 825.15411172062159
0.63951001758687198 0.48095677159726624 0.10086115747690201 0.0047379683131352065 9.486333329230547 825.15411172062159
0.63951001758687198 0.16590844504535199 0.25801334530115128 0.0047379683131352065 9.486333329230547 825.15411172062159
0.63951001758687198 0.16590844504535199 0.10086115747690201 0.01621531509514898 9.486333329230547 825.15411172062159
0.63951001758687198 0.16590844504535199 0.10086115747690201 0.0047379683131352065 36.641521204262972 825.15411172062159
0.63951001758687198 0.16590844504535199 0.10086115747690201 0.0047379683131352065 9.486333329230547 308.54669790714979
0.53259971938095985 0.48095677159726624 0.25801334530115128 0.01621531509514898 36.641521204262972 308.54669790714979
0.089164966903626908 0.35191546566784382 0.30043838620185853 0.010791034942865372 34.297306371852756 248.5656906850636
0.092316107964143163 0.35191546566784382 0.30043838620185853 0.010791034942865372 34.297306371852756 248.5656906850636
0.089164966903626908 0.11786739379167557 0.30043838620185853 0.010791034942865372 34.297306371852756 248.5656906850636
0.089164966903626908 0.35191546566784382 0.48778817132115371 0.010791034942865372 34.297306371852756 248.5656906850636
0.089164966903626908 0.35191546566784382 0.30043838620185853 0.0060706723246723411 34.297306371852756 248.5656906850636
0.089164966903626908 0.35191546566784382 0.30043838620185853 0.010791034942865372 11.196773799136281 248.5656906850636
0.089164966903626908 0.35191546566784382 0.30043838620185853 0.010791034942865372 34.297306371852756 567.58379954844713
0.092316107964143163 0.11786739379167557 0.48778817132115371 0.0060706723246723411 11.196773799136281 567.58379954844713
0.3410610335413366 0.27842051088809971 0.20828384570777417 0.0090496164681389945 29.985704442486167 439.33749841526151
0.55584256094880402 0.27842051088809971 0.20828384570777417 0.0090496164681389945 29.985704442486167 439.33749841526151
0.3410610335413366 0.29622697867453096 0.20828384570777417 0.0090496164681389945 29.985704442486167 439.33749841526151
0.3410610335413366 0.27842051088809971 0.34325225837528706 0.0090496164681389945 29.985704442486167 439.33749841526151
0.3410610335413366 0.27842051088809971 0.20828384570777417 0.0005015139667317272 29.985704442486167 439.33749841526151
0.3410610335413366 0.27842051088809971 0.20828384570777417 0.0090496164681389945 21.117320500314236 439.33749841526151
0.3410610335413366 0.27842051088809971 0.20828384570777417 0.0090496164681389945 29.985704442486167 788.14635965973139
0.55584256094880402 0.29622697867453096 0.34325225837528706 0.0005015139667317272 21.117320500314236 788.14635965973139
0.43057957170531147 0.48930545672774317 0.40864251814782626 0.015062123685330154 18.23429287597537 565.87396506220102
0.31789149981923398 0.48930545672774317 0.40864251814782626 0.015062123685330154 18.23429287597537 565.87396506220102
0.43057957170531147 0.30813765004277227 0.40864251814782626 0.015062123685330154 18.23429287597537 565.87396506220102
0.43057957170531147 0.48930545672774317 0.11036181263625622 0.015062123685330154 18.23429287597537 565.87396506220102
0.43057957170531147 0.48930545672774317 0.40864251814782626 0.010647369990870358 18.23429287597537 565.87396506220102
0.43057957170531147 0.48930545672774317 0.40864251814782626 0.015062123685330154 23.087933009490371 565.87396506220102
0.43057957170531147 0.48930545672774317 0.40864251814782626 0.015062123685330154 18.23429287597537 542.70482566207647
0.31789149981923398 0.30813765004277227 0.11036181263625622 0.010647369990870358 23.087933009490371 542.70482566207647
0.37594859558157617 0.10561594031751156 0.22695240154862406 0.01237217966578901 26.709831573069096 732.10647637024522
0.45815469459630542 0.10561594031751156 0.22695240154862406 0.01237217966578901 26.709831573069096 732.10647637024522
0.37594859558157617 0.46089430935680864 0.22695240154862406 0.01237217966578901 26.709831573069096 732.10647637024522
0.37594859558157617 0.10561594031751156 0.29755770564079287 0.01237217966578901 26.709831573069096 732.10647637024522
0.37594859558157617 0.10561594031751156 0.22695240154862406 0.0034440701445564632 26.709831573069096 732.10647637024522
0.37594859558157617 0.10561594031751156 0.22695240154862406 0.01237217966578901 26.556297793984413 732.10647637024522
0.37594859558157617 0.10561594031751156 0.22695240154862406 0.01237217966578901 26.709831573069096 435.9188511967659
0.45815469459630542 0.46089430935680864 0.29755770564079287 0.0034440701445564632 26.556297793984413 435.9188511967659
0.3118253352120518 0.31337722279131414 0.42805875465273857 0.0038459873704239731 21.521377379074693 408.64305701106787
0.086770738521590826 0.31337722279131414 0.42805875465273857 0.0038459873704239731 21.521377379074693 408.64305701106787
0.3118253352120518 0.14741510674357416 0.42805875465273857 0.0038459873704239731 21.521377379074693 408.64305701106787
0.3118253352120518 0.31337722279131414 0.45527353510260582 0.0038459873704239731 21.521377379074693 408.64305701106787
0.3118253352120518 0.31337722279131414 0.42805875465273857 0.013582825811579826 21.521377379074693 408.64305701106787
0.3118253352120518 0.31337722279131414 0.42805875465273857 0.0038459873704239731 21.297103075310588 408.64305701106787
0.3118253352120518 0.31337722279131414 0.42805875465273857 0.0038459873704239731 21.521377379074693 894.05557028949261
0.086770738521590826 0.14741510674357416 0.45527353510260582 0.013582825811579826 21.297103075310588 894.05557028949261
0.11808509365655481 0.2430055543780327 0.13281134553253651 0.016724916835501789 12.758083196356893 202.13550683110952
0.60328276674263182 0.2430055543780327 0.13281134553253651 0.016724916835501789 12.758083196356893 202.13550683110952
0.11808509365655481 0.2634936671704054 0.13281134553253651 0.016724916835501789 12.758083196356893 202.13550683110952
0.11808509365655481 0.2430055543780327 0.30137486197054386 0.016724916835501789 12.758083196356893 202.13550683110952
0.11808509365655481 0.2430055543780327 0.13281134553253651 0.017913346446864306 12.758083196356893 202.13550683110952
0.11808509365655481 0.2430055543780327 0.13281134553253651 0.016724916835501789 8.6883534602820873 202.13550683110952
0.11808509365655481 0.2430055543780327 0.13281134553253651 0.016724916835501789 12.758083196356893 688.43441642820835
0.60328276674263182 0.2634936671704054 0.30137486197054386 0.017913346446864306 8.6883534602820873 688.43441642820835
0.69382542213425036 0.42588890269398694 0.3315737549215555 0.0082355085825547587 31.007013499736786 975.54697180166841
0.35298074106685812 0.42588890269398694 0.3315737549215555 0.0082355085825547587 31.007013499736786 975.54697180166841
0.69382542213425036 0.32501441538333897 0.3315737549215555 0.0082355085825547587 31.007013499736786 975.54697180166841
0.69382542213425036 0.42588890269398694 0.14676893316209316 0.0082355085825547587 31.007013499736786 975.54697180166841
0.69382542213425036 0.42588890269398694 0.3315737549215555 0.0077758040335029364 31.007013499736786 975.54697180166841
0.69382542213425036 0.42588890269398694 0.3315737549215555 0.0082355085825547587 35.532006138935685 975.54697180166841
0.69382542213425036 0.42588890269398694 0.3315737549215555 0.0082355085825547587 31.007013499736786 188.57712969183922
0.35298074106685812 0.32501441538333897 0.14676893316209316 0.0077758040335029364 35.532006138935685 188.57712969183922
0.56191150052472949 0.26865188181400301 0.48631242401897912 0.0055760918868705631 37.476875029504299 662.12957687675953
0.66339164194650946 0.26865188181400301 0.48631242401897912 0.0055760918868705631 37.476875029504299 662.12957687675953
0.56191150052472949 0.2290485229343176 0.48631242401897912 0.0055760918868705631 37.476875029504299 662.12957687675953
0.56191150052472949 0.26865188181400301 0.39327335022389887 0.0055760918868705631 37.476875029504299 662.12957687675953
0.56191150052472949 0.26865188181400301 0.48631242401897912 0.012321414863690736 37.476875029504299 662.12957687675953
0.56191150052472949 0.26865188181400301 0.48631242401897912 0.0055760918868705631 15.338364915922284 662.12957687675953
0.56191150052472949 0.26865188181400301 0.48631242401897912 0.0055760918868705631 37.476875029504299 227.96245384961367
0.66339164194650946 0.2290485229343176 0.39327335022389887 0.012321414863690736 15.338364915922284 227.96245384961367
0.16898460187949238 0.45151539668440821 0.28744911290705205 0.019362259594723583 10.724868962541223 535.54115248844028
0.29168294188566501 0.45151539668440821 0.28744911290705205 0.019362259594723583 10.724868962541223 535.54115248844028
0.16898460187949238 0.36596599966287613 0.28744911290705205 0.019362259594723583 10.724868962541223 535.54115248844028
0.16898460187949238 0.45151539668440821 0.16053602732717992 0.019362259594723583 10.724868962541223 535.54115248844028
0.16898460187949238 0.45151539668440821 0.28744911290705205 0.0020800976796075702 10.724868962541223 535.54115248844028
0.16898460187949238 0.45151539668440821 0.28744911290705205 0.019362259594723583 32.573572818189859 535.54115248844028
0.16898460187949238 0.45151539668440821 0.28744911290705205 0.019362259594723583 10.724868962541223 642.12642144411802
0.29168294188566501 0.36596599966287613 0.16053602732717992 0.0020800976796075702 32.573572818189859 642.12642144411802
0.26092337649315595 0.18116432540118696 0.3796707935631275 0.0012263759573921563 16.991979854181409 272.77158601209521
0.39718169993720942 0.18116432540118696 0.3796707935631275 0.0012263759573921563 16.991979854181409 272.77158601209521
0.26092337649315595 0.44500384964048867 0.3796707935631275 0.0012263759573921563 16.991979854181409 272.77158601209521
0.26092337649315595 0.18116432540118696 0.20820000097155572 0.0012263759573921563 16.991979854181409 272.77158601209521
0.26092337649315595 0.18116432540118696 0.3796707935631275 0.0064105381000787017 16.991979854181409 272.77158601209521
0.26092337649315595 0.18116432540118696 0.3796707935631275 0.0012263759573921563 27.347620895132422 272.77158601209521
0.26092337649315595 0.18116432540118696 0.3796707935631275 0.0012263759573921563 16.991979854181409 875.3232454881072
0.39718169993720942 0.44500384964048867 0.20820000097155572 0.0064105381000787017 27.347620895132422 875.3232454881072
0.50786006669513872 0.38890577442944052 0.17846392616629603 0.014974551126733423 26.802588954567909 849.308056011796
0.14655477530322969 0.38890577442944052 0.17846392616629603 0.014974551126733423 26.802588954567909 849.308056011796
0.50786006669513872 0.1569213755428791 0.17846392616629603 0.014974551126733423 26.802588954567909 849.308056011796
0.50786006669513872 0.38890577442944052 0.43779683411121373 0.014974551126733423 26.802588954567909 849.308056011796
0.50786006669513872 0.38890577442944052 0.17846392616629603 0.016653077905438841 26.802588954567909 849.308056011796
0.50786006669513872 0.38890577442944052 0.17846392616629603 0.014974551126733423 16.696900345385075 849.308056011796
0.50786006669513872 0.38890577442944052 0.17846392616629603 0.014974551126733423 26.802588954567909 447.50877860933542
0.14655477530322969 0.1569213755428791 0.43779683411121373 0.016653077905438841 16.696900345385075 447.50877860933542
0.52048380146734408 0.18867808654904367 0.44321077615022664 0.010044926445372405 14.741029284894466 505.48641541972756
0.24019469474442301 0.18867808654904367 0.44321077615022664 0.010044926445372405 14.741029284894466 505.48641541972756
0.52048380146734408 0.43085516765713694 0.44321077615022664 0.010044926445372405 14.741029284894466 505.48641541972756
0.52048380146734408 0.18867808654904367 0.46913372501730921 0.010044926445372405 14.741029284894466 505.48641541972756
0.52048380146734408 0.18867808654904367 0.44321077615022664 0.0054196161128580575 14.741029284894466 505.48641541972756
0.52048380146734408 0.18867808654904367 0.44321077615022664 0.010044926445372405 15.801879160106182 505.48641541972756
0.52048380146734408 0.18867808654904367 0.44321077615022664 0.010044926445372405 14.741029284894466 270.98873592913151
0.24019469474442301 0.43085516765713694 0.46913372501730921 0.0054196161128580575 15.801879160106182 270.98873592913151
0.28880628179758783 0.38099747747182844 0.24285515546798708 0.01605871739462018 32.997398862615228 631.96809124201536
0.6297307625878602 0.38099747747182844 0.24285515546798708 0.01605871739462018 32.997398862615228 631.96809124201536
0.28880628179758783 0.16738200820982457 0.24285515546798708 0.01605871739462018 32.997398862615228 631.96809124201536
0.28880628179758783 0.38099747747182844 0.27686157822608948 0.01605871739462018 32.997398862615228 631.96809124201536
0.28880628179758783 0.38099747747182844 0.24285515546798708 0.015633137923665344 32.997398862615228 631.96809124201536
0.28880628179758783 0.38099747747182844 0.24285515546798708 0.01605871739462018 28.359657919034362 631.96809124201536
0.28880628179758783 0.38099747747182844 0.24285515546798708 0.01605871739462018 32.997398862615228 602.54924222826958
0.6297307625878602 0.16738200820982457 0.27686157822608948 0.015633137923665344 28.359657919034362 602.54924222826958
0.14080473133362831 0.25136181451380257 0.3475069385021925 0.0044970617273822431 24.723222928121686 879.03107088059187
0.18140398054383694 0.25136181451380257 0.3475069385021925 0.0044970617273822431 24.723222928121686 879.03107088059187
0.14080473133362831 0.24671284109354019 0.3475069385021925 0.0044970617273822431 24.723222928121686 879.03107088059187
0.14080473133362831 0.25136181451380257 0.1292008813470602 0.0044970617273822431 24.723222928121686 879.03107088059187
0.14080473133362831 0.25136181451380257 0.3475069385021925 0.011301413439214231 24.723222928121686 879.03107088059187
0.14080473133362831 0.25136181451380257 0.3475069385021925 0.0044970617273822431 33.438881833106279 879.03107088059187
0.14080473133362831 0.25136181451380257 0.3475069385021925 0.0044970617273822431 24.723222928121686 804.21873778104782
0.18140398054383694 0.24671284109354019 0.1292008813470602 0.011301413439214231 33.438881833106279 804.21873778104782
0.54895112765952936 0.46841264627873902 0.1479327615350485 0.010548845215141775 19.541978791356087 302.3876310326159
0.44985951273702079 0.46841264627873902 0.1479327615350485 0.010548845215141775 19.541978791356087 302.3876310326159
0.54895112765952936 0.35823973082005978 0.1479327615350485 0.010548845215141775 19.541978791356087 302.3876310326159
0.54895112765952936 0.46841264627873902 0.32460697628557683 0.010548845215141775 19.541978791356087 302.3876310326159
0.54895112765952936 0.46841264627873902 0.1479327615350485 0.0010890860730782153 19.541978791356087 302.3876310326159
0.54895112765952936 0.46841264627873902 0.1479327615350485 0.010548845215141775 14.355238975957036 302.3876310326159
0.54895112765952936 0.46841264627873902 0.1479327615350485 0.010548845215141775 19.541978791356087 515.25773219764233
0.44985951273702079 0.35823973082005978 0.32460697628557683 0.0010890860730782153 14.355238975957036 515.25773219764233
0.66079062512144437 0.22611669786274435 0.29632061831653123 0.013168158044666053 18.975098051130772 435.72924248874187
0.12042663940228521 0.22611669786274435 0.29632061831653123 0.013168158044666053 18.975098051130772 435.72924248874187
0.66079062512144437 0.26221267282962801 0.29632061831653123 0.013168158044666053 18.975098051130772 435.72924248874187
0.66079062512144437 0.22611669786274435 0.1654351118952036 0.013168158044666053 18.975098051130772 435.72924248874187
0.66079062512144437 0.22611669786274435 0.29632061831653123 0.019242656781710686 18.975098051130772 435.72924248874187
0.66079062512144437 0.22611669786274435 0.29632061831653123 0.013168158044666053 34.52341709472239 435.72924248874187
0.66079062512144437 0.22611669786274435 0.29632061831653123 0.013168158044666053 18.975098051130772 364.69032820314169
0.12042663940228521 0.26221267282962801 0.1654351118952036 0.019242656781710686 34.52341709472239 364.69032820314169
0.11045579896308481 0.44317210428416731 0.49599569700658319 0.0018943846018984916 28.792916649952531 759.08591328188777
0.50964788147248319 0.44317210428416731 0.49599569700658319 0.0018943846018984916 28.792916649952531 759.08591328188777
0.11045579896308481 0.34912408404052259 0.49599569700658319 0.0018943846018984916 28.792916649952531 759.08591328188777
0.11045579896308481 0.44317210428416731 0.38271020315587523 0.0018943846018984916 28.792916649952531 759.08591328188777
0.11045579896308481 0.44317210428416731 0.49599569700658319 0.0090761056676507013 28.792916649952531 759.08591328188777
0.11045579896308481 0.44317210428416731 0.49599569700658319 0.0018943846018984916 9.5794689022004604 759.08591328188777
0.11045579896308481 0.44317210428416731 0.49599569700658319 0.0018943846018984916 28.792916649952531 961.70796100050211
0.50964788147248319 0.34912408404052259 0.38271020315587523 0.0090761056676507013 9.5794689022004604 961.70796100050211
0.31915774215012782 0.11353110298514367 0.18811659067869188 0.018717835506796836 35.490095170214772 949.88687662407756
0.30029798853211098 0.11353110298514367 0.18811659067869188 0.018717835506796836 35.490095170214772 949.88687662407756
0.31915774215012782 0.46490968987345693 0.18811659067869188 0.018717835506796836 35.490095170214772 949.88687662407756
0.31915774215012782 0.11353110298514367 0.43661176264286039 0.018717835506796836 35.490095170214772 949.88687662407756
0.31915774215012782 0.11353110298514367 0.18811659067869188 0.0047444521041586996 35.490095170214772 949.88687662407756
0.31915774215012782 0.11353110298514367 0.18811659067869188 0.018717835506796836 22.275895012542605 949.88687662407756
0.31915774215012782 0.11353110298514367 0.18811659067869188 0.018717835506796836 35.490095170214772 731.58386219292879
0.30029798853211098 0.46490968987345693 0.43661176264286039 0.0047444521041586996 22.275895012542605 731.58386219292879
0.40864683198742563 0.30585506856441502 0.38857272565364842 0.0074072780216112733 8.7455271482467651 176.36844180524349
0.5684385399799794 0.30585506856441502 0.38857272565364842 0.0074072780216112733 8.7455271482467651 176.36844180524349
0.40864683198742563 0.12682105191051962 0.38857272565364842 0.0074072780216112733 8.7455271482467651 176.36844180524349
0.40864683198742563 0.30585506856441502 0.216221009939909 0.0074072780216112733 8.7455271482467651 176.36844180524349
0.40864683198742563 0.30585506856441502 0.38857272565364842 0.014912206882983448 8.7455271482467651 176.36844180524349
0.40864683198742563 0.30585506856441502 0.38857272565364842 0.0074072780216112733 25.693949490785599 176.36844180524349
0.40864683198742563 0.30585506856441502 0.38857272565364842 0.0074072780216112733 8.7455271482467651 149.09566175192595
0.5684385399799794 0.12682105191051962 0.216221009939909 0.014912206882983448 25.693949490785599 149.09566175192595
0.43843690780922762 0.28906613923609259 0.16889566667377948 0.00023136780913919213 32.21467961743474 222.93036570772529
0.063779854914173484 0.28906613923609259 0.16889566667377948 0.00023136780913919213 32.21467961743474 222.93036570772529
0.43843690780922762 0.27954077199101446 0.16889566667377948 0.00023136780913919213 32.21467961743474 222.93036570772529
0.43843690780922762 0.28906613923609259 0.17919810600578787 0.00023136780913919213 32.21467961743474 222.93036570772529
0.43843690780922762 0.28906613923609259 0.16889566667377948 0.0015021133640781047 32.21467961743474 222.93036570772529
0.43843690780922762 0.28906613923609259 0.16889566667377948 0.00023136780913919213 23.984098156914115 222.93036570772529
0.43843690780922762 0.28906613923609259 0.16889566667377948 0.00023136780913919213 32.21467961743474 267.30955317616463
0.063779854914173484 0.27954077199101446 0.17919810600578787 0.0015021133640781047 23.984098156914115 267.30955317616463
0.37434370839036996 0.47826681993901732 0.37009948231279854 0.013978259836509825 12.032154334709048 799.41203147172928
0.48630428626202038 0.47826681993901732 0.37009948231279854 0.013978259836509825 12.032154334709048 799.41203147172928
0.37434370839036996 0.31606073416769509 0.37009948231279854 0.013978259836509825 12.032154334709048 799.41203147172928
0.37434370839036996 0.47826681993901732 0.37441443316638467 0.013978259836509825 12.032154334709048 799.41203147172928
0.37434370839036996 0.47826681993901732 0.37009948231279854 0.011657632562518122 12.032154334709048 799.41203147172928
0.37434370839036996 0.47826681993901732 0.37009948231279854 0.013978259836509825 20.10459727793932 799.41203147172928
0.37434370839036996 0.47826681993901732 0.37009948231279854 0.013978259836509825 12.032154334709048 612.49320693314075
0.48630428626202038 0.31606073416769509 0.37441443316638467 0.011657632562518122 20.10459727793932 612.49320693314075
0.056218852661550051 0.15174871757626535 0.26538056209683419 0.0058173003016039728 22.247305234894156 592.93363690376282
0.36553642977960404 0.15174871757626535 0.26538056209683419 0.0058173003016039728 22.247305234894156 592.93363690376282
0.056218852661550051 0.49490863829851151 0.26538056209683419 0.0058173003016039728 22.247305234894156 592.93363690376282
0.056218852661550051 0.15174871757626535 0.41895319074392323 0.0058173003016039728 22.247305234894156 592.93363690376282
0.056218852661550051 0.15174871757626535 0.26538056209683419 0.017225657992251217 22.247305234894156 592.93363690376282
0.056218852661550051 0.15174871757626535 0.26538056209683419 0.0058173003016039728 10.330319928005338 592.93363690376282
0.056218852661550051 0.15174871757626535 0.26538056209683419 0.0058173003016039728 22.247305234894156 857.55871199071407
0.36553642977960404 0.49490863829851151 0.41895319074392323 0.017225657992251217 10.330319928005338 857.55871199071407
0.63194956923834977 0.36568084806203849 0.46424082145094869 0.019604751741513611 25.502166461199522 466.29020711407065
0.58572955061681564 0.36568084806203849 0.46424082145094869 0.019604751741513611 25.502166461199522 466.29020711407065
0.63194956923834977 0.10642864964902402 0.46424082145094869 0.019604751741513611 25.502166461199522 466.29020711407065
0.63194956923834977 0.36568084806203849 0.22684680595993997 0.019604751741513611 25.502166461199522 466.29020711407065
0.63194956923834977 0.36568084806203849 0.46424082145094869 0.0070713424585759641 25.502166461199522 466.29020711407065
0.63194956923834977 0.36568084806203849 0.46424082145094869 0.019604751741513611 37.625334236770868 466.29020711407065
0.63194956923834977 0.36568084806203849 0.46424082145094869 0.019604751741513611 25.502166461199522 469.72062587738037
0.58572955061681564 0.10642864964902402 0.22684680595993997 0.0070713424585759641 37.625334236770868 469.72062587738037
0.58128780755214393 0.12729133591055872 0.31575511470437051 0.016946487188711761 27.980785641819239 152.26853061467409
0.26385319563560183 0.12729133591055872 0.31575511470437051 0.016946487188711761 27.980785641819239 152.26853061467409
0.58128780755214393 0.41020714938640601 0.31575511470437051 0.016946487188711761 27.980785641819239 152.26853061467409
0.58128780755214393 0.12729133591055872 0.48663283064961438 0.016946487188711761 27.980785641819239 152.26853061467409
0.58128780755214393 0.12729133591055872 0.31575511470437051 0.013009150820225478 27.980785641819239 152.26853061467409
0.58128780755214393 0.12729133591055872 0.31575511470437051 0.016946487188711761 12.762554299086332 152.26853061467409
0.58128780755214393 0.12729133591055872 0.31575511470437051 0.016946487188711761 27.980785641819239 397.04544339329004
0.26385319563560183 0.41020714938640601 0.48663283064961438 0.013009150820225478 12.762554299086332 397.04544339329004
0.18837114069610833 0.3412158340215683 0.11698965355753899 0.0084583626678213491 16.236583350226283 925.62520476058125
0.68606264623813329 0.3412158340215683 0.11698965355753899 0.0084583626678213491 16.236583350226283 925.62520476058125
0.18837114069610833 0.19712388925254345 0.11698965355753899 0.0084583626678213491 16.236583350226283 925.62520476058125
0.18837114069610833 0.3412158340215683 0.26639524847269058 0.0084583626678213491 16.236583350226283 925.62520476058125
0.18837114069610833 0.3412158340215683 0.11698965355753899 0.0027845866935327654 16.236583350226283 925.62520476058125
0.18837114069610833 0.3412158340215683 0.11698965355753899 0.0084583626678213491 31.384791994467378 925.62520476058125
0.18837114069610833 0.3412158340215683 0.11698965355753899 0.0084583626678213491 16.236583350226283 923.31122364848852
0.68606264623813329 0.19712388925254345 0.26639524847269058 0.0027845866935327654 31.384791994467378 923.31122364848852
0.24219390959478915 0.21470612771809103 0.42474058456718922 0.011357533456012607 11.480266248807311 662.93629230931401
0.16442787074483928 0.21470612771809103 0.42474058456718922 0.011357533456012607 11.480266248807311 662.93629230931401
0.24219390959478915 0.21378459855914117 0.42474058456718922 0.011357533456012607 11.480266248807311 662.93629230931401
0.24219390959478915 0.21470612771809103 0.11562174372375011 0.011357533456012607 11.480266248807311 662.93629230931401
0.24219390959478915 0.21470612771809103 0.42474058456718922 0.0083525412023067493 11.480266248807311 662.93629230931401
0.24219390959478915 0.21470612771809103 0.42474058456718922 0.011357533456012607 28.993313118815422 662.93629230931401
0.24219390959478915 0.21470612771809103 0.42474058456718922 0.011357533456012607 11.480266248807311 706.70032184571028
0.16442787074483928 0.21378459855914117 0.11562174372375011 0.0083525412023067493 28.993313118815422 706.70032184571028
0.48910115873441096 0.40389917604625225 0.2236311797052622 0.002830058018676937 36.298677559942007 339.41785413771868
0.38430616580881172 0.40389917604625225 0.2236311797052622 0.002830058018676937 36.298677559942007 339.41785413771868
0.48910115873441096 0.37570128925144675 0.2236311797052622 0.002830058018676937 36.298677559942007 339.41785413771868
0.48910115873441096 0.40389917604625225 0.33271888978779318 0.002830058018676937 36.298677559942007 339.41785413771868
0.48910115873441096 0.40389917604625225 0.2236311797052622 0.018578299773670735 36.298677559942007 339.41785413771868
0.48910115873441096 0.40389917604625225 0.2236311797052622 0.002830058018676937 18.786616681143641 339.41785413771868
0.48910115873441096 0.40389917604625225 0.2236311797052622 0.002830058018676937 36.298677559942007 165.96004087477922
0.38430616580881172 0.37570128925144675 0.33271888978779318 0.018578299773670735 18.786616681143641 165.96004087477922
0.48558564865961662 0.14963282383978369 0.12930124290287495 0.0071863416973501444 17.723069062456489 481.04699105024338
0.19114984329789875 0.14963282383978369 0.12930124290287495 0.0071863416973501444 17.723069062456489 481.04699105024338
0.48558564865961662 0.31897973828017712 0.12930124290287495 0.0071863416973501444 17.723069062456489 481.04699105024338
0.48558564865961662 0.14963282383978369 0.28541942946612836 0.0071863416973501444 17.723069062456489 481.04699105024338
0.48558564865961662 0.14963282383978369 0.12930124290287495 0.0092034912537783398 17.723069062456489 481.04699105024338
0.48558564865961662 0.14963282383978369 0.12930124290287495 0.0071863416973501444 11.66873417980969 481.04699105024338
0.48558564865961662 0.14963282383978369 0.12930124290287495 0.0071863416973501444 17.723069062456489 652.34385328367352
0.19114984329789875 0.31897973828017712 0.28541942946612836 0.0092034912537783398 11.66873417980969 652.34385328367352
0.24499289658851919 0.3325466986745596 0.32818879820406438 0.018150815855525436 30.288499157875776 579.5100717805326
0.43891358133405439 0.3325466986745596 0.32818879820406438 0.018150815855525436 30.288499157875776 579.5100717805326
0.24499289658851919 0.28206296265125275 0.32818879820406438 0.018150815855525436 30.288499157875776 579.5100717805326
0.24499289658851919 0.3325466986745596 0.46819306202232835 0.018150815855525436 30.288499157875776 579.5100717805326
0.24499289658851919 0.3325466986745596 0.32818879820406438 0.018810504472069441 30.288499157875776 579.5100717805326
0.24499289658851919 0.3325466986745596 0.32818879820406438 0.018150815855525436 36.169557247310877 579.5100717805326
0.24499289658851919 0.3325466986745596 0.32818879820406438 0.018150815855525436 30.288499157875776 224.11730522289872
0.43891358133405439 0.28206296265125275 0.46819306202232835 0.018810504472069441 36.169557247310877 224.11730522289872
0.17444142960011957 0.21229128018021584 0.23594114854931833 0.00163673725835979 34.928489077836275 784.27228173241019
0.24995051687583325 0.21229128018021584 0.23594114854931833 0.00163673725835979 34.928489077836275 784.27228173241019
0.17444142960011957 0.10390326865017414 0.23594114854931833 0.00163673725835979 34.928489077836275 784.27228173241019
0.17444142960011957 0.21229128018021584 0.31272901669144632 0.00163673725835979 34.928489077836275 784.27228173241019
0.17444142960011957 0.21229128018021584 0.23594114854931833 0.014478473216667773 34.928489077836275 784.27228173241019
0.17444142960011957 0.21229128018021584 0.23594114854931833 0.00163673725835979 23.560807129368186 784.27228173241019
0.17444142960011957 0.21229128018021584 0.23594114854931833 0.00163673725835979 34.928489077836275 458.38530967012048
0.24995051687583325 0.10390326865017414 0.31272901669144632 0.014478473216667773 23.560807129368186 458.38530967012048
0.59402476637624202 0.41998542100191116 0.43717264756560326 0.012637844691984357 9.0563055705279112 235.86024343967438
0.61879463559016579 0.41998542100191116 0.43717264756560326 0.012637844691984357 9.0563055705279112 235.86024343967438
0.59402476637624202 0.49198654219508176 0.43717264756560326 0.012637844691984357 9.0563055705279112 235.86024343967438
0.59402476637624202 0.41998542100191116 0.13307102769613266 0.012637844691984357 9.0563055705279112 235.86024343967438
0.59402476637624202 0.41998542100191116 0.43717264756560326 0.0048726637369021775 9.0563055705279112 235.86024343967438
0.59402476637624202 0.41998542100191116 0.43717264756560326 0.012637844691984357 20.644442804157734 235.86024343967438
0.59402476637624202 0.41998542100191116 0.43717264756560326 0.012637844691984357 9.0563055705279112 872.13735701516271
0.61879463559016579 0.49198654219508176 0.13307102769613266 0.0048726637369021775 20.644442804157734 872.13735701516271
0.62461300469003611 0.28703705593943596 0.38243551030755041 0.010309948480688037 14.427533393725753 326.03591354563832
0.31092413142323488 0.28703705593943596 0.38243551030755041 0.010309948480688037 14.427533393725753 326.03591354563832
0.62461300469003611 0.18795167841017246 0.38243551030755041 0.010309948480688037 14.427533393725753 326.03591354563832
0.62461300469003611 0.28703705593943596 0.38040245920419691 0.010309948480688037 14.427533393725753 326.03591354563832
0.62461300469003611 0.28703705593943596 0.38243551030755041 0.015137472299300136 14.427533393725753 326.03591354563832
0.62461300469003611 0.28703705593943596 0.38243551030755041 0.010309948480688037 30.445193752646446 326.03591354563832
0.62461300469003611 0.28703705593943596 0.38243551030755041 0.010309948480688037 14.427533393725753 911.96346199139953
0.31092413142323488 0.18795167841017246 0.38040245920419691 0.015137472299300136 30.445193752646446 911.96346199139953
0.062843717634677887 0.49474797844886786 0.18130491301417351 0.003986707406118512 33.554455425590277 677.62398589402437
0.55901245847344394 0.49474797844886786 0.18130491301417351 0.003986707406118512 33.554455425590277 677.62398589402437
0.062843717634677887 0.4014316804707051 0.18130491301417351 0.003986707406118512 33.554455425590277 677.62398589402437
0.062843717634677887 0.49474797844886786 0.1726256676018238 0.003986707406118512 33.554455425590277 677.62398589402437
0.062843717634677887 0.49474797844886786 0.18130491301417351 0.0056019021186977623 33.554455425590277 677.62398589402437
0.062843717634677887 0.49474797844886786 0.18130491301417351 0.003986707406118512 17.451633868739009 677.62398589402437
0.062843717634677887 0.49474797844886786 0.18130491301417351 0.003986707406118512 33.554455425590277 411.63910878822207
0.55901245847344394 0.4014316804707051 0.1726256676018238 0.0056019021186977623 17.451633868739009 411.63910878822207
0.3565930977929383 0.17447654195129872 0.4765752274543047 0.015857740175537764 23.224922839552164 938.62417954951525
0.13104282775893805 0.17447654195129872 0.4765752274543047 0.015857740175537764 23.224922839552164 938.62417954951525
0.3565930977929383 0.38447346352040768 0.4765752274543047 0.015857740175537764 23.224922839552164 938.62417954951525
0.3565930977929383 0.17447654195129872 0.22184888608753683 0.015857740175537764 23.224922839552164 938.62417954951525
0.3565930977929383 0.17447654195129872 0.4765752274543047 0.0012699510781094435 23.224922839552164 938.62417954951525
0.3565930977929383 0.17447654195129872 0.4765752274543047 0.015857740175537764 12.225682448595762 938.62417954951525
0.3565930977929383 0.17447654195129872 0.4765752274543047 0.015857740175537764 23.224922839552164 205.82570759579539
0.13104282775893805 0.38447346352040768 0.22184888608753683 0.0012699510781094435 12.225682448595762 205.82570759579539
0.45499989958479992 0.35740719847381119 0.27778818644583225 0.0094966573294252166 20.789458362385631 137.0871496386826
0.50021200040355318 0.35740719847381119 0.27778818644583225 0.0094966573294252166 20.789458362385631 137.0871496386826
0.45499989958479992 0.22295341640710831 0.27778818644583225 0.0094966573294252166 20.789458362385631 137.0871496386826
0.45499989958479992 0.35740719847381119 0.42649169974029066 0.0094966573294252166 20.789458362385631 137.0871496386826
0.45499989958479992 0.35740719847381119 0.27778818644583225 0.010806715629622342 20.789458362385631 137.0871496386826
0.45499989958479992 0.35740719847381119 0.27778818644583225 0.0094966573294252166 31.803728902712464 137.0871496386826
0.45499989958479992 0.35740719847381119 0.27778818644583225 0.0094966573294252166 20.789458362385631 663.49562844261527
0.50021200040355318 0.22295341640710831 0.42649169974029066 0.010806715629622342 31.803728902712464 663.49562844261527
0.40100153400562699 0.24688901081681253 0.4585010007023812 0.0030987107239663606 27.438292132690549 317.14329849928617
0.35487065156921738 0.24688901081681253 0.4585010007023812 0.0030987107239663606 27.438292132690549 317.14329849928617
0.40100153400562699 0.17107605151832106 0.4585010007023812 0.0030987107239663606 27.438292132690549 317.14329849928617
0.40100153400562699 0.24688901081681253 0.36285441517829897 0.0030987107239663606 27.438292132690549 317.14329849928617
0.40100153400562699 0.24688901081681253 0.4585010007023812 0.0032747520526871087 27.438292132690549 317.14329849928617
0.40100153400562699 0.24688901081681253 0.4585010007023812 0.0030987107239663606 33.045517105609179 317.14329849928617
0.40100153400562699 0.24688901081681253 0.4585010007023812 0.0030987107239663606 27.438292132690549 557.58628034964204
0.35487065156921738 0.17107605151832106 0.36285441517829897 0.0032747520526871087 33.045517105609179 557.58628034964204
0.32799062021076675 0.43294637948274617 0.25894796848297119 0.011896134898252787 16.564870283007622 865.60636917129159
0.59503649612888687 0.43294637948274617 0.25894796848297119 0.011896134898252787 16.564870283007622 865.60636917129159
0.32799062021076675 0.4341646283864975 0.25894796848297119 0.011896134898252787 16.564870283007622 865.60636917129159
0.32799062021076675 0.43294637948274617 0.18314093574881554 0.011896134898252787 16.564870283007622 865.60636917129159
0.32799062021076675 0.43294637948274617 0.25894796848297119 0.012823752184584739 16.564870283007622 865.60636917129159
0.32799062021076675 0.43294637948274617 0.25894796848297119 0.011896134898252787 14.866417052224278 865.60636917129159
0.32799062021076675 0.43294637948274617 0.25894796848297119 0.011896134898252787 16.564870283007622 312.61181281879544
0.59503649612888687 0.4341646283864975 0.18314093574881554 0.012823752184584739 14.866417052224278 312.61181281879544
0.092396454932168123 0.10954784192144872 0.35107965283095843 0.0086875911384820953 10.218279950320721 616.82720491662621
0.053123953752219677 0.10954784192144872 0.35107965283095843 0.0086875911384820953 10.218279950320721 616.82720491662621
0.092396454932168123 0.35492688901722436 0.35107965283095843 0.0086875911384820953 10.218279950320721 616.82720491662621
0.092396454932168123 0.10954784192144872 0.23547693230211736 0.0086875911384820953 10.218279950320721 616.82720491662621
0.092396454932168123 0.10954784192144872 0.35107965283095843 0.01839208438526839 10.218279950320721 616.82720491662621
0.092396454932168123 0.10954784192144872 0.35107965283095843 0.0086875911384820953 17.169761948287487 616.82720491662621
0.092396454932168123 0.10954784192144872 0.35107965283095843 0.0086875911384820953 10.218279950320721 531.60880776122212
0.053123953752219677 0.35492688901722436 0.23547693230211736 0.01839208438526839 17.169761948287487 531.60880776122212
0.67956162998452774 0.32038549147546291 0.15074556432664396 0.017524517586268485 37.78224472142756 518.41517668217421
0.49562126379460092 0.32038549147546291 0.15074556432664396 0.017524517586268485 37.78224472142756 518.41517668217421
0.67956162998452774 0.24301551505923272 0.15074556432664396 0.017524517586268485 37.78224472142756 518.41517668217421
0.67956162998452774 0.32038549147546291 0.41833087764680388 0.017524517586268485 37.78224472142756 518.41517668217421
0.67956162998452774 0.32038549147546291 0.15074556432664396 0.0088442786242812887 37.78224472142756 518.41517668217421
0.67956162998452774 0.32038549147546291 0.15074556432664396 0.017524517586268485 26.874755715951324 518.41517668217421
0.67956162998452774 0.32038549147546291 0.15074556432664396 0.017524517586268485 37.78224472142756 791.11270764842629
0.49562126379460092 0.24301551505923272 0.41833087764680388 0.0088442786242812887 26.874755715951324 791.11270764842629
0.54765112744644284 0.1850935596972704 0.20538485161960127 0.01981405894625932 30.73388815112412 162.98537133261561
0.15480098659172653 0.1850935596972704 0.20538485161960127 0.01981405894625932 30.73388815112412 162.98537133261561
0.54765112744644284 0.33917681016027929 0.20538485161960127 0.01981405894625932 30.73388815112412 162.98537133261561
0.54765112744644284 0.1850935596972704 0.27170515917241578 0.01981405894625932 30.73388815112412 162.98537133261561
0.54765112744644284 0.1850935596972704 0.20538485161960127 0.011533349132165313 30.73388815112412 162.98537133261561
0.54765112744644284 0.1850935596972704 0.20538485161960127 0.01981405894625932 21.769063903018832 162.98537133261561
0.54765112744644284 0.1850935596972704 0.20538485161960127 0.01981405894625932 30.73388815112412 978.04487450048327
0.15480098659172653 0.33917681016027929 0.27170515917241578 0.011533349132165313 21.769063903018832 978.04487450048327
0.14329752256162465 0.39591136984527109 0.40581373833119871 0.0063766178555786611 13.298746377229691 964.57344703376293
0.39529188508167856 0.39591136984527109 0.40581373833119871 0.0063766178555786611 13.298746377229691 964.57344703376293
0.14329752256162465 0.25264995768666265 0.40581373833119871 0.0063766178555786611 13.298746377229691 964.57344703376293
0.14329752256162465 0.39591136984527109 0.47644010819494731 0.0063766178555786611 13.298746377229691 964.57344703376293
0.14329752256162465 0.39591136984527109 0.40581373833119871 0.0019397764129564169 13.298746377229691 964.57344703376293
0.14329752256162465 0.39591136984527109 0.40581373833119871 0.0063766178555786611 26.084333389997482 964.57344703376293
0.14329752256162465 0.39591136984527109 0.40581373833119871 0.0063766178555786611 13.298746377229691 351.59760182723403
0.39529188508167856 0.25264995768666265 0.47644010819494731 0.0019397764129564169 26.084333389997482 351.59760182723403
0.27709208056330675 0.272531908005476 0.11046407669782639 0.014228199771977963 21.921793885529041 772.08376489579678
0.25421642959117885 0.272531908005476 0.11046407669782639 0.014228199771977963 21.921793885529041 772.08376489579678
0.27709208056330675 0.13638066314160824 0.11046407669782639 0.014228199771977963 21.921793885529041 772.08376489579678
0.27709208056330675 0.272531908005476 0.33033884689211845 0.014228199771977963 21.921793885529041 772.08376489579678
0.27709208056330675 0.272531908005476 0.11046407669782639 0.007508028398826719 21.921793885529041 772.08376489579678
0.27709208056330675 0.272531908005476 0.11046407669782639 0.014228199771977963 36.004880705848336 772.08376489579678
0.27709208056330675 0.272531908005476 0.11046407669782639 0.014228199771977963 21.921793885529041 104.14600363001227
0.25421642959117885 0.13638066314160824 0.33033884689211845 0.007508028398826719 36.004880705848336 104.14600363001227
0.53291456452570851 0.45856943726539612 0.31011151969432832 0.00075004791170358665 26.049265826120973 420.54673163220286
0.6970383286476135 0.45856943726539612 0.31011151969432832 0.00075004791170358665 26.049265826120973 420.54673163220286
0.53291456452570851 0.4748537614941597 0.31011151969432832 0.00075004791170358665 26.049265826120973 420.54673163220286
0.53291456452570851 0.45856943726539612 0.12249397337436677 0.00075004791170358665 26.049265826120973 420.54673163220286
0.53291456452570851 0.45856943726539612 0.31011151969432832 0.017102804856561123 26.049265826120973 420.54673163220286
0.53291456452570851 0.45856943726539612 0.31011151969432832 0.00075004791170358665 8.2154753170907497 420.54673163220286
0.53291456452570851 0.45856943726539612 0.31011151969432832 0.00075004791170358665 26.049265826120973 773.19277701899409
0.6970383286476135 0.4748537614941597 0.12249397337436677 0.017102804856561123 8.2154753170907497 773.19277701899409
0.50495235226117074 0.25836989246308806 0.27485683336853983 0.015616607291810216 8.4622702021151781 990.68801905959845
0.42128037782385941 0.25836989246308806 0.27485683336853983 0.015616607291810216 8.4622702021151781 990.68801905959845
0.50495235226117074 0.1378584459424019 0.27485683336853983 0.015616607291810216 8.4622702021151781 990.68801905959845
0.50495235226117074 0.25836989246308806 0.1912785790860653 0.015616607291810216 8.4622702021151781 990.68801905959845
0.50495235226117074 0.25836989246308806 0.27485683336853983 0.0061787180639803407 8.4622702021151781 990.68801905959845
0.50495235226117074 0.25836989246308806 0.27485683336853983 0.015616607291810216 9.1075210385024548 990.68801905959845
0.50495235226117074 0.25836989246308806 0.27485683336853983 0.015616607291810216 8.4622702021151781 933.30884845927358
0.42128037782385941 0.1378584459424019 0.1912785790860653 0.0061787180639803407 9.1075210385024548 933.30884845927358
0.26438903883099552 0.47234473861753945 0.47364692613482473 0.0092540896516293304 36.033673018217087 189.20604819431901
0.20362678440287707 0.47234473861753945 0.47364692613482473 0.0092540896516293304 36.033673018217087 189.20604819431901
0.26438903883099552 0.45094098113477232 0.47364692613482473 0.0092540896516293304 36.033673018217087 189.20604819431901
0.26438903883099552 0.47234473861753945 0.36155270934104922 0.0092540896516293304 36.033673018217087 189.20604819431901
0.26438903883099552 0.47234473861753945 0.47364692613482473 0.015802503222413361 36.033673018217087 189.20604819431901
0.26438903883099552 0.47234473861753945 0.47364692613482473 0.0092540896516293304 34.995361382141709 189.20604819431901
0.26438903883099552 0.47234473861753945 0.47364692613482473 0.0092540896516293304 36.033673018217087 392.98064867034554
0.20362678440287707 0.45094098113477232 0.36155270934104922 0.015802503222413361 34.995361382141709 392.98064867034554
0.15570235927589238 0.19573537260293961 0.16587307639420035 0.011304881097935142 29.183315999805927 393.88755047693849
0.64686551354825494 0.19573537260293961 0.16587307639420035 0.011304881097935142 29.183315999805927 393.88755047693849
0.15570235927589238 0.33496463969349866 0.16587307639420035 0.011304881097935142 29.183315999805927 393.88755047693849
0.15570235927589238 0.19573537260293961 0.40765109620988371 0.011304881097935142 29.183315999805927 393.88755047693849
0.15570235927589238 0.19573537260293961 0.16587307639420035 0.010232967172563077 29.183315999805927 393.88755047693849
0.15570235927589238 0.19573537260293961 0.16587307639420035 0.011304881097935142 25.2210843116045 393.88755047693849
0.15570235927589238 0.19573537260293961 0.16587307639420035 0.011304881097935142 29.183315999805927 177.05637896433473
0.64686551354825494 0.33496463969349866 0.40765109620988371 0.010232967172563077 25.2210843116045 177.05637896433473
0.57527546184137457 0.38488112464547164 0.36700672544538981 0.00498307422734797 18.317103648558259 745.53048070520163
0.22687967978417872 0.38488112464547164 0.36700672544538981 0.00498307422734797 18.317103648558259 745.53048070520163
0.57527546184137457 0.2730471257120371 0.36700672544538981 0.00498307422734797 18.317103648558259 745.53048070520163
0.57527546184137457 0.38488112464547164 0.24049265123903751 0.00498307422734797 18.317103648558259 745.53048070520163
0.57527546184137457 0.38488112464547164 0.36700672544538981 0.00061039534155279398 18.317103648558259 745.53048070520163
0.57527546184137457 0.38488112464547164 0.36700672544538981 0.00498307422734797 22.748756615445018 745.53048070520163
0.57527546184137457 0.38488112464547164 0.36700672544538981 0.00498307422734797 18.317103648558259 703.73407946899533
0.22687967978417872 0.2730471257120371 0.24049265123903751 0.00061039534155279398 22.748756615445018 703.73407946899533
0.68711154023185372 0.12058495283126831 0.41549091227352619 0.0026513079371303324 20.165840910747647 836.31036533042789
0.54621563805267215 0.12058495283126831 0.41549091227352619 0.0026513079371303324 20.165840910747647 836.31036533042789
0.68711154023185372 0.36926940605044367 0.41549091227352619 0.0026513079371303324 20.165840910747647 836.31036533042789
0.68711154023185372 0.12058495283126831 0.49954319037497041 0.0026513079371303324 20.165840910747647 836.31036533042789
0.68711154023185372 0.12058495283126831 0.41549091227352619 0.019383006372489034 20.165840910747647 836.31036533042789
0.68711154023185372 0.12058495283126831 0.41549091227352619 0.0026513079371303324 27.887693515047431 836.31036533042789
0.68711154023185372 0.12058495283126831 0.41549091227352619 0.0026513079371303324 20.165840910747647 630.62069108709693
0.54621563805267215 0.36926940605044367 0.49954319037497041 0.019383006372489034 27.887693515047431 630.62069108709693
0.12535186749882996 0.30973528549075124 0.21426246501505375 0.013653849574737252 24.300522908568382 287.95339949429035
0.3288771803490817 0.30973528549075124 0.21426246501505375 0.013653849574737252 24.300522908568382 287.95339949429035
0.12535186749882996 0.23274862058460713 0.21426246501505375 0.013653849574737252 24.300522908568382 287.95339949429035
0.12535186749882996 0.30973528549075124 0.25426613949239252 0.013653849574737252 24.300522908568382 287.95339949429035
0.12535186749882996 0.30973528549075124 0.21426246501505375 0.0098642186060547837 24.300522908568382 287.95339949429035
0.12535186749882996 0.30973528549075124 0.21426246501505375 0.013653849574737252 16.273839987814426 287.95339949429035
0.12535186749882996 0.30973528549075124 0.21426246501505375 0.013653849574737252 24.300522908568382 243.24967144057155
0.3288771803490817 0.23274862058460713 0.25426613949239252 0.0098642186060547837 16.273839987814426 243.24967144057155
0.29473708011209959 0.23312210254371168 0.31900734379887585 0.0069648468751460314 32.478854350745678 548.92438389360905
0.52296299207955599 0.23312210254371168 0.31900734379887585 0.0069648468751460314 32.478854350745678 548.92438389360905
0.29473708011209959 0.15321789681911469 0.31900734379887585 0.0069648468751460314 32.478854350745678 548.92438389360905
0.29473708011209959 0.23312210254371168 0.10192687809467316 0.0069648468751460314 32.478854350745678 548.92438389360905
0.29473708011209959 0.23312210254371168 0.31900734379887585 0.0042947534771636126 32.478854350745678 548.92438389360905
0.29473708011209959 0.23312210254371168 0.31900734379887585 0.0069648468751460314 13.882360832765698 548.92438389360905
0.29473708011209959 0.23312210254371168 0.31900734379887585 0.0069648468751460314 32.478854350745678 486.74961132928729
0.52296299207955599 0.15321789681911469 0.10192687809467316 0.0042947534771636126 13.882360832765698 486.74961132928729
0.39311382337473327 0.44710152931511404 0.12012284025549889 0.017927886239252986 15.051151851192117 647.44230909273028
0.10329182911664248 0.44710152931511404 0.12012284025549889 0.017927886239252986 15.051151851192117 647.44230909273028
0.39311382337473327 0.44169716052711017 0.12012284025549889 0.017927886239252986 15.051151851192117 647.44230909273028
0.39311382337473327 0.44710152931511404 0.34407000467181204 0.017927886239252986 15.051151851192117 647.44230909273028
0.39311382337473327 0.44710152931511404 0.12012284025549889 0.013814763791114093 15.051151851192117 647.44230909273028
0.39311382337473327 0.44710152931511404 0.12012284025549889 0.017927886239252986 33.91175640001893 647.44230909273028
0.39311382337473327 0.44710152931511404 0.12012284025549889 0.017927886239252986 15.051151851192117 832.40006333217025
0.10329182911664248 0.44169716052711017 0.34407000467181204 0.013814763791114093 33.91175640001893 832.40006333217025
0.42227252842858426 0.15719486624002457 0.33804287426173685 0.014469030826725068 36.691766327247024 708.10649171471596
0.61302859075367444 0.15719486624002457 0.33804287426173685 0.014469030826725068 36.691766327247024 708.10649171471596
0.42227252842858426 0.38966064602136619 0.33804287426173685 0.014469030826725068 36.691766327247024 708.10649171471596
0.42227252842858426 0.15719486624002457 0.45777651853859425 0.014469030826725068 36.691766327247024 708.10649171471596
0.42227252842858426 0.15719486624002457 0.33804287426173685 0.0025895840028300884 36.691766327247024 708.10649171471596
0.42227252842858426 0.15719486624002457 0.33804287426173685 0.014469030826725068 30.912828037515283 708.10649171471596
0.42227252842858426 0.15719486624002457 0.33804287426173685 0.014469030826725068 36.691766327247024 951.49084934964776
0.61302859075367444 0.38966064602136619 0.45777651853859425 0.0025895840028300884 30.912828037515283 951.49084934964776
0.34929106538183979 0.37430063262581825 0.13839237950742245 0.00099231317043304451 10.827021088451147 356.62453090772033
0.34203477092087264 0.37430063262581825 0.13839237950742245 0.00099231317043304451 10.827021088451147 356.62453090772033
0.34929106538183979 0.20275005958974363 0.13839237950742245 0.00099231317043304451 10.827021088451147 356.62453090772033
0.34929106538183979 0.37430063262581825 0.29056253544986249 0.00099231317043304451 10.827021088451147 356.62453090772033
0.34929106538183979 0.37430063262581825 0.13839237950742245 0.012116694673895837 10.827021088451147 356.62453090772033
0.34929106538183979 0.37430063262581825 0.13839237950742245 0.00099231317043304451 13.234514679759741 356.62453090772033
0.34929106538183979 0.37430063262581825 0.13839237950742245 0.00099231317043304451 10.827021088451147 368.5355824418366
0.34203477092087264 0.20275005958974363 0.29056253544986249 0.012116694673895837 13.234514679759741 368.5355824418366
0.070483550429344177 0.29456073604524136 0.44624557346105576 0.018818824500031771 15.956130150705576 107.81615739688277
0.46791055547073479 0.29456073604524136 0.44624557346105576 0.018818824500031771 15.956130150705576 107.81615739688277
0.070483550429344177 0.18628008440136912 0.44624557346105576 0.018818824500031771 15.956130150705576 107.81615739688277
0.070483550429344177 0.29456073604524136 0.1413361057639122 0.018818824500031771 15.956130150705576 107.81615739688277
0.070483550429344177 0.29456073604524136 0.44624557346105576 0.016447512786276638 15.956130150705576 107.81615739688277
0.070483550429344177 0.29456073604524136 0.44624557346105576 0.018818824500031771 18.31373898498714 107.81615739688277
0.070483550429344177 0.29456073604524136 0.44624557346105576 0.018818824500031771 15.956130150705576 138.21923630312085
0.46791055547073479 0.18628008440136912 0.1413361057639122 0.016447512786276638 18.31373898498714 138.21923630312085
0.65763850337825713 0.48683739341795451 0.24581363499164582 0.0053799486152827742 28.528769521042705 909.45907756686211
0.075834650266915563 0.48683739341795451 0.24581363499164582 0.0053799486152827742 28.528769521042705 909.45907756686211
0.65763850337825713 0.42436944879591465 0.24581363499164582 0.0053799486152827742 28.528769521042705 909.45907756686211
0.65763850337825713 0.48683739341795451 0.31169050112366681 0.0053799486152827742 28.528769521042705 909.45907756686211
0.65763850337825713 0.48683739341795451 0.24581363499164582 0.0069216246627271175 28.528769521042705 909.45907756686211
0.65763850337825713 0.48683739341795451 0.24581363499164582 0.0053799486152827742 29.466187238693237 909.45907756686211
0.65763850337825713 0.48683739341795451 0.24581363499164582 0.0053799486152827742 28.528769521042705 734.77007085457444
0.075834650266915563 0.42436944879591465 0.31169050112366681 0.0069216246627271175 29.466187238693237 734.77007085457444
0.60697584091685708 0.22019805125892164 0.19742729812860491 0.0076733228787779807 24.988256862387061 552.8756876476109
0.40780788157135245 0.22019805125892164 0.19742729812860491 0.0076733228787779807 24.988256862387061 552.8756876476109
0.60697584091685708 0.12039573714137078 0.19742729812860491 0.0076733228787779807 24.988256862387061 552.8756876476109
0.60697584091685708 0.22019805125892164 0.15178317502141001 0.0076733228787779807 24.988256862387061 552.8756876476109
0.60697584091685708 0.22019805125892164 0.19742729812860491 0.013477873819321395 24.988256862387061 552.8756876476109
0.60697584091685708 0.22019805125892164 0.19742729812860491 0.0076733228787779807 19.632648967206478 552.8756876476109
0.60697584091685708 0.22019805125892164 0.19742729812860491 0.0076733228787779807 24.988256862387061 584.64167742058635
0.40780788157135245 0.12039573714137078 0.15178317502141001 0.013477873819321395 19.632648967206478 584.64167742058635
0.20263183824717995 0.41246708221733575 0.39775833487510681 0.016508814532496034 22.560002665966749 454.5187184587121
0.13712873253971336 0.41246708221733575 0.39775833487510681 0.016508814532496034 22.560002665966749 454.5187184587121
0.20263183824717995 0.48386962302029135 0.39775833487510681 0.016508814532496034 22.560002665966749 454.5187184587121
0.20263183824717995 0.41246708221733575 0.39401838928461075 0.016508814532496034 22.560002665966749 454.5187184587121
0.20263183824717995 0.41246708221733575 0.39775833487510681 0.0038624011652544144 22.560002665966749 454.5187184587121
0.20263183824717995 0.41246708221733575 0.39775833487510681 0.016508814532496034 24.45604289136827 454.5187184587121
0.20263183824717995 0.41246708221733575 0.39775833487510681 0.016508814532496034 22.560002665966749 295.26859065517783
0.13712873253971336 0.48386962302029135 0.39401838928461075 0.0038624011652544144 24.45604289136827 295.26859065517783
0.21714036581106483 0.13273404836654665 0.29312942437827588 0.0033205079652369024 12.66053681448102 261.94832865148783
0.67400779156014323 0.13273404836654665 0.29312942437827588 0.0033205079652369024 12.66053681448102 261.94832865148783
0.21714036581106483 0.30522160828113554 0.29312942437827588 0.0033205079652369024 12.66053681448102 261.94832865148783
0.21714036581106483 0.13273404836654665 0.44947960190474989 0.0033205079652369024 12.66053681448102 261.94832865148783
0.21714036581106483 0.13273404836654665 0.29312942437827588 0.0081931483566761026 12.66053681448102 261.94832865148783
0.21714036581106483 0.13273404836654665 0.29312942437827588 0.0033205079652369024 37.152468610554934 261.94832865148783
0.21714036581106483 0.13273404836654665 0.29312942437827588 0.0033205079652369024 12.66053681448102 498.00926661118865
0.67400779156014323 0.30522160828113554 0.44947960190474989 0.0081931483566761026 37.152468610554934 498.00926661118865
0.47293277913704507 0.34983218833804131 0.49267940483987338 0.012119366343505682 31.794897897168994 810.46625720337033
0.28224702207371588 0.34983218833804131 0.49267940483987338 0.012119366343505682 31.794897897168994 810.46625720337033
0.47293277913704507 0.29369554333388803 0.49267940483987338 0.012119366343505682 31.794897897168994 810.46625720337033
0.47293277913704507 0.34983218833804131 0.20413442142307758 0.012119366343505682 31.794897897168994 810.46625720337033
0.47293277913704507 0.34983218833804131 0.49267940483987338 0.017809834338165818 31.794897897168994 810.46625720337033
0.47293277913704507 0.34983218833804131 0.49267940483987338 0.012119366343505682 10.803181977942586 810.46625720337033
0.47293277913704507 0.34983218833804131 0.49267940483987338 0.012119366343505682 31.794897897168994 829.15785266086459
0.28224702207371588 0.29369554333388803 0.20413442142307758 0.017809834338165818 10.803181977942586 829.15785266086459
0.46803453797474498 0.17137198857963087 0.28416582159698012 0.00096328973602503539 30.052699206396937 653.8533627986908
0.29467513184063132 0.17137198857963087 0.28416582159698012 0.00096328973602503539 30.052699206396937 653.8533627986908
0.46803453797474498 0.2700633402913809 0.28416582159698012 0.00096328973602503539 30.052699206396937 653.8533627986908
0.46803453797474498 0.17137198857963087 0.13636227473616602 0.00096328973602503539 30.052699206396937 653.8533627986908
0.46803453797474498 0.17137198857963087 0.28416582159698012 0.0085935879150405535 30.052699206396937 653.8533627986908
0.46803453797474498 0.17137198857963087 0.28416582159698012 0.00096328973602503539 35.338923132047057 653.8533627986908
0.46803453797474498 0.17137198857963087 0.28416582159698012 0.00096328973602503539 30.052699206396937 475.44102082028985
0.29467513184063132 0.2700633402913809 0.13636227473616602 0.0085935879150405535 35.338923132047057 475.44102082028985
0.22239837464876472 0.36051146574318416 0.4829559024423361 0.01471075193397701 17.480967316776514 527.31979629024863
0.575329678459093 0.36051146574318416 0.4829559024423361 0.01471075193397701 17.480967316776514 527.31979629024863
0.22239837464876472 0.33198081701993942 0.4829559024423361 0.01471075193397701 17.480967316776514 527.31979629024863
0.22239837464876472 0.36051146574318416 0.31607834100723264 0.01471075193397701 17.480967316776514 527.31979629024863
0.22239837464876472 0.36051146574318416 0.4829559024423361 0.018178696957230567 17.480967316776514 527.31979629024863
0.22239837464876472 0.36051146574318416 0.4829559024423361 0.01471075193397701 8.7497723028063774 527.31979629024863
0.22239837464876472 0.36051146574318416 0.4829559024423361 0.01471075193397701 17.480967316776514 847.44486035779119
0.575329678459093 0.33198081701993942 0.31607834100723264 0.018178696957230567 8.7497723028063774 847.44486035779119
0.20784994177520272 0.28390836715698242 0.17518053799867631 0.005234906457923353 9.3021866045892239 280.33446660265326
0.11464479104615748 0.28390836715698242 0.17518053799867631 0.005234906457923353 9.3021866045892239 280.33446660265326
0.20784994177520272 0.45398589111864573 0.17518053799867631 0.005234906457923353 9.3021866045892239 280.33446660265326
0.20784994177520272 0.28390836715698242 0.4653015967458487 0.005234906457923353 9.3021866045892239 280.33446660265326
0.20784994177520272 0.28390836715698242 0.17518053799867631 0.012609146855957808 9.3021866045892239 280.33446660265326
0.20784994177520272 0.28390836715698242 0.17518053799867631 0.005234906457923353 21.453522743657231 280.33446660265326
0.20784994177520272 0.28390836715698242 0.17518053799867631 0.005234906457923353 9.3021866045892239 613.808583188802
0.11464479104615748 0.45398589111864573 0.4653015967458487 0.012609146855957808 21.453522743657231 613.808583188802
0.60203769444487987 0.49787695333361626 0.37631417512893683 0.019021872109547259 35.167841112241149 856.92599564790726
0.51669803098775446 0.49787695333361626 0.37631417512893683 0.019021872109547259 35.167841112241149 856.92599564790726
0.60203769444487987 0.14090341702103615 0.37631417512893683 0.019021872109547259 35.167841112241149 856.92599564790726
0.60203769444487987 0.49787695333361626 0.28245157338678839 0.019021872109547259 35.167841112241149 856.92599564790726
0.60203769444487987 0.49787695333361626 0.37631417512893683 0.0030252414785325531 35.167841112241149 856.92599564790726
0.60203769444487987 0.49787695333361626 0.37631417512893683 0.019021872109547259 26.502131421118975 856.92599564790726
0.60203769444487987 0.49787695333361626 0.37631417512893683 0.019021872109547259 35.167841112241149 256.33414918556809
0.51669803098775446 0.14090341702103615 0.28245157338678839 0.0030252414785325531 26.502131421118975 256.33414918556809
0.65277722305618224 0.20914552360773087 0.43104988783597953 0.016383146041259171 33.319674266502261 724.51519789174199
0.17451034313999114 0.20914552360773087 0.43104988783597953 0.016383146041259171 33.319674266502261 724.51519789174199
0.65277722305618224 0.43862644024193287 0.43104988783597953 0.016383146041259171 33.319674266502261 724.51519789174199
0.65277722305618224 0.20914552360773087 0.42907498516142373 0.016383146041259171 33.319674266502261 724.51519789174199
0.65277722305618224 0.20914552360773087 0.43104988783597953 0.017045470535010099 33.319674266502261 724.51519789174199
0.65277722305618224 0.20914552360773087 0.43104988783597953 0.016383146041259171 16.61921614035964 724.51519789174199
0.65277722305618224 0.20914552360773087 0.43104988783597953 0.016383146041259171 33.319674266502261 160.25891928002238
0.17451034313999114 0.43862644024193287 0.42907498516142373 0.017045470535010099 16.61921614035964 160.25891928002238
0.075778520107269293 0.42313089147210126 0.229821452498436 0.0078956686971709145 14.184405703097582 401.10662300139666
0.45548482961021358 0.42313089147210126 0.229821452498436 0.0078956686971709145 14.184405703097582 401.10662300139666
0.075778520107269293 0.15014723762869836 0.229821452498436 0.0078956686971709145 14.184405703097582 401.10662300139666
0.075778520107269293 0.42313089147210126 0.22434376738965511 0.0078956686971709145 14.184405703097582 401.10662300139666
0.075778520107269293 0.42313089147210126 0.229821452498436 0.007410652502067387 14.184405703097582 401.10662300139666
0.075778520107269293 0.42313089147210126 0.229821452498436 0.0078956686971709145 27.52813015319407 401.10662300139666
0.075778520107269293 0.42313089147210126 0.229821452498436 0.0078956686971709145 14.184405703097582 716.80563231930137
0.45548482961021358 0.15014723762869836 0.22434376738965511 0.007410652502067387 27.52813015319407 716.80563231930137
0.35446724896319204 0.14651177488267422 0.33456479422748087 0.012109716575220229 21.036131095141172 210.33181119710207
0.23314208504743872 0.14651177488267422 0.33456479422748087 0.012109716575220229 21.036131095141172 210.33181119710207
0.35446724896319204 0.23575857393443586 0.33456479422748087 0.012109716575220229 21.036131095141172 210.33181119710207
0.35446724896319204 0.14651177488267422 0.16887966096401213 0.012109716575220229 21.036131095141172 210.33181119710207
0.35446724896319204 0.14651177488267422 0.33456479422748087 0.0018411825418472292 21.036131095141172 210.33181119710207
0.35446724896319204 0.14651177488267422 0.33456479422748087 0.012109716575220229 32.614678174257278 210.33181119710207
0.35446724896319204 0.14651177488267422 0.33456479422748087 0.012109716575220229 21.036131095141172 921.98733305558562
0.23314208504743872 0.23575857393443586 0.16887966096401213 0.0018411825418472292 32.614678174257278 921.98733305558562
0.41729246200993653 0.33566803373396398 0.13568030260503294 0.0035815272813662889 23.463476022705436 983.79834862425923
0.63551510986872017 0.33566803373396398 0.13568030260503294 0.0035815272813662889 23.463476022705436 983.79834862425923
0.41729246200993653 0.37227932214736936 0.13568030260503294 0.0035815272813662889 23.463476022705436 983.79834862425923
0.41729246200993653 0.33566803373396398 0.37672654911875725 0.0035815272813662889 23.463476022705436 983.79834862425923
0.41729246200993653 0.33566803373396398 0.13568030260503294 0.011477195019461216 23.463476022705436 983.79834862425923
0.41729246200993653 0.33566803373396398 0.13568030260503294 0.0035815272813662889 15.165251625701785 983.79834862425923
0.41729246200993653 0.33566803373396398 0.13568030260503294 0.0035815272813662889 23.463476022705436 408.04009390994906
0.63551510986872017 0.37227932214736936 0.37672654911875725 0.011477195019461216 15.165251625701785 408.04009390994906
0.38789812191389494 0.2694094181060791 0.30379487350583079 0.0093990867042914039 16.793235654011369 817.78175514191389
0.1714814102742821 0.2694094181060791 0.30379487350583079 0.0093990867042914039 16.793235654011369 817.78175514191389
0.38789812191389494 0.42118890844285495 0.30379487350583079 0.0093990867042914039 16.793235654011369 817.78175514191389
0.38789812191389494 0.2694094181060791 0.41536005921661856 0.0093990867042914039 16.793235654011369 817.78175514191389
0.38789812191389494 0.2694094181060791 0.30379487350583079 0.0050860517181456092 16.793235654011369 817.78175514191389
0.38789812191389494 0.2694094181060791 0.30379487350583079 0.0093990867042914039 12.187832064926624 817.78175514191389
0.38789812191389494 0.2694094181060791 0.30379487350583079 0.0093990867042914039 16.793235654011369 514.82823761180043
0.1714814102742821 0.42118890844285495 0.41536005921661856 0.0050860517181456092 12.187832064926624 514.82823761180043
0.2996776286512613 0.46169240400195122 0.1041443906724453 0.015413600066304208 27.658538736402988 241.24817857518792
0.37852336824871596 0.46169240400195122 0.1041443906724453 0.015413600066304208 27.658538736402988 241.24817857518792
0.2996776286512613 0.18309953063726425 0.1041443906724453 0.015413600066304208 27.658538736402988 241.24817857518792
0.2996776286512613 0.46169240400195122 0.23258841745555403 0.015413600066304208 27.658538736402988 241.24817857518792
0.2996776286512613 0.46169240400195122 0.1041443906724453 0.014729163372702898 27.658538736402988 241.24817857518792
0.2996776286512613 0.46169240400195122 0.1041443906724453 0.015413600066304208 31.97370501421392 241.24817857518792
0.2996776286512613 0.46169240400195122 0.1041443906724453 0.015413600066304208 27.658538736402988 816.0802380181849
0.37852336824871596 0.18309953063726425 0.23258841745555403 0.014729163372702898 31.97370501421392 816.0802380181849
0.13025266570039093 0.18194618634879589 0.41199909932911394 0.0050120584579184651 37.558452963829041 447.75272468104959
0.27074838276021179 0.18194618634879589 0.41199909932911394 0.0050120584579184651 37.558452963829041 447.75272468104959
0.13025266570039093 0.20599189139902593 0.41199909932911394 0.0050120584579184651 37.558452963829041 447.75272468104959
0.13025266570039093 0.18194618634879589 0.18648711889982225 0.0050120584579184651 37.558452963829041 447.75272468104959
0.13025266570039093 0.18194618634879589 0.41199909932911394 0.019060014419257643 37.558452963829041 447.75272468104959
0.13025266570039093 0.18194618634879589 0.41199909932911394 0.0050120584579184651 29.589550469070673 447.75272468104959
0.13025266570039093 0.18194618634879589 0.41199909932911394 0.0050120584579184651 37.558452963829041 595.95713103190064
0.27074838276021179 0.20599189139902593 0.18648711889982225 0.019060014419257643 29.589550469070673 595.95713103190064
0.68185608843341461 0.39905826635658748 0.21156717278063297 0.01106320391520858 9.9861426670104265 574.34426378458738
0.68043825919739898 0.39905826635658748 0.21156717278063297 0.01106320391520858 9.9861426670104265 574.34426378458738
0.68185608843341461 0.3929025627672672 0.21156717278063297 0.01106320391520858 9.9861426670104265 574.34426378458738
0.68185608843341461 0.39905826635658748 0.36614881530404098 0.01106320391520858 9.9861426670104265 574.34426378458738
0.68185608843341461 0.39905826635658748 0.21156717278063297 0.0094180972093716279 9.9861426670104265 574.34426378458738
0.68185608843341461 0.39905826635658748 0.21156717278063297 0.01106320391520858 18.204570339992642 574.34426378458738
0.68185608843341461 0.39905826635658748 0.21156717278063297 0.01106320391520858 9.9861426670104265 280.23065673187375
0.68043825919739898 0.3929025627672672 0.36614881530404098 0.0094180972093716279 18.204570339992642 280.23065673187375
0.57009687619283789 0.10642078481614591 0.15692931003868582 0.013663535596430304 13.526313791051507 887.53892807289958
0.3713167284149676 0.10642078481614591 0.15692931003868582 0.013663535596430304 13.526313791051507 887.53892807289958
0.57009687619283789 0.2904309291392565 0.15692931003868582 0.013663535596430304 13.526313791051507 887.53892807289958
0.57009687619283789 0.10642078481614591 0.11881510093808174 0.013663535596430304 13.526313791051507 887.53892807289958
0.57009687619283789 0.10642078481614591 0.15692931003868582 0.010904090973176064 13.526313791051507 887.53892807289958
0.57009687619283789 0.10642078481614591 0.15692931003868582 0.013663535596430304 23.407544756308198 887.53892807289958
0.57009687619283789 0.10642078481614591 0.15692931003868582 0.013663535596430304 13.526313791051507 149.5476215146482
0.3713167284149676 0.2904309291392565 0.11881510093808174 0.010904090973176064 23.407544756308198 149.5476215146482
0.16068002362735567 0.32351302541792393 0.35726033486425879 0.0023902570882812146 30.954925559461117 114.13035653531551
0.578678471269086 0.32351302541792393 0.35726033486425879 0.0023902570882812146 30.954925559461117 114.13035653531551
0.16068002362735567 0.3019570790231228 0.35726033486425879 0.0023902570882812146 30.954925559461117 114.13035653531551
0.16068002362735567 0.32351302541792393 0.32659579068422318 0.0023902570882812146 30.954925559461117 114.13035653531551
0.16068002362735567 0.32351302541792393 0.35726033486425879 0.0013272859528660776 30.954925559461117 114.13035653531551
0.16068002362735567 0.32351302541792393 0.35726033486425879 0.0023902570882812146 20.695341240614653 114.13035653531551
0.16068002362735567 0.32351302541792393 0.35726033486425879 0.0023902570882812146 30.954925559461117 719.71749542281032
0.578678471269086 0.3019570790231228 0.32659579068422318 0.0013272859528660776 20.695341240614653 719.71749542281032
0.26924776211380957 0.24378588348627092 0.25263296142220498 0.018053585083037615 25.824449017643929 376.8969189375639
0.069401781773194671 0.24378588348627092 0.25263296142220498 0.018053585083037615 25.824449017643929 376.8969189375639
0.26924776211380957 0.4870732557028532 0.25263296142220498 0.018053585083037615 25.824449017643929 376.8969189375639
0.26924776211380957 0.24378588348627092 0.47893184833228586 0.018053585083037615 25.824449017643929 376.8969189375639
0.26924776211380957 0.24378588348627092 0.25263296142220498 0.0056580568583682184 25.824449017643929 376.8969189375639
0.26924776211380957 0.24378588348627092 0.25263296142220498 0.018053585083037615 10.928387997671962 376.8969189375639
0.26924776211380957 0.24378588348627092 0.25263296142220498 0.018053585083037615 25.824449017643929 968.2951788417995
0.069401781773194671 0.4870732557028532 0.47893184833228586 0.0056580568583682184 10.928387997671962 968.2951788417995
0.49965482554398472 0.4360490299761296 0.45218292996287346 0.0067424659835174684 21.690674500539899 700.36345301195979
0.47941159806214267 0.4360490299761296 0.45218292996287346 0.0067424659835174684 21.690674500539899 700.36345301195979
0.49965482554398472 0.12359935641288758 0.45218292996287346 0.0067424659835174684 21.690674500539899 700.36345301195979
0.49965482554398472 0.4360490299761296 0.27429159767925737 0.0067424659835174684 21.690674500539899 700.36345301195979
0.49965482554398472 0.4360490299761296 0.45218292996287346 0.015236065543442966 21.690674500539899 700.36345301195979
0.49965482554398472 0.4360490299761296 0.45218292996287346 0.0067424659835174684 37.041456505656242 700.36345301195979
0.49965482554398472 0.4360490299761296 0.45218292996287346 0.0067424659835174684 21.690674500539899 355.47089939936996
0.47941159806214267 0.12359935641288758 0.27429159767925737 0.015236065543442966 37.041456505656242 355.47089939936996
0.52741875103674829 0.23626144118607045 0.11399856656789781 0.011712460807338359 35.791456887498498 144.62240096181631
0.55257652928121381 0.23626144118607045 0.11399856656789781 0.011712460807338359 35.791456887498498 144.62240096181631
0.52741875103674829 0.48872196078300478 0.11399856656789781 0.011712460807338359 35.791456887498498 144.62240096181631
0.52741875103674829 0.23626144118607045 0.24300279133021832 0.011712460807338359 35.791456887498498 144.62240096181631
0.52741875103674829 0.23626144118607045 0.11399856656789781 0.0068230824610218408 35.791456887498498 144.62240096181631
0.52741875103674829 0.23626144118607045 0.11399856656789781 0.011712460807338359 37.937678873538971 144.62240096181631
0.52741875103674829 0.23626144118607045 0.11399856656789781 0.011712460807338359 35.791456887498498 194.2767777480185
0.55257652928121381 0.48872196078300478 0.24300279133021832 0.0068230824610218408 37.937678873538971 194.2767777480185
0.28175251707434651 0.44396190457046036 0.31288610994815824 0.0031857074877247216 8.2265846356749535 918.14372921362519
0.32242831219919021 0.44396190457046036 0.31288610994815824 0.0031857074877247216 8.2265846356749535 918.14372921362519
0.28175251707434651 0.10063870064914227 0.31288610994815824 0.0031857074877247216 8.2265846356749535 918.14372921362519
0.28175251707434651 0.44396190457046036 0.41021912284195428 0.0031857074877247216 8.2265846356749535 918.14372921362519
0.28175251707434651 0.44396190457046036 0.31288610994815824 0.0163914279717952 8.2265846356749535 918.14372921362519
0.28175251707434651 0.44396190457046036 0.31288610994815824 0.0031857074877247216 9.9157219957560301 918.14372921362519
0.28175251707434651 0.44396190457046036 0.31288610994815824 0.0031857074877247216 8.2265846356749535 678.32757877185941
0.32242831219919021 0.10063870064914227 0.41021912284195428 0.0163914279717952 9.9157219957560301 678.32757877185941
0.14783870805986224 0.12370017096400261 0.22063999883830548 0.017224825952574612 18.556570068001747 671.07774550095201
0.52949205948971212 0.12370017096400261 0.22063999883830548 0.017224825952574612 18.556570068001747 671.07774550095201
0.14783870805986224 0.28526663407683372 0.22063999883830548 0.017224825952574612 18.556570068001747 671.07774550095201
0.14783870805986224 0.12370017096400261 0.35787985101342201 0.017224825952574612 18.556570068001747 671.07774550095201
0.14783870805986224 0.12370017096400261 0.22063999883830548 0.012059373076073826 18.556570068001747 671.07774550095201
0.14783870805986224 0.12370017096400261 0.22063999883830548 0.017224825952574612 19.828944589942694 671.07774550095201
0.14783870805986224 0.12370017096400261 0.22063999883830548 0.017224825952574612 18.556570068001747 895.37793369963765
0.52949205948971212 0.28526663407683372 0.35787985101342201 0.012059373076073826 19.828944589942694 895.37793369963765
0.54203606294468043 0.30662035346031191 0.42187148593366153 0.0087359132243320353 29.429082648828626 347.72418942302465
0.096694529196247464 0.30662035346031191 0.42187148593366153 0.0087359132243320353 29.429082648828626 347.72418942302465
0.54203606294468043 0.3221833247691393 0.42187148593366153 0.0087359132243320353 29.429082648828626 347.72418942302465
0.54203606294468043 0.30662035346031191 0.18752952069044115 0.0087359132243320353 29.429082648828626 347.72418942302465
0.54203606294468043 0.30662035346031191 0.42187148593366153 0.0024922408189624549 29.429082648828626 347.72418942302465
0.54203606294468043 0.30662035346031191 0.42187148593366153 0.0087359132243320353 24.391415009275079 347.72418942302465
0.54203606294468043 0.30662035346031191 0.42187148593366153 0.0087359132243320353 29.429082648828626 424.92272714152932
0.096694529196247464 0.3221833247691393 0.18752952069044115 0.0024922408189624549 24.391415009275079 424.92272714152932
0.67402839073911303 0.198845724016428 0.37338282279670243 0.0060962244307622314 24.057509714737535 214.599300455302
0.42741676294244818 0.198845724016428 0.37338282279670243 0.0060962244307622314 24.057509714737535 214.599300455302
0.67402839073911303 0.21977290883660316 0.37338282279670243 0.0060962244307622314 24.057509714737535 214.599300455302
0.67402839073911303 0.198845724016428 0.34743458777666092 0.0060962244307622314 24.057509714737535 214.599300455302
0.67402839073911303 0.198845724016428 0.37338282279670243 0.017595272343978285 24.057509714737535 214.599300455302
0.67402839073911303 0.198845724016428 0.37338282279670243 0.0060962244307622314 19.214247019961476 214.599300455302
0.67402839073911303 0.198845724016428 0.37338282279670243 0.0060962244307622314 24.057509714737535 441.78696377202868
0.42741676294244818 0.21977290883660316 0.34743458777666092 0.017595272343978285 19.214247019961476 441.78696377202868
0.097019465686753389 0.38177048712968831 0.17225223742425444 0.019881754698231818 19.930945254862309 791.24563373625278
0.19757841252721842 0.38177048712968831 0.17225223742425444 0.019881754698231818 19.930945254862309 791.24563373625278
0.097019465686753389 0.3812928710132838 0.17225223742425444 0.019881754698231818 19.930945254862309 791.24563373625278
0.097019465686753389 0.38177048712968831 0.10520286634564401 0.019881754698231818 19.930945254862309 791.24563373625278
0.097019465686753389 0.38177048712968831 0.17225223742425444 0.0079437012536451232 19.930945254862309 791.24563373625278
0.097019465686753389 0.38177048712968831 0.17225223742425444 0.019881754698231818 28.697690714150667 791.24563373625278
0.097019465686753389 0.38177048712968831 0.17225223742425444 0.019881754698231818 19.930945254862309 885.43551629409194
0.19757841252721842 0.3812928710132838 0.10520286634564401 0.0079437012536451232 28.697690714150667 885.43551629409194
0.33257419057190413 0.26150493659079077 0.46752406507730482 0.0005856720296666027 15.289590537548065 600.44166631996632
0.65315045150928197 0.26150493659079077 0.46752406507730482 0.0005856720296666027 15.289590537548065 600.44166631996632
0.33257419057190413 0.40467355102300651 0.46752406507730482 0.0005856720296666027 15.289590537548065 600.44166631996632
0.33257419057190413 0.26150493659079077 0.25130133517086506 0.0005856720296666027 15.289590537548065 600.44166631996632
0.33257419057190413 0.26150493659079077 0.46752406507730482 0.0036117172051221137 15.289590537548065 600.44166631996632
0.33257419057190413 0.26150493659079077 0.46752406507730482 0.0005856720296666027 30.993711894378066 600.44166631996632
0.33257419057190413 0.26150493659079077 0.46752406507730482 0.0005856720296666027 15.289590537548065 640.80946436151862
0.65315045150928197 0.40467355102300651 0.25130133517086506 0.0036117172051221137 30.993711894378066 640.80946436151862
0.39542885436676439 0.46920998059213159 0.2687370359897614 0.01433457020185888 32.725641580298543 473.96310521289706
0.22066294285468757 0.46920998059213159 0.2687370359897614 0.01433457020185888 32.725641580298543 473.96310521289706
0.39542885436676439 0.19119356237351895 0.2687370359897614 0.01433457020185888 32.725641580298543 473.96310521289706
0.39542885436676439 0.46920998059213159 0.49664867334067819 0.01433457020185888 32.725641580298543 473.96310521289706
0.39542885436676439 0.46920998059213159 0.2687370359897614 0.013264510916732253 32.725641580298543 473.96310521289706
0.39542885436676439 0.46920998059213159 0.2687370359897614 0.01433457020185888 13.050809346139431 473.96310521289706
0.39542885436676439 0.46920998059213159 0.2687370359897614 0.01433457020185888 32.725641580298543 238.93643794581294
0.22066294285468757 0.19119356237351895 0.49664867334067819 0.013264510916732253 13.050809346139431 238.93643794581294
0.45045615704730146 0.13586767241358758 0.49886466450989253 0.018450538431853056 11.047153307124972 427.17753872275352
0.40155115216039117 0.13586767241358758 0.49886466450989253 0.018450538431853056 11.047153307124972 427.17753872275352
0.45045615704730146 0.23994480371475221 0.49886466450989253 0.018450538431853056 11.047153307124972 427.17753872275352
0.45045615704730146 0.13586767241358758 0.307938289642334 0.018450538431853056 11.047153307124972 427.17753872275352
0.45045615704730146 0.13586767241358758 0.49886466450989253 0.00066647952906787402 11.047153307124972 427.17753872275352
0.45045615704730146 0.13586767241358758 0.49886466450989253 0.018450538431853056 14.270173219963908 427.17753872275352
0.45045615704730146 0.13586767241358758 0.49886466450989253 0.018450538431853056 11.047153307124972 120.72466211393476
0.40155115216039117 0.23994480371475221 0.307938289642334 0.00066647952906787402 14.270173219963908 120.72466211393476
0.36220560525543982 0.34669904112815858 0.29931164421141149 0.00713798394817859 36.920246083289385 750.69887703284621
0.14345364361070095 0.34669904112815858 0.29931164421141149 0.00713798394817859 36.920246083289385 750.69887703284621
0.36220560525543982 0.35185621492564678 0.29931164421141149 0.00713798394817859 36.920246083289385 750.69887703284621
0.36220560525543982 0.34669904112815858 0.1376663886010647 0.00713798394817859 36.920246083289385 750.69887703284621
0.36220560525543982 0.34669904112815858 0.29931164421141149 0.010331510001234712 36.920246083289385 750.69887703284621
0.36220560525543982 0.34669904112815858 0.29931164421141149 0.00713798394817859 33.626657977700233 750.69887703284621
0.36220560525543982 0.34669904112815858 0.29931164421141149 0.00713798394817859 36.920246083289385 759.90228885784745
0.14345364361070095 0.35185621492564678 0.1376663886010647 0.010331510001234712 33.626657977700233 759.90228885784745
0.068337129056453699 0.22330677695572376 0.39144179001450541 0.012821553266048433 28.296746622771025 957.17426752671599
0.66792006646282964 0.22330677695572376 0.39144179001450541 0.012821553266048433 28.296746622771025 957.17426752671599
0.068337129056453699 0.43717459663748748 0.39144179001450541 0.012821553266048433 28.296746622771025 957.17426752671599
0.068337129056453699 0.22330677695572376 0.29312761165201662 0.012821553266048433 28.296746622771025 957.17426752671599
0.068337129056453699 0.22330677695572376 0.39144179001450541 0.015899846959486603 28.296746622771025 957.17426752671599
0.068337129056453699 0.22330677695572376 0.39144179001450541 0.012821553266048433 28.393381947651505 957.17426752671599
0.068337129056453699 0.22330677695572376 0.39144179001450541 0.012821553266048433 28.296746622771025 989.58693454042077
0.66792006646282964 0.43717459663748748 0.29312761165201662 0.015899846959486603 28.393381947651505 989.58693454042077
0.61995016611181197 0.40935787968337534 0.19110771343111993 0.0015497107321396472 15.732224008068442 183.82070139050484
0.28842277978546915 0.40935787968337534 0.19110771343111993 0.0015497107321396472 15.732224008068442 183.82070139050484
0.61995016611181197 0.17408595867455007 0.19110771343111993 0.0015497107321396472 15.732224008068442 183.82070139050484
0.61995016611181197 0.40935787968337534 0.46028962098062043 0.0015497107321396472 15.732224008068442 183.82070139050484
0.61995016611181197 0.40935787968337534 0.19110771343111993 0.0062360391085967424 15.732224008068442 183.82070139050484
0.61995016611181197 0.40935787968337534 0.19110771343111993 0.0015497107321396472 15.636032979935408 183.82070139050484
0.61995016611181197 0.40935787968337534 0.19110771343111993 0.0015497107321396472 15.732224008068442 336.7587816901505
0.28842277978546915 0.17408595867455007 0.46028962098062043 0.0062360391085967424 15.636032979935408 336.7587816901505
0.58944375305436547 0.29767756499350073 0.23949852660298349 0.0041510423140600321 22.781154571101069 498.05910037830472
0.60639135646633802 0.29767756499350073 0.23949852660298349 0.0041510423140600321 22.781154571101069 498.05910037830472
0.58944375305436547 0.47186998501420019 0.23949852660298349 0.0041510423140600321 22.781154571101069 498.05910037830472
0.58944375305436547 0.29767756499350073 0.20123675130307675 0.0041510423140600321 22.781154571101069 498.05910037830472
0.58944375305436547 0.29767756499350073 0.23949852660298349 0.01406421152111143 22.781154571101069 498.05910037830472
0.58944375305436547 0.29767756499350073 0.23949852660298349 0.0041510423140600321 25.493599597364664 498.05910037830472
0.58944375305436547 0.29767756499350073 0.23949852660298349 0.0041510423140600321 22.781154571101069 543.13633358106017
0.60639135646633802 0.47186998501420019 0.20123675130307675 0.01406421152111143 25.493599597364664 543.13633358106017
0.18001666627824303 0.48372104130685334 0.43992740139365194 0.010203623745590449 25.215709779411554 624.70543030649424
0.34860386955551798 0.48372104130685334 0.43992740139365194 0.010203623745590449 25.215709779411554 624.70543030649424
0.18001666627824303 0.13339682556688787 0.43992740139365194 0.010203623745590449 25.215709779411554 624.70543030649424
0.18001666627824303 0.48372104130685334 0.44651793874800205 0.010203623745590449 25.215709779411554 624.70543030649424
0.18001666627824303 0.48372104130685334 0.43992740139365194 0.0045093148443847899 25.215709779411554 624.70543030649424
0.18001666627824303 0.48372104130685334 0.43992740139365194 0.010203623745590449 22.344695406034589 624.70543030649424
0.18001666627824303 0.48372104130685334 0.43992740139365194 0.010203623745590449 25.215709779411554 776.28671182319522
0.34860386955551798 0.13339682556688787 0.44651793874800205 0.0045093148443847899 22.344695406034589 776.28671182319522
0.2505285379011184 0.16033563986420632 0.14457622654736044 0.0097770062396302839 31.563664015382528 887.3913386836648
0.46142227598465974 0.16033563986420632 0.14457622654736044 0.0097770062396302839 31.563664015382528 887.3913386836648
0.2505285379011184 0.25569488257169726 0.14457622654736044 0.0097770062396302839 31.563664015382528 887.3913386836648
0.2505285379011184 0.16033563986420632 0.39729142710566523 0.0097770062396302839 31.563664015382528 887.3913386836648
0.2505285379011184 0.16033563986420632 0.14457622654736044 0.010077580955438318 31.563664015382528 887.3913386836648
0.2505285379011184 0.16033563986420632 0.14457622654736044 0.0097770062396302839 9.7286214604973793 887.3913386836648
0.2505285379011184 0.16033563986420632 0.14457622654736044 0.0097770062396302839 31.563664015382528 574.17776314541698
0.46142227598465974 0.25569488257169726 0.39729142710566523 0.010077580955438318 9.7286214604973793 574.17776314541698
0.48096503997221585 0.3711593821644783 0.34422365762293339 0.015790084217488766 12.435834502801299 310.91278092935681
0.08223485597409308 0.3711593821644783 0.34422365762293339 0.015790084217488766 12.435834502801299 310.91278092935681
0.48096503997221585 0.34222177229821682 0.34422365762293339 0.015790084217488766 12.435834502801299 310.91278092935681
0.48096503997221585 0.3711593821644783 0.15515072047710421 0.015790084217488766 12.435834502801299 310.91278092935681
0.48096503997221585 0.3711593821644783 0.34422365762293339 0.019633690885826945 12.435834502801299 310.91278092935681
0.48096503997221585 0.3711593821644783 0.34422365762293339 0.015790084217488766 34.476632049307227 310.91278092935681
0.48096503997221585 0.3711593821644783 0.34422365762293339 0.015790084217488766 12.435834502801299 299.30679043754935
0.08223485597409308 0.34222177229821682 0.15515072047710421 0.019633690885826945 34.476632049307227 299.30679043754935
0.49376159524545066 0.27534027323126797 0.40245719142258174 0.013949275495298209 23.743872504681349 168.62580543383956
0.51860811691731212 0.27534027323126797 0.40245719142258174 0.013949275495298209 23.743872504681349 168.62580543383956
0.49376159524545066 0.36144315339624888 0.40245719142258174 0.013949275495298209 23.743872504681349 168.62580543383956
0.49376159524545066 0.27534027323126797 0.4016621552407742 0.013949275495298209 23.743872504681349 168.62580543383956
0.49376159524545066 0.27534027323126797 0.40245719142258174 0.0078345142880454667 23.743872504681349 168.62580543383956
0.49376159524545066 0.27534027323126797 0.40245719142258174 0.013949275495298209 27.062574440613389 168.62580543383956
0.49376159524545066 0.27534027323126797 0.40245719142258174 0.013949275495298209 23.743872504681349 744.8760099709034
0.51860811691731212 0.36144315339624888 0.4016621552407742 0.0078345142880454667 27.062574440613389 744.8760099709034
0.23669809610582887 0.49238521754741671 0.2021015826612711 0.00047304510250687599 20.488089492544532 970.15886232256889
0.10637840311974286 0.49238521754741671 0.2021015826612711 0.00047304510250687599 20.488089492544532 970.15886232256889
0.23669809610582887 0.24991630092263223 0.2021015826612711 0.00047304510250687599 20.488089492544532 970.15886232256889
0.23669809610582887 0.49238521754741671 0.24394257068634034 0.00047304510250687599 20.488089492544532 970.15886232256889
0.23669809610582887 0.49238521754741671 0.2021015826612711 0.018009378865361213 20.488089492544532 970.15886232256889
0.23669809610582887 0.49238521754741671 0.2021015826612711 0.00047304510250687599 17.084768276661634 970.15886232256889
0.23669809610582887 0.49238521754741671 0.2021015826612711 0.00047304510250687599 20.488089492544532 132.51877017319202
0.10637840311974286 0.24991630092263223 0.24394257068634034 0.018009378865361213 17.084768276661634 132.51877017319202
0.18275607619434592 0.1627554465085268 0.30675487890839581 0.019459754873253406 13.791374547407031 765.40051475167274
0.54170239111408591 0.1627554465085268 0.30675487890839581 0.019459754873253406 13.791374547407031 765.40051475167274
0.18275607619434592 0.16411728225648403 0.30675487890839581 0.019459754873253406 13.791374547407031 765.40051475167274
0.18275607619434592 0.1627554465085268 0.19940664730966093 0.019459754873253406 13.791374547407031 765.40051475167274
0.18275607619434592 0.1627554465085268 0.30675487890839581 0.013677621446736159 13.791374547407031 765.40051475167274
0.18275607619434592 0.1627554465085268 0.30675487890839581 0.019459754873253406 14.700613228604198 765.40051475167274
0.18275607619434592 0.1627554465085268 0.30675487890839581 0.019459754873253406 13.791374547407031 379.53091524541378
0.54170239111408591 0.16411728225648403 0.19940664730966093 0.013677621446736159 14.700613228604198 379.53091524541378
0.5858289930503815 0.35506894104182718 0.10718071386218071 0.0060203073427081109 33.972976256161928 413.80869066342711
0.33212214550003405 0.35506894104182718 0.10718071386218071 0.0060203073427081109 33.972976256161928 413.80869066342711
0.5858289930503815 0.42759038060903554 0.10718071386218071 0.0060203073427081109 33.972976256161928 413.80869066342711
0.5858289930503815 0.35506894104182718 0.35401053763926027 0.0060203073427081109 33.972976256161928 413.80869066342711
0.5858289930503815 0.35506894104182718 0.10718071386218071 0.0035039794169366362 33.972976256161928 413.80869066342711
0.5858289930503815 0.35506894104182718 0.10718071386218071 0.0060203073427081109 33.07931299507618 413.80869066342711
0.5858289930503815 0.35506894104182718 0.10718071386218071 0.0060203073427081109 33.972976256161928 950.16756057739258
0.33212214550003405 0.42759038060903554 0.35401053763926027 0.0035039794169366362 33.07931299507618 950.16756057739258
0.63657257999293504 0.13789179660379888 0.2618170447647572 0.0083326639346778409 34.53951546177268 323.85660950094461
0.64378139972686765 0.13789179660379888 0.2618170447647572 0.0083326639346778409 34.53951546177268 323.85660950094461
0.63657257999293504 0.13006276004016401 0.2618170447647572 0.0083326639346778409 34.53951546177268 323.85660950094461
0.63657257999293504 0.13789179660379888 0.10750996507704258 0.0083326639346778409 34.53951546177268 323.85660950094461
0.63657257999293504 0.13789179660379888 0.2618170447647572 0.016905149268358947 34.53951546177268 323.85660950094461
0.63657257999293504 0.13789179660379888 0.2618170447647572 0.0083326639346778409 8.2842331305146217 323.85660950094461
0.63657257999293504 0.13789179660379888 0.2618170447647572 0.0083326639346778409 34.53951546177268 819.0463999286294
0.64378139972686765 0.13006276004016401 0.10750996507704258 0.016905149268358947 8.2842331305146217 819.0463999286294
0.050685613416135311 0.3302220787853003 0.46149211153388026 0.017168867969699204 9.7220259364694357 872.26467477157712
0.23123205602169034 0.3302220787853003 0.46149211153388026 0.017168867969699204 9.7220259364694357 872.26467477157712
0.050685613416135311 0.46815133690834043 0.46149211153388026 0.017168867969699204 9.7220259364694357 872.26467477157712
0.050685613416135311 0.3302220787853003 0.34024467729032037 0.017168867969699204 9.7220259364694357 872.26467477157712
0.050685613416135311 0.3302220787853003 0.46149211153388026 0.0066225867705419659 9.7220259364694357 872.26467477157712
0.050685613416135311 0.3302220787853003 0.46149211153388026 0.017168867969699204 35.804458728060126 872.26467477157712
0.050685613416135311 0.3302220787853003 0.46149211153388026 0.017168867969699204 9.7220259364694357 503.73197998851538
0.23123205602169034 0.46815133690834043 0.34024467729032037 0.0066225867705419659 35.804458728060126 503.73197998851538
0.36877102875150736 0.20057475641369821 0.15361454375088215 0.0028203718125820163 17.9948191922158 611.26834349706769
0.41803791159763926 0.20057475641369821 0.15361454375088215 0.0028203718125820163 17.9948191922158 611.26834349706769
0.36877102875150736 0.34594332166016106 0.15361454375088215 0.0028203718125820163 17.9948191922158 611.26834349706769
0.36877102875150736 0.20057475641369821 0.4910214871168137 0.0028203718125820163 17.9948191922158 611.26834349706769
0.36877102875150736 0.20057475641369821 0.15361454375088215 0.0022909094929695131 17.9948191922158 611.26834349706769
0.36877102875150736 0.20057475641369821 0.15361454375088215 0.0028203718125820163 26.037505988031626 611.26834349706769
0.36877102875150736 0.20057475641369821 0.15361454375088215 0.0028203718125820163 17.9948191922158 284.2955319210887
0.41803791159763926 0.34594332166016106 0.4910214871168137 0.0022909094929695131 26.037505988031626 284.2955319210887
0.44302047817036505 0.41763648837804801 0.35407066680490973 0.011618584489263596 29.739945057779551 512.80151102691889
0.20813757115975018 0.41763648837804801 0.35407066680490973 0.011618584489263596 29.739945057779551 512.80151102691889
0.44302047817036505 0.25903194770216942 0.35407066680490973 0.011618584489263596 29.739945057779551 512.80151102691889
0.44302047817036505 0.41763648837804801 0.26142070814967155 0.011618584489263596 29.739945057779551 512.80151102691889
0.44302047817036505 0.41763648837804801 0.35407066680490973 0.012574685318209232 29.739945057779551 512.80151102691889
0.44302047817036505 0.41763648837804801 0.35407066680490973 0.011618584489263596 21.918144600465894 512.80151102691889
0.44302047817036505 0.41763648837804801 0.35407066680490973 0.011618584489263596 29.739945057779551 585.95942575484514
0.20813757115975018 0.25903194770216942 0.26142070814967155 0.012574685318209232 21.918144600465894 585.95942575484514
0.41425933944992716 0.17806616313755513 0.1845881685614586 0.016203759441338481 21.30021820962429 332.5285860337317
0.6772493279539048 0.17806616313755513 0.1845881685614586 0.016203759441338481 21.30021820962429 332.5285860337317
0.41425933944992716 0.1094383928924799 0.1845881685614586 0.016203759441338481 21.30021820962429 332.5285860337317
0.41425933944992716 0.17806616313755513 0.14922704882919791 0.016203759441338481 21.30021820962429 332.5285860337317
0.41425933944992716 0.17806616313755513 0.1845881685614586 0.0039985338725149634 21.30021820962429 332.5285860337317
0.41425933944992716 0.17806616313755513 0.1845881685614586 0.016203759441338481 20.229801621288061 332.5285860337317
0.41425933944992716 0.17806616313755513 0.1845881685614586 0.016203759441338481 21.30021820962429 691.86659790575504
0.6772493279539048 0.1094383928924799 0.14922704882919791 0.0039985338725149634 20.229801621288061 691.86659790575504
0.31461399961262937 0.39200422279536729 0.38579197227954865 0.009841878946498038 26.482385920360684 684.06165298074484
0.27773468559607861 0.39200422279536729 0.38579197227954865 0.009841878946498038 26.482385920360684 684.06165298074484
0.31461399961262937 0.49791839495301249 0.38579197227954865 0.009841878946498038 26.482385920360684 684.06165298074484
0.31461399961262937 0.39200422279536729 0.30399481765925884 0.009841878946498038 26.482385920360684 684.06165298074484
0.31461399961262937 0.39200422279536729 0.38579197227954865 0.014270072937197984 26.482385920360684 684.06165298074484
0.31461399961262937 0.39200422279536729 0.38579197227954865 0.009841878946498038 23.873080799356103 684.06165298074484
0.31461399961262937 0.39200422279536729 0.38579197227954865 0.009841878946498038 26.482385920360684 177.50730440020561
0.27773468559607861 0.49791839495301249 0.30399481765925884 0.014270072937197984 23.873080799356103 177.50730440020561
0.10579296038486063 0.26548018679022789 0.2810715388506651 0.010577868833951653 31.238240340724587 932.84467961639166
0.41089044567197558 0.26548018679022789 0.2810715388506651 0.010577868833951653 31.238240340724587 932.84467961639166
0.10579296038486063 0.31298990212380884 0.2810715388506651 0.010577868833951653 31.238240340724587 932.84467961639166
0.10579296038486063 0.26548018679022789 0.4516588017344475 0.010577868833951653 31.238240340724587 932.84467961639166
0.10579296038486063 0.26548018679022789 0.2810715388506651 0.019838112418353558 31.238240340724587 932.84467961639166
0.10579296038486063 0.26548018679022789 0.2810715388506651 0.010577868833951653 36.576830625534058 932.84467961639166
0.10579296038486063 0.26548018679022789 0.2810715388506651 0.010577868833951653 31.238240340724587 383.76015871763229
0.41089044567197558 0.31298990212380884 0.4516588017344475 0.019838112418353558 36.576830625534058 383.76015871763229
0.66628403654322021 0.45468680560588837 0.47993178628385069 0.0042553404357284306 12.982792548835278 131.25284546986222
0.13277542646974325 0.45468680560588837 0.47993178628385069 0.0042553404357284306 12.982792548835278 131.25284546986222
0.66628403654322021 0.27646985501050947 0.47993178628385069 0.0042553404357284306 12.982792548835278 131.25284546986222
0.66628403654322021 0.45468680560588837 0.29375061765313148 0.0042553404357284306 12.982792548835278 131.25284546986222
0.66628403654322021 0.45468680560588837 0.47993178628385069 0.0095677866810932773 12.982792548835278 131.25284546986222
0.66628403654322021 0.45468680560588837 0.47993178628385069 0.0042553404357284306 11.39301030151546 131.25284546986222
0.66628403654322021 0.45468680560588837 0.47993178628385069 0.0042553404357284306 12.982792548835278 939.8949783295393
0.13277542646974325 0.27646985501050947 0.29375061765313148 0.0095677866810932773 11.39301030151546 939.8949783295393
0.5545263643376529 0.23985397890210153 0.3251976054161787 0.0019040344808250668 10.504743784666061 486.90623976290226
0.47242535213008519 0.23985397890210153 0.3251976054161787 0.0019040344808250668 10.504743784666061 486.90623976290226
0.5545263643376529 0.37874607555568218 0.3251976054161787 0.0019040344808250668 10.504743784666061 486.90623976290226
0.5545263643376529 0.23985397890210153 0.44120714738965039 0.0019040344808250668 10.504743784666061 486.90623976290226
0.5545263643376529 0.23985397890210153 0.3251976054161787 0.010435320767201484 10.504743784666061 486.90623976290226
0.5545263643376529 0.23985397890210153 0.3251976054161787 0.0019040344808250668 31.508149748668075 486.90623976290226
0.5545263643376529 0.23985397890210153 0.3251976054161787 0.0019040344808250668 10.504743784666061 844.25878580659628
0.47242535213008519 0.37874607555568218 0.44120714738965039 0.010435320767201484 31.508149748668075 844.25878580659628
0.13622371801175176 0.42904076427221305 0.12643215619027615 0.012907138617895546 37.248388232663274 585.3143016807735
0.072590614948421714 0.42904076427221305 0.12643215619027615 0.012907138617895546 37.248388232663274 585.3143016807735
0.13622371801175176 0.21682929992675781 0.12643215619027615 0.012907138617895546 37.248388232663274 585.3143016807735
0.13622371801175176 0.42904076427221305 0.2114303544163704 0.012907138617895546 37.248388232663274 585.3143016807735
0.13622371801175176 0.42904076427221305 0.12643215619027615 0.00024944315701723099 37.248388232663274 585.3143016807735
0.13622371801175176 0.42904076427221305 0.12643215619027615 0.012907138617895546 12.653383754193783 585.3143016807735
0.13622371801175176 0.42904076427221305 0.12643215619027615 0.012907138617895546 37.248388232663274 486.3173121586442
0.072590614948421714 0.21682929992675781 0.2114303544163704 0.00024944315701723099 12.653383754193783 486.3173121586442
0.284185673110187 0.10253732539713384 0.43418154865503311 0.0075329463284462689 27.034619117155671 777.8078461997211
0.61738439574837678 0.10253732539713384 0.43418154865503311 0.0075329463284462689 27.034619117155671 777.8078461997211
0.284185673110187 0.19413988180458547 0.43418154865503311 0.0075329463284462689 27.034619117155671 777.8078461997211
0.284185673110187 0.10253732539713384 0.15753159932792188 0.0075329463284462689 27.034619117155671 777.8078461997211
0.284185673110187 0.10253732539713384 0.43418154865503311 0.0058174024971202019 27.034619117155671 777.8078461997211
0.284185673110187 0.10253732539713384 0.43418154865503311 0.0075329463284462689 17.739932389929891 777.8078461997211
0.284185673110187 0.10253732539713384 0.43418154865503311 0.0075329463284462689 27.034619117155671 252.48876083642244
0.61738439574837678 0.19413988180458547 0.15753159932792188 0.0058174024971202019 17.739932389929891 252.48876083642244
0.52601944277994328 0.31645555160939698 0.23307215571403506 0.018495489872805776 17.21587873250246 229.34101708233356
0.33894974663853639 0.31645555160939698 0.23307215571403506 0.018495489872805776 17.21587873250246 229.34101708233356
0.52601944277994328 0.40722315534949305 0.23307215571403506 0.018495489872805776 17.21587873250246 229.34101708233356
0.52601944277994328 0.31645555160939698 0.39041836149990561 0.018495489872805776 17.21587873250246 229.34101708233356
0.52601944277994328 0.31645555160939698 0.23307215571403506 0.016004502654820681 17.21587873250246 229.34101708233356
0.52601944277994328 0.31645555160939698 0.23307215571403506 0.018495489872805776 30.054184842854738 229.34101708233356
0.52601944277994328 0.31645555160939698 0.23307215571403506 0.018495489872805776 17.21587873250246 624.0258289501071
0.33894974663853639 0.40722315534949305 0.39041836149990561 0.016004502654820681 30.054184842854738 624.0258289501071
0.51311807553283861 0.11669476330280304 0.39488930776715281 0.0036622786119580274 33.232172757387161 559.64390346780419
0.12397409128025173 0.11669476330280304 0.39488930776715281 0.0036622786119580274 33.232172757387161 559.64390346780419
0.51311807553283861 0.18016207441687584 0.39488930776715281 0.0036622786119580274 33.232172757387161 559.64390346780419
0.51311807553283861 0.11669476330280304 0.32158413641154771 0.0036622786119580274 33.232172757387161 559.64390346780419
0.51311807553283861 0.11669476330280304 0.39488930776715281 0.0072821445723995565 33.232172757387161 559.64390346780419
0.51311807553283861 0.11669476330280304 0.39488930776715281 0.0036622786119580274 29.163226757198572 559.64390346780419
0.51311807553283861 0.11669476330280304 0.39488930776715281 0.0036622786119580274 33.232172757387161 801.22563391923904
0.12397409128025173 0.18016207441687584 0.32158413641154771 0.0072821445723995565 29.163226757198572 801.22563391923904
0.2560251353308558 0.30269093140959741 0.19443623647093775 0.012459206376411023 14.984164239838719 461.12201195210218
0.50600997554138294 0.30269093140959741 0.19443623647093775 0.012459206376411023 14.984164239838719 461.12201195210218
0.2560251353308558 0.41863596029579642 0.19443623647093775 0.012459206376411023 14.984164239838719 461.12201195210218
0.2560251353308558 0.30269093140959741 0.12636429257690907 0.012459206376411023 14.984164239838719 461.12201195210218
0.2560251353308558 0.30269093140959741 0.19443623647093775 0.017478898610547185 14.984164239838719 461.12201195210218
0.2560251353308558 0.30269093140959741 0.19443623647093775 0.012459206376411023 18.748707400634885 461.12201195210218
0.2560251353308558 0.30269093140959741 0.19443623647093775 0.012459206376411023 14.984164239838719 525.88762156665325
0.50600997554138294 0.41863596029579642 0.12636429257690907 0.017478898610547185 18.748707400634885 525.88762156665325
0.16404645540751517 0.22920758835971355 0.48981028087437151 0.0079357861168682584 19.295299017801881 256.44437205046415
0.30401438660919661 0.22920758835971355 0.48981028087437151 0.0079357861168682584 19.295299017801881 256.44437205046415
0.16404645540751517 0.39545822143554688 0.48981028087437151 0.0079357861168682584 19.295299017801881 256.44437205046415
0.16404645540751517 0.22920758835971355 0.2802658893167973 0.0079357861168682584 19.295299017801881 256.44437205046415
0.16404645540751517 0.22920758835971355 0.48981028087437151 0.01190965528022498 19.295299017801881 256.44437205046415
0.16404645540751517 0.22920758835971355 0.48981028087437151 0.0079357861168682584 13.515431649982929 256.44437205046415
0.16404645540751517 0.22920758835971355 0.48981028087437151 0.0079357861168682584 19.295299017801881 323.58639873564243
0.30401438660919661 0.39545822143554688 0.2802658893167973 0.01190965528022498 13.515431649982929 323.58639873564243
0.56712960405275226 0.44008169062435631 0.29013826586306096 0.016773274474032224 24.484676785767078 804.79757944121957
0.56465142257511614 0.44008169062435631 0.29013826586306096 0.016773274474032224 24.484676785767078 804.79757944121957
0.56712960405275226 0.20893215648829938 0.29013826586306096 0.016773274474032224 24.484676785767078 804.79757944121957
0.56712960405275226 0.44008169062435631 0.47237009257078177 0.016773274474032224 24.484676785767078 804.79757944121957
0.56712960405275226 0.44008169062435631 0.29013826586306096 0.0017140956129878761 24.484676785767078 804.79757944121957
0.56712960405275226 0.44008169062435631 0.29013826586306096 0.016773274474032224 30.529086014255881 804.79757944121957
0.56712960405275226 0.44008169062435631 0.29013826586306096 0.016773274474032224 24.484676785767078 556.2700055539608
0.56465142257511614 0.20893215648829938 0.47237009257078177 0.0017140956129878761 30.529086014255881 556.2700055539608
0.69912039181217545 0.25444765351712706 0.14174897260963917 0.019081910868920388 29.028723642230034 713.80183063447475
0.24414512244984504 0.25444765351712706 0.14174897260963917 0.019081910868920388 29.028723642230034 713.80183063447475
0.69912039181217545 0.31114736050367353 0.14174897260963917 0.019081910868920388 29.028723642230034 713.80183063447475
0.69912039181217545 0.25444765351712706 0.21258786469697954 0.019081910868920388 29.028723642230034 713.80183063447475
0.69912039181217545 0.25444765351712706 0.14174897260963917 0.018673086815699937 29.028723642230034 713.80183063447475
0.69912039181217545 0.25444765351712706 0.14174897260963917 0.019081910868920388 10.381273685023189 713.80183063447475
0.69912039181217545 0.25444765351712706 0.14174897260963917 0.019081910868920388 29.028723642230034 763.0882577970624
0.24414512244984504 0.31114736050367353 0.21258786469697954 0.018673086815699937 10.381273685023189 763.0882577970624
0.11322381333447992 0.46532633043825633 0.34132618941366677 0.0056437476605176928 19.217192756012082 362.15493408963084
0.62587083010002964 0.46532633043825633 0.34132618941366677 0.0056437476605176928 19.217192756012082 362.15493408963084
0.11322381333447992 0.29923677407205107 0.34132618941366677 0.0056437476605176928 19.217192756012082 362.15493408963084
0.11322381333447992 0.46532633043825633 0.43282307460904124 0.0056437476605176928 19.217192756012082 362.15493408963084
0.11322381333447992 0.46532633043825633 0.34132618941366677 0.0084124242527410398 19.217192756012082 362.15493408963084
0.11322381333447992 0.46532633043825633 0.34132618941366677 0.0056437476605176928 37.472123607993126 362.15493408963084
0.11322381333447992 0.46532633043825633 0.34132618941366677 0.0056437476605176928 19.217192756012082 109.84805058687925
0.62587083010002964 0.29923677407205107 0.43282307460904124 0.0084124242527410398 37.472123607993126 109.84805058687925
0.30684526879340407 0.19183764904737474 0.24917013421654702 0.014810216108150783 8.4996533785015345 101.18781207129359
0.18550342116504909 0.19183764904737474 0.24917013421654702 0.014810216108150783 8.4996533785015345 101.18781207129359
0.30684526879340407 0.11479652300477028 0.24917013421654702 0.014810216108150783 8.4996533785015345 101.18781207129359
0.30684526879340407 0.19183764904737474 0.38516231663525102 0.014810216108150783 8.4996533785015345 101.18781207129359
0.30684526879340407 0.19183764904737474 0.24917013421654702 0.0028432517696172 8.4996533785015345 101.18781207129359
0.30684526879340407 0.19183764904737474 0.24917013421654702 0.014810216108150783 24.856049383059144 101.18781207129359
0.30684526879340407 0.19183764904737474 0.24917013421654702 0.014810216108150783 8.4996533785015345 340.603849850595
0.18550342116504909 0.11479652300477028 0.38516231663525102 0.0028432517696172 24.856049383059144 340.603849850595
0.38112477916292842 0.37783839181065559 0.44952879473567009 0.0013327008031308652 35.250735871493816 902.66602449119091
0.44583074543625112 0.37783839181065559 0.44952879473567009 0.0013327008031308652 35.250735871493816 902.66602449119091
0.38112477916292842 0.47788588739931581 0.44952879473567009 0.0013327008031308652 35.250735871493816 902.66602449119091
0.38112477916292842 0.37783839181065559 0.16806108169257641 0.0013327008031308652 35.250735871493816 902.66602449119091
0.38112477916292842 0.37783839181065559 0.44952879473567009 0.013105118071101608 35.250735871493816 902.66602449119091
0.38112477916292842 0.37783839181065559 0.44952879473567009 0.0013327008031308652 19.364306639879942 902.66602449119091
0.38112477916292842 0.37783839181065559 0.44952879473567009 0.0013327008031308652 35.250735871493816 979.36958316713572
0.44583074543625112 0.47788588739931581 0.16806108169257641 0.013105118071101608 19.364306639879942 979.36958316713572
0.43552012024447317 0.2178640615195036 0.21725351624190808 0.0066913419481366872 11.804594185203314 842.22462614998221
0.25986440144479273 0.2178640615195036 0.21725351624190808 0.0066913419481366872 11.804594185203314 842.22462614998221
0.43552012024447317 0.32825611457228665 0.21725351624190808 0.0066913419481366872 11.804594185203314 842.22462614998221
0.43552012024447317 0.2178640615195036 0.23008631467819216 0.0066913419481366872 11.804594185203314 842.22462614998221
0.43552012024447317 0.2178640615195036 0.21725351624190808 0.00083584482781589036 11.804594185203314 842.22462614998221
0.43552012024447317 0.2178640615195036 0.21725351624190808 0.0066913419481366872 22.810247542336583 842.22462614998221
0.43552012024447317 0.2178640615195036 0.21725351624190808 0.0066913419481366872 11.804594185203314 860.27667485177517
0.25986440144479273 0.32825611457228665 0.23008631467819216 0.00083584482781589036 22.810247542336583 860.27667485177517
0.33584533208049827 0.40074152834713461 0.41835985742509363 0.017655169814638792 31.993634944781661 293.7027245759964
0.69012209437787531 0.40074152834713461 0.41835985742509363 0.017655169814638792 31.993634944781661 293.7027245759964
0.33584533208049827 0.26673532910645009 0.41835985742509363 0.017655169814638792 31.993634944781661 293.7027245759964
0.33584533208049827 0.40074152834713461 0.42235434874892241 0.017655169814638792 31.993634944781661 293.7027245759964
0.33584533208049827 0.40074152834713461 0.41835985742509363 0.011090611952356996 31.993634944781661 293.7027245759964
0.33584533208049827 0.40074152834713461 0.41835985742509363 0.017655169814638792 25.028043884783983 293.7027245759964
0.33584533208049827 0.40074152834713461 0.41835985742509363 0.017655169814638792 31.993634944781661 458.81570279598236
0.69012209437787531 0.26673532910645009 0.42235434874892241 0.011090611952356996 25.028043884783983 458.81570279598236
0.08390951510518789 0.13037574589252474 0.12311398535966873 0.0023012147177010776 25.72699031047523 542.5149604678154
0.16060731085017321 0.13037574589252474 0.12311398535966873 0.0023012147177010776 25.72699031047523 542.5149604678154
0.08390951510518789 0.14423432946205139 0.12311398535966873 0.0023012147177010776 25.72699031047523 542.5149604678154
0.08390951510518789 0.13037574589252474 0.37158080674707894 0.0023012147177010776 25.72699031047523 542.5149604678154
0.08390951510518789 0.13037574589252474 0.12311398535966873 0.015421156227961185 25.72699031047523 542.5149604678154
0.08390951510518789 0.13037574589252474 0.12311398535966873 0.0023012147177010776 34.941266870126128 542.5149604678154
0.08390951510518789 0.13037574589252474 0.12311398535966873 0.0023012147177010776 25.72699031047523 214.87630978226662
0.16060731085017321 0.14423432946205139 0.37158080674707894 0.015421156227961185 34.941266870126128 214.87630978226662
0.64441081578843296 0.33813113793730737 0.32187638282775877 0.013303033942542971 22.478417579084635 640.86817791685462
0.38821724029257887 0.33813113793730737 0.32187638282775877 0.013303033942542971 22.478417579084635 640.86817791685462
0.64441081578843296 0.45771359317004678 0.32187638282775877 0.013303033942542971 22.478417579084635 640.86817791685462
0.64441081578843296 0.33813113793730737 0.17617231570184233 0.013303033942542971 22.478417579084635 640.86817791685462
0.64441081578843296 0.33813113793730737 0.32187638282775877 0.0051675928419455883 22.478417579084635 640.86817791685462
0.64441081578843296 0.33813113793730737 0.32187638282775877 0.013303033942542971 9.2639830633997917 640.86817791685462
0.64441081578843296 0.33813113793730737 0.32187638282775877 0.013303033942542971 22.478417579084635 658.93675573170185
0.38821724029257887 0.45771359317004678 0.17617231570184233 0.0051675928419455883 9.2639830633997917 658.93675573170185
0.61390034439973529 0.15484104603528978 0.47036352604627607 0.010955411009304227 16.008210938423872 997.23570365458727
0.060032768733799459 0.15484104603528978 0.47036352604627607 0.010955411009304227 16.008210938423872 997.23570365458727
0.61390034439973529 0.16012478917837145 0.47036352604627607 0.010955411009304227 16.008210938423872 997.23570365458727
0.61390034439973529 0.15484104603528978 0.33534800074994564 0.010955411009304227 16.008210938423872 997.23570365458727
0.61390034439973529 0.15484104603528978 0.47036352604627607 0.014852324459515514 16.008210938423872 997.23570365458727
0.61390034439973529 0.15484104603528978 0.47036352604627607 0.010955411009304227 34.092193573713303 997.23570365458727
0.61390034439973529 0.15484104603528978 0.47036352604627607 0.010955411009304227 16.008210938423872 675.36109667271376
0.060032768733799459 0.16012478917837145 0.33534800074994564 0.014852324459515514 34.092193573713303 675.36109667271376
0.19558809343725442 0.36258880570530894 0.27150022685527803 0.0046315976988524198 27.760546078905463 195.58881046250463
0.48998074997216456 0.36258880570530894 0.27150022685527803 0.0046315976988524198 27.760546078905463 195.58881046250463
0.19558809343725442 0.44820732437074184 0.27150022685527803 0.0046315976988524198 27.760546078905463 195.58881046250463
0.19558809343725442 0.36258880570530894 0.11807070411741734 0.0046315976988524198 27.760546078905463 195.58881046250463
0.19558809343725442 0.36258880570530894 0.27150022685527803 0.0046496644351631403 27.760546078905463 195.58881046250463
0.19558809343725442 0.36258880570530894 0.27150022685527803 0.0046315976988524198 13.804634047672153 195.58881046250463
0.19558809343725442 0.36258880570530894 0.27150022685527803 0.0046315976988524198 27.760546078905463 205.3729297593236
0.48998074997216456 0.44820732437074184 0.11807070411741734 0.0046496644351631403 13.804634047672153 205.3729297593236
0.22416420639492568 0.29223141930997376 0.36372342221438891 0.015342516999505462 36.522462053224444 388.16306265071034
0.36193783832713955 0.29223141930997376 0.36372342221438891 0.015342516999505462 36.522462053224444 388.16306265071034
0.22416420639492568 0.36270125880837445 0.36372342221438891 0.015342516999505462 36.522462053224444 388.16306265071034
0.22416420639492568 0.29223141930997376 0.26260952278971672 0.015342516999505462 36.522462053224444 388.16306265071034
0.22416420639492568 0.29223141930997376 0.36372342221438891 0.008980137863568962 36.522462053224444 388.16306265071034
0.22416420639492568 0.29223141930997376 0.36372342221438891 0.015342516999505462 16.10065483674407 388.16306265071034
0.22416420639492568 0.29223141930997376 0.36372342221438891 0.015342516999505462 36.522462053224444 420.85774634033442
0.36193783832713955 0.36270125880837445 0.26260952278971672 0.008980137863568962 16.10065483674407 420.85774634033442
0.46602804427966471 0.47510125376284129 0.1625165667384863 0.0089819208268076198 11.712410796433687 739.64127171784639
0.58923759115859864 0.47510125376284129 0.1625165667384863 0.0089819208268076198 11.712410796433687 739.64127171784639
0.46602804427966471 0.22578374482691288 0.1625165667384863 0.0089819208268076198 11.712410796433687 739.64127171784639
0.46602804427966471 0.47510125376284129 0.48299673497676854 0.0089819208268076198 11.712410796433687 739.64127171784639
0.46602804427966471 0.47510125376284129 0.1625165667384863 0.019183992258831859 11.712410796433687 739.64127171784639
0.46602804427966471 0.47510125376284129 0.1625165667384863 0.0089819208268076198 27.928756514564157 739.64127171784639
0.46602804427966471 0.47510125376284129 0.1625165667384863 0.0089819208268076198 11.712410796433687 905.375318787992
0.58923759115859864 0.22578374482691288 0.48299673497676854 0.019183992258831859 27.928756514564157 905.375318787992
0.4647885388694703 0.29355449639260767 0.20275282971560957 0.011596277100034059 18.310414861887693 295.49793628975749
0.21598398112691936 0.29355449639260767 0.20275282971560957 0.011596277100034059 18.310414861887693 295.49793628975749
0.4647885388694703 0.12127583846449852 0.20275282971560957 0.011596277100034059 18.310414861887693 295.49793628975749
0.4647885388694703 0.29355449639260767 0.4414827939122915 0.011596277100034059 18.310414861887693 295.49793628975749
0.4647885388694703 0.29355449639260767 0.20275282971560957 0.017327628482878207 18.310414861887693 295.49793628975749
0.4647885388694703 0.29355449639260767 0.20275282971560957 0.011596277100034059 31.245732672512531 295.49793628975749
0.4647885388694703 0.29355449639260767 0.20275282971560957 0.011596277100034059 18.310414861887693 118.44658153131604
0.21598398112691936 0.12127583846449852 0.4414827939122915 0.017327628482878207 31.245732672512531 118.44658153131604
0.22294577718712388 0.4762226823717356 0.40162207745015621 0.0027607847087085251 29.937336167320609 843.96136067807674
0.65909893237985662 0.4762226823717356 0.40162207745015621 0.0027607847087085251 29.937336167320609 843.96136067807674
0.22294577718712388 0.48318644948303702 0.40162207745015621 0.0027607847087085251 29.937336167320609 843.96136067807674
0.22294577718712388 0.4762226823717356 0.21173907853662968 0.0027607847087085251 29.937336167320609 843.96136067807674
0.22294577718712388 0.4762226823717356 0.40162207745015621 0.0071237741613760595 29.937336167320609 843.96136067807674
0.22294577718712388 0.4762226823717356 0.40162207745015621 0.0027607847087085251 12.856981774792075 843.96136067807674
0.22294577718712388 0.4762226823717356 0.40162207745015621 0.0027607847087085251 29.937336167320609 758.94262129440904
0.65909893237985662 0.48318644948303702 0.21173907853662968 0.0071237741613760595 12.856981774792075 758.94262129440904
0.19682821873575446 0.15587114840745928 0.10626926869153977 0.017186592751182617 34.342012537643313 639.13220278918743
0.19337561461143193 0.15587114840745928 0.10626926869153977 0.017186592751182617 34.342012537643313 639.13220278918743
0.19682821873575446 0.3059079229831696 0.10626926869153977 0.017186592751182617 34.342012537643313 639.13220278918743
0.19682821873575446 0.15587114840745928 0.15626262053847315 0.017186592751182617 34.342012537643313 639.13220278918743
0.19682821873575446 0.15587114840745928 0.10626926869153977 0.0015554230041801931 34.342012537643313 639.13220278918743
0.19682821873575446 0.15587114840745928 0.10626926869153977 0.017186592751182617 18.99843243137002 639.13220278918743
0.19682821873575446 0.15587114840745928 0.10626926869153977 0.017186592751182617 34.342012537643313 992.35918531194329
0.19337561461143193 0.3059079229831696 0.15626262053847315 0.0015554230041801931 18.99843243137002 992.35918531194329
0.6151218730490654 0.36380789652466772 0.30748245418071751 0.0083877321600914021 9.406549233943224 540.72073278948665
0.43288910421542814 0.36380789652466772 0.30748245418071751 0.0083877321600914021 9.406549233943224 540.72073278948665
0.6151218730490654 0.29281858317553999 0.30748245418071751 0.0083877321600914021 9.406549233943224 540.72073278948665
0.6151218730490654 0.36380789652466772 0.3891467928886414 0.0083877321600914021 9.406549233943224 540.72073278948665
0.6151218730490654 0.36380789652466772 0.30748245418071751 0.011758083102293313 9.406549233943224 540.72073278948665
0.6151218730490654 0.36380789652466772 0.30748245418071751 0.0083877321600914021 28.971698509529233 540.72073278948665
0.6151218730490654 0.36380789652466772 0.30748245418071751 0.0083877321600914021 9.406549233943224 337.33371319249272
0.43288910421542814 0.29281858317553999 0.3891467928886414 0.011758083102293313 28.971698509529233 337.33371319249272
0.64570797081105402 0.1307130515575409 0.46211878806352613 0.0060571225859224797 14.076366659253836 197.3685709759593
0.090741183655336496 0.1307130515575409 0.46211878806352613 0.0060571225859224797 14.076366659253836 197.3685709759593
0.64570797081105402 0.39054237455129626 0.46211878806352613 0.0060571225859224797 14.076366659253836 197.3685709759593
0.64570797081105402 0.1307130515575409 0.1489423602819443 0.0060571225859224797 14.076366659253836 197.3685709759593
0.64570797081105402 0.1307130515575409 0.46211878806352613 0.0082617590369656688 14.076366659253836 197.3685709759593
0.64570797081105402 0.1307130515575409 0.46211878806352613 0.0060571225859224797 20.024158919230103 197.3685709759593
0.64570797081105402 0.1307130515575409 0.46211878806352613 0.0060571225859224797 14.076366659253836 545.9085307084024
0.090741183655336496 0.39054237455129626 0.1489423602819443 0.0082617590369656688 20.024158919230103 545.9085307084024
0.085227746330201623 0.33866963908076286 0.26100649833679201 0.019533838029392063 34.141797816380858 998.95699033513665
0.5341759197879582 0.33866963908076286 0.26100649833679201 0.019533838029392063 34.141797816380858 998.95699033513665
0.085227746330201623 0.20206851325929165 0.26100649833679201 0.019533838029392063 34.141797816380858 998.95699033513665
0.085227746330201623 0.33866963908076286 0.30369514748454096 0.019533838029392063 34.141797816380858 998.95699033513665
0.085227746330201623 0.33866963908076286 0.26100649833679201 0.018515322349220514 34.141797816380858 998.95699033513665
0.085227746330201623 0.33866963908076286 0.26100649833679201 0.019533838029392063 24.13709194585681 998.95699033513665
0.085227746330201623 0.33866963908076286 0.26100649833679201 0.019533838029392063 34.141797816380858 776.86169696971774
0.5341759197879582 0.20206851325929165 0.30369514748454096 0.018515322349220514 24.13709194585681 776.86169696971774
0.33454383783973746 0.21829902939498425 0.35313503555953507 0.00046982817500829696 23.575162647292018 737.92074779048562
0.31695091738365588 0.21829902939498425 0.35313503555953507 0.00046982817500829696 23.575162647292018 737.92074779048562
0.33454383783973746 0.18696497455239297 0.35313503555953507 0.00046982817500829696 23.575162647292018 737.92074779048562
0.33454383783973746 0.21829902939498425 0.45290632881224158 0.00046982817500829696 23.575162647292018 737.92074779048562
0.33454383783973746 0.21829902939498425 0.35313503555953507 0.012947051554359497 23.575162647292018 737.92074779048562
0.33454383783973746 0.21829902939498425 0.35313503555953507 0.00046982817500829696 37.661397514864802 737.92074779048562
0.33454383783973746 0.21829902939498425 0.35313503555953507 0.00046982817500829696 23.575162647292018 571.89973620697856
0.31695091738365588 0.18696497455239297 0.45290632881224158 0.012947051554359497 37.661397514864802 571.89973620697856
0.43420002935454244 0.40098705478012564 0.15436630807816984 0.013908703322149815 20.202978525310755 386.38428281992674
0.55678434683941302 0.40098705478012564 0.15436630807816984 0.013908703322149815 20.202978525310755 386.38428281992674
0.43420002935454244 0.42349106408655646 0.15436630807816984 0.013908703322149815 20.202978525310755 386.38428281992674
0.43420002935454244 0.40098705478012564 0.29504362605512147 0.013908703322149815 20.202978525310755 386.38428281992674
0.43420002935454244 0.40098705478012564 0.15436630807816984 0.0026922843560576444 20.202978525310755 386.38428281992674
0.43420002935454244 0.40098705478012564 0.15436630807816984 0.013908703322149815 10.132894620299339 386.38428281992674
0.43420002935454244 0.40098705478012564 0.15436630807816984 0.013908703322149815 20.202978525310755 298.34706922993064
0.55678434683941302 0.42349106408655646 0.29504362605512147 0.0026922843560576444 10.132894620299339 298.34706922993064
0.38242611843161278 0.19081067591905596 0.38507988229393963 0.018489044584892689 26.851035907864571 459.39900698140264
0.087712253211066127 0.19081067591905596 0.38507988229393963 0.018489044584892689 26.851035907864571 459.39900698140264
0.38242611843161278 0.36995504125952727 0.38507988229393963 0.018489044584892689 26.851035907864571 459.39900698140264
0.38242611843161278 0.19081067591905596 0.10643018931150437 0.018489044584892689 26.851035907864571 459.39900698140264
0.38242611843161278 0.19081067591905596 0.38507988229393963 0.011248981847055257 26.851035907864571 459.39900698140264
0.38242611843161278 0.19081067591905596 0.38507988229393963 0.018489044584892689 9.4848413225263357 459.39900698140264
0.38242611843161278 0.19081067591905596 0.38507988229393963 0.018489044584892689 26.851035907864571 191.55924404039979
0.087712253211066127 0.36995504125952727 0.10643018931150437 0.011248981847055257 9.4848413225263357 191.55924404039979
0.30816520471125836 0.37662237063050275 0.1855085425078869 0.0074865010295063258 16.915893631055951 557.86242801696062
0.45721446084789924 0.37662237063050275 0.1855085425078869 0.0074865010295063258 16.915893631055951 557.86242801696062
0.30816520471125836 0.23187253065407276 0.1855085425078869 0.0074865010295063258 16.915893631055951 557.86242801696062
0.30816520471125836 0.37662237063050275 0.3391745425760746 0.0074865010295063258 16.915893631055951 557.86242801696062
0.30816520471125836 0.37662237063050275 0.1855085425078869 0.00098711547181010249 16.915893631055951 557.86242801696062
0.30816520471125836 0.37662237063050275 0.1855085425078869 0.0074865010295063258 34.662218980491161 557.86242801696062
0.30816520471125836 0.37662237063050275 0.1855085425078869 0.0074865010295063258 16.915893631055951 677.80736433342099
0.45721446084789924 0.23187253065407276 0.3391745425760746 0.00098711547181010249 34.662218980491161 677.80736433342099
0.11192681328393518 0.25312771759927277 0.48078200407326221 0.012938005204312505 10.80461729504168 806.57807756215334
0.35455721267499024 0.25312771759927277 0.48078200407326221 0.012938005204312505 10.80461729504168 806.57807756215334
0.11192681328393518 0.15409731864929199 0.48078200407326221 0.012938005204312505 10.80461729504168 806.57807756215334
0.11192681328393518 0.25312771759927277 0.49152294583618639 0.012938005204312505 10.80461729504168 806.57807756215334
0.11192681328393518 0.25312771759927277 0.48078200407326221 0.0053191656837239861 10.80461729504168 806.57807756215334
0.11192681328393518 0.25312771759927277 0.48078200407326221 0.012938005204312505 25.715821983292699 806.57807756215334
0.11192681328393518 0.25312771759927277 0.48078200407326221 0.012938005204312505 10.80461729504168 897.71073134616017
0.35455721267499024 0.15409731864929199 0.49152294583618639 0.0053191656837239861 25.715821983292699 897.71073134616017
0.69780231555923811 0.46420795954763894 0.28042960204184053 0.0019749648075550797 37.432090185582638 258.16661091521382
0.60170749374665322 0.46420795954763894 0.28042960204184053 0.0019749648075550797 37.432090185582638 258.16661091521382
0.69780231555923811 0.44101485721766953 0.28042960204184053 0.0019749648075550797 37.432090185582638 258.16661091521382
0.69780231555923811 0.46420795954763894 0.26189423315227034 0.0019749648075550797 37.432090185582638 258.16661091521382
0.69780231555923811 0.46420795954763894 0.28042960204184053 0.015579828172922135 37.432090185582638 258.16661091521382
0.69780231555923811 0.46420795954763894 0.28042960204184053 0.0019749648075550797 22.064279813319445 258.16661091521382
0.69780231555923811 0.46420795954763894 0.28042960204184053 0.0019749648075550797 37.432090185582638 425.93711176887155
0.60170749374665322 0.44101485721766953 0.26189423315227034 0.015579828172922135 22.064279813319445 425.93711176887155
0.56588963372632861 0.22876956276595595 0.12569542415440083 0.0042666256088763474 31.084907531738281 360.41991114616394
0.29262558012269435 0.22876956276595595 0.12569542415440083 0.0042666256088763474 31.084907531738281 360.41991114616394
0.56588963372632861 0.13854246586561203 0.12569542415440083 0.0042666256088763474 31.084907531738281 360.41991114616394
0.56588963372632861 0.22876956276595595 0.40275708846747882 0.0042666256088763474 31.084907531738281 360.41991114616394
0.56588963372632861 0.22876956276595595 0.12569542415440083 0.004807429417967796 31.084907531738281 360.41991114616394
0.56588963372632861 0.22876956276595595 0.12569542415440083 0.0042666256088763474 28.206406470388174 360.41991114616394
0.56588963372632861 0.22876956276595595 0.12569542415440083 0.0042666256088763474 31.084907531738281 444.11970777437091
0.29262558012269435 0.13854246586561203 0.40275708846747882 0.004807429417967796 28.206406470388174 444.11970777437091
0.16282508173026145 0.43983302302658556 0.32614261843264103 0.010629142216406763 12.711486967280507 712.0083405636251
0.66244772761128834 0.43983302302658556 0.32614261843264103 0.010629142216406763 12.711486967280507 712.0083405636251
0.16282508173026145 0.45006327591836459 0.32614261843264103 0.010629142216406763 12.711486967280507 712.0083405636251
0.16282508173026145 0.43983302302658556 0.24499755986034871 0.010629142216406763 12.711486967280507 712.0083405636251
0.16282508173026145 0.43983302302658556 0.32614261843264103 0.015002989158965649 12.711486967280507 712.0083405636251
0.16282508173026145 0.43983302302658556 0.32614261843264103 0.010629142216406763 15.882117191329598 712.0083405636251
0.16282508173026145 0.43983302302658556 0.32614261843264103 0.010629142216406763 12.711486967280507 886.44995456561446
0.66244772761128834 0.45006327591836459 0.24499755986034871 0.015002989158965649 15.882117191329598 886.44995456561446
0.25726448576897382 0.11635438799858094 0.23389811590313914 0.0098158522453159099 21.571635717526078 904.45854058489203
0.14813260291703045 0.11635438799858094 0.23389811590313914 0.0098158522453159099 21.571635717526078 904.45854058489203
0.25726448576897382 0.33584549799561503 0.23389811590313914 0.0098158522453159099 21.571635717526078 904.45854058489203
0.25726448576897382 0.11635438799858094 0.19890831783413887 0.0098158522453159099 21.571635717526078 904.45854058489203
0.25726448576897382 0.11635438799858094 0.23389811590313914 0.019334959008544685 21.571635717526078 904.45854058489203
0.25726448576897382 0.11635438799858094 0.23389811590313914 0.0098158522453159099 14.552864164113998 904.45854058489203
0.25726448576897382 0.11635438799858094 0.23389811590313914 0.0098158522453159099 21.571635717526078 638.09198429808021
0.14813260291703045 0.33584549799561503 0.19890831783413887 0.019334959008544685 14.552864164113998 638.09198429808021
0.51433634976856402 0.30214930102229121 0.43356387242674832 0.016137657198123635 26.6355996504426 102.92206555604935
0.39560266886837775 0.30214930102229121 0.43356387242674832 0.016137657198123635 26.6355996504426 102.92206555604935
0.51433634976856402 0.27236625887453558 0.43356387242674832 0.016137657198123635 26.6355996504426 102.92206555604935
0.51433634976856402 0.30214930102229121 0.35353387147188187 0.016137657198123635 26.6355996504426 102.92206555604935
0.51433634976856402 0.30214930102229121 0.43356387242674832 0.0091382050441578041 26.6355996504426 102.92206555604935
0.51433634976856402 0.30214930102229121 0.43356387242674832 0.016137657198123635 33.403075767681003 102.92206555604935
0.51433634976856402 0.30214930102229121 0.43356387242674832 0.016137657198123635 26.6355996504426 238.41616986319423
0.39560266886837775 0.27236625887453558 0.35353387147188187 0.0091382050441578041 33.403075767681003 238.41616986319423
0.5273363567423075 0.10199858583509923 0.19518571048974992 0.0013118102103471757 8.8143463730812073 685.80021308735013
0.63130731410346919 0.10199858583509923 0.19518571048974992 0.0013118102103471757 8.8143463730812073 685.80021308735013
0.5273363567423075 0.33986084200441835 0.19518571048974992 0.0013118102103471757 8.8143463730812073 685.80021308735013
0.5273363567423075 0.10199858583509923 0.33484196439385416 0.0013118102103471757 8.8143463730812073 685.80021308735013
0.5273363567423075 0.10199858583509923 0.19518571048974992 0.017860638657584787 8.8143463730812073 685.80021308735013
0.5273363567423075 0.10199858583509923 0.19518571048974992 0.0013118102103471757 32.418948022648692 685.80021308735013
0.5273363567423075 0.10199858583509923 0.19518571048974992 0.0013118102103471757 8.8143463730812073 511.83604570105672
0.63130731410346919 0.33986084200441835 0.33484196439385416 0.017860638657584787 32.418948022648692 511.83604570105672
0.2854839904233813 0.31611838899552824 0.39395748972892763 0.014749249973334374 35.449029656127095 334.31853894144297
0.23861934668384488 0.31611838899552824 0.39395748972892763 0.014749249973334374 35.449029656127095 334.31853894144297
0.2854839904233813 0.25177224054932595 0.39395748972892763 0.014749249973334374 35.449029656127095 334.31853894144297
0.2854839904233813 0.31611838899552824 0.11759870499372482 0.014749249973334374 35.449029656127095 334.31853894144297
0.2854839904233813 0.31611838899552824 0.39395748972892763 0.0076735384261235598 35.449029656127095 334.31853894144297
0.2854839904233813 0.31611838899552824 0.39395748972892763 0.014749249973334374 15.419060543179512 334.31853894144297
0.2854839904233813 0.31611838899552824 0.39395748972892763 0.014749249973334374 35.449029656127095 815.28536537662148
0.23861934668384488 0.25177224054932595 0.11759870499372482 0.0076735384261235598 15.419060543179512 815.28536537662148
0.1349024648312479 0.2396082140505314 0.28932543210685258 0.0056601689420640467 28.830320054665208 129.46365866810083
0.45080094751901917 0.2396082140505314 0.28932543210685258 0.0056601689420640467 28.830320054665208 129.46365866810083
0.1349024648312479 0.1372615333646536 0.28932543210685258 0.0056601689420640467 28.830320054665208 129.46365866810083
0.1349024648312479 0.2396082140505314 0.26368472091853623 0.0056601689420640467 28.830320054665208 129.46365866810083
0.1349024648312479 0.2396082140505314 0.28932543210685258 0.0033427015047520401 28.830320054665208 129.46365866810083
0.1349024648312479 0.2396082140505314 0.28932543210685258 0.0056601689420640467 16.894983464851975 129.46365866810083
0.1349024648312479 0.2396082140505314 0.28932543210685258 0.0056601689420640467 28.830320054665208 598.45472360029817
0.45080094751901917 0.1372615333646536 0.26368472091853623 0.0033427015047520401 16.894983464851975 598.45472360029817
0.55322618735954165 0.42860593944787984 0.49044077359139926 0.019138320359773933 18.902616716921329 931.10709683969617
0.18046382186003029 0.42860593944787984 0.49044077359139926 0.019138320359773933 18.902616716921329 931.10709683969617
0.55322618735954165 0.47417288273572922 0.49044077359139926 0.019138320359773933 18.902616716921329 931.10709683969617
0.55322618735954165 0.42860593944787984 0.48406839556992054 0.019138320359773933 18.902616716921329 931.10709683969617
0.55322618735954165 0.42860593944787984 0.49044077359139926 0.013528579041175546 18.902616716921329 931.10709683969617
0.55322618735954165 0.42860593944787984 0.49044077359139926 0.019138320359773933 27.310441594570875 931.10709683969617
0.55322618735954165 0.42860593944787984 0.49044077359139926 0.019138320359773933 18.902616716921329 281.40983628109097
0.18046382186003029 0.47417288273572922 0.48406839556992054 0.013528579041175546 27.310441594570875 281.40983628109097
0.6650644450448453 0.2643586151301861 0.34205147735774522 0.016808672920800745 19.581193581223488 587.04084381461143
0.51122563402168453 0.2643586151301861 0.34205147735774522 0.016808672920800745 19.581193581223488 587.04084381461143
0.6650644450448453 0.17176169864833357 0.34205147735774522 0.016808672920800745 19.581193581223488 587.04084381461143
0.6650644450448453 0.2643586151301861 0.23058311827480793 0.016808672920800745 19.581193581223488 587.04084381461143
0.6650644450448453 0.2643586151301861 0.34205147735774522 0.0064744525073096157 19.581193581223488 587.04084381461143
0.6650644450448453 0.2643586151301861 0.34205147735774522 0.016808672920800745 21.201102260500193 587.04084381461143
0.6650644450448453 0.2643586151301861 0.34205147735774522 0.016808672920800745 19.581193581223488 152.04516043886542
0.51122563402168453 0.17176169864833357 0.23058311827480793 0.0064744525073096157 21.201102260500193 152.04516043886542
0.10455477223731577 0.45336396694183356 0.14084134362637998 0.0080112483039498344 24.652595894411206 488.68417805060744
0.11884768824093044 0.45336396694183356 0.14084134362637998 0.0080112483039498344 24.652595894411206 488.68417805060744
0.10455477223731577 0.43328852653503425 0.14084134362637998 0.0080112483039498344 24.652595894411206 488.68417805060744
0.10455477223731577 0.45336396694183356 0.4228355925530195 0.0080112483039498344 24.652595894411206 488.68417805060744
0.10455477223731577 0.45336396694183356 0.14084134362637998 0.016744778318330645 24.652595894411206 488.68417805060744
0.10455477223731577 0.45336396694183356 0.14084134362637998 0.0080112483039498344 26.695557611063123 488.68417805060744
0.10455477223731577 0.45336396694183356 0.14084134362637998 0.0080112483039498344 24.652595894411206 720.89672861620784
0.11884768824093044 0.43328852653503425 0.4228355925530195 0.016744778318330645 26.695557611063123 720.89672861620784
0.31583421099930997 0.17684692926704884 0.44869139045476913 0.012457292948849501 33.064363786950707 227.56384825333953
0.56938125328160816 0.17684692926704884 0.44869139045476913 0.012457292948849501 33.064363786950707 227.56384825333953
0.31583421099930997 0.35580632276833057 0.44869139045476913 0.012457292948849501 33.064363786950707 227.56384825333953
0.31583421099930997 0.17684692926704884 0.37048434764146809 0.012457292948849501 33.064363786950707 227.56384825333953
0.31583421099930997 0.17684692926704884 0.44869139045476913 0.012414012170396747 33.064363786950707 227.56384825333953
0.31583421099930997 0.17684692926704884 0.44869139045476913 0.012457292948849501 35.554336227476597 227.56384825333953
0.31583421099930997 0.17684692926704884 0.44869139045476913 0.012457292948849501 33.064363786950707 965.30304057523608
0.56938125328160816 0.35580632276833057 0.37048434764146809 0.012414012170396747 35.554336227476597 965.30304057523608
0.41550062703900031 0.39097435884177689 0.24982519447803497 0.0036203651733696463 14.698152385652065 776.08227804303169
0.29935399428941306 0.39097435884177689 0.24982519447803497 0.0036203651733696463 14.698152385652065 776.08227804303169
0.41550062703900031 0.24233319982886314 0.24982519447803497 0.0036203651733696463 14.698152385652065 776.08227804303169
0.41550062703900031 0.39097435884177689 0.1751219041645527 0.0036203651733696463 14.698152385652065 776.08227804303169
0.41550062703900031 0.39097435884177689 0.24982519447803497 0.0021424731794744733 14.698152385652065 776.08227804303169
0.41550062703900031 0.39097435884177689 0.24982519447803497 0.0036203651733696463 8.4753649141639471 776.08227804303169
0.41550062703900031 0.39097435884177689 0.24982519447803497 0.0036203651733696463 14.698152385652065 354.67597311362624
0.29935399428941306 0.24233319982886314 0.1751219041645527 0.0021424731794744733 8.4753649141639471 354.67597311362624
0.441800111811608 0.20082356706261636 0.41774446852505209 0.0089741720389574786 36.339778836816549 968.38264567777514
0.48536002081818874 0.20082356706261636 0.41774446852505209 0.0089741720389574786 36.339778836816549 968.38264567777514
0.441800111811608 0.18883339501917362 0.41774446852505209 0.0089741720389574786 36.339778836816549 968.38264567777514
0.441800111811608 0.20082356706261636 0.21385226584970951 0.0089741720389574786 36.339778836816549 968.38264567777514
0.441800111811608 0.20082356706261636 0.41774446852505209 0.014431049315445126 36.339778836816549 968.38264567777514
0.441800111811608 0.20082356706261636 0.41774446852505209 0.0089741720389574786 11.115877509117126 968.38264567777514
0.441800111811608 0.20082356706261636 0.41774446852505209 0.0089741720389574786 36.339778836816549 472.88828203454614
0.48536002081818874 0.18883339501917362 0.21385226584970951 0.014431049315445126 11.115877509117126 472.88828203454614
0.36752958619035775 0.41807427555322652 0.21807566024363043 0.015297412966005506 11.411525702103972 166.90097488462925
0.064722916902974242 0.41807427555322652 0.21807566024363043 0.015297412966005506 11.411525702103972 166.90097488462925
0.36752958619035775 0.40075014606118209 0.21807566024363043 0.015297412966005506 11.411525702103972 166.90097488462925
0.36752958619035775 0.41807427555322652 0.43409616909921167 0.015297412966005506 11.411525702103972 166.90097488462925
0.36752958619035775 0.41807427555322652 0.21807566024363043 0.004147273563966155 11.411525702103972 166.90097488462925
0.36752958619035775 0.41807427555322652 0.21807566024363043 0.015297412966005506 36.795888228341937 166.90097488462925
0.36752958619035775 0.41807427555322652 0.21807566024363043 0.015297412966005506 11.411525702103972 846.21053459122777
0.064722916902974242 0.40075014606118209 0.43409616909921167 0.004147273563966155 36.795888228341937 846.21053459122777
0.05190535988658667 0.13843357004225254 0.32282368615269663 0.0046638810817152265 16.308986006304622 415.53253717720509
0.58415087065659466 0.13843357004225254 0.32282368615269663 0.0046638810817152265 16.308986006304622 415.53253717720509
0.05190535988658667 0.38515834175050256 0.32282368615269663 0.0046638810817152265 16.308986006304622 415.53253717720509
0.05190535988658667 0.13843357004225254 0.38488209247589111 0.0046638810817152265 16.308986006304622 415.53253717720509
0.05190535988658667 0.13843357004225254 0.32282368615269663 0.0097168284228071576 16.308986006304622 415.53253717720509
0.05190535988658667 0.13843357004225254 0.32282368615269663 0.0046638810817152265 23.125369634479284 415.53253717720509
0.05190535988658667 0.13843357004225254 0.32282368615269663 0.0046638810817152265 16.308986006304622 616.74562888219953
0.58415087065659466 0.38515834175050256 0.38488209247589111 0.0097168284228071576 23.125369634479284 616.74562888219953
0.63781092311255627 0.33056221567094324 0.12237344011664392 0.011024962305091323 27.943346474319696 767.17597199603915
0.36711383364163336 0.33056221567094324 0.12237344011664392 0.011024962305091323 27.943346474319696 767.17597199603915
0.63781092311255627 0.22207504361867905 0.12237344011664392 0.011024962305091323 27.943346474319696 767.17597199603915
0.63781092311255627 0.33056221567094324 0.16775388345122338 0.011024962305091323 27.943346474319696 767.17597199603915
0.63781092311255627 0.33056221567094324 0.12237344011664392 0.019999390994384886 27.943346474319696 767.17597199603915
0.63781092311255627 0.33056221567094324 0.12237344011664392 0.011024962305091323 20.919437596574426 767.17597199603915
0.63781092311255627 0.33056221567094324 0.12237344011664392 0.011024962305091323 27.943346474319696 257.07387560978532
0.36711383364163336 0.22207504361867905 0.16775388345122338 0.019999390994384886 20.919437596574426 257.07387560978532
0.5871504012029618 0.16397170610725881 0.27086058035492899 0.013315622615627945 25.572757732123137 870.47300692647696
0.68512213886715467 0.16397170610725881 0.27086058035492899 0.013315622615627945 25.572757732123137 870.47300692647696
0.5871504012029618 0.31985982768237592 0.27086058035492899 0.013315622615627945 25.572757732123137 870.47300692647696
0.5871504012029618 0.16397170610725881 0.32033508345484735 0.013315622615627945 25.572757732123137 870.47300692647696
0.5871504012029618 0.16397170610725881 0.27086058035492899 0.0004098135907202959 25.572757732123137 870.47300692647696
0.5871504012029618 0.16397170610725881 0.27086058035492899 0.013315622615627945 29.833732100203633 870.47300692647696
0.5871504012029618 0.16397170610725881 0.27086058035492899 0.013315622615627945 25.572757732123137 163.19591132923961
0.68512213886715467 0.31985982768237592 0.32033508345484735 0.0004098135907202959 29.833732100203633 163.19591132923961
0.18405640814453361 0.35609577111899859 0.47120993062853811 0.0023511468347162012 22.208011766895652 322.11633110418916
0.26479490161873398 0.35609577111899859 0.47120993062853811 0.0023511468347162012 22.208011766895652 322.11633110418916
0.18405640814453361 0.28137980103492738 0.47120993062853811 0.0023511468347162012 22.208011766895652 322.11633110418916
0.18405640814453361 0.35609577111899859 0.12507586181163788 0.0023511468347162012 22.208011766895652 322.11633110418916
0.18405640814453361 0.35609577111899859 0.47120993062853811 0.010583455546759071 22.208011766895652 322.11633110418916
0.18405640814453361 0.35609577111899859 0.47120993062853811 0.0023511468347162012 18.019383002072573 322.11633110418916
0.18405640814453361 0.35609577111899859 0.47120993062853811 0.0023511468347162012 22.208011766895652 717.54541238769889
0.26479490161873398 0.28137980103492738 0.12507586181163788 0.010583455546759071 18.019383002072573 717.54541238769889
0.23538102717138826 0.27645888254046441 0.16343922801315786 0.01762772631701082 12.075109912082553 514.54080874100327
0.38273116643540556 0.27645888254046441 0.16343922801315786 0.01762772631701082 12.075109912082553 514.54080874100327
0.23538102717138826 0.10458957143127919 0.16343922801315786 0.01762772631701082 12.075109912082553 514.54080874100327
0.23538102717138826 0.27645888254046441 0.28054905198514463 0.01762772631701082 12.075109912082553 514.54080874100327
0.23538102717138826 0.27645888254046441 0.16343922801315786 0.016152939632162452 12.075109912082553 514.54080874100327
0.23538102717138826 0.27645888254046441 0.16343922801315786 0.01762772631701082 11.966009384021163 514.54080874100327
0.23538102717138826 0.27645888254046441 0.16343922801315786 0.01762772631701082 12.075109912082553 919.43464791402221
0.38273116643540556 0.10458957143127919 0.28054905198514463 0.016152939632162452 11.966009384021163 919.43464791402221
0.49246312296017997 0.49370501041412351 0.36300751604139803 0.0066266187358647588 32.147750455886126 613.05924858897924
0.1660041510593146 0.49370501041412351 0.36300751604139803 0.0066266187358647588 32.147750455886126 613.05924858897924
0.49246312296017997 0.49110959395766263 0.36300751604139803 0.0066266187358647588 32.147750455886126 613.05924858897924
0.49246312296017997 0.49370501041412351 0.47267434038221834 0.0066266187358647588 32.147750455886126 613.05924858897924
0.49246312296017997 0.49370501041412351 0.36300751604139803 0.0059780749810859563 32.147750455886126 613.05924858897924
0.49246312296017997 0.49370501041412351 0.36300751604139803 0.0066266187358647588 32.254521988332272 613.05924858897924
0.49246312296017997 0.49370501041412351 0.36300751604139803 0.0066266187358647588 32.147750455886126 406.80571449920535
0.1660041510593146 0.49110959395766263 0.47267434038221834 0.0059780749810859563 32.254521988332272 406.80571449920535
0.47972491467371575 0.15979999974370004 0.48366800434887414 0.0035458268580958251 20.837826637551188 752.43398882448673
0.43987721828743809 0.15979999974370004 0.48366800434887414 0.0035458268580958251 20.837826637551188 752.43398882448673
0.47972491467371575 0.4095222592353821 0.48366800434887414 0.0035458268580958251 20.837826637551188 752.43398882448673
0.47972491467371575 0.15979999974370004 0.12007603608071804 0.0035458268580958251 20.837826637551188 752.43398882448673
0.47972491467371575 0.15979999974370004 0.48366800434887414 0.016539524985849857 20.837826637551188 752.43398882448673
0.47972491467371575 0.15979999974370004 0.48366800434887414 0.0035458268580958251 24.609980370849371 752.43398882448673
0.47972491467371575 0.15979999974370004 0.48366800434887414 0.0035458268580958251 20.837826637551188 861.51105426251888
0.43987721828743809 0.4095222592353821 0.12007603608071804 0.016539524985849857 24.609980370849371 861.51105426251888
0.24930700925178823 0.37081311196088795 0.28324543572962285 0.01203395211659372 23.148800853639841 428.97091312333941
0.19018740979954601 0.37081311196088795 0.28324543572962285 0.01203395211659372 23.148800853639841 428.97091312333941
0.24930700925178823 0.19800227396190168 0.28324543572962285 0.01203395211659372 23.148800853639841 428.97091312333941
0.24930700925178823 0.37081311196088795 0.32787244655191899 0.01203395211659372 23.148800853639841 428.97091312333941
0.24930700925178823 0.37081311196088795 0.28324543572962285 0.0069834151292219758 23.148800853639841 428.97091312333941
0.24930700925178823 0.37081311196088795 0.28324543572962285 0.01203395211659372 19.551266917958856 428.97091312333941
0.24930700925178823 0.37081311196088795 0.28324543572962285 0.01203395211659372 23.148800853639841 461.36838793754578
0.19018740979954601 0.19800227396190168 0.32787244655191899 0.0069834151292219758 19.551266917958856 461.36838793754578
0.18125617168843744 0.29743489958345892 0.37546396926045422 0.0078972798531875017 33.6342395208776 182.02806962653995
0.62039361689239736 0.29743489958345892 0.37546396926045422 0.0078972798531875017 33.6342395208776 182.02806962653995
0.18125617168843744 0.21290287002921104 0.37546396926045422 0.0078972798531875017 33.6342395208776 182.02806962653995
0.18125617168843744 0.29743489958345892 0.47866122350096707 0.0078972798531875017 33.6342395208776 182.02806962653995
0.18125617168843744 0.29743489958345892 0.37546396926045422 0.0026528755374252799 33.6342395208776 182.02806962653995
0.18125617168843744 0.29743489958345892 0.37546396926045422 0.0078972798531875017 10.604869306087494 182.02806962653995
0.18125617168843744 0.29743489958345892 0.37546396926045422 0.0078972798531875017 33.6342395208776 214.13652971386909
0.62039361689239736 0.21290287002921104 0.47866122350096707 0.0026528755374252799 10.604869306087494 214.13652971386909
0.59066218226216727 0.4832771088927984 0.17582246288657188 0.01642475750334561 14.382827227935195 955.44010289013386
0.24835281167179346 0.4832771088927984 0.17582246288657188 0.01642475750334561 14.382827227935195 955.44010289013386
0.59066218226216727 0.37638283558189867 0.17582246288657188 0.01642475750334561 14.382827227935195 955.44010289013386
0.59066218226216727 0.4832771088927984 0.27397470474243169 0.01642475750334561 14.382827227935195 955.44010289013386
0.59066218226216727 0.4832771088927984 0.17582246288657188 0.012207772287912668 14.382827227935195 955.44010289013386
0.59066218226216727 0.4832771088927984 0.17582246288657188 0.01642475750334561 37.189419252797961 955.44010289013386
0.59066218226216727 0.4832771088927984 0.17582246288657188 0.01642475750334561 14.382827227935195 655.99976368248463
0.24835281167179346 0.37638283558189867 0.27397470474243169 0.012207772287912668 37.189419252797961 655.99976368248463
0.62125166035257273 0.22218210585415366 0.23055817261338235 0.019043064678832888 9.1342782806605101 626.42852747812867
0.55997264729812735 0.22218210585415366 0.23055817261338235 0.019043064678832888 9.1342782806605101 626.42852747812867
0.62125166035257273 0.27885445728898051 0.23055817261338235 0.019043064678832888 9.1342782806605101 626.42852747812867
0.62125166035257273 0.22218210585415366 0.41410820186138153 0.019043064678832888 9.1342782806605101 626.42852747812867
0.62125166035257273 0.22218210585415366 0.23055817261338235 0.0080924031795933851 9.1342782806605101 626.42852747812867
0.62125166035257273 0.22218210585415366 0.23055817261338235 0.019043064678832888 13.329829519614577 626.42852747812867
0.62125166035257273 0.22218210585415366 0.23055817261338235 0.019043064678832888 9.1342782806605101 674.62137024849653
0.55997264729812735 0.27885445728898051 0.41410820186138153 0.0080924031795933851 13.329829519614577 674.62137024849653
0.069657219946384435 0.40804414860904215 0.43010488674044611 0.005296174864284694 34.881928611546755 499.84045680612326
0.30996274398639795 0.40804414860904215 0.43010488674044611 0.005296174864284694 34.881928611546755 499.84045680612326
0.069657219946384435 0.31693769432604313 0.43010488674044611 0.005296174864284694 34.881928611546755 499.84045680612326
0.069657219946384435 0.40804414860904215 0.23130269572138787 0.005296174864284694 34.881928611546755 499.84045680612326
0.069657219946384435 0.40804414860904215 0.43010488674044611 0.017756210956722498 34.881928611546755 499.84045680612326
0.069657219946384435 0.40804414860904215 0.43010488674044611 0.005296174864284694 30.772881351411343 499.84045680612326
0.069657219946384435 0.40804414860904215 0.43010488674044611 0.005296174864284694 34.881928611546755 202.43588406592607
0.30996274398639795 0.31693769432604313 0.23130269572138787 0.017756210956722498 30.772881351411343 202.43588406592607
0.36090845023281865 0.13464533910155296 0.1348543304949999 0.014694632923975588 30.338721733540297 309.13216378539801
0.50180699117481709 0.13464533910155296 0.1348543304949999 0.014694632923975588 30.338721733540297 309.13216378539801
0.36090845023281865 0.49402853697538374 0.1348543304949999 0.014694632923975588 30.338721733540297 309.13216378539801
0.36090845023281865 0.13464533910155296 0.18677920736372472 0.014694632923975588 30.338721733540297 309.13216378539801
0.36090845023281865 0.13464533910155296 0.1348543304949999 0.013425751727260651 30.338721733540297 309.13216378539801
0.36090845023281865 0.13464533910155296 0.1348543304949999 0.014694632923975588 29.443628938868642 309.13216378539801
0.36090845023281865 0.13464533910155296 0.1348543304949999 0.014694632923975588 30.338721733540297 422.09207210689783
0.50180699117481709 0.49402853697538374 0.18677920736372472 0.013425751727260651 29.443628938868642 422.09207210689783
0.44913792582228773 0.34567828476428986 0.33518248237669468 0.00090718222167342905 17.64875846169889 885.66919201985002
0.1294465560466051 0.34567828476428986 0.33518248237669468 0.00090718222167342905 17.64875846169889 885.66919201985002
0.44913792582228773 0.10711182318627835 0.33518248237669468 0.00090718222167342905 17.64875846169889 885.66919201985002
0.44913792582228773 0.34567828476428986 0.36644423268735415 0.00090718222167342905 17.64875846169889 885.66919201985002
0.44913792582228773 0.34567828476428986 0.33518248237669468 0.0037607211813330656 17.64875846169889 885.66919201985002
0.44913792582228773 0.34567828476428986 0.33518248237669468 0.00090718222167342905 18.526498425751925 885.66919201985002
0.44913792582228773 0.34567828476428986 0.33518248237669468 0.00090718222167342905 17.64875846169889 907.92805757373571
0.1294465560466051 0.10711182318627835 0.36644423268735415 0.0037607211813330656 18.526498425751925 907.92805757373571
0.39672585441730912 0.26174463964998723 0.10349313169717789 0.0067295753339305523 26.12535204924643 916.36409107595682
0.59344057310372589 0.26174463964998723 0.10349313169717789 0.0067295753339305523 26.12535204924643 916.36409107595682
0.39672585441730912 0.26133181452751164 0.10349313169717789 0.0067295753339305523 26.12535204924643 916.36409107595682
0.39672585441730912 0.26174463964998723 0.42856631726026539 0.0067295753339305523 26.12535204924643 916.36409107595682
0.39672585441730912 0.26174463964998723 0.10349313169717789 0.010171176816709341 26.12535204924643 916.36409107595682
0.39672585441730912 0.26174463964998723 0.10349313169717789 0.0067295753339305523 16.354964489117265 916.36409107595682
0.39672585441730912 0.26174463964998723 0.10349313169717789 0.0067295753339305523 26.12535204924643 802.02056020498276
0.59344057310372589 0.26133181452751164 0.42856631726026539 0.010171176816709341 16.354964489117265 802.02056020498276
0.33389226682484147 0.46965086720883853 0.30462999939918523 0.01800335069447756 21.87334693223238 142.90101872757077
0.35646537113934751 0.46965086720883853 0.30462999939918523 0.01800335069447756 21.87334693223238 142.90101872757077
0.33389226682484147 0.3498049508780241 0.30462999939918523 0.01800335069447756 21.87334693223238 142.90101872757077
0.33389226682484147 0.46965086720883853 0.22387430444359779 0.01800335069447756 21.87334693223238 142.90101872757077
0.33389226682484147 0.46965086720883853 0.30462999939918523 0.00051838303133845329 21.87334693223238 142.90101872757077
0.33389226682484147 0.46965086720883853 0.30462999939918523 0.01800335069447756 27.733555596321821 142.90101872757077
0.33389226682484147 0.46965086720883853 0.30462999939918523 0.01800335069447756 21.87334693223238 528.87975983321667
0.35646537113934751 0.3498049508780241 0.22387430444359779 0.00051838303133845329 27.733555596321821 528.87975983321667
0.095718126418069011 0.19937838986515999 0.21247860603034496 0.0024173983143642545 13.343531221151352 349.44461779668927
0.49465952767059201 0.19937838986515999 0.21247860603034496 0.0024173983143642545 13.343531221151352 349.44461779668927
0.095718126418069011 0.46422566995024683 0.21247860603034496 0.0024173983143642545 13.343531221151352 349.44461779668927
0.095718126418069011 0.19937838986515999 0.16996357627213002 0.0024173983143642545 13.343531221151352 349.44461779668927
0.095718126418069011 0.19937838986515999 0.21247860603034496 0.0060876405606046322 13.343531221151352 349.44461779668927
0.095718126418069011 0.19937838986515999 0.21247860603034496 0.0024173983143642545 33.875005749985576 349.44461779668927
0.095718126418069011 0.19937838986515999 0.21247860603034496 0.0024173983143642545 13.343531221151352 322.40716554224491
0.49465952767059201 0.46422566995024683 0.16996357627213002 0.0060876405606046322 33.875005749985576 322.40716554224491
0.67270845482125874 0.38211372345685957 0.41127153597772126 0.013727956832200291 30.654139818623662 672.85664770752192
0.054084413778036834 0.38211372345685957 0.41127153597772126 0.013727956832200291 30.654139818623662 672.85664770752192
0.67270845482125874 0.12769875712692738 0.41127153597772126 0.013727956832200291 30.654139818623662 672.85664770752192
0.67270845482125874 0.38211372345685957 0.37778958790004258 0.013727956832200291 30.654139818623662 672.85664770752192
0.67270845482125874 0.38211372345685957 0.41127153597772126 0.015739211577177049 30.654139818623662 672.85664770752192
0.67270845482125874 0.38211372345685957 0.41127153597772126 0.013727956832200291 14.080930605530739 672.85664770752192
0.67270845482125874 0.38211372345685957 0.41127153597772126 0.013727956832200291 30.654139818623662 553.77246662974358
0.054084413778036834 0.12769875712692738 0.37778958790004258 0.015739211577177049 14.080930605530739 553.77246662974358
0.54079671250656247 0.12492553815245629 0.35663367025554182 0.011071254679560662 37.828840950503945 789.45054775103927
0.39369445107877249 0.12492553815245629 0.35663367025554182 0.011071254679560662 37.828840950503945 789.45054775103927
0.54079671250656247 0.42997574582695963 0.35663367025554182 0.011071254679560662 37.828840950503945 789.45054775103927
0.54079671250656247 0.12492553815245629 0.13685577325522902 0.011071254679560662 37.828840950503945 789.45054775103927
0.54079671250656247 0.12492553815245629 0.35663367025554182 0.0043483767479658127 37.828840950503945 789.45054775103927
0.54079671250656247 0.12492553815245629 0.35663367025554182 0.011071254679560662 35.135107852518559 789.45054775103927
0.54079671250656247 0.12492553815245629 0.35663367025554182 0.011071254679560662 37.828840950503945 761.90907824784517
0.39369445107877249 0.42997574582695963 0.13685577325522902 0.0043483767479658127 35.135107852518559 761.90907824784517
0.14662043382413684 0.3076440840959549 0.15773984454572201 0.0050574647629633551 10.140385918319225 212.86246702075005
0.15639961920678613 0.3076440840959549 0.15773984454572201 0.0050574647629633551 10.140385918319225 212.86246702075005
0.14662043382413684 0.16806431151926518 0.15773984454572201 0.0050574647629633551 10.140385918319225 212.86246702075005
0.14662043382413684 0.3076440840959549 0.31656298525631432 0.0050574647629633551 10.140385918319225 212.86246702075005
0.14662043382413684 0.3076440840959549 0.15773984454572201 0.013915509078837932 10.140385918319225 212.86246702075005
0.14662043382413684 0.3076440840959549 0.15773984454572201 0.0050574647629633551 9.011948874220252 212.86246702075005
0.14662043382413684 0.3076440840959549 0.15773984454572201 0.0050574647629633551 10.140385918319225 107.35045801848173
0.15639961920678613 0.16806431151926518 0.31656298525631432 0.013915509078837932 9.011948874220252 107.35045801848173
0.28299248740077015 0.23738915808498862 0.45311857312917714 0.015381618954986336 16.639102205634117 475.69898143410683
0.69607562394812694 0.23738915808498862 0.45311857312917714 0.015381618954986336 16.639102205634117 475.69898143410683
0.28299248740077015 0.24602720588445665 0.45311857312917714 0.015381618954986336 16.639102205634117 475.69898143410683
0.28299248740077015 0.23738915808498862 0.46421451643109324 0.015381618954986336 16.639102205634117 475.69898143410683
0.28299248740077015 0.23738915808498862 0.45311857312917714 0.019484686245769264 16.639102205634117 475.69898143410683
0.28299248740077015 0.23738915808498862 0.45311857312917714 0.015381618954986336 22.536254946142435 475.69898143410683
0.28299248740077015 0.23738915808498862 0.45311857312917714 0.015381618954986336 16.639102205634117 341.39872249215841
0.69607562394812694 0.24602720588445665 0.46421451643109324 0.019484686245769264 22.536254946142435 341.39872249215841
0.52864012471400201 0.44527859799563885 0.25188118517398839 0.0093298373850062497 27.388033794239163 602.23601972684264
0.25518041523173451 0.44527859799563885 0.25188118517398839 0.0093298373850062497 27.388033794239163 602.23601972684264
0.52864012471400201 0.35911582075059412 0.25188118517398839 0.0093298373850062497 27.388033794239163 602.23601972684264
0.52864012471400201 0.44527859799563885 0.2813916876912117 0.0093298373850062497 27.388033794239163 602.23601972684264
0.52864012471400201 0.44527859799563885 0.25188118517398839 0.0099163408087566511 27.388033794239163 602.23601972684264
0.52864012471400201 0.44527859799563885 0.25188118517398839 0.0093298373850062497 25.243843274191022 602.23601972684264
0.52864012471400201 0.44527859799563885 0.25188118517398839 0.0093298373850062497 27.388033794239163 982.36177507787943
0.25518041523173451 0.35911582075059412 0.2813916876912117 0.0099163408087566511 25.243843274191022 982.36177507787943
0.50097607872448857 0.24509975761175157 0.3135015107691288 0.014297452982142569 15.092217365279794 243.03994197398424
0.2026652783155441 0.24509975761175157 0.3135015107691288 0.014297452982142569 15.092217365279794 243.03994197398424
0.50097607872448857 0.22816908918321133 0.3135015107691288 0.014297452982142569 15.092217365279794 243.03994197398424
0.50097607872448857 0.24509975761175157 0.20015436187386515 0.014297452982142569 15.092217365279794 243.03994197398424
0.50097607872448857 0.24509975761175157 0.3135015107691288 0.018329399422183631 15.092217365279794 243.03994197398424
0.50097607872448857 0.24509975761175157 0.3135015107691288 0.014297452982142569 26.22270673699677 243.03994197398424
0.50097607872448857 0.24509975761175157 0.3135015107691288 0.014297452982142569 15.092217365279794 692.38686598837376
0.2026652783155441 0.22816908918321133 0.20015436187386515 0.018329399422183631 26.22270673699677 692.38686598837376
0.27054793909192082 0.4371734626591206 0.11317641064524651 0.00051128660198301076 32.410035125911236 819.52191116288304
0.42224060297012322 0.4371734626591206 0.11317641064524651 0.00051128660198301076 32.410035125911236 819.52191116288304
0.27054793909192082 0.36664831489324567 0.11317641064524651 0.00051128660198301076 32.410035125911236 819.52191116288304
0.27054793909192082 0.4371734626591206 0.44545032232999804 0.00051128660198301076 32.410035125911236 819.52191116288304
0.27054793909192082 0.4371734626591206 0.11317641064524651 0.0087513906633481398 32.410035125911236 819.52191116288304
0.27054793909192082 0.4371734626591206 0.11317641064524651 0.00051128660198301076 21.673949558287859 819.52191116288304
0.27054793909192082 0.4371734626591206 0.11317641064524651 0.00051128660198301076 32.410035125911236 180.22478446364403
0.42224060297012322 0.36664831489324567 0.44545032232999804 0.0087513906633481398 21.673949558287859 180.22478446364403
0.15936310966499148 0.10744168423116207 0.42092419452965257 0.019884669354185463 24.373004242777824 572.60484369471669
0.22528352672234175 0.10744168423116207 0.42092419452965257 0.019884669354185463 24.373004242777824 572.60484369471669
0.15936310966499148 0.44431820251047616 0.42092419452965257 0.019884669354185463 24.373004242777824 572.60484369471669
0.15936310966499148 0.10744168423116207 0.39780162088572979 0.019884669354185463 24.373004242777824 572.60484369471669
0.15936310966499148 0.10744168423116207 0.42092419452965257 0.0031833464246243241 24.373004242777824 572.60484369471669
0.15936310966499148 0.10744168423116207 0.42092419452965257 0.019884669354185463 8.0034313555806875 572.60484369471669
0.15936310966499148 0.10744168423116207 0.42092419452965257 0.019884669354185463 24.373004242777824 382.74572044610977
0.22528352672234175 0.44431820251047616 0.39780162088572979 0.0031833464246243241 8.0034313555806875 382.74572044610977
0.5687985588796437 0.32473512031137941 0.22138053216040135 0.0061364946274086833 20.12843750603497 445.96191514283419
0.64846046799793833 0.32473512031137941 0.22138053216040135 0.0061364946274086833 20.12843750603497 445.96191514283419
0.5687985588796437 0.15779747739434244 0.22138053216040135 0.0061364946274086833 20.12843750603497 445.96191514283419
0.5687985588796437 0.32473512031137941 0.15561560578644276 0.0061364946274086833 20.12843750603497 445.96191514283419
0.5687985588796437 0.32473512031137941 0.22138053216040135 0.012760151371173561 20.12843750603497 445.96191514283419
0.5687985588796437 0.32473512031137941 0.22138053216040135 0.0061364946274086833 36.02626620978117 445.96191514283419
0.5687985588796437 0.32473512031137941 0.22138053216040135 0.0061364946274086833 20.12843750603497 937.56223432719707
0.64846046799793833 0.15779747739434244 0.15561560578644276 0.012760151371173561 36.02626620978117 937.56223432719707
0.68063587704673401 0.1822926949709654 0.17289187200367451 0.0087585225900635132 18.387730682268739 115.90667208656669
0.32791424077004189 0.1822926949709654 0.17289187200367451 0.0087585225900635132 18.387730682268739 115.90667208656669
0.68063587704673401 0.46001343913376336 0.17289187200367451 0.0087585225900635132 18.387730682268739 115.90667208656669
0.68063587704673401 0.1822926949709654 0.3090299475938082 0.0087585225900635132 18.387730682268739 115.90667208656669
0.68063587704673401 0.1822926949709654 0.17289187200367451 0.0075619609115645291 18.387730682268739 115.90667208656669
0.68063587704673401 0.1822926949709654 0.17289187200367451 0.0087585225900635132 14.946168094873428 115.90667208656669
0.68063587704673401 0.1822926949709654 0.17289187200367451 0.0087585225900635132 18.387730682268739 843.24440117925406
0.32791424077004189 0.46001343913376336 0.3090299475938082 0.0075619609115645291 14.946168094873428 843.24440117925406
0.12901137811131774 0.39959376342594621 0.3725364301353693 0.017284715327993035 29.144101209938526 889.26363289356232
0.54717985372990363 0.39959376342594621 0.3725364301353693 0.017284715327993035 29.144101209938526 889.26363289356232
0.12901137811131774 0.14809598550200465 0.3725364301353693 0.017284715327993035 29.144101209938526 889.26363289356232
0.12901137811131774 0.39959376342594621 0.13872474841773511 0.017284715327993035 29.144101209938526 889.26363289356232
0.12901137811131774 0.39959376342594621 0.3725364301353693 0.01720387819521129 29.144101209938526 889.26363289356232
0.12901137811131774 0.39959376342594621 0.3725364301353693 0.017284715327993035 32.891836894676089 889.26363289356232
0.12901137811131774 0.39959376342594621 0.3725364301353693 0.017284715327993035 29.144101209938526 483.98451451212168
0.54717985372990363 0.14809598550200465 0.13872474841773511 0.01720387819521129 32.891836894676089 483.98451451212168
0.30089722014963621 0.26985358893871308 0.26781436279416082 0.0031682849777862434 36.076549917459488 698.63948076963425
0.10169462999328971 0.26985358893871308 0.26781436279416082 0.0031682849777862434 36.076549917459488 698.63948076963425
0.30089722014963621 0.26280963532626633 0.26781436279416082 0.0031682849777862434 36.076549917459488 698.63948076963425
0.30089722014963621 0.26985358893871308 0.29263869076967242 0.0031682849777862434 36.076549917459488 698.63948076963425
0.30089722014963621 0.26985358893871308 0.26781436279416082 0.011635904729925097 36.076549917459488 698.63948076963425
0.30089722014963621 0.26985358893871308 0.26781436279416082 0.0031682849777862434 26.838462885469198 698.63948076963425
0.30089722014963621 0.26985358893871308 0.26781436279416082 0.0031682849777862434 36.076549917459488 253.00897527486086
0.10169462999328971 0.26280963532626633 0.29263869076967242 0.011635904729925097 26.838462885469198 253.00897527486086
0.38913631006143984 0.46193492636084554 0.46823998317122462 0.011657694558426739 8.3953052777796984 375.12156059965491
0.52456139465793961 0.46193492636084554 0.46823998317122462 0.011657694558426739 8.3953052777796984 375.12156059965491
0.38913631006143984 0.32589213252067567 0.46823998317122462 0.011657694558426739 8.3953052777796984 375.12156059965491
0.38913631006143984 0.46193492636084554 0.45980345085263252 0.011657694558426739 8.3953052777796984 375.12156059965491
0.38913631006143984 0.46193492636084554 0.46823998317122462 0.0019927931491285564 8.3953052777796984 375.12156059965491
0.38913631006143984 0.46193492636084554 0.46823998317122462 0.011657694558426739 17.366958597674966 375.12156059965491
0.38913631006143984 0.46193492636084554 0.46823998317122462 0.011657694558426739 8.3953052777796984 626.74336265772581
0.52456139465793961 0.32589213252067567 0.45980345085263252 0.0019927931491285564 17.366958597674966 626.74336265772581
0.41607271553948516 0.14548780582845211 0.29856215827167032 0.015778497067838907 31.863638443872333 525.59336982667446
0.34363352218642823 0.14548780582845211 0.29856215827167032 0.015778497067838907 31.863638443872333 525.59336982667446
0.41607271553948516 0.4802704688161612 0.29856215827167032 0.015778497067838907 31.863638443872333 525.59336982667446
0.41607271553948516 0.14548780582845211 0.34770673848688605 0.015778497067838907 31.863638443872333 525.59336982667446
0.41607271553948516 0.14548780582845211 0.29856215827167032 0.014571361140720548 31.863638443872333 525.59336982667446
0.41607271553948516 0.14548780582845211 0.29856215827167032 0.015778497067838907 17.546491000801325 525.59336982667446
0.41607271553948516 0.14548780582845211 0.29856215827167032 0.015778497067838907 31.863638443872333 745.83573117852211
0.34363352218642823 0.4802704688161612 0.34770673848688605 0.014571361140720548 17.546491000801325 745.83573117852211
0.35322890584357075 0.33444280959665773 0.49979649446904661 0.0097254305856302389 12.619435537606478 652.07533566281199
0.61143112042918801 0.33444280959665773 0.49979649446904661 0.0097254305856302389 12.619435537606478 652.07533566281199
0.35322890584357075 0.1187443420290947 0.49979649446904661 0.0097254305856302389 12.619435537606478 652.07533566281199
0.35322890584357075 0.33444280959665773 0.10551518164575101 0.0097254305856302389 12.619435537606478 652.07533566281199
0.35322890584357075 0.33444280959665773 0.49979649446904661 0.0049353487368673085 12.619435537606478 652.07533566281199
0.35322890584357075 0.33444280959665773 0.49979649446904661 0.0097254305856302389 30.306620525196195 652.07533566281199
0.35322890584357075 0.33444280959665773 0.49979649446904661 0.0097254305856302389 12.619435537606478 134.79679711163044
0.61143112042918801 0.1187443420290947 0.10551518164575101 0.0049353487368673085 30.306620525196195 134.79679711163044
0.076998886466026303 0.20782859176397325 0.19192053526639941 0.010229348175227644 22.597441833466291 858.70307562872767
0.076798517256975174 0.20782859176397325 0.19192053526639941 0.010229348175227644 22.597441833466291 858.70307562872767
0.076998886466026303 0.29534688927233221 0.19192053526639941 0.010229348175227644 22.597441833466291 858.70307562872767
0.076998886466026303 0.20782859176397325 0.25004192590713503 0.010229348175227644 22.597441833466291 858.70307562872767
0.076998886466026303 0.20782859176397325 0.19192053526639941 0.0092670920303091417 22.597441833466291 858.70307562872767
0.076998886466026303 0.20782859176397325 0.19192053526639941 0.010229348175227644 31.78254372626543 858.70307562872767
0.076998886466026303 0.20782859176397325 0.19192053526639941 0.010229348175227644 22.597441833466291 378.95593009889126
0.076798517256975174 0.29534688927233221 0.25004192590713503 0.0092670920303091417 31.78254372626543 378.95593009889126
0.6540186656173318 0.42200331762433052 0.39081130921840668 0.004216842580772936 24.915854206308722 282.06015042960644
0.4669478870928287 0.42200331762433052 0.39081130921840668 0.004216842580772936 24.915854206308722 282.06015042960644
0.6540186656173318 0.30882081165909769 0.39081130921840668 0.004216842580772936 24.915854206308722 282.06015042960644
0.6540186656173318 0.42200331762433052 0.49536743983626363 0.004216842580772936 24.915854206308722 282.06015042960644
0.6540186656173318 0.42200331762433052 0.39081130921840668 0.0189019101370126 24.915854206308722 282.06015042960644
0.6540186656173318 0.42200331762433052 0.39081130921840668 0.004216842580772936 12.437984069809318 282.06015042960644
0.6540186656173318 0.42200331762433052 0.39081130921840668 0.004216842580772936 24.915854206308722 947.39536345005035
0.4669478870928287 0.30882081165909769 0.49536743983626363 0.0189019101370126 12.437984069809318 947.39536345005035
0.60335476337932048 0.28346733748912811 0.43920212537050252 0.001556457996554673 28.568062989041209 399.3681819178164
0.13872395819053052 0.28346733748912811 0.43920212537050252 0.001556457996554673 28.568062989041209 399.3681819178164
0.60335476337932048 0.21123123951256276 0.43920212537050252 0.001556457996554673 28.568062989041209 399.3681819178164
0.60335476337932048 0.28346733748912811 0.24271528050303459 0.001556457996554673 28.568062989041209 399.3681819178164
0.60335476337932048 0.28346733748912811 0.43920212537050252 0.0011688777763396504 28.568062989041209 399.3681819178164
0.60335476337932048 0.28346733748912811 0.43920212537050252 0.001556457996554673 36.323036907240748 399.3681819178164
0.60335476337932048 0.28346733748912811 0.43920212537050252 0.001556457996554673 28.568062989041209 818.47146842628717
0.13872395819053052 0.21123123951256276 0.24271528050303459 0.0011688777763396504 36.323036907240748 818.47146842628717
0.20914841406047341 0.49763748869299895 0.24040614366531374 0.012868300836533309 15.885538879781961 722.72515278309584
0.40621137982234351 0.49763748869299895 0.24040614366531374 0.012868300836533309 15.885538879781961 722.72515278309584
0.20914841406047341 0.3993206404149533 0.24040614366531374 0.012868300836533309 15.885538879781961 722.72515278309584
0.20914841406047341 0.49763748869299895 0.40992217957973487 0.012868300836533309 15.885538879781961 722.72515278309584
0.20914841406047341 0.49763748869299895 0.24040614366531374 0.010752783080004156 15.885538879781961 722.72515278309584
0.20914841406047341 0.49763748869299895 0.24040614366531374 0.012868300836533309 11.588725253939629 722.72515278309584
0.20914841406047341 0.49763748869299895 0.24040614366531374 0.012868300836533309 15.885538879781961 500.95972921699286
0.40621137982234351 0.3993206404149533 0.40992217957973487 0.010752783080004156 11.588725253939629 500.95972921699286
0.22107696649618447 0.17102860920131208 0.34506107382476331 0.0071074196333065628 10.893950249999762 985.58744322508574
0.28320697601884598 0.17102860920131208 0.34506107382476331 0.0071074196333065628 10.893950249999762 985.58744322508574
0.22107696649618447 0.41470950357615954 0.34506107382476331 0.0071074196333065628 10.893950249999762 985.58744322508574
0.22107696649618447 0.17102860920131208 0.35913628600537784 0.0071074196333065628 10.893950249999762 985.58744322508574
0.22107696649618447 0.17102860920131208 0.34506107382476331 0.015084455600008369 10.893950249999762 985.58744322508574
0.22107696649618447 0.17102860920131208 0.34506107382476331 0.0071074196333065628 20.44750359095633 985.58744322508574
0.22107696649618447 0.17102860920131208 0.34506107382476331 0.0071074196333065628 10.893950249999762 285.25519948452711
0.28320697601884598 0.41470950357615954 0.35913628600537784 0.015084455600008369 20.44750359095633 285.25519948452711
0.46673420602455729 0.35997903831303124 0.14392115436494352 0.018379910081624984 36.648810749873519 212.0695129968226
0.67304663415998212 0.35997903831303124 0.14392115436494352 0.018379910081624984 36.648810749873519 212.0695129968226
0.46673420602455729 0.17779885530471803 0.14392115436494352 0.018379910081624984 36.648810749873519 212.0695129968226
0.46673420602455729 0.35997903831303124 0.18881371654570103 0.018379910081624984 36.648810749873519 212.0695129968226
0.46673420602455729 0.35997903831303124 0.14392115436494352 0.0054993464840576052 36.648810749873519 212.0695129968226
0.46673420602455729 0.35997903831303124 0.14392115436494352 0.018379910081624984 23.597300063818693 212.0695129968226
0.46673420602455729 0.35997903831303124 0.14392115436494352 0.018379910081624984 36.648810749873519 588.23750633746386
0.67304663415998212 0.17779885530471803 0.18881371654570103 0.0054993464840576052 23.597300063818693 588.23750633746386
0.47171450490131966 0.13151780068874361 0.32901094369590284 0.0095417196143418558 23.39284004829824 354.83361072838306
0.57375223585404456 0.13151780068874361 0.32901094369590284 0.0095417196143418558 23.39284004829824 354.83361072838306
0.47171450490131966 0.16080737262964251 0.32901094369590284 0.0095417196143418558 23.39284004829824 354.83361072838306
0.47171450490131966 0.13151780068874361 0.27065294161438946 0.0095417196143418558 23.39284004829824 354.83361072838306
0.47171450490131966 0.13151780068874361 0.32901094369590284 0.015953772686235608 23.39284004829824 354.83361072838306
0.47171450490131966 0.13151780068874361 0.32901094369590284 0.0095417196143418558 22.499090984463692 354.83361072838306
0.47171450490131966 0.13151780068874361 0.32901094369590284 0.0095417196143418558 23.39284004829824 266.2951685488224
0.57375223585404456 0.16080737262964251 0.27065294161438946 0.015953772686235608 22.499090984463692 266.2951685488224
0.21590101537294681 0.34880534633994104 0.1286858554929495 0.015865530711971224 21.075351249426603 706.36718226596713
0.29625377305783329 0.34880534633994104 0.1286858554929495 0.015865530711971224 21.075351249426603 706.36718226596713
0.21590101537294681 0.44732818268239505 0.1286858554929495 0.015865530711971224 21.075351249426603 706.36718226596713
0.21590101537294681 0.34880534633994104 0.47534241527318954 0.015865530711971224 21.075351249426603 706.36718226596713
0.21590101537294681 0.34880534633994104 0.1286858554929495 0.0063370867785066363 21.075351249426603 706.36718226596713
0.21590101537294681 0.34880534633994104 0.1286858554929495 0.015865530711971224 25.412674752995372 706.36718226596713
0.21590101537294681 0.34880534633994104 0.1286858554929495 0.015865530711971224 21.075351249426603 610.16040928661823
0.29625377305783329 0.44732818268239505 0.47534241527318954 0.0063370867785066363 25.412674752995372 610.16040928661823
0.20385321192443367 0.21907945387065411 0.43643210083246231 0.0039171128865331415 14.141523439437151 911.19934422895312
0.5157550077419728 0.21907945387065411 0.43643210083246231 0.0039171128865331415 14.141523439437151 911.19934422895312
0.20385321192443367 0.36357762888073919 0.43643210083246231 0.0039171128865331415 14.141523439437151 911.19934422895312
0.20385321192443367 0.21907945387065411 0.33081884495913982 0.0039171128865331415 14.141523439437151 911.19934422895312
0.20385321192443367 0.21907945387065411 0.43643210083246231 0.00076906610634177924 14.141523439437151 911.19934422895312
0.20385321192443367 0.21907945387065411 0.43643210083246231 0.0039171128865331415 34.278777699917555 911.19934422895312
0.20385321192443367 0.21907945387065411 0.43643210083246231 0.0039171128865331415 14.141523439437151 858.07892642915249
0.5157550077419728 0.36357762888073919 0.33081884495913982 0.00076906610634177924 34.278777699917555 858.07892642915249
0.60821581124328072 0.41114727742969992 0.23688845038414003 0.010277708321623506 33.386648131534457 109.60781015455723
0.11558909523300825 0.41114727742969992 0.23688845038414003 0.010277708321623506 33.386648131534457 109.60781015455723
0.60821581124328072 0.22509838975965979 0.23688845038414003 0.010277708321623506 33.386648131534457 109.60781015455723
0.60821581124328072 0.41114727742969992 0.1229889590293169 0.010277708321623506 33.386648131534457 109.60781015455723
0.60821581124328072 0.41114727742969992 0.23688845038414003 0.010384538834169508 33.386648131534457 109.60781015455723
0.60821581124328072 0.41114727742969992 0.23688845038414003 0.010277708321623506 9.7660295311361551 109.60781015455723
0.60821581124328072 0.41114727742969992 0.23688845038414003 0.010277708321623506 33.386648131534457 472.43815958499908
0.11558909523300825 0.22509838975965979 0.1229889590293169 0.010384538834169508 9.7660295311361551 472.43815958499908
0.65895657963119447 0.29431193731725214 0.18215131610631943 0.012587944882176818 35.126780962571502 452.74324947968125
0.45390858803875739 0.29431193731725214 0.18215131610631943 0.012587944882176818 35.126780962571502 452.74324947968125
0.65895657963119447 0.32893708273768429 0.18215131610631943 0.012587944882176818 35.126780962571502 452.74324947968125
0.65895657963119447 0.29431193731725214 0.36392808444797997 0.012587944882176818 35.126780962571502 452.74324947968125
0.65895657963119447 0.29431193731725214 0.18215131610631943 0.010014884485676886 35.126780962571502 452.74324947968125
0.65895657963119447 0.29431193731725214 0.18215131610631943 0.012587944882176818 33.722430245950818 452.74324947968125
0.65895657963119447 0.29431193731725214 0.18215131610631943 0.012587944882176818 35.126780962571502 397.56571147590876
0.45390858803875739 0.32893708273768429 0.36392808444797997 0.010014884485676886 33.722430245950818 397.56571147590876
0.071780550479888919 0.48639959432184698 0.38179586231708529 0.0016241162780672315 9.3709968887269497 551.15182604640722
0.17608538125641643 0.48639959432184698 0.38179586231708529 0.0016241162780672315 9.3709968887269497 551.15182604640722
0.071780550479888919 0.26585457213222985 0.38179586231708529 0.0016241162780672315 9.3709968887269497 551.15182604640722
0.071780550479888919 0.48639959432184698 0.18421718887984753 0.0016241162780672315 9.3709968887269497 551.15182604640722
0.071780550479888919 0.48639959432184698 0.38179586231708529 0.019540772535465659 9.3709968887269497 551.15182604640722
0.071780550479888919 0.48639959432184698 0.38179586231708529 0.0016241162780672315 14.130684856325388 551.15182604640722
0.071780550479888919 0.48639959432184698 0.38179586231708529 0.0016241162780672315 9.3709968887269497 926.02870371192694
0.17608538125641643 0.26585457213222985 0.18421718887984753 0.019540772535465659 14.130684856325388 926.02870371192694
0.34797112946398551 0.15665310472249985 0.27707228176295762 0.018215572850219904 17.408494923263788 812.19107266515493
0.6345733651425689 0.15665310472249985 0.27707228176295762 0.018215572850219904 17.408494923263788 812.19107266515493
0.34797112946398551 0.14511213600635531 0.27707228176295762 0.018215572850219904 17.408494923263788 812.19107266515493
0.34797112946398551 0.15665310472249985 0.23500597625970843 0.018215572850219904 17.408494923263788 812.19107266515493
0.34797112946398551 0.15665310472249985 0.27707228176295762 0.013972832151874901 17.408494923263788 812.19107266515493
0.34797112946398551 0.15665310472249985 0.27707228176295762 0.018215572850219904 15.613931884989142 812.19107266515493
0.34797112946398551 0.15665310472249985 0.27707228176295762 0.018215572850219904 17.408494923263788 705.68588357418776
0.6345733651425689 0.14511213600635531 0.23500597625970843 0.013972832151874901 15.613931884989142 705.68588357418776
0.42097118915989989 0.37396048381924629 0.47749789021909239 0.0072137514125555757 30.090097246691585 263.72453356161714
0.23408255367539821 0.37396048381924629 0.47749789021909239 0.0072137514125555757 30.090097246691585 263.72453356161714
0.42097118915989989 0.45702967457473276 0.47749789021909239 0.0072137514125555757 30.090097246691585 263.72453356161714
0.42097118915989989 0.37396048381924629 0.41782683804631238 0.0072137514125555757 30.090097246691585 263.72453356161714
0.42097118915989989 0.37396048381924629 0.47749789021909239 0.0044457214070484042 30.090097246691585 263.72453356161714
0.42097118915989989 0.37396048381924629 0.47749789021909239 0.0072137514125555757 28.606599487364292 263.72453356161714
0.42097118915989989 0.37396048381924629 0.47749789021909239 0.0072137514125555757 30.090097246691585 163.627296872437
0.23408255367539821 0.45702967457473276 0.41782683804631238 0.0044457214070484042 28.606599487364292 163.627296872437
0.39443391426466401 0.23424368612468244 0.25801615193486216 0.00081097111776471146 21.651389973238111 190.93162808567286
0.37946356567554168 0.23424368612468244 0.25801615193486216 0.00081097111776471146 21.651389973238111 190.93162808567286
0.39443391426466401 0.31202441006898884 0.25801615193486216 0.00081097111776471146 21.651389973238111 190.93162808567286
0.39443391426466401 0.23424368612468244 0.38070547319948678 0.00081097111776471146 21.651389973238111 190.93162808567286
0.39443391426466401 0.23424368612468244 0.25801615193486216 0.011958325443044307 21.651389973238111 190.93162808567286
0.39443391426466401 0.23424368612468244 0.25801615193486216 0.00081097111776471146 28.778357787057757 190.93162808567286
0.39443391426466401 0.23424368612468244 0.25801615193486216 0.00081097111776471146 21.651389973238111 270.41380442678928
0.37946356567554168 0.31202441006898884 0.38070547319948678 0.011958325443044307 28.778357787057757 270.41380442678928
0.29603857435286041 0.44842435605823994 0.45925047621130943 0.014249133293516935 25.895034924149513 992.46520297601819
0.17054001423530279 0.44842435605823994 0.45925047621130943 0.014249133293516935 25.895034924149513 992.46520297601819
0.29603857435286041 0.29855054877698423 0.45925047621130943 0.014249133293516935 25.895034924149513 992.46520297601819
0.29603857435286041 0.44842435605823994 0.17290702424943449 0.014249133293516935 25.895034924149513 992.46520297601819
0.29603857435286041 0.44842435605823994 0.45925047621130943 0.0024383150553330783 25.895034924149513 992.46520297601819
0.29603857435286041 0.44842435605823994 0.45925047621130943 0.014249133293516935 19.059650778770447 992.46520297601819
0.29603857435286041 0.44842435605823994 0.45925047621130943 0.014249133293516935 25.895034924149513 599.77699145674706
0.17054001423530279 0.29855054877698423 0.17290702424943449 0.0024383150553330783 19.059650778770447 599.77699145674706
0.12403363627381622 0.12180419862270356 0.15137605555355549 0.006320166321098805 30.888001762330532 743.75255750492215
0.68201356851495798 0.12180419862270356 0.15137605555355549 0.006320166321098805 30.888001762330532 743.75255750492215
0.12403363627381622 0.11547978594899178 0.15137605555355549 0.006320166321098805 30.888001762330532 743.75255750492215
0.12403363627381622 0.12180419862270356 0.2205586373806 0.006320166321098805 30.888001762330532 743.75255750492215
0.12403363627381622 0.12180419862270356 0.15137605555355549 0.0067700536649674178 30.888001762330532 743.75255750492215
0.12403363627381622 0.12180419862270356 0.15137605555355549 0.006320166321098805 13.013601491227746 743.75255750492215
0.12403363627381622 0.12180419862270356 0.15137605555355549 0.006320166321098805 30.888001762330532 805.17840534448624
0.68201356851495798 0.11547978594899178 0.2205586373806 0.0067700536649674178 13.013601491227746 805.17840534448624
0.68581438520923255 0.31076513752341273 0.35026681758463385 0.019797679708339275 13.569260427728295 392.16102007776499
0.26917179250158368 0.31076513752341273 0.35026681758463385 0.019797679708339275 13.569260427728295 392.16102007776499
0.68581438520923255 0.47700587548315532 0.35026681758463385 0.019797679708339275 13.569260427728295 392.16102007776499
0.68581438520923255 0.31076513752341273 0.42524140104651453 0.019797679708339275 13.569260427728295 392.16102007776499
0.68581438520923255 0.31076513752341273 0.35026681758463385 0.016288841357640922 13.569260427728295 392.16102007776499
0.68581438520923255 0.31076513752341273 0.35026681758463385 0.019797679708339275 31.191823568195105 392.16102007776499
0.68581438520923255 0.31076513752341273 0.35026681758463385 0.019797679708339275 13.569260427728295 517.53581278026104
0.26917179250158368 0.47700587548315532 0.42524140104651453 0.016288841357640922 31.191823568195105 517.53581278026104
0.57405393319204445 0.19627412408590317 0.40490610785782344 0.017449088886566461 9.9173967558890581 289.69099735841155
0.57962242676876485 0.19627412408590317 0.40490610785782344 0.017449088886566461 9.9173967558890581 289.69099735841155
0.57405393319204445 0.18104075118899346 0.40490610785782344 0.017449088886566461 9.9173967558890581 289.69099735841155
0.57405393319204445 0.19627412408590317 0.28511328622698784 0.017449088886566461 9.9173967558890581 289.69099735841155
0.57405393319204445 0.19627412408590317 0.40490610785782344 0.0037046355186030272 9.9173967558890581 289.69099735841155
0.57405393319204445 0.19627412408590317 0.40490610785782344 0.017449088886566461 10.055010367184877 289.69099735841155
0.57405393319204445 0.19627412408590317 0.40490610785782344 0.017449088886566461 9.9173967558890581 365.6500494107604
0.57962242676876485 0.18104075118899346 0.28511328622698784 0.0037046355186030272 10.055010367184877 365.6500494107604
0.15446223397739231 0.38521827533841135 0.2061101380735636 0.0086521592043340215 37.599563181400299 838.09956386685371
0.37037397637031966 0.38521827533841135 0.2061101380735636 0.0086521592043340215 37.599563181400299 838.09956386685371
0.15446223397739231 0.41795136220753193 0.2061101380735636 0.0086521592043340215 37.599563181400299 838.09956386685371
0.15446223397739231 0.38521827533841135 0.46791484653949744 0.0086521592043340215 37.599563181400299 838.09956386685371
0.15446223397739231 0.38521827533841135 0.2061101380735636 0.013327207423374059 37.599563181400299 838.09956386685371
0.15446223397739231 0.38521827533841135 0.2061101380735636 0.0086521592043340215 37.841649504378438 838.09956386685371
0.15446223397739231 0.38521827533841135 0.2061101380735636 0.0086521592043340215 37.599563181400299 963.98598793894053
0.37037397637031966 0.41795136220753193 0.46791484653949744 0.013327207423374059 37.841649504378438 963.98598793894053
0.26560746803879737 0.2586156692355871 0.31076658144593239 0.011938080939091744 27.62109062820673 645.65236791968346
0.48099058796651656 0.2586156692355871 0.31076658144593239 0.011938080939091744 27.62109062820673 645.65236791968346
0.26560746803879737 0.39614005982875822 0.31076658144593239 0.011938080939091744 27.62109062820673 645.65236791968346
0.26560746803879737 0.2586156692355871 0.31400410793721678 0.011938080939091744 27.62109062820673 645.65236791968346
0.26560746803879737 0.2586156692355871 0.31076658144593239 0.017658865744434298 27.62109062820673 645.65236791968346
0.26560746803879737 0.2586156692355871 0.31076658144593239 0.011938080939091744 24.178455017507076 645.65236791968346
0.26560746803879737 0.2586156692355871 0.31076658144593239 0.011938080939091744 27.62109062820673 731.00887704640627
0.48099058796651656 0.39614005982875822 0.31400410793721678 0.017658865744434298 24.178455017507076 731.00887704640627
0.5061918576713651 0.47277955152094364 0.10962667390704156 0.0031005915492773061 16.865643674507737 547.18583887442946
0.067824067967012527 0.47277955152094364 0.10962667390704156 0.0031005915492773061 16.865643674507737 547.18583887442946
0.5061918576713651 0.20805072002112868 0.10962667390704156 0.0031005915492773061 16.865643674507737 547.18583887442946
0.5061918576713651 0.47277955152094364 0.13433647193014622 0.0031005915492773061 16.865643674507737 547.18583887442946
0.5061918576713651 0.47277955152094364 0.10962667390704156 0.0080350806597620263 16.865643674507737 547.18583887442946
0.5061918576713651 0.47277955152094364 0.10962667390704156 0.0031005915492773061 19.851246124133468 547.18583887442946
0.5061918576713651 0.47277955152094364 0.10962667390704156 0.0031005915492773061 16.865643674507737 146.32346462458372
0.067824067967012527 0.20805072002112868 0.13433647193014622 0.0080350806597620263 19.851246124133468 146.32346462458372
0.5342130368109792 0.27296994552016263 0.474567298591137 0.017974364140443504 32.647674234583974 863.87210059911013
0.32400354645214968 0.27296994552016263 0.474567298591137 0.017974364140443504 32.647674234583974 863.87210059911013
0.5342130368109792 0.37962474040687089 0.474567298591137 0.017974364140443504 32.647674234583974 863.87210059911013
0.5342130368109792 0.27296994552016263 0.1530749496072531 0.017974364140443504 32.647674234583974 863.87210059911013
0.5342130368109792 0.27296994552016263 0.474567298591137 0.018959242983348668 32.647674234583974 863.87210059911013
0.5342130368109792 0.27296994552016263 0.474567298591137 0.017974364140443504 20.83417179249227 863.87210059911013
0.5342130368109792 0.27296994552016263 0.474567298591137 0.017974364140443504 32.647674234583974 435.17912477254868
0.32400354645214968 0.37962474040687089 0.1530749496072531 0.018959242983348668 20.83417179249227 435.17912477254868
0.27840914949774737 0.45881809294223785 0.27414474189281468 0.0069712595608085398 15.336142063140869 315.35077067092061
0.55100001893006267 0.45881809294223785 0.27414474189281468 0.0069712595608085398 15.336142063140869 315.35077067092061
0.27840914949774737 0.21614471375942232 0.27414474189281468 0.0069712595608085398 15.336142063140869 315.35077067092061
0.27840914949774737 0.45881809294223785 0.3952641103416682 0.0069712595608085398 15.336142063140869 315.35077067092061
0.27840914949774737 0.45881809294223785 0.27414474189281468 0.0093644664518535148 15.336142063140869 315.35077067092061
0.27840914949774737 0.45881809294223785 0.27414474189281468 0.0069712595608085398 23.312888510525227 315.35077067092061
0.27840914949774737 0.45881809294223785 0.27414474189281468 0.0069712595608085398 15.336142063140869 891.11852459609509
0.55100001893006267 0.21614471375942232 0.3952641103416682 0.0093644664518535148 23.312888510525227 891.11852459609509
0.14199719061143695 0.18543394692242146 0.36636479012668133 0.01358295273538679 19.880731619894505 520.20865501835942
0.097634801687672731 0.18543394692242146 0.36636479012668133 0.01358295273538679 19.880731619894505 520.20865501835942
0.14199719061143695 0.19482170827686787 0.36636479012668133 0.01358295273538679 19.880731619894505 520.20865501835942
0.14199719061143695 0.18543394692242146 0.44917811378836636 0.01358295273538679 19.880731619894505 520.20865501835942
0.14199719061143695 0.18543394692242146 0.36636479012668133 0.005033941132761538 19.880731619894505 520.20865501835942
0.14199719061143695 0.18543394692242146 0.36636479012668133 0.01358295273538679 36.829869972541928 520.20865501835942
0.14199719061143695 0.18543394692242146 0.36636479012668133 0.01358295273538679 19.880731619894505 689.66874219477177
0.097634801687672731 0.19482170827686787 0.44917811378836636 0.005033941132761538 36.829869972541928 689.66874219477177
0.54632971929386254 0.39645298831164844 0.16672329567372801 0.0026204078633338215 24.131814951077104 618.56221277266741
0.5285505835432559 0.39645298831164844 0.16672329567372801 0.0026204078633338215 24.131814951077104 618.56221277266741
0.54632971929386254 0.40634173080325131 0.16672329567372801 0.0026204078633338215 24.131814951077104 618.56221277266741
0.54632971929386254 0.39645298831164844 0.20384848713874817 0.0026204078633338215 24.131814951077104 618.56221277266741
0.54632971929386254 0.39645298831164844 0.16672329567372801 0.014627513778209688 24.131814951077104 618.56221277266741
0.54632971929386254 0.39645298831164844 0.16672329567372801 0.0026204078633338215 10.950231824070215 618.56221277266741
0.54632971929386254 0.39645298831164844 0.16672329567372801 0.0026204078633338215 24.131814951077104 191.12986847758293
0.5285505835432559 0.40634173080325131 0.20384848713874817 0.014627513778209688 10.950231824070215 191.12986847758293
0.67832328686490651 0.11057482697069645 0.21520747952163222 0.004931758801266551 29.380705432966352 962.85119643434882
0.19915748233906921 0.11057482697069645 0.21520747952163222 0.004931758801266551 29.380705432966352 962.85119643434882
0.67832328686490651 0.1103154305368662 0.21520747952163222 0.004931758801266551 29.380705432966352 962.85119643434882
0.67832328686490651 0.11057482697069645 0.45650600492954252 0.004931758801266551 29.380705432966352 962.85119643434882
0.67832328686490651 0.11057482697069645 0.21520747952163222 0.0057500380784273148 29.380705432966352 962.85119643434882
0.67832328686490651 0.11057482697069645 0.21520747952163222 0.004931758801266551 32.053914379328489 962.85119643434882
0.67832328686490651 0.11057482697069645 0.21520747952163222 0.004931758801266551 29.380705432966352 229.19683326035738
0.19915748233906921 0.1103154305368662 0.45650600492954252 0.0057500380784273148 32.053914379328489 229.19683326035738
0.091176708461716771 0.32160150073468685 0.41475418172776701 0.011293637968413534 18.6326974183321 161.20485812425613
0.42583897407166654 0.32160150073468685 0.41475418172776701 0.011293637968413534 18.6326974183321 161.20485812425613
0.091176708461716771 0.49723218157887461 0.41475418172776701 0.011293637968413534 18.6326974183321 161.20485812425613
0.091176708461716771 0.32160150073468685 0.28929556533694267 0.011293637968413534 18.6326974183321 161.20485812425613
0.091176708461716771 0.32160150073468685 0.41475418172776701 0.015297843913175168 18.6326974183321 161.20485812425613
0.091176708461716771 0.32160150073468685 0.41475418172776701 0.011293637968413534 12.034609282389283 161.20485812425613
0.091176708461716771 0.32160150073468685 0.41475418172776701 0.011293637968413534 18.6326974183321 644.67910658568144
0.42583897407166654 0.49723218157887461 0.28929556533694267 0.015297843913175168 12.034609282389283 644.67910658568144
0.32923206277191636 0.24820895865559578 0.11950516253709793 0.0093201489660888915 8.1467951759696007 422.32819199562073
0.22160681844688951 0.24820895865559578 0.11950516253709793 0.0093201489660888915 8.1467951759696007 422.32819199562073
0.32923206277191636 0.31367315314710142 0.11950516253709793 0.0093201489660888915 8.1467951759696007 422.32819199562073
0.32923206277191636 0.24820895865559578 0.14164682663977146 0.0093201489660888915 8.1467951759696007 422.32819199562073
0.32923206277191636 0.24820895865559578 0.11950516253709793 0.010967389293760062 8.1467951759696007 422.32819199562073
0.32923206277191636 0.24820895865559578 0.11950516253709793 0.0093201489660888915 18.168735608458519 422.32819199562073
0.32923206277191636 0.24820895865559578 0.11950516253709793 0.0093201489660888915 8.1467951759696007 874.58346541970968
0.22160681844688951 0.31367315314710142 0.14164682663977146 0.010967389293760062 18.168735608458519 874.58346541970968
0.40222190036438399 0.43406473845243454 0.31983330249786379 0.015642676921747627 35.836171993985772 773.80675813183188
0.65220777452923351 0.43406473845243454 0.31983330249786379 0.015642676921747627 35.836171993985772 773.80675813183188
0.40222190036438399 0.27558985501527788 0.31983330249786379 0.015642676921747627 35.836171993985772 773.80675813183188
0.40222190036438399 0.43406473845243454 0.31196719072759149 0.015642676921747627 35.836171993985772 773.80675813183188
0.40222190036438399 0.43406473845243454 0.31983330249786379 0.0014183892356231811 35.836171993985772 773.80675813183188
0.40222190036438399 0.43406473845243454 0.31983330249786379 0.015642676921747627 29.787204323336482 773.80675813183188
0.40222190036438399 0.43406473845243454 0.31983330249786379 0.015642676921747627 35.836171993985772 444.5717865601182
0.65220777452923351 0.27558985501527788 0.31196719072759149 0.0014183892356231811 29.787204323336482 444.5717865601182
0.45375861199572676 0.17413924820721149 0.13755726404488089 0.012178987229801716 12.389232909306884 581.28886334598064
0.1425106954295188 0.17413924820721149 0.13755726404488089 0.012178987229801716 12.389232909306884 581.28886334598064
0.45375861199572676 0.13074374012649059 0.13755726404488089 0.012178987229801716 12.389232909306884 581.28886334598064
0.45375861199572676 0.17413924820721149 0.49906471818685538 0.012178987229801716 12.389232909306884 581.28886334598064
0.45375861199572676 0.17413924820721149 0.13755726404488089 0.012662777502834798 12.389232909306884 581.28886334598064
0.45375861199572676 0.17413924820721149 0.13755726404488089 0.012178987229801716 27.622528962790966 581.28886334598064
0.45375861199572676 0.17413924820721149 0.13755726404488089 0.012178987229801716 12.389232909306884 326.35821364820004
0.1425106954295188 0.13074374012649059 0.49906471818685538 0.012662777502834798 27.622528962790966 326.35821364820004
0.35537288640625769 0.35686868540942673 0.33869411982595921 0.0033427815720438962 31.64156698808074 482.76753006502986
0.40249537643976502 0.35686868540942673 0.33869411982595921 0.0033427815720438962 31.64156698808074 482.76753006502986
0.35537288640625769 0.46727056801319122 0.33869411982595921 0.0033427815720438962 31.64156698808074 482.76753006502986
0.35537288640625769 0.35686868540942673 0.25376657620072363 0.0033427815720438962 31.64156698808074 482.76753006502986
0.35537288640625769 0.35686868540942673 0.33869411982595921 0.0031260130250826482 31.64156698808074 482.76753006502986
0.35537288640625769 0.35686868540942673 0.33869411982595921 0.0033427815720438962 16.48018548451364 482.76753006502986
0.35537288640625769 0.35686868540942673 0.33869411982595921 0.0033427815720438962 31.64156698808074 993.67465376853943
0.40249537643976502 0.46727056801319122 0.25376657620072363 0.0031260130250826482 16.48018548451364 993.67465376853943
0.064081905782222753 0.28660209998488428 0.24654121175408364 0.016453778614290059 25.141468916088343 234.1389718465507
0.28684526211582123 0.28660209998488428 0.24654121175408364 0.016453778614290059 25.141468916088343 234.1389718465507
0.064081905782222753 0.34682114012539389 0.24654121175408364 0.016453778614290059 25.141468916088343 234.1389718465507
0.064081905782222753 0.28660209998488428 0.10298062153160573 0.016453778614290059 25.141468916088343 234.1389718465507
0.064081905782222753 0.28660209998488428 0.24654121175408364 0.0086952373988926426 25.141468916088343 234.1389718465507
0.064081905782222753 0.28660209998488428 0.24654121175408364 0.016453778614290059 15.143608350306749 234.1389718465507
0.064081905782222753 0.28660209998488428 0.24654121175408364 0.016453778614290059 25.141468916088343 748.82888868451118
0.28684526211582123 0.34682114012539389 0.10298062153160573 0.0086952373988926426 15.143608350306749 748.82888868451118
0.62583259618841103 0.49450244009494781 0.445334129780531 0.007655565790086985 22.831418273970485 782.49253295361996
0.66949878758750847 0.49450244009494781 0.445334129780531 0.007655565790086985 22.831418273970485 782.49253295361996
0.62583259618841103 0.25834801718592648 0.445334129780531 0.007655565790086985 22.831418273970485 782.49253295361996
0.62583259618841103 0.49450244009494781 0.34516311995685101 0.007655565790086985 22.831418273970485 782.49253295361996
0.62583259618841103 0.49450244009494781 0.445334129780531 0.01823080765325576 22.831418273970485 782.49253295361996
0.62583259618841103 0.49450244009494781 0.445334129780531 0.007655565790086985 32.826522590592504 782.49253295361996
0.62583259618841103 0.49450244009494781 0.445334129780531 0.007655565790086985 22.831418273970485 124.16685409843922
0.66949878758750847 0.25834801718592648 0.34516311995685101 0.01823080765325576 32.826522590592504 124.16685409843922
0.59532494335435326 0.21096821501851082 0.39694778993725777 0.0053058222353458409 15.656146725639701 679.41822865977883
0.34766204492188985 0.21096821501851082 0.39694778993725777 0.0053058222353458409 15.656146725639701 679.41822865977883
0.59532494335435326 0.36212574876844883 0.39694778993725777 0.0053058222353458409 15.656146725639701 679.41822865977883
0.59532494335435326 0.21096821501851082 0.191754112765193 0.0053058222353458409 15.656146725639701 679.41822865977883
0.59532494335435326 0.21096821501851082 0.39694778993725777 0.0017794042827561499 15.656146725639701 679.41822865977883
0.59532494335435326 0.21096821501851082 0.39694778993725777 0.0053058222353458409 8.9027947578579187 679.41822865977883
0.59532494335435326 0.21096821501851082 0.39694778993725777 0.0053058222353458409 15.656146725639701 309.34162419289351
0.34766204492188985 0.36212574876844883 0.191754112765193 0.0017794042827561499 8.9027947578579187 309.34162419289351
0.1757626827806234 0.41886398047208784 0.19805397614836695 0.018782052480615676 28.345188211649656 327.77190040796995
0.60733190015889704 0.41886398047208784 0.19805397614836695 0.018782052480615676 28.345188211649656 327.77190040796995
0.1757626827806234 0.24903714731335641 0.19805397614836695 0.018782052480615676 28.345188211649656 327.77190040796995
0.1757626827806234 0.41886398047208784 0.36205522306263449 0.018782052480615676 28.345188211649656 327.77190040796995
0.1757626827806234 0.41886398047208784 0.19805397614836695 0.011385213688760998 28.345188211649656 327.77190040796995
0.1757626827806234 0.41886398047208784 0.19805397614836695 0.018782052480615676 35.258456107228994 327.77190040796995
0.1757626827806234 0.41886398047208784 0.19805397614836695 0.018782052480615676 28.345188211649656 570.57593781501055
0.60733190015889704 0.24903714731335641 0.36205522306263449 0.011385213688760998 35.258456107228994 570.57593781501055
0.2436945792753249 0.14860273338854313 0.49343116767704487 0.0010328435949981214 36.875466603785753 135.35042684525251
0.080658694310113785 0.14860273338854313 0.49343116767704487 0.0010328435949981214 36.875466603785753 135.35042684525251
0.2436945792753249 0.16499366424977779 0.49343116767704487 0.0010328435949981214 36.875466603785753 135.35042684525251
0.2436945792753249 0.14860273338854313 0.40658200457692151 0.0010328435949981214 36.875466603785753 135.35042684525251
0.2436945792753249 0.14860273338854313 0.49343116767704487 0.016954367362894119 36.875466603785753 135.35042684525251
0.2436945792753249 0.14860273338854313 0.49343116767704487 0.0010328435949981214 26.304734779521823 135.35042684525251
0.2436945792753249 0.14860273338854313 0.49343116767704487 0.0010328435949981214 36.875466603785753 786.96712646633387
0.080658694310113785 0.16499366424977779 0.40658200457692151 0.016954367362894119 26.304734779521823 786.96712646633387
0.48426873469725246 0.33132759593427186 0.29219379164278508 0.014472289502806964 11.126892698928714 936.82898292317986
0.46299723903648549 0.33132759593427186 0.29219379164278508 0.014472289502806964 11.126892698928714 936.82898292317986
0.48426873469725246 0.42690501362085342 0.29219379164278508 0.014472289502806964 11.126892698928714 936.82898292317986
0.48426873469725246 0.33132759593427186 0.2394148722290993 0.014472289502806964 11.126892698928714 936.82898292317986
0.48426873469725246 0.33132759593427186 0.29219379164278508 0.0073473540708422665 11.126892698928714 936.82898292317986
0.48426873469725246 0.33132759593427186 0.29219379164278508 0.014472289502806964 21.489557355642319 936.82898292317986
0.48426873469725246 0.33132759593427186 0.29219379164278508 0.014472289502806964 11.126892698928714 540.20728673785925
0.46299723903648549 0.42690501362085342 0.2394148722290993 0.0073473540708422665 21.489557355642319 540.20728673785925
0.48787978505715723 0.21514716930687428 0.16073025055229664 0.015113741087913515 29.70072490349412 797.67434475943446
0.10734103275462985 0.21514716930687428 0.16073025055229664 0.015113741087913515 29.70072490349412 797.67434475943446
0.48787978505715723 0.47099217846989638 0.16073025055229664 0.015113741087913515 29.70072490349412 797.67434475943446
0.48787978505715723 0.21514716930687428 0.39278594627976415 0.015113741087913515 29.70072490349412 797.67434475943446
0.48787978505715723 0.21514716930687428 0.16073025055229664 0.01548504024576396 29.70072490349412 797.67434475943446
0.48787978505715723 0.21514716930687428 0.16073025055229664 0.015113741087913515 13.666032154113054 797.67434475943446
0.48787978505715723 0.21514716930687428 0.16073025055229664 0.015113741087913515 29.70072490349412 953.98838827386498
0.10734103275462985 0.47099217846989638 0.39278594627976415 0.01548504024576396 13.666032154113054 953.98838827386498
0.2409539392683655 0.40413862876594064 0.35950201787054537 0.0090611618692055355 18.065455166622996 221.14128284156322
0.51764421118423343 0.40413862876594064 0.35950201787054537 0.0090611618692055355 18.065455166622996 221.14128284156322
0.2409539392683655 0.13408074416220189 0.35950201787054537 0.0090611618692055355 18.065455166622996 221.14128284156322
0.2409539392683655 0.40413862876594064 0.16004530042409898 0.0090611618692055355 18.065455166622996 221.14128284156322
0.2409539392683655 0.40413862876594064 0.35950201787054537 0.0052592817481607202 18.065455166622996 221.14128284156322
0.2409539392683655 0.40413862876594064 0.35950201787054537 0.0090611618692055355 34.187079371884465 221.14128284156322
0.2409539392683655 0.40413862876594064 0.35950201787054537 0.0090611618692055355 18.065455166622996 369.71481563523412
0.51764421118423343 0.13408074416220189 0.16004530042409898 0.0052592817481607202 34.187079371884465 369.71481563523412
0.18958941493183373 0.12763472720980645 0.25487149730324743 0.010725277899950744 9.6550520714372396 468.08026395738125
0.33371965456753966 0.12763472720980645 0.25487149730324743 0.010725277899950744 9.6550520714372396 468.08026395738125
0.18958941493183373 0.25501391440629961 0.25487149730324743 0.010725277899950744 9.6550520714372396 468.08026395738125
0.18958941493183373 0.12763472720980645 0.20925654284656048 0.010725277899950744 9.6550520714372396 468.08026395738125
0.18958941493183373 0.12763472720980645 0.25487149730324743 0.00092844951059669256 9.6550520714372396 468.08026395738125
0.18958941493183373 0.12763472720980645 0.25487149730324743 0.010725277899950744 28.141029469668865 468.08026395738125
0.18958941493183373 0.12763472720980645 0.25487149730324743 0.010725277899950744 9.6550520714372396 135.22709803655744
0.33371965456753966 0.25501391440629961 0.20925654284656048 0.00092844951059669256 28.141029469668865 135.22709803655744
0.58252715799026189 0.34174824953079225 0.4559868268668652 0.0047122006596997381 34.582397725433111 594.67209307476878
0.5401036785915494 0.34174824953079225 0.4559868268668652 0.0047122006596997381 34.582397725433111 594.67209307476878
0.58252715799026189 0.34310252927243712 0.4559868268668652 0.0047122006596997381 34.582397725433111 594.67209307476878
0.58252715799026189 0.34174824953079225 0.43888724632561205 0.0047122006596997381 34.582397725433111 594.67209307476878
0.58252715799026189 0.34174824953079225 0.4559868268668652 0.011153013711050154 34.582397725433111 594.67209307476878
0.58252715799026189 0.34174824953079225 0.4559868268668652 0.0047122006596997381 16.079498326405883 594.67209307476878
0.58252715799026189 0.34174824953079225 0.4559868268668652 0.0047122006596997381 34.582397725433111 733.97514456883073
0.5401036785915494 0.34310252927243712 0.43888724632561205 0.011153013711050154 16.079498326405883 733.97514456883073
0.63326950515620406 0.1527726985514164 0.3013460047543049 0.0020707606384530665 33.904165972024202 923.89953266829252
0.23219325216487047 0.1527726985514164 0.3013460047543049 0.0020707606384530665 33.904165972024202 923.89953266829252
0.63326950515620406 0.23906843364238739 0.3013460047543049 0.0020707606384530665 33.904165972024202 923.89953266829252
0.63326950515620406 0.1527726985514164 0.29802364595234399 0.0020707606384530665 33.904165972024202 923.89953266829252
0.63326950515620406 0.1527726985514164 0.3013460047543049 0.0089274044055491705 33.904165972024202 923.89953266829252
0.63326950515620406 0.1527726985514164 0.3013460047543049 0.0020707606384530665 24.948063625022769 923.89953266829252
0.63326950515620406 0.1527726985514164 0.3013460047543049 0.0020707606384530665 33.904165972024202 581.64948550984263
0.23219325216487047 0.23906843364238739 0.29802364595234399 0.0089274044055491705 24.948063625022769 581.64948550984263
0.057520191930234436 0.36690606027841566 0.10013588294386865 0.013383315859735014 13.832434697076678 150.49146572127938
0.64282148452475663 0.36690606027841566 0.10013588294386865 0.013383315859735014 13.832434697076678 150.49146572127938
0.057520191930234436 0.35254156999289987 0.10013588294386865 0.013383315859735014 13.832434697076678 150.49146572127938
0.057520191930234436 0.36690606027841566 0.45578573755919938 0.013383315859735014 13.832434697076678 150.49146572127938
0.057520191930234436 0.36690606027841566 0.10013588294386865 0.019081719865463673 13.832434697076678 150.49146572127938
0.057520191930234436 0.36690606027841566 0.10013588294386865 0.013383315859735014 22.963698536157608 150.49146572127938
0.057520191930234436 0.36690606027841566 0.10013588294386865 0.013383315859735014 13.832434697076678 294.47371801361442
0.64282148452475663 0.35254156999289987 0.45578573755919938 0.019081719865463673 22.963698536157608 294.47371801361442
0.37302563213743262 0.2903830830007792 0.40798744447529323 0.0064622450666502124 20.450691452249885 341.19589636102319
0.20973403416573999 0.2903830830007792 0.40798744447529323 0.0064622450666502124 20.450691452249885 341.19589636102319
0.37302563213743262 0.43649201318621633 0.40798744447529323 0.0064622450666502124 20.450691452249885 341.19589636102319
0.37302563213743262 0.2903830830007792 0.30030924230813982 0.0064622450666502124 20.450691452249885 341.19589636102319
0.37302563213743262 0.2903830830007792 0.40798744447529323 0.014750967916473748 20.450691452249885 341.19589636102319
0.37302563213743262 0.2903830830007792 0.40798744447529323 0.0064622450666502124 9.3005046639591455 341.19589636102319
0.37302563213743262 0.2903830830007792 0.40798744447529323 0.0064622450666502124 20.450691452249885 500.50685917958617
0.20973403416573999 0.43649201318621633 0.30030924230813982 0.014750967916473748 9.3005046639591455 500.50685917958617
0.43713990775868289 0.47939438186585903 0.20912126041948798 0.017734089813381433 23.816344898194075 664.66273050755262
0.41644264720380297 0.47939438186585903 0.20912126041948798 0.017734089813381433 23.816344898194075 664.66273050755262
0.43713990775868289 0.17496510036289692 0.20912126041948798 0.017734089813381433 23.816344898194075 664.66273050755262
0.43713990775868289 0.47939438186585903 0.14568758681416513 0.017734089813381433 23.816344898194075 664.66273050755262
0.43713990775868289 0.47939438186585903 0.20912126041948798 0.0045954486442729833 23.816344898194075 664.66273050755262
0.43713990775868289 0.47939438186585903 0.20912126041948798 0.017734089813381433 34.744298990815878 664.66273050755262
0.43713990775868289 0.47939438186585903 0.20912126041948798 0.017734089813381433 23.816344898194075 830.33703221008182
0.41644264720380297 0.17496510036289692 0.14568758681416513 0.0045954486442729833 34.744298990815878 830.33703221008182
0.40996506321243936 0.11318460628390313 0.42723659723997121 0.0150489794831723 17.145292825996876 633.7434378452599
0.2761397698894143 0.11318460628390313 0.42723659723997121 0.0150489794831723 17.145292825996876 633.7434378452599
0.40996506321243936 0.21909107044339182 0.42723659723997121 0.0150489794831723 17.145292825996876 633.7434378452599
0.40996506321243936 0.11318460628390313 0.2592957351356745 0.0150489794831723 17.145292825996876 633.7434378452599
0.40996506321243936 0.11318460628390313 0.42723659723997121 0.011817966410890224 17.145292825996876 633.7434378452599
0.40996506321243936 0.11318460628390313 0.42723659723997121 0.0150489794831723 37.377037929370999 633.7434378452599
0.40996506321243936 0.11318460628390313 0.42723659723997121 0.0150489794831723 17.145292825996876 936.2458405084908
0.2761397698894143 0.21909107044339182 0.2592957351356745 0.011817966410890224 37.377037929370999 936.2458405084908
0.320454897172749 0.30531955957412721 0.22756780087947848 0.0012634502483531835 27.073903644457459 507.2103725746274
0.67884551975876084 0.30531955957412721 0.22756780087947848 0.0012634502483531835 27.073903644457459 507.2103725746274
0.320454897172749 0.38217430748045444 0.22756780087947848 0.0012634502483531835 27.073903644457459 507.2103725746274
0.320454897172749 0.30531955957412721 0.48904337249696261 0.0012634502483531835 27.073903644457459 507.2103725746274
0.320454897172749 0.30531955957412721 0.22756780087947848 0.0016502115583047273 27.073903644457459 507.2103725746274
0.320454897172749 0.30531955957412721 0.22756780087947848 0.0012634502483531835 10.51961836591363 507.2103725746274
0.320454897172749 0.30531955957412721 0.22756780087947848 0.0012634502483531835 27.073903644457459 393.72042873874307
0.67884551975876084 0.38217430748045444 0.48904337249696261 0.0016502115583047273 10.51961836591363 393.72042873874307
0.10913570807315409 0.22567253895103934 0.33231428973376753 0.019322031441703438 37.205441595986485 300.66291112452745
0.1318151625804603 0.22567253895103934 0.33231428973376753 0.019322031441703438 37.205441595986485 300.66291112452745
0.10913570807315409 0.40379487425088889 0.33231428973376753 0.019322031441703438 37.205441595986485 300.66291112452745
0.10913570807315409 0.22567253895103934 0.34295406937599182 0.019322031441703438 37.205441595986485 300.66291112452745
0.10913570807315409 0.22567253895103934 0.33231428973376753 0.0072197428505867724 37.205441595986485 300.66291112452745
0.10913570807315409 0.22567253895103934 0.33231428973376753 0.019322031441703438 19.385720809921622 300.66291112452745
0.10913570807315409 0.22567253895103934 0.33231428973376753 0.019322031441703438 37.205441595986485 174.50369382277131
0.1318151625804603 0.40379487425088889 0.34295406937599182 0.0072197428505867724 19.385720809921622 174.50369382277131
0.65948913088068362 0.44292957000434396 0.13186405561864378 0.0055731351872906091 10.571667581796646 877.25474359467626
0.41185191301628943 0.44292957000434396 0.13186405561864378 0.0055731351872906091 10.571667581796646 877.25474359467626
0.65948913088068362 0.19187816046178341 0.13186405561864378 0.0055731351872906091 10.571667581796646 877.25474359467626
0.65948913088068362 0.44292957000434396 0.11007248386740685 0.0055731351872906091 10.571667581796646 877.25474359467626
0.65948913088068362 0.44292957000434396 0.13186405561864378 0.017386293890886008 10.571667581796646 877.25474359467626
0.65948913088068362 0.44292957000434396 0.13186405561864378 0.0055731351872906091 24.643976755440235 877.25474359467626
0.65948913088068362 0.44292957000434396 0.13186405561864378 0.0055731351872906091 10.571667581796646 702.49970005825162
0.41185191301628943 0.19187816046178341 0.11007248386740685 0.017386293890886008 24.643976755440235 702.49970005825162
0.54773269845172756 0.25004795230925081 0.28660272173583512 0.0081755857197567828 12.941682331264019 760.87670773267746
0.070992173627018929 0.25004795230925081 0.28660272173583512 0.0081755857197567828 12.941682331264019 760.87670773267746
0.54773269845172756 0.48803869783878329 0.28660272173583512 0.0081755857197567828 12.941682331264019 760.87670773267746
0.54773269845172756 0.25004795230925081 0.35027614757418635 0.0081755857197567828 12.941682331264019 760.87670773267746
0.54773269845172756 0.25004795230925081 0.28660272173583512 0.0029455241261050107 12.941682331264019 760.87670773267746
0.54773269845172756 0.25004795230925081 0.28660272173583512 0.0081755857197567828 18.594998523592949 760.87670773267746
0.54773269845172756 0.25004795230925081 0.28660272173583512 0.0081755857197567828 12.941682331264019 628.06795230135322
0.070992173627018929 0.48803869783878329 0.35027614757418635 0.0029455241261050107 18.594998523592949 628.06795230135322
0.1395652259234339 0.46728820167481899 0.48695206008851533 0.016702340957149862 31.306986251845956 437.46865084394813
0.47402251251041883 0.46728820167481899 0.48695206008851533 0.016702340957149862 31.306986251845956 437.46865084394813
0.1395652259234339 0.10151871256530286 0.48695206008851533 0.016702340957149862 31.306986251845956 437.46865084394813
0.1395652259234339 0.46728820167481899 0.19552537500858308 0.016702340957149862 31.306986251845956 437.46865084394813
0.1395652259234339 0.46728820167481899 0.48695206008851533 0.013157851566001775 31.306986251845956 437.46865084394813
0.1395652259234339 0.46728820167481899 0.48695206008851533 0.016702340957149862 29.243006465956569 437.46865084394813
0.1395652259234339 0.46728820167481899 0.48695206008851533 0.016702340957149862 31.306986251845956 242.01534567400813
0.47402251251041883 0.10151871256530286 0.19552537500858308 0.013157851566001775 29.243006465956569 242.01534567400813
0.290027810446918 0.18765719905495645 0.17917984277009966 0.0039007210170850164 26.409977899864316 174.6282740496099
0.33798556970432397 0.18765719905495645 0.17917984277009966 0.0039007210170850164 26.409977899864316 174.6282740496099
0.290027810446918 0.28438958451151852 0.17917984277009966 0.0039007210170850164 26.409977899864316 174.6282740496099
0.290027810446918 0.18765719905495645 0.24787381552159787 0.0039007210170850164 26.409977899864316 174.6282740496099
0.290027810446918 0.18765719905495645 0.17917984277009966 0.018727302569709718 26.409977899864316 174.6282740496099
0.290027810446918 0.18765719905495645 0.17917984277009966 0.0039007210170850164 30.726253997534513 174.6282740496099
0.290027810446918 0.18765719905495645 0.17917984277009966 0.0039007210170850164 26.409977899864316 489.68665702268481
0.33798556970432397 0.28438958451151852 0.24787381552159787 0.018727302569709718 30.726253997534513 489.68665702268481
0.52172392676584423 0.37977537065744404 0.37874811887741089 0.012389634777978064 21.337666317820549 948.09509813785553
0.61834737407043572 0.37977537065744404 0.37874811887741089 0.012389634777978064 21.337666317820549 948.09509813785553
0.52172392676584423 0.32286955006420615 0.37874811887741089 0.012389634777978064 21.337666317820549 948.09509813785553
0.52172392676584423 0.37977537065744404 0.40574024952948096 0.012389634777978064 21.337666317820549 948.09509813785553
0.52172392676584423 0.37977537065744404 0.37874811887741089 0.00851378083266318 21.337666317820549 948.09509813785553
0.52172392676584423 0.37977537065744404 0.37874811887741089 0.012389634777978064 13.479167485609651 948.09509813785553
0.52172392676584423 0.37977537065744404 0.37874811887741089 0.012389634777978064 21.337666317820549 833.13978975638747
0.61834737407043572 0.32286955006420615 0.40574024952948096 0.00851378083266318 13.479167485609651 833.13978975638747
0.50916039864532647 0.17993897013366222 0.24369028285145761 0.0074574798079207541 35.204184345901012 406.84871869161725
0.50504947677254675 0.17993897013366222 0.24369028285145761 0.0074574798079207541 35.204184345901012 406.84871869161725
0.50916039864532647 0.28974767811596391 0.24369028285145761 0.0074574798079207541 35.204184345901012 406.84871869161725
0.50916039864532647 0.17993897013366222 0.48692644201219082 0.0074574798079207541 35.204184345901012 406.84871869161725
0.50916039864532647 0.17993897013366222 0.24369028285145761 0.019747318156249822 35.204184345901012 406.84871869161725
0.50916039864532647 0.17993897013366222 0.24369028285145761 0.0074574798079207541 12.499217281118035 406.84871869161725
0.50916039864532647 0.17993897013366222 0.24369028285145761 0.0074574798079207541 35.204184345901012 560.35847747698426
0.50504947677254675 0.28974767811596391 0.48692644201219082 0.019747318156249822 12.499217281118035 560.35847747698426
0.2622447846457362 0.38788203187286852 0.44255951866507537 0.018730758758634329 8.5776207242161036 730.37061188369989
0.12493578866124153 0.38788203187286852 0.44255951866507537 0.018730758758634329 8.5776207242161036 730.37061188369989
0.2622447846457362 0.30283707901835444 0.44255951866507537 0.018730758758634329 8.5776207242161036 730.37061188369989
0.2622447846457362 0.38788203187286852 0.26668610312044622 0.018730758758634329 8.5776207242161036 730.37061188369989
0.2622447846457362 0.38788203187286852 0.44255951866507537 0.0095047782771289363 8.5776207242161036 730.37061188369989
0.2622447846457362 0.38788203187286852 0.44255951866507537 0.018730758758634329 31.589302804321051 730.37061188369989
0.2622447846457362 0.38788203187286852 0.44255951866507537 0.018730758758634329 8.5776207242161036 313.18679796531796
0.12493578866124153 0.30283707901835444 0.26668610312044622 0.0095047782771289363 31.589302804321051 313.18679796531796
0.16768612959422169 0.26752417683601382 0.14720519669353962 0.0018299298787489535 19.142887519672513 977.2838169708848
0.56305674174800513 0.26752417683601382 0.14720519669353962 0.0018299298787489535 19.142887519672513 977.2838169708848
0.16768612959422169 0.48619621805846691 0.14720519669353962 0.0018299298787489535 19.142887519672513 977.2838169708848
0.16768612959422169 0.26752417683601382 0.11433477625250817 0.0018299298787489535 19.142887519672513 977.2838169708848
0.16768612959422169 0.26752417683601382 0.14720519669353962 0.0039364602753892541 19.142887519672513 977.2838169708848
0.16768612959422169 0.26752417683601382 0.14720519669353962 0.0018299298787489535 30.252726061269641 977.2838169708848
0.16768612959422169 0.26752417683601382 0.14720519669353962 0.0018299298787489535 19.142887519672513 529.33078082278371
0.56305674174800513 0.48619621805846691 0.11433477625250817 0.0039364602753892541 30.252726061269641 529.33078082278371
0.56059443159028888 0.4501986913383007 0.34841837026178835 0.013141050305962564 29.078937277197838 203.93060790374875
0.30561034837737677 0.4501986913383007 0.34841837026178835 0.013141050305962564 29.078937277197838 203.93060790374875
0.56059443159028888 0.12428556978702546 0.34841837026178835 0.013141050305962564 29.078937277197838 203.93060790374875
0.56059443159028888 0.4501986913383007 0.3314652144908905 0.013141050305962564 29.078937277197838 203.93060790374875
0.56059443159028888 0.4501986913383007 0.34841837026178835 0.014177777385711672 29.078937277197838 203.93060790374875
0.56059443159028888 0.4501986913383007 0.34841837026178835 0.013141050305962564 17.703210294246674 203.93060790374875
0.56059443159028888 0.4501986913383007 0.34841837026178835 0.013141050305962564 29.078937277197838 790.15298644080758
0.30561034837737677 0.12428556978702546 0.3314652144908905 0.014177777385711672 17.703210294246674 790.15298644080758
0.69258397957310081 0.24276586323976518 0.49680623002350333 0.010503480953723193 24.408549435436726 533.76226201653481
0.6249068832024931 0.24276586323976518 0.49680623002350333 0.010503480953723193 24.408549435436726 533.76226201653481
0.69258397957310081 0.42050708197057252 0.49680623002350333 0.010503480953723193 24.408549435436726 533.76226201653481
0.69258397957310081 0.24276586323976518 0.17888322174549104 0.010503480953723193 24.408549435436726 533.76226201653481
0.69258397957310081 0.24276586323976518 0.49680623002350333 0.0059193656116724013 24.408549435436726 533.76226201653481
0.69258397957310081 0.24276586323976518 0.49680623002350333 0.010503480953723193 23.777537189424038 533.76226201653481
0.69258397957310081 0.24276586323976518 0.49680623002350333 0.010503480953723193 24.408549435436726 975.76679391786456
0.6249068832024931 0.42050708197057252 0.17888322174549104 0.0059193656116724013 23.777537189424038 975.76679391786456
0.11686472729779779 0.42544800415635109 0.29569395221769812 0.0044889689194038511 19.343676233664155 660.40916359052062
0.24510786589235067 0.42544800415635109 0.29569395221769812 0.0044889689194038511 19.343676233664155 660.40916359052062
0.11686472729779779 0.18398095518350602 0.29569395221769812 0.0044889689194038511 19.343676233664155 660.40916359052062
0.11686472729779779 0.42544800415635109 0.37414486333727837 0.0044889689194038511 19.343676233664155 660.40916359052062
0.11686472729779779 0.42544800415635109 0.29569395221769812 0.016056908098794519 19.343676233664155 660.40916359052062
0.11686472729779779 0.42544800415635109 0.29569395221769812 0.0044889689194038511 20.369519537314773 660.40916359052062
0.11686472729779779 0.42544800415635109 0.29569395221769812 0.0044889689194038511 19.343676233664155 350.63793426379561
0.24510786589235067 0.18398095518350602 0.37414486333727837 0.016056908098794519 20.369519537314773 350.63793426379561
0.31306367833167309 0.10508328638970853 0.38782095089554791 0.016128009642660618 14.939449133351445 851.02945333346725
0.44423207407817239 0.10508328638970853 0.38782095089554791 0.016128009642660618 14.939449133351445 851.02945333346725
0.31306367833167309 0.20511322654783726 0.38782095089554791 0.016128009642660618 14.939449133351445 851.02945333346725
0.31306367833167309 0.10508328638970853 0.42023088969290257 0.016128009642660618 14.939449133351445 851.02945333346725
0.31306367833167309 0.10508328638970853 0.38782095089554791 0.010488660796731712 14.939449133351445 851.02945333346725
0.31306367833167309 0.10508328638970853 0.38782095089554791 0.016128009642660618 11.41579781845212 851.02945333346725
0.31306367833167309 0.10508328638970853 0.38782095089554791 0.016128009642660618 14.939449133351445 106.9182544015348
0.44423207407817239 0.20511322654783726 0.42023088969290257 0.010488660796731712 11.41579781845212 106.9182544015348
0.37716834205202754 0.31303397454321386 0.18905223533511162 0.010076864627934994 33.311962217092514 274.55123588442802
0.18710081642493603 0.31303397454321386 0.18905223533511162 0.010076864627934994 33.311962217092514 274.55123588442802
0.37716834205202754 0.39358714893460278 0.18905223533511162 0.010076864627934994 33.311962217092514 274.55123588442802
0.37716834205202754 0.31303397454321386 0.22810973785817623 0.010076864627934994 33.311962217092514 274.55123588442802
0.37716834205202754 0.31303397454321386 0.18905223533511162 0.00034990520346909765 33.311962217092514 274.55123588442802
0.37716834205202754 0.31303397454321386 0.18905223533511162 0.010076864627934994 36.364300401881337 274.55123588442802
0.37716834205202754 0.31303397454321386 0.18905223533511162 0.010076864627934994 33.311962217092514 773.76770852133632
0.18710081642493603 0.39358714893460278 0.22810973785817623 0.00034990520346909765 36.364300401881337 773.76770852133632
0.42934138355776663 0.27954519391059873 0.36917909793555737 0.0029057886948809031 11.634507823735476 124.29437888786197
0.69171983832493422 0.27954519391059873 0.36917909793555737 0.0029057886948809031 11.634507823735476 124.29437888786197
0.42934138355776663 0.43775005824863911 0.36917909793555737 0.0029057886948809031 11.634507823735476 124.29437888786197
0.42934138355776663 0.27954519391059873 0.16437399238348008 0.0029057886948809031 11.634507823735476 124.29437888786197
0.42934138355776663 0.27954519391059873 0.36917909793555737 0.013740629740059377 11.634507823735476 124.29437888786197
0.42934138355776663 0.27954519391059873 0.36917909793555737 0.0029057886948809031 35.723105233162642 124.29437888786197
0.42934138355776663 0.27954519391059873 0.36917909793555737 0.0029057886948809031 11.634507823735476 654.67659728601575
0.69171983832493422 0.43775005824863911 0.16437399238348008 0.013740629740059377 35.723105233162642 654.67659728601575
0.33984144204296168 0.49061917588114745 0.16960777007043362 0.011393267661705614 36.56906364671886 897.81627543270588
0.25826545888558028 0.49061917588114745 0.16960777007043362 0.011393267661705614 36.56906364671886 897.81627543270588
0.33984144204296168 0.15083260461688042 0.16960777007043362 0.011393267661705614 36.56906364671886 897.81627543270588
0.33984144204296168 0.49061917588114745 0.38162131682038314 0.011393267661705614 36.56906364671886 897.81627543270588
0.33984144204296168 0.49061917588114745 0.16960777007043362 0.0035947737896814946 36.56906364671886 897.81627543270588
0.33984144204296168 0.49061917588114745 0.16960777007043362 0.011393267661705614 8.4381420556455851 897.81627543270588
0.33984144204296168 0.49061917588114745 0.16960777007043362 0.011393267661705614 36.56906364671886 225.13174349442124
0.25826545888558028 0.15083260461688042 0.38162131682038314 0.0035947737896814946 8.4381420556455851 225.13174349442124
0.090406254492700094 0.16713079027831557 0.46488274484872816 0.0084167188985273256 27.710282376036048 691.18467308580875
0.38917963504791253 0.16713079027831557 0.46488274484872816 0.0084167188985273256 27.710282376036048 691.18467308580875
0.090406254492700094 0.23507597856223583 0.46488274484872816 0.0084167188985273256 27.710282376036048 691.18467308580875
0.090406254492700094 0.16713079027831557 0.43709458895027642 0.0084167188985273256 27.710282376036048 691.18467308580875
0.090406254492700094 0.16713079027831557 0.46488274484872816 0.0079268097288906578 27.710282376036048 691.18467308580875
0.090406254492700094 0.16713079027831557 0.46488274484872816 0.0084167188985273256 21.955123797059059 691.18467308580875
0.090406254492700094 0.16713079027831557 0.46488274484872816 0.0084167188985273256 27.710282376036048 455.66782960668206
0.38917963504791253 0.23507597856223583 0.43709458895027642 0.0079268097288906578 21.955123797059059 455.66782960668206
0.64073022897355258 0.35293621011078358 0.2645303547382355 0.01694490833990276 16.082451801747084 367.83146066591144
0.15964363515377045 0.35293621011078358 0.2645303547382355 0.01694490833990276 16.082451801747084 367.83146066591144
0.64073022897355258 0.37315847575664518 0.2645303547382355 0.01694490833990276 16.082451801747084 367.83146066591144
0.64073022897355258 0.35293621011078358 0.21671326272189617 0.01694490833990276 16.082451801747084 367.83146066591144
0.64073022897355258 0.35293621011078358 0.2645303547382355 0.018071452573128043 16.082451801747084 367.83146066591144
0.64073022897355258 0.35293621011078358 0.2645303547382355 0.01694490833990276 25.839164761826396 367.83146066591144
0.64073022897355258 0.35293621011078358 0.2645303547382355 0.01694490833990276 16.082451801747084 871.61708893254399
0.15964363515377045 0.37315847575664518 0.21671326272189617 0.018071452573128043 25.839164761826396 871.61708893254399
0.61022099736146629 0.1415977116674185 0.1160446509718895 0.019543526558950544 22.429975990206003 250.29984023422003
0.49157698294147845 0.1415977116674185 0.1160446509718895 0.019543526558950544 22.429975990206003 250.29984023422003
0.61022099736146629 0.26918552182614808 0.1160446509718895 0.019543526558950544 22.429975990206003 250.29984023422003
0.61022099736146629 0.1415977116674185 0.47019781880080702 0.019543526558950544 22.429975990206003 250.29984023422003
0.61022099736146629 0.1415977116674185 0.1160446509718895 0.0022385041596367956 22.429975990206003 250.29984023422003
0.61022099736146629 0.1415977116674185 0.1160446509718895 0.019543526558950544 16.944793036207557 250.29984023422003
0.61022099736146629 0.1415977116674185 0.1160446509718895 0.019543526558950544 22.429975990206003 909.24592828378081
0.49157698294147845 0.26918552182614808 0.47019781880080702 0.0022385041596367956 16.944793036207557 909.24592828378081
0.20208359304815526 0.32739855088293557 0.31649183332920072 0.0057960645085200673 25.803067592903972 826.94673174992204
0.058437739219516519 0.32739855088293557 0.31649183332920072 0.0057960645085200673 25.803067592903972 826.94673174992204
0.20208359304815526 0.33266474753618241 0.31649183332920072 0.0057960645085200673 25.803067592903972 826.94673174992204
0.20208359304815526 0.32739855088293557 0.27794750221073627 0.0057960645085200673 25.803067592903972 826.94673174992204
0.20208359304815526 0.32739855088293557 0.31649183332920072 0.012472722093015911 25.803067592903972 826.94673174992204
0.20208359304815526 0.32739855088293557 0.31649183332920072 0.0057960645085200673 27.157917834818363 826.94673174992204
0.20208359304815526 0.32739855088293557 0.31649183332920072 0.0057960645085200673 25.803067592903972 411.11889434978366
0.058437739219516519 0.33266474753618241 0.27794750221073627 0.012472722093015911 27.157917834818363 411.11889434978366
0.22816155613400041 0.2039139822125435 0.22424886934459209 0.014034409099444749 31.91389555297792 564.08057892695069
0.5901990173384547 0.2039139822125435 0.22424886934459209 0.014034409099444749 31.91389555297792 564.08057892695069
0.22816155613400041 0.45330491103231907 0.22424886934459209 0.014034409099444749 31.91389555297792 564.08057892695069
0.22816155613400041 0.2039139822125435 0.12873341515660286 0.014034409099444749 31.91389555297792 564.08057892695069
0.22816155613400041 0.2039139822125435 0.22424886934459209 0.016804687332548203 31.91389555297792 564.08057892695069
0.22816155613400041 0.2039139822125435 0.22424886934459209 0.014034409099444749 33.292043881490827 564.08057892695069
0.22816155613400041 0.2039139822125435 0.22424886934459209 0.014034409099444749 31.91389555297792 208.15850524231791
0.5901990173384547 0.45330491103231907 0.12873341515660286 0.016804687332548203 33.292043881490827 208.15850524231791
0.45984806781634679 0.41498338356614117 0.42391461394727237 0.00024744507055729628 11.849373664706945 437.60237153619528
0.36097768824547521 0.41498338356614117 0.42391461394727237 0.00024744507055729628 11.849373664706945 437.60237153619528
0.45984806781634679 0.14178418591618538 0.42391461394727237 0.00024744507055729628 11.849373664706945 437.60237153619528
0.45984806781634679 0.41498338356614117 0.32409935146570207 0.00024744507055729628 11.849373664706945 437.60237153619528
0.45984806781634679 0.41498338356614117 0.42391461394727237 0.0065692466303706168 11.849373664706945 437.60237153619528
0.45984806781634679 0.41498338356614117 0.42391461394727237 0.00024744507055729628 14.67808348312974 437.60237153619528
0.45984806781634679 0.41498338356614117 0.42391461394727237 0.00024744507055729628 11.849373664706945 664.51001306995749
0.36097768824547521 0.14178418591618538 0.32409935146570207 0.0065692466303706168 14.67808348312974 664.51001306995749
0.45705014746636147 0.19804665781557562 0.12063501849770547 0.01297758142296225 33.49485263414681 951.75996711477637
0.39229454230517141 0.19804665781557562 0.12063501849770547 0.01297758142296225 33.49485263414681 951.75996711477637
0.45705014746636147 0.16381386779248713 0.12063501849770547 0.01297758142296225 33.49485263414681 951.75996711477637
0.45705014746636147 0.19804665781557562 0.42055794075131414 0.01297758142296225 33.49485263414681 951.75996711477637
0.45705014746636147 0.19804665781557562 0.12063501849770547 0.0011131024250760676 33.49485263414681 951.75996711477637
0.45705014746636147 0.19804665781557562 0.12063501849770547 0.01297758142296225 8.1630795374512672 951.75996711477637
0.45705014746636147 0.19804665781557562 0.12063501849770547 0.01297758142296225 33.49485263414681 620.3912915661931
0.39229454230517141 0.16381386779248713 0.42055794075131414 0.0011131024250760676 8.1630795374512672 620.3912915661931
0.23044672231189905 0.38383984826505191 0.32186326310038571 0.0020151493310928345 14.243890225887299 178.24163287878036
0.15272138845175504 0.38383984826505191 0.32186326310038571 0.0020151493310928345 14.243890225887299 178.24163287878036
0.23044672231189905 0.42573133260011675 0.32186326310038571 0.0020151493310928345 14.243890225887299 178.24163287878036
0.23044672231189905 0.38383984826505191 0.22524357587099075 0.0020151493310928345 14.243890225887299 178.24163287878036
0.23044672231189905 0.38383984826505191 0.32186326310038571 0.011277075785398485 14.243890225887299 178.24163287878036
0.23044672231189905 0.38383984826505191 0.32186326310038571 0.0020151493310928345 35.925154557451606 178.24163287878036
0.23044672231189905 0.38383984826505191 0.32186326310038571 0.0020151493310928345 14.243890225887299 248.81309848278761
0.15272138845175504 0.42573133260011675 0.22524357587099075 0.011277075785398485 35.925154557451606 248.81309848278761
0.19948419434949755 0.2603633113205433 0.21399520225822927 0.018604151219315829 20.976760007441044 425.28572976589203
0.69975424697622657 0.2603633113205433 0.21399520225822927 0.018604151219315829 20.976760007441044 425.28572976589203
0.19948419434949755 0.3602379444986582 0.21399520225822927 0.018604151219315829 20.976760007441044 425.28572976589203
0.19948419434949755 0.2603633113205433 0.18070482425391676 0.018604151219315829 20.976760007441044 425.28572976589203
0.19948419434949755 0.2603633113205433 0.21399520225822927 0.015609135438688101 20.976760007441044 425.28572976589203
0.19948419434949755 0.2603633113205433 0.21399520225822927 0.018604151219315829 26.150848988443613 425.28572976589203
0.19948419434949755 0.2603633113205433 0.21399520225822927 0.018604151219315829 20.976760007441044 482.88882877677679
0.69975424697622657 0.3602379444986582 0.18070482425391676 0.015609135438688101 26.150848988443613 482.88882877677679
0.61270468034781511 0.47142506092786796 0.41287988461554048 0.0076010086528956891 23.288184219971299 748.64229997619987
0.25657994141802187 0.47142506092786796 0.41287988461554048 0.0076010086528956891 23.288184219971299 748.64229997619987
0.61270468034781511 0.24715545848011972 0.41287988461554048 0.0076010086528956891 23.288184219971299 748.64229997619987
0.61270468034781511 0.47142506092786796 0.3729092467576266 0.0076010086528956891 23.288184219971299 748.64229997619987
0.61270468034781511 0.47142506092786796 0.41287988461554048 0.0054439393095672131 23.288184219971299 748.64229997619987
0.61270468034781511 0.47142506092786796 0.41287988461554048 0.0076010086528956891 21.804343836382031 748.64229997619987
0.61270468034781511 0.47142506092786796 0.41287988461554048 0.0076010086528956891 23.288184219971299 840.81652257591486
0.25657994141802187 0.24715545848011972 0.3729092467576266 0.0054439393095672131 21.804343836382031 840.81652257591486
0.64305269257165487 0.23559589013457299 0.36751927621662617 0.0099327715501189243 30.228627698495984 881.99077118188143
0.59743841439485545 0.23559589013457299 0.36751927621662617 0.0099327715501189243 30.228627698495984 881.99077118188143
0.64305269257165487 0.34487840421497823 0.36751927621662617 0.0099327715501189243 30.228627698495984 881.99077118188143
0.64305269257165487 0.23559589013457299 0.11400174088776112 0.0099327715501189243 30.228627698495984 881.99077118188143
0.64305269257165487 0.23559589013457299 0.36751927621662617 0.014936218514293434 30.228627698495984 881.99077118188143
0.64305269257165487 0.23559589013457299 0.36751927621662617 0.0099327715501189243 26.941571051254869 881.99077118188143
0.64305269257165487 0.23559589013457299 0.36751927621662617 0.0099327715501189243 30.228627698495984 943.48309338092804
0.59743841439485545 0.34487840421497823 0.11400174088776112 0.014936218514293434 26.941571051254869 943.48309338092804
0.087645636405795813 0.44667747318744666 0.16872938610613347 0.01625518613550812 17.539129510521889 305.34744532778859
0.35754563063383099 0.44667747318744666 0.16872938610613347 0.01625518613550812 17.539129510521889 305.34744532778859
0.087645636405795813 0.25639918968081477 0.16872938610613347 0.01625518613550812 17.539129510521889 305.34744532778859
0.087645636405795813 0.44667747318744666 0.33433736078441145 0.01625518613550812 17.539129510521889 305.34744532778859
0.087645636405795813 0.44667747318744666 0.16872938610613347 0.0047201191710308198 17.539129510521889 305.34744532778859
0.087645636405795813 0.44667747318744666 0.16872938610613347 0.01625518613550812 17.20531390234828 305.34744532778859
0.087645636405795813 0.44667747318744666 0.16872938610613347 0.01625518613550812 17.539129510521889 387.36208043992519
0.35754563063383099 0.25639918968081477 0.33433736078441145 0.0047201191710308198 17.20531390234828 387.36208043992519
0.34228277164511378 0.12318186648190022 0.47337926700711253 0.0043043890096247199 9.2439107522368431 496.15355851128697
0.49358011567965143 0.12318186648190022 0.47337926700711253 0.0043043890096247199 9.2439107522368431 496.15355851128697
0.34228277164511378 0.12950901202857495 0.47337926700711253 0.0043043890096247199 9.2439107522368431 496.15355851128697
0.34228277164511378 0.12318186648190022 0.48511087149381638 0.0043043890096247199 9.2439107522368431 496.15355851128697
0.34228277164511378 0.12318186648190022 0.47337926700711253 0.0090520984619855901 9.2439107522368431 496.15355851128697
0.34228277164511378 0.12318186648190022 0.47337926700711253 0.0043043890096247199 14.813863245770335 496.15355851128697
0.34228277164511378 0.12318186648190022 0.47337926700711253 0.0043043890096247199 9.2439107522368431 180.86202032864094
0.49358011567965143 0.12950901202857495 0.48511087149381638 0.0090520984619855901 14.813863245770335 180.86202032864094
0.4266996266320347 0.30899489037692551 0.27224543914198873 0.010666305573470891 34.992026278749108 622.63512033969164
0.050085715297609572 0.30899489037692551 0.27224543914198873 0.010666305573470891 34.992026278749108 622.63512033969164
0.4266996266320347 0.46602974832057953 0.27224543914198873 0.010666305573470891 34.992026278749108 622.63512033969164
0.4266996266320347 0.30899489037692551 0.26791568771004681 0.010666305573470891 34.992026278749108 622.63512033969164
0.4266996266320347 0.30899489037692551 0.27224543914198873 0.019266984699107707 34.992026278749108 622.63512033969164
0.4266996266320347 0.30899489037692551 0.27224543914198873 0.010666305573470891 32.965605214238167 622.63512033969164
0.4266996266320347 0.30899489037692551 0.27224543914198873 0.010666305573470891 34.992026278749108 695.26246562600136
0.050085715297609572 0.46602974832057953 0.26791568771004681 0.019266984699107707 32.965605214238167 695.26246562600136
0.37977026873268183 0.29920908883213998 0.49143480174243448 0.017069063813798128 13.468266820535064 676.21049443259835
0.56109173214063046 0.29920908883213998 0.49143480174243448 0.017069063813798128 13.468266820535064 676.21049443259835
0.37977026873268183 0.31494125984609128 0.49143480174243448 0.017069063813798128 13.468266820535064 676.21049443259835
0.37977026873268183 0.29920908883213998 0.1308180157095194 0.017069063813798128 13.468266820535064 676.21049443259835
0.37977026873268183 0.29920908883213998 0.49143480174243448 0.0070376675792038447 13.468266820535064 676.21049443259835
0.37977026873268183 0.29920908883213998 0.49143480174243448 0.017069063813798128 31.856346970424056 676.21049443259835
0.37977026873268183 0.29920908883213998 0.49143480174243448 0.017069063813798128 13.468266820535064 589.35369085520506
0.56109173214063046 0.31494125984609128 0.1308180157095194 0.0070376675792038447 31.856346970424056 589.35369085520506
0.31058252332732078 0.48189578503370289 0.29110358618199828 0.0082708128552883876 30.778424080461264 352.69217025488615
0.31392176961526269 0.48189578503370289 0.29110358618199828 0.0082708128552883876 30.778424080461264 352.69217025488615
0.31058252332732078 0.27685184627771375 0.29110358618199828 0.0082708128552883876 30.778424080461264 352.69217025488615
0.31058252332732078 0.48189578503370289 0.32299136184155941 0.0082708128552883876 30.778424080461264 352.69217025488615
0.31058252332732078 0.48189578503370289 0.29110358618199828 0.017259654173441233 30.778424080461264 352.69217025488615
0.31058252332732078 0.48189578503370289 0.29110358618199828 0.0082708128552883876 12.305644296109676 352.69217025488615
0.31058252332732078 0.48189578503370289 0.29110358618199828 0.0082708128552883876 30.778424080461264 287.64841724187136
0.31392176961526269 0.27685184627771375 0.32299136184155941 0.017259654173441233 12.305644296109676 287.64841724187136
0.11966517562977969 0.16152612902224064 0.39885567873716354 0.011559113742969931 26.001064155250788 146.24639134854078
0.49784882273524994 0.16152612902224064 0.39885567873716354 0.011559113742969931 26.001064155250788 146.24639134854078
0.11966517562977969 0.11224271692335606 0.39885567873716354 0.011559113742969931 26.001064155250788 146.24639134854078
0.11966517562977969 0.16152612902224064 0.47065206468105314 0.011559113742969931 26.001064155250788 146.24639134854078
0.11966517562977969 0.16152612902224064 0.39885567873716354 0.0116913124576211 26.001064155250788 146.24639134854078
0.11966517562977969 0.16152612902224064 0.39885567873716354 0.011559113742969931 17.384897323325276 146.24639134854078
0.11966517562977969 0.16152612902224064 0.39885567873716354 0.011559113742969931 26.001064155250788 507.33207110315561
0.49784882273524994 0.11224271692335606 0.47065206468105314 0.0116913124576211 17.384897323325276 507.33207110315561
0.69030134137719867 0.36948137544095516 0.19930590093135836 0.002723021307960153 21.748607812449336 919.60295150056481
0.12832662370055914 0.36948137544095516 0.19930590093135836 0.002723021307960153 21.748607812449336 919.60295150056481
0.69030134137719867 0.49915335252881055 0.19930590093135836 0.002723021307960153 21.748607812449336 919.60295150056481
0.69030134137719867 0.36948137544095516 0.27534477040171623 0.002723021307960153 21.748607812449336 919.60295150056481
0.69030134137719867 0.36948137544095516 0.19930590093135836 0.0014681127572432162 21.748607812449336 919.60295150056481
0.69030134137719867 0.36948137544095516 0.19930590093135836 0.002723021307960153 30.409677673131227 919.60295150056481
0.69030134137719867 0.36948137544095516 0.19930590093135836 0.002723021307960153 21.748607812449336 822.63291236013174
0.12832662370055914 0.49915335252881055 0.27534477040171623 0.0014681127572432162 30.409677673131227 822.63291236013174
0.55815057400614021 0.13599614985287189 0.24456866532564164 0.00042964365147054196 16.734551211819053 605.58814816176891
0.43623826811090105 0.13599614985287189 0.24456866532564164 0.00042964365147054196 16.734551211819053 605.58814816176891
0.55815057400614021 0.19668185599148275 0.24456866532564164 0.00042964365147054196 16.734551211819053 605.58814816176891
0.55815057400614021 0.13599614985287189 0.43500376567244536 0.00042964365147054196 16.734551211819053 605.58814816176891
0.55815057400614021 0.13599614985287189 0.24456866532564164 0.018544629614986478 16.734551211819053 605.58814816176891
0.55815057400614021 0.13599614985287189 0.24456866532564164 0.00042964365147054196 20.577862944453955 605.58814816176891
0.55815057400614021 0.13599614985287189 0.24456866532564164 0.00042964365147054196 16.734551211819053 946.72369472682476
0.43623826811090105 0.19668185599148275 0.43500376567244536 0.018544629614986478 20.577862944453955 946.72369472682476
0.17032535853795705 0.34393460862338543 0.44421933889389043 0.01386912710350007 27.483018051832914 478.94481895491481
0.18874821076169607 0.34393460862338543 0.44421933889389043 0.01386912710350007 27.483018051832914 478.94481895491481
0.17032535853795705 0.40820797011256216 0.44421933889389043 0.01386912710350007 27.483018051832914 478.94481895491481
0.17032535853795705 0.34393460862338543 0.21782747507095337 0.01386912710350007 27.483018051832914 478.94481895491481
0.17032535853795705 0.34393460862338543 0.44421933889389043 0.0083865326628088967 27.483018051832914 478.94481895491481
0.17032535853795705 0.34393460862338543 0.44421933889389043 0.01386912710350007 23.525477239862084 478.94481895491481
0.17032535853795705 0.34393460862338543 0.44421933889389043 0.01386912710350007 27.483018051832914 376.10060125589371
0.18874821076169607 0.40820797011256216 0.21782747507095337 0.0083865326628088967 23.525477239862084 376.10060125589371
0.25991979306563734 0.22358097657561304 0.13949011377990247 0.0059426149625331163 37.733860213309526 216.20955793187022
0.62183319851756091 0.22358097657561304 0.13949011377990247 0.0059426149625331163 37.733860213309526 216.20955793187022
0.25991979306563734 0.38082570843398578 0.13949011377990247 0.0059426149625331163 37.733860213309526 216.20955793187022
0.25991979306563734 0.22358097657561304 0.16392592154443264 0.0059426149625331163 37.733860213309526 216.20955793187022
0.25991979306563734 0.22358097657561304 0.13949011377990247 0.0028182713093236091 37.733860213309526 216.20955793187022
0.25991979306563734 0.22358097657561304 0.13949011377990247 0.0059426149625331163 36.221874237060547 216.20955793187022
0.25991979306563734 0.22358097657561304 0.13949011377990247 0.0059426149625331163 37.733860213309526 128.84127721190453
0.62183319851756091 0.38082570843398578 0.16392592154443264 0.0028182713093236091 36.221874237060547 128.84127721190453
0.51191848875023416 0.40625088512897489 0.33992184959352018 0.019418731394968927 10.044940544292331 792.69112311303616
0.25199136957526203 0.40625088512897489 0.33992184959352018 0.019418731394968927 10.044940544292331 792.69112311303616
0.51191848875023416 0.21735177338123324 0.33992184959352018 0.019418731394968927 10.044940544292331 792.69112311303616
0.51191848875023416 0.40625088512897489 0.38421787358820436 0.019418731394968927 10.044940544292331 792.69112311303616
0.51191848875023416 0.40625088512897489 0.33992184959352018 0.012975145492702725 10.044940544292331 792.69112311303616
0.51191848875023416 0.40625088512897489 0.33992184959352018 0.019418731394968927 11.748424453660846 792.69112311303616
0.51191848875023416 0.40625088512897489 0.33992184959352018 0.019418731394968927 10.044940544292331 741.239869967103
0.25199136957526203 0.21735177338123324 0.38421787358820436 0.012975145492702725 11.748424453660846 741.239869967103
0.51959795565344391 0.20649079941213133 0.27517651207745075 0.0045469563923776152 23.9996925201267 449.75438350811601
0.13984801666811109 0.20649079941213133 0.27517651207745075 0.0045469563923776152 23.9996925201267 449.75438350811601
0.51959795565344391 0.39497285187244413 0.27517651207745075 0.0045469563923776152 23.9996925201267 449.75438350811601
0.51959795565344391 0.20649079941213133 0.30297997258603571 0.0045469563923776152 23.9996925201267 449.75438350811601
0.51959795565344391 0.20649079941213133 0.27517651207745075 0.0041379041602835056 23.9996925201267 449.75438350811601
0.51959795565344391 0.20649079941213133 0.27517651207745075 0.0045469563923776152 10.736201463267207 449.75438350811601
0.51959795565344391 0.20649079941213133 0.27517651207745075 0.0045469563923776152 23.9996925201267 901.98122803121805
0.13984801666811109 0.39497285187244413 0.30297997258603571 0.0041379041602835056 10.736201463267207 901.98122803121805
0.29298492586240171 0.42373559810221195 0.47630728818476198 0.010907438752241434 19.754675339907408 576.29096414893866
0.41016546087339517 0.42373559810221195 0.47630728818476198 0.010907438752241434 19.754675339907408 576.29096414893866
0.29298492586240171 0.20688962750136852 0.47630728818476198 0.010907438752241434 19.754675339907408 576.29096414893866
0.29298492586240171 0.42373559810221195 0.14516534246504309 0.010907438752241434 19.754675339907408 576.29096414893866
0.29298492586240171 0.42373559810221195 0.47630728818476198 0.014285124610736968 19.754675339907408 576.29096414893866
0.29298492586240171 0.42373559810221195 0.47630728818476198 0.010907438752241434 37.116738066077232 576.29096414893866
0.29298492586240171 0.42373559810221195 0.47630728818476198 0.010907438752241434 19.754675339907408 417.50468667596579
0.41016546087339517 0.20688962750136852 0.14516534246504309 0.014285124610736968 37.116738066077232 417.50468667596579
0.13755843075923621 0.14410042613744736 0.18415997698903086 0.0089364044338464746 15.465975899249315 823.30590542405844
0.27925374247133727 0.14410042613744736 0.18415997698903086 0.0089364044338464746 15.465975899249315 823.30590542405844
0.13755843075923621 0.17901905104517937 0.18415997698903086 0.0089364044338464746 15.465975899249315 823.30590542405844
0.13755843075923621 0.14410042613744736 0.2990640215575695 0.0089364044338464746 15.465975899249315 823.30590542405844
0.13755843075923621 0.14410042613744736 0.18415997698903086 0.019854670028202237 15.465975899249315 823.30590542405844
0.13755843075923621 0.14410042613744736 0.18415997698903086 0.0089364044338464746 24.507959449663758 823.30590542405844
0.13755843075923621 0.14410042613744736 0.18415997698903086 0.0089364044338464746 15.465975899249315 201.77269112318754
0.27925374247133727 0.17901905104517937 0.2990640215575695 0.019854670028202237 24.507959449663758 201.77269112318754
0.5508089849725365 0.33622315004467962 0.38294681534171104 0.015260253813304009 32.783343328163028 246.71737039461732
0.67192171849310389 0.33622315004467962 0.38294681534171104 0.015260253813304009 32.783343328163028 246.71737039461732
0.5508089849725365 0.41593577750027177 0.38294681534171104 0.015260253813304009 32.783343328163028 246.71737039461732
0.5508089849725365 0.33622315004467962 0.45376875102519987 0.015260253813304009 32.783343328163028 246.71737039461732
0.5508089849725365 0.33622315004467962 0.38294681534171104 0.0097062552805989993 32.783343328163028 246.71737039461732
0.5508089849725365 0.33622315004467962 0.38294681534171104 0.015260253813304009 19.711938809603453 246.71737039461732
0.5508089849725365 0.33622315004467962 0.38294681534171104 0.015260253813304009 32.783343328163028 671.77473176270723
0.67192171849310389 0.41593577750027177 0.45376875102519987 0.0097062552805989993 19.711938809603453 671.77473176270723
0.6624091764912009 0.16924140155315398 0.43456057682633398 0.017588146041519939 35.732546245679259 378.91231067478657
0.33998963711783287 0.16924140155315398 0.43456057682633398 0.017588146041519939 35.732546245679259 378.91231067478657
0.6624091764912009 0.1135252244770527 0.43456057682633398 0.017588146041519939 35.732546245679259 378.91231067478657
0.6624091764912009 0.16924140155315398 0.20657958984375002 0.017588146041519939 35.732546245679259 378.91231067478657
0.6624091764912009 0.16924140155315398 0.43456057682633398 0.010690713134035469 35.732546245679259 378.91231067478657
0.6624091764912009 0.16924140155315398 0.43456057682633398 0.017588146041519939 29.518290434032679 378.91231067478657
0.6624091764912009 0.16924140155315398 0.43456057682633398 0.017588146041519939 35.732546245679259 662.38079592585564
0.33998963711783287 0.1135252244770527 0.20657958984375002 0.010690713134035469 29.518290434032679 662.38079592585564
0.10697267199866473 0.36137175783514974 0.23567284271121025 0.0065864382691681383 8.0508359633386135 702.32388628646731
0.60999690471217038 0.36137175783514974 0.23567284271121025 0.0065864382691681383 8.0508359633386135 702.32388628646731
0.10697267199866473 0.47504522241652014 0.23567284271121025 0.0065864382691681383 8.0508359633386135 702.32388628646731
0.10697267199866473 0.36137175783514974 0.43941571339964869 0.0065864382691681383 8.0508359633386135 702.32388628646731
0.10697267199866473 0.36137175783514974 0.23567284271121025 0.0004578501118347049 8.0508359633386135 702.32388628646731
0.10697267199866473 0.36137175783514974 0.23567284271121025 0.0065864382691681383 18.393185960128903 702.32388628646731
0.10697267199866473 0.36137175783514974 0.23567284271121025 0.0065864382691681383 8.0508359633386135 218.30644942820072
0.60999690471217038 0.47504522241652014 0.43941571339964869 0.0004578501118347049 18.393185960128903 218.30644942820072
0.32357315449044105 0.28172971718013284 0.33104423470795152 0.013200510744191709 18.732203517109156 893.04934544488788
0.078233125247061247 0.28172971718013284 0.33104423470795152 0.013200510744191709 18.732203517109156 893.04934544488788
0.32357315449044105 0.31092434078454972 0.33104423470795152 0.013200510744191709 18.732203517109156 893.04934544488788
0.32357315449044105 0.28172971718013284 0.39175174571573734 0.013200510744191709 18.732203517109156 893.04934544488788
0.32357315449044105 0.28172971718013284 0.33104423470795152 0.006027324755862355 18.732203517109156 893.04934544488788
0.32357315449044105 0.28172971718013284 0.33104423470795152 0.013200510744191709 13.16726303845644 893.04934544488788
0.32357315449044105 0.28172971718013284 0.33104423470795152 0.013200510744191709 18.732203517109156 462.49304823577404
0.078233125247061247 0.31092434078454972 0.39175174571573734 0.006027324755862355 13.16726303845644 462.49304823577404
0.40800023400224739 0.498982148244977 0.12981293834745886 0.0022366444483399393 29.488108513876796 119.58581544458866
0.47059138957411045 0.498982148244977 0.12981293834745886 0.0022366444483399393 29.488108513876796 119.58581544458866
0.40800023400224739 0.29744438789784911 0.12981293834745886 0.0022366444483399393 29.488108513876796 119.58581544458866
0.40800023400224739 0.498982148244977 0.1620561119168997 0.0022366444483399393 29.488108513876796 119.58581544458866
0.40800023400224739 0.498982148244977 0.12981293834745886 0.016258983965776862 29.488108513876796 119.58581544458866
0.40800023400224739 0.498982148244977 0.12981293834745886 0.0022366444483399393 30.876796862110496 119.58581544458866
0.40800023400224739 0.498982148244977 0.12981293834745886 0.0022366444483399393 29.488108513876796 863.91296237707138
0.47059138957411045 0.29744438789784911 0.1620561119168997 0.016258983965776862 30.876796862110496 863.91296237707138
0.43914425242692223 0.10922202914953233 0.31199077516794205 0.0057003494087606672 22.956101374700665 278.82035290822387
0.32651930563151832 0.10922202914953233 0.31199077516794205 0.0057003494087606672 22.956101374700665 278.82035290822387
0.43914425242692223 0.14619675576686861 0.31199077516794205 0.0057003494087606672 22.956101374700665 278.82035290822387
0.43914425242692223 0.10922202914953233 0.24917723685503007 0.0057003494087606672 22.956101374700665 278.82035290822387
0.43914425242692223 0.10922202914953233 0.31199077516794205 0.0077227882008999585 22.956101374700665 278.82035290822387
0.43914425242692223 0.10922202914953233 0.31199077516794205 0.0057003494087606672 33.978972166776657 278.82035290822387
0.43914425242692223 0.10922202914953233 0.31199077516794205 0.0057003494087606672 22.956101374700665 983.00405349582434
0.32651930563151832 0.14619675576686861 0.24917723685503007 0.0077227882008999585 33.978972166776657 983.00405349582434
0.36994689512066536 0.32334773615002632 0.11156209111213684 0.019177900635264814 25.274964526295662 855.35692349076271
0.5434966783970594 0.32334773615002632 0.11156209111213684 0.019177900635264814 25.274964526295662 855.35692349076271
0.36994689512066536 0.45810817889869215 0.11156209111213684 0.019177900635264814 25.274964526295662 855.35692349076271
0.36994689512066536 0.32334773615002632 0.40385084226727486 0.019177900635264814 25.274964526295662 855.35692349076271
0.36994689512066536 0.32334773615002632 0.11156209111213684 0.017966682991199197 25.274964526295662 855.35692349076271
0.36994689512066536 0.32334773615002632 0.11156209111213684 0.019177900635264814 13.918313218280673 855.35692349076271
0.36994689512066536 0.32334773615002632 0.11156209111213684 0.019177900635264814 25.274964526295662 344.2795792594552
0.5434966783970594 0.45810817889869215 0.40385084226727486 0.017966682991199197 13.918313218280673 344.2795792594552
0.0596437125466764 0.24683203361928463 0.4037887495011091 0.0014263125967234375 31.504524491727352 648.83049055933952
0.10537818791344761 0.24683203361928463 0.4037887495011091 0.0014263125967234375 31.504524491727352 648.83049055933952
0.0596437125466764 0.33092502281069758 0.4037887495011091 0.0014263125967234375 31.504524491727352 648.83049055933952
0.0596437125466764 0.24683203361928463 0.35307412035763264 0.0014263125967234375 31.504524491727352 648.83049055933952
0.0596437125466764 0.24683203361928463 0.4037887495011091 0.013635836628451945 31.504524491727352 648.83049055933952
0.0596437125466764 0.24683203361928463 0.4037887495011091 0.0014263125967234375 16.221686836332083 648.83049055933952
0.0596437125466764 0.24683203361928463 0.4037887495011091 0.0014263125967234375 31.504524491727352 113.27657420188189
0.10537818791344761 0.33092502281069758 0.35307412035763264 0.013635836628451945 16.221686836332083 113.27657420188189
0.63030993924476197 0.43583567477762697 0.20414112769067289 0.014864361844770612 12.260772475972772 522.24196558818221
0.52595593752339476 0.43583567477762697 0.20414112769067289 0.014864361844770612 12.260772475972772 522.24196558818221
0.63030993924476197 0.2678363967686892 0.20414112769067289 0.014864361844770612 12.260772475972772 522.24196558818221
0.63030993924476197 0.43583567477762697 0.19526651315391064 0.014864361844770612 12.260772475972772 522.24196558818221
0.63030993924476197 0.43583567477762697 0.20414112769067289 0.0033907380258664491 12.260772475972772 522.24196558818221
0.63030993924476197 0.43583567477762697 0.20414112769067289 0.014864361844770612 27.808182278648019 522.24196558818221
0.63030993924476197 0.43583567477762697 0.20414112769067289 0.014864361844770612 12.260772475972772 766.53048079460859
0.52595593752339476 0.2678363967686892 0.19526651315391064 0.0033907380258664491 27.808182278648019 766.53048079460859
0.57941135116852815 0.27119824402034287 0.15262521021068098 0.012574816501699389 11.223309786990285 208.83143041282892
0.20665818471461533 0.27119824402034287 0.15262521021068098 0.012574816501699389 11.223309786990285 208.83143041282892
0.57941135116852815 0.36562050059437756 0.15262521021068098 0.012574816501699389 11.223309786990285 208.83143041282892
0.57941135116852815 0.27119824402034287 0.34164466373622415 0.012574816501699389 11.223309786990285 208.83143041282892
0.57941135116852815 0.27119824402034287 0.15262521021068098 0.016600057352147996 11.223309786990285 208.83143041282892
0.57941135116852815 0.27119824402034287 0.15262521021068098 0.012574816501699389 22.696875931695104 208.83143041282892
0.57941135116852815 0.27119824402034287 0.15262521021068098 0.012574816501699389 11.223309786990285 552.68182344734669
0.20665818471461533 0.36562050059437756 0.34164466373622415 0.016600057352147996 22.696875931695104 552.68182344734669
0.19155669463798403 0.4601973105221987 0.35217803977429873 0.0037372898627072576 36.978634476661682 982.24300937727094
0.42332584578543897 0.4601973105221987 0.35217803977429873 0.0037372898627072576 36.978634476661682 982.24300937727094
0.19155669463798403 0.22714735306799413 0.35217803977429873 0.0037372898627072576 36.978634476661682 982.24300937727094
0.19155669463798403 0.4601973105221987 0.11196787543594838 0.0037372898627072576 36.978634476661682 982.24300937727094
0.19155669463798403 0.4601973105221987 0.35217803977429873 0.0064638793651014565 36.978634476661682 982.24300937727094
0.19155669463798403 0.4601973105221987 0.35217803977429873 0.0037372898627072576 25.141873259097338 982.24300937727094
0.19155669463798403 0.4601973105221987 0.35217803977429873 0.0037372898627072576 36.978634476661682 319.98454406857491
0.42332584578543897 0.22714735306799413 0.11196787543594838 0.0064638793651014565 25.141873259097338 319.98454406857491
0.23803634415380653 0.18368541896343232 0.2569226130843163 0.016845832073502244 28.238242782652378 719.47859274223447
0.22419914109632372 0.18368541896343232 0.2569226130843163 0.016845832073502244 28.238242782652378 719.47859274223447
0.23803634415380653 0.16194692403078081 0.2569226130843163 0.016845832073502244 28.238242782652378 719.47859274223447
0.23803634415380653 0.18368541896343232 0.25650379434227943 0.016845832073502244 28.238242782652378 719.47859274223447
0.23803634415380653 0.18368541896343232 0.2569226130843163 0.0021331037757918239 28.238242782652378 719.47859274223447
0.23803634415380653 0.18368541896343232 0.2569226130843163 0.016845832073502244 35.062391852959991 719.47859274223447
0.23803634415380653 0.18368541896343232 0.2569226130843163 0.016845832073502244 28.238242782652378 522.53294587135315
0.22419914109632372 0.16194692403078081 0.25650379434227943 0.0021331037757918239 35.062391852959991 522.53294587135315
0.49004527162760492 0.3978065513074398 0.45725688040256507 0.0080490159090608367 15.556182974949479 396.01505938917398
0.64446671409532419 0.3978065513074398 0.45725688040256507 0.0080490159090608367 15.556182974949479 396.01505938917398
0.49004527162760492 0.44847382567822935 0.45725688040256507 0.0080490159090608367 15.556182974949479 396.01505938917398
0.49004527162760492 0.3978065513074398 0.48929620236158378 0.0080490159090608367 15.556182974949479 396.01505938917398
0.49004527162760492 0.3978065513074398 0.45725688040256507 0.012268087465688587 15.556182974949479 396.01505938917398
0.49004527162760492 0.3978065513074398 0.45725688040256507 0.0080490159090608367 9.1433158442378044 396.01505938917398
0.49004527162760492 0.3978065513074398 0.45725688040256507 0.0080490159090608367 15.556182974949479 797.82972596585751
0.64446671409532419 0.44847382567822935 0.48929620236158378 0.012268087465688587 9.1433158442378044 797.82972596585751
0.48214214369654651 0.25491716414690019 0.38981921821832655 0.0024569785898551346 34.715778224170208 536.92917302250862
0.28896733592264351 0.25491716414690019 0.38981921821832655 0.0024569785898551346 34.715778224170208 536.92917302250862
0.48214214369654651 0.45519233383238322 0.38981921821832655 0.0024569785898551346 34.715778224170208 536.92917302250862
0.48214214369654651 0.25491716414690019 0.14295647218823435 0.0024569785898551346 34.715778224170208 536.92917302250862
0.48214214369654651 0.25491716414690019 0.38981921821832655 0.00066370828244835143 34.715778224170208 536.92917302250862
0.48214214369654651 0.25491716414690019 0.38981921821832655 0.0024569785898551346 16.732466157525778 536.92917302250862
0.48214214369654651 0.25491716414690019 0.38981921821832655 0.0024569785898551346 34.715778224170208 358.85221613571048
0.28896733592264351 0.45519233383238322 0.14295647218823435 0.00066370828244835143 16.732466157525778 358.85221613571048
0.24665107480250298 0.46280527487397194 0.19014434218406678 0.01376813729889691 9.7798502836376429 635.44721221551299
0.66102782259695225 0.46280527487397194 0.19014434218406678 0.01376813729889691 9.7798502836376429 635.44721221551299
0.24665107480250298 0.14366549327969552 0.19014434218406678 0.01376813729889691 9.7798502836376429 635.44721221551299
0.24665107480250298 0.46280527487397194 0.31007165461778641 0.01376813729889691 9.7798502836376429 635.44721221551299
0.24665107480250298 0.46280527487397194 0.19014434218406678 0.010179937177896501 9.7798502836376429 635.44721221551299
0.24665107480250298 0.46280527487397194 0.19014434218406678 0.01376813729889691 27.414422372356057 635.44721221551299
0.24665107480250298 0.46280527487397194 0.19014434218406678 0.01376813729889691 9.7798502836376429 971.66272914037108
0.66102782259695225 0.14366549327969552 0.31007165461778641 0.010179937177896501 27.414422372356057 971.66272914037108
0.17375526772812006 0.19255206547677517 0.49489643983542919 0.0068446872053667908 17.937110291793942 840.17506306990981
0.14955180571414528 0.19255206547677517 0.49489643983542919 0.0068446872053667908 17.937110291793942 840.17506306990981
0.17375526772812006 0.2703649368137121 0.49489643983542919 0.0068446872053667908 17.937110291793942 840.17506306990981
0.17375526772812006 0.19255206547677517 0.45929809026420121 0.0068446872053667908 17.937110291793942 840.17506306990981
0.17375526772812006 0.19255206547677517 0.49489643983542919 0.015749185265786947 17.937110291793942 840.17506306990981
0.17375526772812006 0.19255206547677517 0.49489643983542919 0.0068446872053667908 32.493674784898758 840.17506306990981
0.17375526772812006 0.19255206547677517 0.49489643983542919 0.0068446872053667908 17.937110291793942 723.33222469314933
0.14955180571414528 0.2703649368137121 0.45929809026420121 0.015749185265786947 32.493674784898758 723.33222469314933
0.59840060998685651 0.3752692703157664 0.29444012604653835 0.01811785308085382 29.563566848635674 291.81798323988914
0.39926160559989504 0.3752692703157664 0.29444012604653835 0.01811785308085382 29.563566848635674 291.81798323988914
0.59840060998685651 0.33383804708719256 0.29444012604653835 0.01811785308085382 29.563566848635674 291.81798323988914
0.59840060998685651 0.3752692703157664 0.28904249556362627 0.01811785308085382 29.563566848635674 291.81798323988914
0.59840060998685651 0.3752692703157664 0.29444012604653835 0.0062317524842917917 29.563566848635674 291.81798323988914
0.59840060998685651 0.3752692703157664 0.29444012604653835 0.01811785308085382 15.285797251388431 291.81798323988914
0.59840060998685651 0.3752692703157664 0.29444012604653835 0.01811785308085382 29.563566848635674 153.1212124042213
0.39926160559989504 0.33383804708719256 0.28904249556362627 0.0062317524842917917 15.285797251388431 153.1212124042213
0.62875202191062263 0.11768994145095349 0.14917888157069684 0.015498543644323947 23.919628329575062 382.59100811555982
0.088812199002131817 0.11768994145095349 0.14917888157069684 0.015498543644323947 23.919628329575062 382.59100811555982
0.62875202191062263 0.23631032519042494 0.14917888157069684 0.015498543644323947 23.919628329575062 382.59100811555982
0.62875202191062263 0.11768994145095349 0.44787445254623892 0.015498543644323947 23.919628329575062 382.59100811555982
0.62875202191062263 0.11768994145095349 0.14917888157069684 0.013868072011321784 23.919628329575062 382.59100811555982
0.62875202191062263 0.11768994145095349 0.14917888157069684 0.015498543644323947 35.452266132459044 382.59100811555982
0.62875202191062263 0.11768994145095349 0.14917888157069684 0.015498543644323947 23.919628329575062 276.77212590351701
0.088812199002131817 0.23631032519042494 0.44787445254623892 0.013868072011321784 35.452266132459044 276.77212590351701
0.061918249819427729 0.30042698569595816 0.3495342995971441 0.0094473609378561384 20.546992981806397 734.23403892666101
0.46119262552820139 0.30042698569595816 0.3495342995971441 0.0094473609378561384 20.546992981806397 734.23403892666101
0.061918249819427729 0.3743989139795304 0.3495342995971441 0.0094473609378561384 20.546992981806397 734.23403892666101
0.061918249819427729 0.30042698569595816 0.20573803894221784 0.0094473609378561384 20.546992981806397 734.23403892666101
0.061918249819427729 0.30042698569595816 0.3495342995971441 0.0042417282031849022 20.546992981806397 734.23403892666101
0.061918249819427729 0.30042698569595816 0.3495342995971441 0.0094473609378561384 8.6359715387225151 734.23403892666101
0.061918249819427729 0.30042698569595816 0.3495342995971441 0.0094473609378561384 20.546992981806397 592.53976540639997
0.46119262552820139 0.3743989139795304 0.20573803894221784 0.0042417282031849022 8.6359715387225151 592.53976540639997
0.35849052383564406 0.23015317320823669 0.24175629466772081 0.011109022284671666 13.732355834916234 995.17240766435862
0.35057851043529803 0.23015317320823669 0.24175629466772081 0.011109022284671666 13.732355834916234 995.17240766435862
0.35849052383564406 0.43969241268932824 0.24175629466772081 0.011109022284671666 13.732355834916234 995.17240766435862
0.35849052383564406 0.23015317320823669 0.15027683228254318 0.011109022284671666 13.732355834916234 995.17240766435862
0.35849052383564406 0.23015317320823669 0.24175629466772081 0.0098108959287405029 13.732355834916234 995.17240766435862
0.35849052383564406 0.23015317320823669 0.24175629466772081 0.011109022284671666 21.332369150593877 995.17240766435862
0.35849052383564406 0.23015317320823669 0.24175629466772081 0.011109022284671666 13.732355834916234 812.41566659882665
0.35057851043529803 0.43969241268932824 0.15027683228254318 0.0098108959287405029 21.332369150593877 812.41566659882665
0.45179316289722915 0.43806112334132197 0.44133065044879916 0.0050946239156648516 33.797335654497147 193.69033621624112
0.60060809520073233 0.43806112334132197 0.44133065044879916 0.0050946239156648516 33.797335654497147 193.69033621624112
0.45179316289722915 0.15278105065226555 0.44133065044879916 0.0050946239156648516 33.797335654497147 193.69033621624112
0.45179316289722915 0.43806112334132197 0.39552321210503583 0.0050946239156648516 33.797335654497147 193.69033621624112
0.45179316289722915 0.43806112334132197 0.44133065044879916 0.019436045513488352 33.797335654497147 193.69033621624112
0.45179316289722915 0.43806112334132197 0.44133065044879916 0.0050946239156648516 26.622827250510454 193.69033621624112
0.45179316289722915 0.43806112334132197 0.44133065044879916 0.0050946239156648516 33.797335654497147 511.17745945230126
0.60060809520073233 0.15278105065226555 0.39552321210503583 0.019436045513488352 26.622827250510454 511.17745945230126
0.40422686492092902 0.1545180555433035 0.22311711199581624 0.0077797563003376129 10.445496190339327 261.40528526157141
0.094680213043466216 0.1545180555433035 0.22311711199581624 0.0077797563003376129 10.445496190339327 261.40528526157141
0.40422686492092902 0.20318632163107397 0.22311711199581624 0.0077797563003376129 10.445496190339327 261.40528526157141
0.40422686492092902 0.1545180555433035 0.40925871767103672 0.0077797563003376129 10.445496190339327 261.40528526157141
0.40422686492092902 0.1545180555433035 0.22311711199581624 0.0068779702492058276 10.445496190339327 261.40528526157141
0.40422686492092902 0.1545180555433035 0.22311711199581624 0.0077797563003376129 23.052588367834687 261.40528526157141
0.40422686492092902 0.1545180555433035 0.22311711199581624 0.0077797563003376129 10.445496190339327 404.39093178138137
0.094680213043466216 0.20318632163107397 0.40925871767103672 0.0068779702492058276 23.052588367834687 404.39093178138137
0.32615394564345473 0.36554927863180642 0.42188275195658209 0.016307832814007998 37.073434276506305 809.92331439629197
0.53531499118544157 0.36554927863180642 0.42188275195658209 0.016307832814007998 37.073434276506305 809.92331439629197
0.32615394564345473 0.39166635945439343 0.42188275195658209 0.016307832814007998 37.073434276506305 809.92331439629197
0.32615394564345473 0.36554927863180642 0.23888654969632628 0.016307832814007998 37.073434276506305 809.92331439629197
0.32615394564345473 0.36554927863180642 0.42188275195658209 0.016490884253568948 37.073434276506305 809.92331439629197
0.32615394564345473 0.36554927863180642 0.42188275195658209 0.016307832814007998 21.050755392760038 809.92331439629197
0.32615394564345473 0.36554927863180642 0.42188275195658209 0.016307832814007998 37.073434276506305 918.32457883283496
0.53531499118544157 0.39166635945439343 0.23888654969632628 0.016490884253568948 21.050755392760038 918.32457883283496
0.0933008489664644 0.29215180426836018 0.11725882962346078 0.0035086677053943281 27.209688296541572 561.10979104414582
0.31581129874102765 0.29215180426836018 0.11725882962346078 0.0035086677053943281 27.209688296541572 561.10979104414582
0.0933008489664644 0.41923935674130919 0.11725882962346078 0.0035086677053943281 27.209688296541572 561.10979104414582
0.0933008489664644 0.29215180426836018 0.19278816878795624 0.0035086677053943281 27.209688296541572 561.10979104414582
0.0933008489664644 0.29215180426836018 0.11725882962346078 0.01216033522039652 27.209688296541572 561.10979104414582
0.0933008489664644 0.29215180426836018 0.11725882962346078 0.0035086677053943281 11.276449320837855 561.10979104414582
0.0933008489664644 0.29215180426836018 0.11725882962346078 0.0035086677053943281 27.209688296541572 713.39008389040828
0.31581129874102765 0.41923935674130919 0.19278816878795624 0.01216033522039652 11.276449320837855 713.39008389040828
0.67536434084177011 0.47801213636994366 0.31836803182959561 0.011996184511482717 17.275011103600264 462.75272127240896
0.5528458550106734 0.47801213636994366 0.31836803182959561 0.011996184511482717 17.275011103600264 462.75272127240896
0.67536434084177011 0.18271934539079668 0.31836803182959561 0.011996184511482717 17.275011103600264 462.75272127240896
0.67536434084177011 0.47801213636994366 0.36004465147852904 0.011996184511482717 17.275011103600264 462.75272127240896
0.67536434084177011 0.47801213636994366 0.31836803182959561 0.0025462269926443699 17.275011103600264 462.75272127240896
0.67536434084177011 0.47801213636994366 0.31836803182959561 0.011996184511482717 36.693852946162224 462.75272127240896
0.67536434084177011 0.47801213636994366 0.31836803182959561 0.011996184511482717 17.275011103600264 156.80200448259711
0.5528458550106734 0.18271934539079668 0.36004465147852904 0.0025462269926443699 36.693852946162224 156.80200448259711
0.54321453236043449 0.21652712225914003 0.46372712031006813 0.014654452457278968 21.24182266369462 106.1624581925571
0.214525105478242 0.21652712225914003 0.46372712031006813 0.014654452457278968 21.24182266369462 106.1624581925571
0.54321453236043449 0.48499563150107861 0.46372712031006813 0.014654452457278968 21.24182266369462 106.1624581925571
0.54321453236043449 0.21652712225914003 0.10031013116240502 0.014654452457278968 21.24182266369462 106.1624581925571
0.54321453236043449 0.21652712225914003 0.46372712031006813 0.017766184645332396 21.24182266369462 106.1624581925571
0.54321453236043449 0.21652712225914003 0.46372712031006813 0.014654452457278968 11.83279699832201 106.1624581925571
0.54321453236043449 0.21652712225914003 0.46372712031006813 0.014654452457278968 21.24182266369462 259.90935610607266
0.214525105478242 0.48499563150107861 0.10031013116240502 0.017766184645332396 11.83279699832201 259.90935610607266
0.1439650902058929 0.40237067267298698 0.26252312585711479 0.00086760194618254905 26.306236593052745 907.80549235641956
0.6554796684999018 0.40237067267298698 0.26252312585711479 0.00086760194618254905 26.306236593052745 907.80549235641956
0.1439650902058929 0.12307889163494111 0.26252312585711479 0.00086760194618254905 26.306236593052745 907.80549235641956
0.1439650902058929 0.40237067267298698 0.34568521976470945 0.00086760194618254905 26.306236593052745 907.80549235641956
0.1439650902058929 0.40237067267298698 0.26252312585711479 0.0082365151032805454 26.306236593052745 907.80549235641956
0.1439650902058929 0.40237067267298698 0.26252312585711479 0.00086760194618254905 32.329197844490409 907.80549235641956
0.1439650902058929 0.40237067267298698 0.26252312585711479 0.00086760194618254905 26.306236593052745 617.42512965574861
0.6554796684999018 0.12307889163494111 0.34568521976470945 0.0082365151032805454 32.329197844490409 617.42512965574861
0.27549217427149414 0.12899074368178845 0.37036826796829703 0.018928562292456628 31.414274221286178 715.25398530066013
0.19699418595992024 0.12899074368178845 0.37036826796829703 0.018928562292456628 31.414274221286178 715.25398530066013
0.27549217427149414 0.28788791187107565 0.37036826796829703 0.018928562292456628 31.414274221286178 715.25398530066013
0.27549217427149414 0.12899074368178845 0.49802448712289338 0.018928562292456628 31.414274221286178 715.25398530066013
0.27549217427149414 0.12899074368178845 0.37036826796829703 0.0039060464324429636 31.414274221286178 715.25398530066013
0.27549217427149414 0.12899074368178845 0.37036826796829703 0.018928562292456628 29.937747690826654 715.25398530066013
0.27549217427149414 0.12899074368178845 0.37036826796829703 0.018928562292456628 31.414274221286178 850.81422785297036
0.19699418595992024 0.28788791187107565 0.49802448712289338 0.0039060464324429636 29.937747690826654 850.81422785297036
0.53637914326973257 0.34000518508255484 0.17150821126997473 0.0051810629928484564 13.041303541511297 363.77191049978137
0.43434868208132676 0.34000518508255484 0.17150821126997473 0.0051810629928484564 13.041303541511297 363.77191049978137
0.53637914326973257 0.30097122117877007 0.17150821126997473 0.0051810629928484564 13.041303541511297 363.77191049978137
0.53637914326973257 0.34000518508255484 0.25578332282602789 0.0051810629928484564 13.041303541511297 363.77191049978137
0.53637914326973257 0.34000518508255484 0.17150821126997473 0.013434512088447811 13.041303541511297 363.77191049978137
0.53637914326973257 0.34000518508255484 0.17150821126997473 0.0051810629928484564 17.856830881908536 363.77191049978137
0.53637914326973257 0.34000518508255484 0.17150821126997473 0.0051810629928484564 13.041303541511297 478.82395358756185
0.43434868208132676 0.30097122117877007 0.25578332282602789 0.013434512088447811 17.856830881908536 478.82395358756185
0.50339331743307403 0.14021696820855142 0.40676133744418619 0.01011242887042463 28.96924627199769 934.78439282625914
0.68905623336322597 0.14021696820855142 0.40676133744418619 0.01011242887042463 28.96924627199769 934.78439282625914
0.50339331743307403 0.28641166612505914 0.40676133744418619 0.01011242887042463 28.96924627199769 934.78439282625914
0.50339331743307403 0.14021696820855142 0.23709694407880308 0.01011242887042463 28.96924627199769 934.78439282625914
0.50339331743307403 0.14021696820855142 0.40676133744418619 0.0049066457560285924 28.96924627199769 934.78439282625914
0.50339331743307403 0.14021696820855142 0.40676133744418619 0.01011242887042463 18.866078408434987 934.78439282625914
0.50339331743307403 0.14021696820855142 0.40676133744418619 0.01011242887042463 28.96924627199769 302.95580504462123
0.68905623336322597 0.28641166612505914 0.23709694407880308 0.0049066457560285924 18.866078408434987 302.95580504462123
0.26789201432839033 0.32916567474603653 0.20718392990529538 0.0040993136433884504 19.042007235810161 133.24746349826455
0.26593895633704956 0.32916567474603653 0.20718392990529538 0.0040993136433884504 19.042007235810161 133.24746349826455
0.26789201432839033 0.32488551624119283 0.20718392990529538 0.0040993136433884504 19.042007235810161 133.24746349826455
0.26789201432839033 0.32916567474603653 0.41671238578855996 0.0040993136433884504 19.042007235810161 133.24746349826455
0.26789201432839033 0.32916567474603653 0.20718392990529538 0.014444774733856322 19.042007235810161 133.24746349826455
0.26789201432839033 0.32916567474603653 0.20718392990529538 0.0040993136433884504 29.045401562005281 133.24746349826455
0.26789201432839033 0.32916567474603653 0.20718392990529538 0.0040993136433884504 19.042007235810161 577.84066488966346
0.26593895633704956 0.32488551624119283 0.41671238578855996 0.014444774733856322 29.045401562005281 577.84066488966346
0.15186221539042888 0.20255889333784582 0.30246527642011645 0.015740733667090535 8.6749523337930441 338.00452360883355
0.38158657415769986 0.20255889333784582 0.30246527642011645 0.015740733667090535 8.6749523337930441 338.00452360883355
0.15186221539042888 0.48920628726482396 0.30246527642011645 0.015740733667090535 8.6749523337930441 338.00452360883355
0.15186221539042888 0.20255889333784582 0.36437639519572262 0.015740733667090535 8.6749523337930441 338.00452360883355
0.15186221539042888 0.20255889333784582 0.30246527642011645 0.018776527468673886 8.6749523337930441 338.00452360883355
0.15186221539042888 0.20255889333784582 0.30246527642011645 0.015740733667090535 31.348775571212173 338.00452360883355
0.15186221539042888 0.20255889333784582 0.30246527642011645 0.015740733667090535 8.6749523337930441 779.70243459567428
0.38158657415769986 0.48920628726482396 0.36437639519572262 0.018776527468673886 31.348775571212173 779.70243459567428
0.5765369962900877 0.41672733388841154 0.10210680663585664 0.0096882672285661109 35.310099806636572 689.59249537438154
0.16207060380838811 0.41672733388841154 0.10210680663585664 0.0096882672285661109 35.310099806636572 689.59249537438154
0.5765369962900877 0.10268018655478955 0.10210680663585664 0.0096882672285661109 35.310099806636572 689.59249537438154
0.5765369962900877 0.41672733388841154 0.18162048757076266 0.0096882672285661109 35.310099806636572 689.59249537438154
0.5765369962900877 0.41672733388841154 0.10210680663585664 0.0092371853109449158 35.310099806636572 689.59249537438154
0.5765369962900877 0.41672733388841154 0.10210680663585664 0.0096882672285661109 12.69528790563345 689.59249537438154
0.5765369962900877 0.41672733388841154 0.10210680663585664 0.0096882672285661109 35.310099806636572 546.59307403489947
0.16207060380838811 0.10268018655478955 0.18162048757076266 0.0092371853109449158 12.69528790563345 546.59307403489947
0.68813622891902915 0.27780048437416555 0.25362119227647784 0.0070678434146568183 33.174003411084414 779.76129231974483
0.48390611880458884 0.27780048437416555 0.25362119227647784 0.0070678434146568183 33.174003411084414 779.76129231974483
0.68813622891902915 0.40489532500505454 0.25362119227647784 0.0070678434146568183 33.174003411084414 779.76129231974483
0.68813622891902915 0.27780048437416555 0.32873409986495972 0.0070678434146568183 33.174003411084414 779.76129231974483
0.68813622891902915 0.27780048437416555 0.25362119227647784 0.010840702369436623 33.174003411084414 779.76129231974483
0.68813622891902915 0.27780048437416555 0.25362119227647784 0.0070678434146568183 37.589588940143585 779.76129231974483
0.68813622891902915 0.27780048437416555 0.25362119227647784 0.0070678434146568183 33.174003411084414 333.18342724815011
0.48390611880458884 0.40489532500505454 0.32873409986495972 0.010840702369436623 37.589588940143585 333.18342724815011
0.12127239829860627 0.49197655133903029 0.45407445430755622 0.01833972555808723 14.808242900297046 231.34936802089214
0.06109870844520629 0.49197655133903029 0.45407445430755622 0.01833972555808723 14.808242900297046 231.34936802089214
0.12127239829860627 0.19298470281064511 0.45407445430755622 0.01833972555808723 14.808242900297046 231.34936802089214
0.12127239829860627 0.49197655133903029 0.12409718856215478 0.01833972555808723 14.808242900297046 231.34936802089214
0.12127239829860627 0.49197655133903029 0.45407445430755622 0.0012362478746101263 14.808242900297046 231.34936802089214
0.12127239829860627 0.49197655133903029 0.45407445430755622 0.01833972555808723 10.263354165479541 231.34936802089214
0.12127239829860627 0.49197655133903029 0.45407445430755622 0.01833972555808723 14.808242900297046 985.97053559496999
0.06109870844520629 0.19298470281064511 0.12409718856215478 0.0012362478746101263 10.263354165479541 985.97053559496999
0.29847928406670687 0.16536137983202936 0.16182493977248669 0.0014413513621315361 19.471106698736548 492.36844442784786
0.58777437689714129 0.16536137983202936 0.16182493977248669 0.0014413513621315361 19.471106698736548 492.36844442784786
0.29847928406670687 0.22104601338505747 0.16182493977248669 0.0014413513621315361 19.471106698736548 492.36844442784786
0.29847928406670687 0.16536137983202936 0.27019845582544805 0.0014413513621315361 19.471106698736548 492.36844442784786
0.29847928406670687 0.16536137983202936 0.16182493977248669 0.0055679298359900715 19.471106698736548 492.36844442784786
0.29847928406670687 0.16536137983202936 0.16182493977248669 0.0014413513621315361 20.183872368186712 492.36844442784786
0.29847928406670687 0.16536137983202936 0.16182493977248669 0.0014413513621315361 19.471106698736548 756.53309570625424
0.58777437689714129 0.22104601338505747 0.27019845582544805 0.0055679298359900715 20.183872368186712 756.53309570625424
0.39179153745062645 0.35431771278381352 0.36149676404893405 0.012753793213143946 24.542959790676832 590.83141116425395
0.36856842818669971 0.35431771278381352 0.36149676404893405 0.012753793213143946 24.542959790676832 590.83141116425395
0.39179153745062645 0.38413534201681621 0.36149676404893405 0.012753793213143946 24.542959790676832 590.83141116425395
0.39179153745062645 0.35431771278381352 0.47794529162347321 0.012753793213143946 24.542959790676832 590.83141116425395
0.39179153745062645 0.35431771278381352 0.36149676404893405 0.015171161635778847 24.542959790676832 590.83141116425395
0.39179153745062645 0.35431771278381352 0.36149676404893405 0.012753793213143946 24.036029467359185 590.83141116425395
0.39179153745062645 0.35431771278381352 0.36149676404893405 0.012753793213143946 24.542959790676832 117.34155500307679
0.36856842818669971 0.38413534201681621 0.47794529162347321 0.015171161635778847 24.036029467359185 117.34155500307679
0.42357373572885981 0.23826126493513586 0.18107752576470376 0.019924853877723216 16.184705264866352 763.82475048303604
0.5075624549295753 0.23826126493513586 0.18107752576470376 0.019924853877723216 16.184705264866352 763.82475048303604
0.42357373572885981 0.43450369164347646 0.18107752576470376 0.019924853877723216 16.184705264866352 763.82475048303604
0.42357373572885981 0.23826126493513586 0.3143369987607002 0.019924853877723216 16.184705264866352 763.82475048303604
0.42357373572885981 0.23826126493513586 0.18107752576470376 0.0088199740152806062 16.184705264866352 763.82475048303604
0.42357373572885981 0.23826126493513586 0.18107752576470376 0.019924853877723216 25.614724580198526 763.82475048303604
0.42357373572885981 0.23826126493513586 0.18107752576470376 0.019924853877723216 16.184705264866352 235.55516144260764
0.5075624549295753 0.43450369164347646 0.3143369987607002 0.0088199740152806062 25.614724580198526 235.55516144260764
0.34549059434793883 0.43034127317368986 0.37994063422083857 0.0061760708460584287 27.81860020197928 412.28783121332526
0.11743276654742657 0.43034127317368986 0.37994063422083857 0.0061760708460584287 27.81860020197928 412.28783121332526
0.34549059434793883 0.17298289425671101 0.37994063422083857 0.0061760708460584287 27.81860020197928 412.28783121332526
0.34549059434793883 0.43034127317368986 0.13146456554532052 0.0061760708460584287 27.81860020197928 412.28783121332526
0.34549059434793883 0.43034127317368986 0.37994063422083857 0.018416105457954111 27.81860020197928 412.28783121332526
0.34549059434793883 0.43034127317368986 0.37994063422083857 0.0061760708460584287 22.224028186872602 412.28783121332526
0.34549059434793883 0.43034127317368986 0.37994063422083857 0.0061760708460584287 27.81860020197928 637.44187382981181
0.11743276654742657 0.17298289425671101 0.13146456554532052 0.018416105457954111 22.224028186872602 637.44187382981181
0.074581618700176475 0.10060205236077309 0.2845921475440264 0.014411960605531933 36.464521588757634 163.55501553043723
0.57079548244364553 0.10060205236077309 0.2845921475440264 0.014411960605531933 36.464521588757634 163.55501553043723
0.074581618700176475 0.23798343241214753 0.2845921475440264 0.014411960605531933 36.464521588757634 163.55501553043723
0.074581618700176475 0.10060205236077309 0.28692861683666704 0.014411960605531933 36.464521588757634 163.55501553043723
0.074581618700176475 0.10060205236077309 0.2845921475440264 0.012848070660606028 36.464521588757634 163.55501553043723
0.074581618700176475 0.10060205236077309 0.2845921475440264 0.014411960605531933 9.6152498498558998 163.55501553043723
0.074581618700176475 0.10060205236077309 0.2845921475440264 0.014411960605531933 36.464521588757634 881.82071996852756
0.57079548244364553 0.23798343241214753 0.28692861683666704 0.012848070660606028 9.6152498498558998 881.82071996852756
0.65667456132359803 0.3179017797112465 0.48579919375479219 0.00062639323640614752 11.535802811384201 965.14297723770142
0.30301787559874349 0.3179017797112465 0.48579919375479219 0.00062639323640614752 11.535802811384201 965.14297723770142
0.65667456132359803 0.351462684199214 0.48579919375479219 0.00062639323640614752 11.535802811384201 965.14297723770142
0.65667456132359803 0.3179017797112465 0.46668540649116041 0.00062639323640614752 11.535802811384201 965.14297723770142
0.65667456132359803 0.3179017797112465 0.48579919375479219 0.0032507165228948002 11.535802811384201 965.14297723770142
0.65667456132359803 0.3179017797112465 0.48579919375479219 0.00062639323640614752 34.590461423620582 965.14297723770142
0.65667456132359803 0.3179017797112465 0.48579919375479219 0.00062639323640614752 11.535802811384201 438.21343993768096
0.30301787559874349 0.351462684199214 0.46668540649116041 0.0032507165228948002 34.590461423620582 438.21343993768096
0.60577257354743774 0.17506887838244439 0.33418696410953996 0.0032858139151707294 11.980122022330761 609.70631213858724
0.6324122335296124 0.17506887838244439 0.33418696410953996 0.0032858139151707294 11.980122022330761 609.70631213858724
0.60577257354743774 0.25387398153543472 0.33418696410953996 0.0032858139151707294 11.980122022330761 609.70631213858724
0.60577257354743774 0.17506887838244439 0.22023173086345196 0.0032858139151707294 11.980122022330761 609.70631213858724
0.60577257354743774 0.17506887838244439 0.33418696410953996 0.017078495526872576 11.980122022330761 609.70631213858724
0.60577257354743774 0.17506887838244439 0.33418696410953996 0.0032858139151707294 14.391205219551921 609.70631213858724
0.60577257354743774 0.17506887838244439 0.33418696410953996 0.0032858139151707294 11.980122022330761 428.38129820302129
0.6324122335296124 0.25387398153543472 0.22023173086345196 0.017078495526872576 14.391205219551921 428.38129820302129
0.20649306075647472 0.3923640251159668 0.13308081366121771 0.011774613863229753 32.052312234416604 511.29438448697329
0.2425925667863339 0.3923640251159668 0.13308081366121771 0.011774613863229753 32.052312234416604 511.29438448697329
0.20649306075647472 0.34195650480687623 0.13308081366121771 0.011774613863229753 32.052312234416604 511.29438448697329
0.20649306075647472 0.3923640251159668 0.42810732312500477 0.011774613863229753 32.052312234416604 511.29438448697329
0.20649306075647472 0.3923640251159668 0.13308081366121771 0.0075320541922003032 32.052312234416604 511.29438448697329
0.20649306075647472 0.3923640251159668 0.13308081366121771 0.011774613863229753 33.506083741784096 511.29438448697329
0.20649306075647472 0.3923640251159668 0.13308081366121771 0.011774613863229753 32.052312234416604 898.79525909200311
0.2425925667863339 0.34195650480687623 0.42810732312500477 0.0075320541922003032 33.506083741784096 898.79525909200311
0.21357664368115364 0.26263014860451223 0.42520215585827825 0.0087956859471276412 25.668199585750699 318.77208668738604
0.44682718017138534 0.26263014860451223 0.42520215585827825 0.0087956859471276412 25.668199585750699 318.77208668738604
0.21357664368115364 0.46894892528653143 0.42520215585827825 0.0087956859471276412 25.668199585750699 318.77208668738604
0.21357664368115364 0.26263014860451223 0.37888411059975624 0.0087956859471276412 25.668199585750699 318.77208668738604
0.21357664368115364 0.26263014860451223 0.42520215585827825 0.0019640901682898403 25.668199585750699 318.77208668738604
0.21357664368115364 0.26263014860451223 0.42520215585827825 0.0087956859471276412 28.28016054071486 318.77208668738604
0.21357664368115364 0.26263014860451223 0.42520215585827825 0.0087956859471276412 25.668199585750699 681.99208313599229
0.44682718017138534 0.46894892528653143 0.37888411059975624 0.0019640901682898403 28.28016054071486 681.99208313599229
0.47447321489453309 0.45470557622611529 0.22643956765532494 0.017322478728741406 22.303003177046776 867.23505677655339
0.17935943999327719 0.45470557622611529 0.22643956765532494 0.017322478728741406 22.303003177046776 867.23505677655339
0.47447321489453309 0.13203139938414099 0.22643956765532494 0.017322478728741406 22.303003177046776 867.23505677655339
0.47447321489453309 0.45470557622611529 0.17414249628782275 0.017322478728741406 22.303003177046776 867.23505677655339
0.47447321489453309 0.45470557622611529 0.22643956765532494 0.011509318323060872 22.303003177046776 867.23505677655339
0.47447321489453309 0.45470557622611529 0.22643956765532494 0.017322478728741406 15.749712150543928 867.23505677655339
0.47447321489453309 0.45470557622611529 0.22643956765532494 0.017322478728741406 22.303003177046776 197.92762296274304
0.17935943999327719 0.13203139938414099 0.17414249628782275 0.011509318323060872 15.749712150543928 197.92762296274304
0.46921784058213228 0.22702563926577568 0.44750343039631846 0.0062824029203504324 9.5449649095535278 597.90853783488274
0.074993138574063783 0.22702563926577568 0.44750343039631846 0.0062824029203504324 9.5449649095535278 597.90853783488274
0.46921784058213228 0.10566541738808155 0.44750343039631846 0.0062824029203504324 9.5449649095535278 597.90853783488274
0.46921784058213228 0.22702563926577568 0.29152516983449461 0.0062824029203504324 9.5449649095535278 597.90853783488274
0.46921784058213228 0.22702563926577568 0.44750343039631846 0.0024488929551094774 9.5449649095535278 597.90853783488274
0.46921784058213228 0.22702563926577568 0.44750343039631846 0.0062824029203504324 30.090265974402428 597.90853783488274
0.46921784058213228 0.22702563926577568 0.44750343039631846 0.0062824029203504324 9.5449649095535278 769.61323162540793
0.074993138574063783 0.10566541738808155 0.29152516983449461 0.0024488929551094774 30.090265974402428 769.61323162540793
0.21847751936875281 0.44118818044662478 0.24792601093649866 0.019760516351275147 34.47276190109551 471.42987614497542
0.47509969677776093 0.44118818044662478 0.24792601093649866 0.019760516351275147 34.47276190109551 471.42987614497542
0.21847751936875281 0.49219153150916106 0.24792601093649866 0.019760516351275147 34.47276190109551 471.42987614497542
0.21847751936875281 0.44118818044662478 0.46189358271658421 0.019760516351275147 34.47276190109551 471.42987614497542
0.21847751936875281 0.44118818044662478 0.24792601093649866 0.012103041651658715 34.47276190109551 471.42987614497542
0.21847751936875281 0.44118818044662478 0.24792601093649866 0.019760516351275147 17.807019410654902 471.42987614497542
0.21847751936875281 0.44118818044662478 0.24792601093649866 0.019760516351275147 34.47276190109551 100.5252125672996
0.47509969677776093 0.49219153150916106 0.46189358271658421 0.012103041651658715 17.807019410654902 100.5252125672996
0.21143353180959817 0.11458729095757009 0.3432058442384005 0.00069405181296169763 29.810364359989762 224.38277518376708
0.33690800284966821 0.11458729095757009 0.3432058442384005 0.00069405181296169763 29.810364359989762 224.38277518376708
0.21143353180959817 0.32183899395167825 0.3432058442384005 0.00069405181296169763 29.810364359989762 224.38277518376708
0.21143353180959817 0.11458729095757009 0.30643236562609677 0.00069405181296169763 29.810364359989762 224.38277518376708
0.21143353180959817 0.11458729095757009 0.3432058442384005 0.016434770819917323 29.810364359989762 224.38277518376708
0.21143353180959817 0.11458729095757009 0.3432058442384005 0.00069405181296169763 12.573772381991148 224.38277518376708
0.21143353180959817 0.11458729095757009 0.3432058442384005 0.00069405181296169763 29.810364359989762 348.22398973628879
0.33690800284966821 0.32183899395167825 0.30643236562609677 0.016434770819917323 12.573772381991148 348.22398973628879
0.60055679460056122 0.30353011302649979 0.14284736253321173 0.014131604356132449 18.17554584890604 801.02920904755592
0.61434680139645936 0.30353011302649979 0.14284736253321173 0.014131604356132449 18.17554584890604 801.02920904755592
0.60055679460056122 0.28336505889892583 0.14284736253321173 0.014131604356132449 18.17554584890604 801.02920904755592
0.60055679460056122 0.30353011302649979 0.13917384445667269 0.014131604356132449 18.17554584890604 801.02920904755592
0.60055679460056122 0.30353011302649979 0.14284736253321173 0.0067794183110818267 18.17554584890604 801.02920904755592
0.60055679460056122 0.30353011302649979 0.14284736253321173 0.014131604356132449 31.456096732988954 801.02920904755592
0.60055679460056122 0.30353011302649979 0.14284736253321173 0.014131604356132449 18.17554584890604 974.65760326012969
0.61434680139645936 0.28336505889892583 0.13917384445667269 0.0067794183110818267 31.456096732988954 974.65760326012969
0.6513769571203738 0.18942909874022007 0.28811327405273912 0.011822974304668606 20.311297133564949 667.89746033027768
0.2747380159795284 0.18942909874022007 0.28811327405273912 0.011822974304668606 20.311297133564949 667.89746033027768
0.6513769571203738 0.38720464669167998 0.28811327405273912 0.011822974304668606 20.311297133564949 667.89746033027768
0.6513769571203738 0.18942909874022007 0.39890915751457212 0.011822974304668606 20.311297133564949 667.89746033027768
0.6513769571203738 0.18942909874022007 0.28811327405273912 0.01322115833219141 20.311297133564949 667.89746033027768
0.6513769571203738 0.18942909874022007 0.28811327405273912 0.011822974304668606 11.313670502975583 667.89746033027768
0.6513769571203738 0.18942909874022007 0.28811327405273912 0.011822974304668606 20.311297133564949 794.75581469014287
0.2747380159795284 0.38720464669167998 0.39890915751457212 0.01322115833219141 11.313670502975583 794.75581469014287
0.079440264496952295 0.3783917602151633 0.48856654800474641 0.0029860839258879428 23.677415328100324 344.5437902584672
0.67516916319727893 0.3783917602151633 0.48856654800474641 0.0029860839258879428 23.677415328100324 344.5437902584672
0.079440264496952295 0.22411523312330248 0.48856654800474641 0.0029860839258879428 23.677415328100324 344.5437902584672
0.079440264496952295 0.3783917602151633 0.15353145822882652 0.0029860839258879428 23.677415328100324 344.5437902584672
0.079440264496952295 0.3783917602151633 0.48856654800474641 0.0036553905013948684 23.677415328100324 344.5437902584672
0.079440264496952295 0.3783917602151633 0.48856654800474641 0.0029860839258879428 36.525078687816858 344.5437902584672
0.079440264496952295 0.3783917602151633 0.48856654800474641 0.0029860839258879428 23.677415328100324 535.26560077443719
0.67516916319727893 0.22411523312330248 0.15353145822882652 0.0036553905013948684 36.525078687816858 535.26560077443719
0.35046833618544038 0.25177026763558386 0.19631549492478373 0.017409512667916717 34.043092021718621 153.73467300087214
0.13549066195264459 0.25177026763558386 0.19631549492478373 0.017409512667916717 34.043092021718621 153.73467300087214
0.35046833618544038 0.189976379647851 0.19631549492478373 0.017409512667916717 34.043092021718621 153.73467300087214
0.35046833618544038 0.25177026763558386 0.20275797583162786 0.017409512667916717 34.043092021718621 153.73467300087214
0.35046833618544038 0.25177026763558386 0.19631549492478373 0.007987039381079376 34.043092021718621 153.73467300087214
0.35046833618544038 0.25177026763558386 0.19631549492478373 0.017409512667916717 23.908975740894675 153.73467300087214
0.35046833618544038 0.25177026763558386 0.19631549492478373 0.017409512667916717 34.043092021718621 316.02140003815293
0.13549066195264459 0.189976379647851 0.20275797583162786 0.007987039381079376 23.908975740894675 316.02140003815293
0.41839522756636138 0.46595264822244642 0.39598733112216 0.0086119746807962663 13.971825383603573 927.25611524656415
0.41325451442971822 0.46595264822244642 0.39598733112216 0.0086119746807962663 13.971825383603573 927.25611524656415
0.41839522756636138 0.4018870152533055 0.39598733112216 0.0086119746807962663 13.971825383603573 927.25611524656415
0.41839522756636138 0.46595264822244642 0.4449951943010092 0.0086119746807962663 13.971825383603573 927.25611524656415
0.41839522756636138 0.46595264822244642 0.39598733112216 0.01755161291472614 13.971825383603573 927.25611524656415
0.41839522756636138 0.46595264822244642 0.39598733112216 0.0086119746807962663 20.29673195630312 927.25611524656415
0.41839522756636138 0.46595264822244642 0.39598733112216 0.0086119746807962663 13.971825383603573 561.03714006021619
0.41325451442971822 0.4018870152533055 0.4449951943010092 0.01755161291472614 20.29673195630312 561.03714006021619
0.38685362343676383 0.12584527321159841 0.16537200622260573 0.0040316205099225049 37.300883170217276 873.45881517976522
0.22855742564424869 0.12584527321159841 0.16537200622260573 0.0040316205099225049 37.300883170217276 873.45881517976522
0.38685362343676383 0.35464178510010247 0.16537200622260573 0.0040316205099225049 37.300883170217276 873.45881517976522
0.38685362343676383 0.12584527321159841 0.35626497417688374 0.0040316205099225049 37.300883170217276 873.45881517976522
0.38685362343676383 0.12584527321159841 0.16537200622260573 0.0062890454998239878 37.300883170217276 873.45881517976522
0.38685362343676383 0.12584527321159841 0.16537200622260573 0.0040316205099225049 21.882285309955478 873.45881517976522
0.38685362343676383 0.12584527321159841 0.16537200622260573 0.0040316205099225049 37.300883170217276 666.94465754553676
0.22855742564424869 0.35464178510010247 0.35626497417688374 0.0062890454998239878 21.882285309955478 666.94465754553676
0.30369762005284423 0.34315094165503979 0.3642351265996695 0.010392814956046641 10.666659271344543 296.98014343157411
0.6413792102597653 0.34315094165503979 0.3642351265996695 0.010392814956046641 10.666659271344543 296.98014343157411
0.30369762005284423 0.24116257056593896 0.3642351265996695 0.010392814956046641 10.666659271344543 296.98014343157411
0.30369762005284423 0.34315094165503979 0.18914591744542122 0.010392814956046641 10.666659271344543 296.98014343157411
0.30369762005284423 0.34315094165503979 0.3642351265996695 0.015846519856527446 10.666659271344543 296.98014343157411
0.30369762005284423 0.34315094165503979 0.3642351265996695 0.010392814956046641 25.970654219388962 296.98014343157411
0.30369762005284423 0.34315094165503979 0.3642351265996695 0.010392814956046641 10.666659271344543 209.23369219526649
0.6413792102597653 0.24116257056593896 0.18914591744542122 0.015846519856527446 25.970654219388962 209.23369219526649
0.12653017467819155 0.21340578719973566 0.26888815313577652 0.009581904137879611 17.05030476860702 503.42291826382279
0.21117546092718836 0.21340578719973566 0.26888815313577652 0.009581904137879611 17.05030476860702 503.42291826382279
0.12653017467819155 0.16974266879260541 0.26888815313577652 0.009581904137879611 17.05030476860702 503.42291826382279
0.12653017467819155 0.21340578719973566 0.24148519523441792 0.009581904137879611 17.05030476860702 503.42291826382279
0.12653017467819155 0.21340578719973566 0.26888815313577652 0.01027848974298686 17.05030476860702 503.42291826382279
0.12653017467819155 0.21340578719973566 0.26888815313577652 0.009581904137879611 35.883848706260324 503.42291826382279
0.12653017467819155 0.21340578719973566 0.26888815313577652 0.009581904137879611 17.05030476860702 415.29429918155074
0.21117546092718836 0.16974266879260541 0.24148519523441792 0.01027848974298686 35.883848706260324 415.29429918155074
0.68323775529861441 0.4054917216300965 0.47009521126747134 0.015905106930620968 26.978465590626001 630.06936218589544
0.42007933091372246 0.4054917216300965 0.47009521126747134 0.015905106930620968 26.978465590626001 630.06936218589544
0.68323775529861441 0.43126340508461003 0.47009521126747134 0.015905106930620968 26.978465590626001 630.06936218589544
0.68323775529861441 0.4054917216300965 0.41173825077712534 0.015905106930620968 26.978465590626001 630.06936218589544
0.68323775529861441 0.4054917216300965 0.47009521126747134 0.00071982108913362024 26.978465590626001 630.06936218589544
0.68323775529861441 0.4054917216300965 0.47009521126747134 0.015905106930620968 8.3360495530068874 630.06936218589544
0.68323775529861441 0.4054917216300965 0.47009521126747134 0.015905106930620968 26.978465590626001 915.60473842546344
0.42007933091372246 0.43126340508461003 0.41173825077712534 0.00071982108913362024 8.3360495530068874 915.60473842546344
0.57155669741332527 0.28904753699898722 0.32473145574331286 0.018252736207284032 26.534720372408628 944.30088801309466
0.10845827246084809 0.28904753699898722 0.32473145574331286 0.018252736207284032 26.534720372408628 944.30088801309466
0.57155669741332527 0.13529743514955045 0.32473145574331286 0.018252736207284032 26.534720372408628 944.30088801309466
0.57155669741332527 0.28904753699898722 0.25290701501071455 0.018252736207284032 26.534720372408628 944.30088801309466
0.57155669741332527 0.28904753699898722 0.32473145574331286 0.019686701997742057 26.534720372408628 944.30088801309466
0.57155669741332527 0.28904753699898722 0.32473145574331286 0.018252736207284032 33.158888716250658 944.30088801309466
0.57155669741332527 0.28904753699898722 0.32473145574331286 0.018252736207284032 26.534720372408628 868.74825516715646
0.10845827246084809 0.13529743514955045 0.25290701501071455 0.019686701997742057 33.158888716250658 868.74825516715646
0.15703816651366651 0.48111668974161148 0.12362529337406158 0.0072515148133039473 21.46194370649755 170.94722129404545
0.5216051110066473 0.48111668974161148 0.12362529337406158 0.0072515148133039473 21.46194370649755 170.94722129404545
0.15703816651366651 0.47221489995718002 0.12362529337406158 0.0072515148133039473 21.46194370649755 170.94722129404545
0.15703816651366651 0.48111668974161148 0.49504146166145802 0.0072515148133039473 21.46194370649755 170.94722129404545
0.15703816651366651 0.48111668974161148 0.12362529337406158 0.010024249131791296 21.46194370649755 170.94722129404545
0.15703816651366651 0.48111668974161148 0.12362529337406158 0.0072515148133039473 14.752587677910924 170.94722129404545
0.15703816651366651 0.48111668974161148 0.12362529337406158 0.0072515148133039473 21.46194370649755 455.01009495928884
0.5216051110066473 0.47221489995718002 0.49504146166145802 0.010024249131791296 14.752587677910924 455.01009495928884
0.27318721646443006 0.15138908065855505 0.4157481741160155 0.012705473819561304 12.817401422187686 433.67947824299335
0.32975836247205731 0.15138908065855505 0.4157481741160155 0.012705473819561304 12.817401422187686 433.67947824299335
0.27318721646443006 0.33875123597681522 0.4157481741160155 0.012705473819561304 12.817401422187686 433.67947824299335
0.27318721646443006 0.15138908065855505 0.34894299879670143 0.012705473819561304 12.817401422187686 433.67947824299335
0.27318721646443006 0.15138908065855505 0.4157481741160155 0.0044562993068248038 12.817401422187686 433.67947824299335
0.27318721646443006 0.15138908065855505 0.4157481741160155 0.012705473819561304 17.048636965453625 433.67947824299335
0.27318721646443006 0.15138908065855505 0.4157481741160155 0.012705473819561304 12.817401422187686 220.49491154029965
0.32975836247205731 0.33875123597681522 0.34894299879670143 0.0044562993068248038 17.048636965453625 220.49491154029965
0.49853226956911378 0.36867796741425995 0.21698557399213314 0.0017410355828702453 31.182240147143602 757.2009171359241
0.53898682147264476 0.36867796741425995 0.21698557399213314 0.0017410355828702453 31.182240147143602 757.2009171359241
0.49853226956911378 0.25066874995827676 0.21698557399213314 0.0017410355828702453 31.182240147143602 757.2009171359241
0.49853226956911378 0.36867796741425995 0.10369293540716172 0.0017410355828702453 31.182240147143602 757.2009171359241
0.49853226956911378 0.36867796741425995 0.21698557399213314 0.014117548360489311 31.182240147143602 757.2009171359241
0.49853226956911378 0.36867796741425995 0.21698557399213314 0.0017410355828702453 26.995422935113311 757.2009171359241
0.49853226956911378 0.36867796741425995 0.21698557399213314 0.0017410355828702453 31.182240147143602 648.7624772824347
0.53898682147264476 0.25066874995827676 0.10369293540716172 0.014117548360489311 26.995422935113311 648.7624772824347
0.53171638217754658 0.16847773194313048 0.3551683980971575 0.016568890485726295 18.798876415938139 200.5732474848628
0.48793617310002441 0.16847773194313048 0.3551683980971575 0.016568890485726295 18.798876415938139 200.5732474848628
0.53171638217754658 0.33710406795144082 0.3551683980971575 0.016568890485726295 18.798876415938139 200.5732474848628
0.53171638217754658 0.16847773194313048 0.18488426879048347 0.016568890485726295 18.798876415938139 200.5732474848628
0.53171638217754658 0.16847773194313048 0.3551683980971575 0.0030012345679104333 18.798876415938139 200.5732474848628
0.53171638217754658 0.16847773194313048 0.3551683980971575 0.016568890485726295 28.008847108110785 200.5732474848628
0.53171638217754658 0.16847773194313048 0.3551683980971575 0.016568890485726295 18.798876415938139 825.70867603644729
0.48793617310002441 0.33710406795144082 0.18488426879048347 0.0030012345679104333 28.008847108110785 825.70867603644729
0.28098566317930812 0.35120088383555415 0.15549351014196874 0.0077700681764632466 28.734475394710898 974.03967091813684
0.057000399846583609 0.35120088383555415 0.15549351014196874 0.0077700681764632466 28.734475394710898 974.03967091813684
0.28098566317930812 0.27363092042505743 0.15549351014196874 0.0077700681764632466 28.734475394710898 974.03967091813684
0.28098566317930812 0.35120088383555415 0.36775318533182144 0.0077700681764632466 28.734475394710898 974.03967091813684
0.28098566317930812 0.35120088383555415 0.15549351014196874 0.012633475068397822 28.734475394710898 974.03967091813684
0.28098566317930812 0.35120088383555415 0.15549351014196874 0.0077700681764632466 16.153144158422947 974.03967091813684
0.28098566317930812 0.35120088383555415 0.15549351014196874 0.0077700681764632466 28.734475394710898 494.60142953321338
0.057000399846583609 0.27363092042505743 0.36775318533182144 0.012633475068397822 16.153144158422947 494.60142953321338
0.14957752018235623 0.2809417348355055 0.46024714484810836 0.012218567505292596 35.548649860545993 727.02172556892037
0.59163549952208994 0.2809417348355055 0.46024714484810836 0.012218567505292596 35.548649860545993 727.02172556892037
0.14957752018235623 0.14046021550893784 0.46024714484810836 0.012218567505292596 35.548649860545993 727.02172556892037
0.14957752018235623 0.2809417348355055 0.41385448984801776 0.012218567505292596 35.548649860545993 727.02172556892037
0.14957752018235623 0.2809417348355055 0.46024714484810836 0.018202708883583545 35.548649860545993 727.02172556892037
0.14957752018235623 0.2809417348355055 0.46024714484810836 0.012218567505292596 13.769017832353711 727.02172556892037
0.14957752018235623 0.2809417348355055 0.46024714484810836 0.012218567505292596 35.548649860545993 291.61357460543513
0.59163549952208994 0.14046021550893784 0.41385448984801776 0.018202708883583545 13.769017832353711 291.61357460543513
0.53867071233689778 0.48883577771484854 0.2597908191382885 0.0033829620387405162 8.9216353483498096 403.61326467245817
0.36461934559047215 0.48883577771484854 0.2597908191382885 0.0033829620387405162 8.9216353483498096 403.61326467245817
0.53867071233689778 0.4519871171563864 0.2597908191382885 0.0033829620387405162 8.9216353483498096 403.61326467245817
0.53867071233689778 0.48883577771484854 0.2340955186635256 0.0033829620387405162 8.9216353483498096 403.61326467245817
0.53867071233689778 0.48883577771484854 0.2597908191382885 0.0085692552769556646 8.9216353483498096 403.61326467245817
0.53867071233689778 0.48883577771484854 0.2597908191382885 0.0033829620387405162 34.025557164102793 403.61326467245817
0.53867071233689778 0.48883577771484854 0.2597908191382885 0.0033829620387405162 8.9216353483498096 581.00022664293647
0.36461934559047215 0.4519871171563864 0.2340955186635256 0.0085692552769556646 34.025557164102793 581.00022664293647
0.67074365466833108 0.20569204054772855 0.10827804878354073 0.0010706112001091243 14.566144283860922 271.19559375569224
0.69284202260896555 0.20569204054772855 0.10827804878354073 0.0010706112001091243 14.566144283860922 271.19559375569224
0.67074365466833108 0.15596013665199282 0.10827804878354073 0.0010706112001091243 14.566144283860922 271.19559375569224
0.67074365466833108 0.20569204054772855 0.48054993934929369 0.0010706112001091243 14.566144283860922 271.19559375569224
0.67074365466833108 0.20569204054772855 0.10827804878354073 0.011453192829526962 14.566144283860922 271.19559375569224
0.67074365466833108 0.20569204054772855 0.10827804878354073 0.0010706112001091243 9.2285244278609753 271.19559375569224
0.67074365466833108 0.20569204054772855 0.10827804878354073 0.0010706112001091243 14.566144283860922 738.15902518108487
0.69284202260896555 0.15596013665199282 0.48054993934929369 0.011453192829526962 9.2285244278609753 738.15902518108487
0.09883641279302538 0.41359370984137056 0.30863347873091695 0.014509448655508459 32.938193177804351 847.78702221810818
0.2622213850729167 0.41359370984137056 0.30863347873091695 0.014509448655508459 32.938193177804351 847.78702221810818
0.09883641279302538 0.44287155978381632 0.30863347873091695 0.014509448655508459 32.938193177804351 847.78702221810818
0.09883641279302538 0.41359370984137056 0.27267197482287886 0.014509448655508459 32.938193177804351 847.78702221810818
0.09883641279302538 0.41359370984137056 0.30863347873091695 0.0018655060335993768 32.938193177804351 847.78702221810818
0.09883641279302538 0.41359370984137056 0.30863347873091695 0.014509448655508459 34.874815756455064 847.78702221810818
0.09883641279302538 0.41359370984137056 0.30863347873091695 0.014509448655508459 32.938193177804351 141.59459853544831
0.2622213850729167 0.44287155978381632 0.27267197482287886 0.0018655060335993768 34.874815756455064 141.59459853544831
0.33172925980761642 0.14332617074251175 0.20085698850452902 0.0054227469246834513 24.782314954325557 657.05855898559093
0.38522332627326245 0.14332617074251175 0.20085698850452902 0.0054227469246834513 24.782314954325557 657.05855898559093
0.33172925980761642 0.37115867957472803 0.20085698850452902 0.0054227469246834513 24.782314954325557 657.05855898559093
0.33172925980761642 0.14332617074251175 0.12033592313528062 0.0054227469246834513 24.782314954325557 657.05855898559093
0.33172925980761642 0.14332617074251175 0.20085698850452902 0.0074346691491082315 24.782314954325557 657.05855898559093
0.33172925980761642 0.14332617074251175 0.20085698850452902 0.0054227469246834513 25.107834294438362 657.05855898559093
0.33172925980761642 0.14332617074251175 0.20085698850452902 0.0054227469246834513 24.782314954325557 372.15815046802163
0.38522332627326245 0.37115867957472803 0.12033592313528062 0.0074346691491082315 25.107834294438362 372.15815046802163
0.39964592908509072 0.32605694904923443 0.40043135620653636 0.018899576033465565 19.716977450996637 530.52509305998683
0.15852184314280748 0.32605694904923443 0.40043135620653636 0.018899576033465565 19.716977450996637 530.52509305998683
0.39964592908509072 0.23307005353271962 0.40043135620653636 0.018899576033465565 19.716977450996637 530.52509305998683
0.39964592908509072 0.32605694904923443 0.32507344856858256 0.018899576033465565 19.716977450996637 530.52509305998683
0.39964592908509072 0.32605694904923443 0.40043135620653636 0.017021133176237345 19.716977450996637 530.52509305998683
0.39964592908509072 0.32605694904923443 0.40043135620653636 0.018899576033465565 22.862464396283031 530.52509305998683
0.39964592908509072 0.32605694904923443 0.40043135620653636 0.018899576033465565 19.716977450996637 955.07205100730062
0.15852184314280748 0.23307005353271962 0.32507344856858256 0.017021133176237345 22.862464396283031 955.07205100730062
0.44617833085358138 0.2657407861202955 0.23280450552701951 0.013545793582685293 28.039648786187172 371.50819003582001
0.62890286482870572 0.2657407861202955 0.23280450552701951 0.013545793582685293 28.039648786187172 371.50819003582001
0.44617833085358138 0.18578861132264138 0.23280450552701951 0.013545793582685293 28.039648786187172 371.50819003582001
0.44617833085358138 0.2657407861202955 0.46368712224066255 0.013545793582685293 28.039648786187172 371.50819003582001
0.44617833085358138 0.2657407861202955 0.23280450552701951 0.0094517815301194807 28.039648786187172 371.50819003582001
0.44617833085358138 0.2657407861202955 0.23280450552701951 0.013545793582685293 19.284451745450497 371.50819003582001
0.44617833085358138 0.2657407861202955 0.23280450552701951 0.013545793582685293 28.039648786187172 835.97964895889163
0.62890286482870572 0.18578861132264138 0.46368712224066255 0.0094517815301194807 19.284451745450497 835.97964895889163
0.36303194179199633 0.45159522481262682 0.43157015740871429 0.0025826402582228188 16.412268655374646 694.97462352737784
0.2461899850517511 0.45159522481262682 0.43157015740871429 0.0025826402582228188 16.412268655374646 694.97462352737784
0.36303194179199633 0.42230860926210878 0.43157015740871429 0.0025826402582228188 16.412268655374646 694.97462352737784
0.36303194179199633 0.45159522481262682 0.2840675678104162 0.0025826402582228188 16.412268655374646 694.97462352737784
0.36303194179199633 0.45159522481262682 0.43157015740871429 0.019026008796691894 16.412268655374646 694.97462352737784
0.36303194179199633 0.45159522481262682 0.43157015740871429 0.0025826402582228188 24.803782349452376 694.97462352737784
0.36303194179199633 0.45159522481262682 0.43157015740871429 0.0025826402582228188 16.412268655374646 490.37036215886474
0.2461899850517511 0.42230860926210878 0.2840675678104162 0.019026008796691894 24.803782349452376 490.37036215886474
0.066578453872352839 0.1782036364078522 0.12694469802081587 0.017856840587593615 11.304694602265954 901.49805238470435
0.44314956264570349 0.1782036364078522 0.12694469802081587 0.017856840587593615 11.304694602265954 901.49805238470435
0.066578453872352839 0.38865800350904467 0.12694469802081587 0.017856840587593615 11.304694602265954 901.49805238470435
0.066578453872352839 0.1782036364078522 0.13484431803226471 0.017856840587593615 11.304694602265954 901.49805238470435
0.066578453872352839 0.1782036364078522 0.12694469802081587 0.014695492918975653 11.304694602265954 901.49805238470435
0.066578453872352839 0.1782036364078522 0.12694469802081587 0.017856840587593615 37.507503677159548 901.49805238470435
0.066578453872352839 0.1782036364078522 0.12694469802081587 0.017856840587593615 11.304694602265954 246.62321647629142
0.44314956264570349 0.38865800350904467 0.13484431803226471 0.014695492918975653 37.507503677159548 246.62321647629142
0.62325597596354776 0.38922898098826408 0.3280539121478796 0.0068543348714709285 36.239700756967068 128.08958142995834
0.18310521738603708 0.38922898098826408 0.3280539121478796 0.0068543348714709285 36.239700756967068 128.08958142995834
0.62325597596354776 0.20017805062234403 0.3280539121478796 0.0068543348714709285 36.239700756967068 128.08958142995834
0.62325597596354776 0.38922898098826408 0.3175978295505047 0.0068543348714709285 36.239700756967068 128.08958142995834
0.62325597596354776 0.38922898098826408 0.3280539121478796 0.0051200428836047649 36.239700756967068 128.08958142995834
0.62325597596354776 0.38922898098826408 0.3280539121478796 0.0068543348714709285 10.447689147666097 128.08958142995834
0.62325597596354776 0.38922898098826408 0.3280539121478796 0.0068543348714709285 36.239700756967068 634.00802938267589
0.18310521738603708 0.20017805062234403 0.3175978295505047 0.0051200428836047649 10.447689147666097 634.00802938267589
0.59282769788987932 0.1037416771054268 0.47966452650725844 0.00920564657971263 32.272547662258148 441.27738596871495
0.50365266744047399 0.1037416771054268 0.47966452650725844 0.00920564657971263 32.272547662258148 441.27738596871495
0.59282769788987932 0.30395641326904299 0.47966452650725844 0.00920564657971263 32.272547662258148 441.27738596871495
0.59282769788987932 0.1037416771054268 0.1704849861562252 0.00920564657971263 32.272547662258148 441.27738596871495
0.59282769788987932 0.1037416771054268 0.47966452650725844 0.015269745143502952 32.272547662258148 441.27738596871495
0.59282769788987932 0.1037416771054268 0.47966452650725844 0.00920564657971263 30.564766714349389 441.27738596871495
0.59282769788987932 0.1037416771054268 0.47966452650725844 0.00920564657971263 32.272547662258148 700.09101266041398
0.50365266744047399 0.30395641326904299 0.1704849861562252 0.015269745143502952 30.564766714349389 700.09101266041398
0.17833860563114284 0.31476244106888773 0.27846052013337613 0.015527565050311389 12.20849141664803 567.86881107836962
0.12125445846468209 0.31476244106888773 0.27846052013337613 0.015527565050311389 12.20849141664803 567.86881107836962
0.17833860563114284 0.29087318889796732 0.27846052013337613 0.015527565050311389 12.20849141664803 567.86881107836962
0.17833860563114284 0.31476244106888773 0.37511969208717344 0.015527565050311389 12.20849141664803 567.86881107836962
0.17833860563114284 0.31476244106888773 0.27846052013337613 0.0056240559564903377 12.20849141664803 567.86881107836962
0.17833860563114284 0.31476244106888773 0.27846052013337613 0.015527565050311389 13.582118239253759 567.86881107836962
0.17833860563114284 0.31476244106888773 0.27846052013337613 0.015527565050311389 12.20849141664803 173.39954571798444
0.12125445846468209 0.29087318889796732 0.37511969208717344 0.0056240559564903377 13.582118239253759 173.39954571798444
0.25127431801520284 0.24137619696557522 0.38630414754152298 0.0048915783345699314 22.070854717865586 830.63022363930941
0.5667372244410217 0.24137619696557522 0.38630414754152298 0.0048915783345699314 22.070854717865586 830.63022363930941
0.25127431801520284 0.12003233656287193 0.38630414754152298 0.0048915783345699314 22.070854717865586 830.63022363930941
0.25127431801520284 0.24137619696557522 0.43058380447328093 0.0048915783345699314 22.070854717865586 830.63022363930941
0.25127431801520284 0.24137619696557522 0.38630414754152298 0.001293610778450966 22.070854717865586 830.63022363930941
0.25127431801520284 0.24137619696557522 0.38630414754152298 0.0048915783345699314 18.66869537346065 830.63022363930941
0.25127431801520284 0.24137619696557522 0.38630414754152298 0.0048915783345699314 22.070854717865586 389.57099439576268
0.5667372244410217 0.12003233656287193 0.43058380447328093 0.001293610778450966 18.66869537346065 389.57099439576268
0.47660913690924639 0.42722605504095557 0.18744407892227175 0.011254057692922653 25.444411851465702 254.09676106646657
0.30700801489874718 0.42722605504095557 0.18744407892227175 0.011254057692922653 25.444411851465702 254.09676106646657
0.47660913690924639 0.48194906301796436 0.18744407892227175 0.011254057692922653 25.444411851465702 254.09676106646657
0.47660913690924639 0.42722605504095557 0.22283342815935614 0.011254057692922653 25.444411851465702 254.09676106646657
0.47660913690924639 0.42722605504095557 0.18744407892227175 0.010938086859323086 25.444411851465702 254.09676106646657
0.47660913690924639 0.42722605504095557 0.18744407892227175 0.011254057692922653 29.110773086547852 254.09676106646657
0.47660913690924639 0.42722605504095557 0.18744407892227175 0.011254057692922653 25.444411851465702 929.8580558039248
0.30700801489874718 0.48194906301796436 0.22283342815935614 0.010938086859323086 29.110773086547852 929.8580558039248
0.4955387605354189 0.12003000490367413 0.26588044613599782 0.019284263836592437 14.485996106639504 112.96243807300925
0.58071928764693437 0.12003000490367413 0.26588044613599782 0.019284263836592437 14.485996106639504 112.96243807300925
0.4955387605354189 0.41273071877658374 0.26588044613599782 0.019284263836592437 14.485996106639504 112.96243807300925
0.4955387605354189 0.12003000490367413 0.36996270082890992 0.019284263836592437 14.485996106639504 112.96243807300925
0.4955387605354189 0.12003000490367413 0.26588044613599782 0.0016801230352371933 14.485996106639504 112.96243807300925
0.4955387605354189 0.12003000490367413 0.26588044613599782 0.019284263836592437 36.989689815789461 112.96243807300925
0.4955387605354189 0.12003000490367413 0.26588044613599782 0.019284263836592437 14.485996106639504 450.94498004764318
0.58071928764693437 0.41273071877658374 0.36996270082890992 0.0016801230352371933 36.989689815789461 450.94498004764318
0.23337358306162059 0.31214646585285666 0.46701123416423795 0.0055359760345891117 33.73065560311079 914.44053649902344
0.37435525502078232 0.31214646585285666 0.46701123416423795 0.0055359760345891117 33.73065560311079 914.44053649902344
0.23337358306162059 0.17581397891044617 0.46701123416423795 0.0055359760345891117 33.73065560311079 914.44053649902344
0.23337358306162059 0.31214646585285666 0.17779194153845312 0.0055359760345891117 33.73065560311079 914.44053649902344
0.23337358306162059 0.31214646585285666 0.46701123416423795 0.0119433443216607 33.73065560311079 914.44053649902344
0.23337358306162059 0.31214646585285666 0.46701123416423795 0.0055359760345891117 10.849062951281667 914.44053649902344
0.23337358306162059 0.31214646585285666 0.46701123416423795 0.0055359760345891117 33.73065560311079 878.74577436596155
0.37435525502078232 0.17581397891044617 0.17779194153845312 0.0119433443216607 10.849062951281667 878.74577436596155
0.18701287461444732 0.23251756131649018 0.17486543767154217 0.014932054793834687 23.048836097121239 709.71654802560806
0.4770100018475204 0.23251756131649018 0.17486543767154217 0.014932054793834687 23.048836097121239 709.71654802560806
0.18701287461444732 0.21015577502548696 0.17486543767154217 0.014932054793834687 23.048836097121239 709.71654802560806
0.18701287461444732 0.23251756131649018 0.22856548950076105 0.014932054793834687 23.048836097121239 709.71654802560806
0.18701287461444732 0.23251756131649018 0.17486543767154217 0.017512885055318474 23.048836097121239 709.71654802560806
0.18701287461444732 0.23251756131649018 0.17486543767154217 0.014932054793834687 20.762256823480129 709.71654802560806
0.18701287461444732 0.23251756131649018 0.17486543767154217 0.014932054793834687 23.048836097121239 645.7961292937398
0.4770100018475204 0.21015577502548696 0.22856548950076105 0.017512885055318474 20.762256823480129 645.7961292937398
0.58502378114499154 0.4497560881078243 0.37365228794515137 0.0011459266955032945 20.730882214382291 358.06976547464728
0.066726504871621725 0.4497560881078243 0.37365228794515137 0.0011459266955032945 20.730882214382291 358.06976547464728
0.58502378114499154 0.39823908433318145 0.37365228794515137 0.0011459266955032945 20.730882214382291 358.06976547464728
0.58502378114499154 0.4497560881078243 0.42387670576572423 0.0011459266955032945 20.730882214382291 358.06976547464728
0.58502378114499154 0.4497560881078243 0.37365228794515137 0.007248441073857248 20.730882214382291 358.06976547464728
0.58502378114499154 0.4497560881078243 0.37365228794515137 0.0011459266955032945 23.443454449996352 358.06976547464728
0.58502378114499154 0.4497560881078243 0.37365228794515137 0.0011459266955032945 20.730882214382291 231.590929441154
0.066726504871621725 0.39823908433318145 0.42387670576572423 0.007248441073857248 23.443454449996352 231.590929441154
0.63584550307132304 0.25726486295461659 0.4190145235508681 0.0037856091456487779 17.782253289595246 267.08087641745806
0.37580720535479478 0.25726486295461659 0.4190145235508681 0.0037856091456487779 17.782253289595246 267.08087641745806
0.63584550307132304 0.2942042861133814 0.4190145235508681 0.0037856091456487779 17.782253289595246 267.08087641745806
0.63584550307132304 0.25726486295461659 0.26421235203742982 0.0037856091456487779 17.782253289595246 267.08087641745806
0.63584550307132304 0.25726486295461659 0.4190145235508681 0.013071140772663059 17.782253289595246 267.08087641745806
0.63584550307132304 0.25726486295461659 0.4190145235508681 0.0037856091456487779 18.271672112867236 267.08087641745806
0.63584550307132304 0.25726486295461659 0.4190145235508681 0.0037856091456487779 17.782253289595246 185.17348356544971
0.37580720535479478 0.2942042861133814 0.26421235203742982 0.013071140772663059 18.271672112867236 185.17348356544971
0.055023026373237374 0.47452322319149975 0.22012677751481535 0.012275132391601802 30.46340561658144 815.43398322537541
0.16911827377043664 0.47452322319149975 0.22012677751481535 0.012275132391601802 30.46340561658144 815.43398322537541
0.055023026373237374 0.30768432393670087 0.22012677751481535 0.012275132391601802 30.46340561658144 815.43398322537541
0.055023026373237374 0.47452322319149975 0.4813923738896847 0.012275132391601802 30.46340561658144 815.43398322537541
0.055023026373237374 0.47452322319149975 0.22012677751481535 0.0028769455317407848 30.46340561658144 815.43398322537541
0.055023026373237374 0.47452322319149975 0.22012677751481535 0.012275132391601802 29.625616848468781 815.43398322537541
0.055023026373237374 0.47452322319149975 0.22012677751481535 0.012275132391601802 30.46340561658144 685.07202938199043
0.16911827377043664 0.30768432393670087 0.4813923738896847 0.0028769455317407848 29.625616848468781 685.07202938199043
0.36536595928482707 0.19487524889409544 0.31549970656633375 0.0081360054442659036 34.753468960523605 554.49947686865926
0.68343585622496894 0.19487524889409544 0.31549970656633375 0.0081360054442659036 34.753468960523605 554.49947686865926
0.36536595928482707 0.47822454534471037 0.31549970656633375 0.0081360054442659036 34.753468960523605 554.49947686865926
0.36536595928482707 0.19487524889409544 0.33685356117784981 0.0081360054442659036 34.753468960523605 554.49947686865926
0.36536595928482707 0.19487524889409544 0.31549970656633375 0.0084464059768244639 34.753468960523605 554.49947686865926
0.36536595928482707 0.19487524889409544 0.31549970656633375 0.0081360054442659036 31.921666750684381 554.49947686865926
0.36536595928482707 0.19487524889409544 0.31549970656633375 0.0081360054442659036 34.753468960523605 890.44597744941711
0.68343585622496894 0.47822454534471037 0.33685356117784981 0.0084464059768244639 31.921666750684381 890.44597744941711
0.44471956659108391 0.38701154328882692 0.11426839828491211 0.016662160490453243 8.9972350019961596 455.97768593579531
0.27282761526294053 0.38701154328882692 0.11426839828491211 0.016662160490453243 8.9972350019961596 455.97768593579531
0.44471956659108391 0.11670453399419785 0.11426839828491211 0.016662160490453243 8.9972350019961596 455.97768593579531
0.44471956659108391 0.38701154328882692 0.11656362377107143 0.016662160490453243 8.9972350019961596 455.97768593579531
0.44471956659108391 0.38701154328882692 0.11426839828491211 0.018639388037845494 8.9972350019961596 455.97768593579531
0.44471956659108391 0.38701154328882692 0.11426839828491211 0.016662160490453243 12.108205940574408 455.97768593579531
0.44471956659108391 0.38701154328882692 0.11426839828491211 0.016662160490453243 8.9972350019961596 432.32295773923397
0.27282761526294053 0.11670453399419785 0.11656362377107143 0.018639388037845494 12.108205940574408 432.32295773923397
0.41254165195859965 0.22041119039058688 0.34625017233192923 0.010839780286327006 30.558181388303638 388.48723778501153
0.45244662747718389 0.22041119039058688 0.34625017233192923 0.010839780286327006 30.558181388303638 388.48723778501153
0.41254165195859965 0.26482828371226785 0.34625017233192923 0.010839780286327006 30.558181388303638 388.48723778501153
0.41254165195859965 0.22041119039058688 0.27866057306528091 0.010839780286327006 30.558181388303638 388.48723778501153
0.41254165195859965 0.22041119039058688 0.34625017233192923 0.0051919068923220041 30.558181388303638 388.48723778501153
0.41254165195859965 0.22041119039058688 0.34625017233192923 0.010839780286327006 15.217239933088422 388.48723778501153
0.41254165195859965 0.22041119039058688 0.34625017233192923 0.010839780286327006 30.558181388303638 539.11074940115213
0.45244662747718389 0.26482828371226785 0.27866057306528091 0.0051919068923220041 15.217239933088422 539.11074940115213
0.31795832244679328 0.40942114815115926 0.14582147635519505 0.0048273125311359766 13.239904690533876 739.96534626930952
0.17246923134662209 0.40942114815115926 0.14582147635519505 0.0048273125311359766 13.239904690533876 739.96534626930952
0.31795832244679328 0.3279168725013733 0.14582147635519505 0.0048273125311359766 13.239904690533876 739.96534626930952
0.31795832244679328 0.40942114815115926 0.47397692874073982 0.0048273125311359766 13.239904690533876 739.96534626930952
0.31795832244679328 0.40942114815115926 0.14582147635519505 0.015397125713899734 13.239904690533876 739.96534626930952
0.31795832244679328 0.40942114815115926 0.14582147635519505 0.0048273125311359766 32.694240037351847 739.96534626930952
0.31795832244679328 0.40942114815115926 0.14582147635519505 0.0048273125311359766 13.239904690533876 784.53838285058737
0.17246923134662209 0.3279168725013733 0.47397692874073982 0.015397125713899734 32.694240037351847 784.53838285058737
0.10147662605158984 0.13289912454783917 0.43804662004113204 0.015153921554610135 21.980749230831861 988.78273200243711
0.63819005261175332 0.13289912454783917 0.43804662004113204 0.015153921554610135 21.980749230831861 988.78273200243711
0.10147662605158984 0.46117759533226488 0.43804662004113204 0.015153921554610135 21.980749230831861 988.78273200243711
0.10147662605158984 0.13289912454783917 0.32007533796131615 0.015153921554610135 21.980749230831861 988.78273200243711
0.10147662605158984 0.13289912454783917 0.43804662004113204 0.011066302917711438 21.980749230831861 988.78273200243711
0.10147662605158984 0.13289912454783917 0.43804662004113204 0.015153921554610135 27.460992505773902 988.78273200243711
0.10147662605158984 0.13289912454783917 0.43804662004113204 0.015153921554610135 21.980749230831861 564.22302853316069
0.63819005261175332 0.46117759533226488 0.32007533796131615 0.011066302917711438 27.460992505773902 564.22302853316069
0.66706938054412601 0.34703115709125998 0.23839898630976677 0.0091007421446964165 26.224858930334449 187.13593939319253
0.23554396699182689 0.34703115709125998 0.23839898630976677 0.0091007421446964165 26.224858930334449 187.13593939319253
0.66706938054412601 0.14926623329520228 0.23839898630976677 0.0091007421446964165 26.224858930334449 187.13593939319253
0.66706938054412601 0.34703115709125998 0.12787462286651136 0.0091007421446964165 26.224858930334449 187.13593939319253
0.66706938054412601 0.34703115709125998 0.23839898630976677 0.00085987091623246673 26.224858930334449 187.13593939319253
0.66706938054412601 0.34703115709125998 0.23839898630976677 0.0091007421446964165 16.58307097107172 187.13593939319253
0.66706938054412601 0.34703115709125998 0.23839898630976677 0.0091007421446964165 26.224858930334449 305.14486897736788
0.23554396699182689 0.14926623329520228 0.12787462286651136 0.00085987091623246673 16.58307097107172 305.14486897736788
0.55539232287555929 0.15844636820256711 0.19313459470868111 0.006499404219351709 27.261976508423686 543.51033829152584
0.57769314912147818 0.15844636820256711 0.19313459470868111 0.006499404219351709 27.261976508423686 543.51033829152584
0.55539232287555929 0.4454274270683527 0.19313459470868111 0.006499404219351709 27.261976508423686 543.51033829152584
0.55539232287555929 0.15844636820256711 0.38677679412066934 0.006499404219351709 27.261976508423686 543.51033829152584
0.55539232287555929 0.15844636820256711 0.19313459470868111 0.01920831102989614 27.261976508423686 543.51033829152584
0.55539232287555929 0.15844636820256711 0.19313459470868111 0.006499404219351709 26.4352657943964 543.51033829152584
0.55539232287555929 0.15844636820256711 0.19313459470868111 0.006499404219351709 27.261976508423686 124.80495497584343
0.57769314912147818 0.4454274270683527 0.38677679412066934 0.01920831102989614 26.4352657943964 124.80495497584343
0.13198551866225899 0.3725616130977869 0.39268743619322777 0.017771857418492437 16.506980780512094 641.86344174668193
0.2973910090047866 0.3725616130977869 0.39268743619322777 0.017771857418492437 16.506980780512094 641.86344174668193
0.13198551866225899 0.15890058651566508 0.39268743619322777 0.017771857418492437 16.506980780512094 641.86344174668193
0.13198551866225899 0.3725616130977869 0.16644507236778738 0.017771857418492437 16.506980780512094 641.86344174668193
0.13198551866225899 0.3725616130977869 0.39268743619322777 0.0089561026288196462 16.506980780512094 641.86344174668193
0.13198551866225899 0.3725616130977869 0.39268743619322777 0.017771857418492437 21.417677311226726 641.86344174668193
0.13198551866225899 0.3725616130977869 0.39268743619322777 0.017771857418492437 16.506980780512094 751.70533992350101
0.2973910090047866 0.15890058651566508 0.16644507236778738 0.0089561026288196462 21.417677311226726 751.70533992350101
0.28745191907510159 0.29605561345815656 0.29743047244846821 0.0021882841913029552 10.27605601772666 834.4188111834228
0.5146184740122407 0.29605561345815656 0.29743047244846821 0.0021882841913029552 10.27605601772666 834.4188111834228
0.28745191907510159 0.23013280592858792 0.29743047244846821 0.0021882841913029552 10.27605601772666 834.4188111834228
0.28745191907510159 0.29605561345815656 0.21410583630204202 0.0021882841913029552 10.27605601772666 834.4188111834228
0.28745191907510159 0.29605561345815656 0.29743047244846821 0.0046253601212054496 10.27605601772666 834.4188111834228
0.28745191907510159 0.29605561345815656 0.29743047244846821 0.0021882841913029552 8.8015748672187328 834.4188111834228
0.28745191907510159 0.29605561345815656 0.29743047244846821 0.0021882841913029552 10.27605601772666 999.59639124572277
0.5146184740122407 0.23013280592858792 0.21410583630204202 0.0046253601212054496 8.8015748672187328 999.59639124572277
0.52422119886614382 0.48504878357052805 0.49776475168764589 0.013500240549072624 37.958673780784011 285.89702360332012
0.11164748943410813 0.48504878357052805 0.49776475168764589 0.013500240549072624 37.958673780784011 285.89702360332012
0.52422119886614382 0.3686059162020684 0.49776475168764589 0.013500240549072624 37.958673780784011 285.89702360332012
0.52422119886614382 0.48504878357052805 0.43130358308553696 0.013500240549072624 37.958673780784011 285.89702360332012
0.52422119886614382 0.48504878357052805 0.49776475168764589 0.014876345827244224 37.958673780784011 285.89702360332012
0.52422119886614382 0.48504878357052805 0.49776475168764589 0.013500240549072624 35.418326968327165 285.89702360332012
0.52422119886614382 0.48504878357052805 0.49776475168764589 0.013500240549072624 37.958673780784011 330.97541183233261
0.11164748943410813 0.3686059162020684 0.43130358308553696 0.014876345827244224 35.418326968327165 330.97541183233261
0.51681936443783338 0.2848217595368624 0.13594909124076368 0.0085318255329504614 19.990363923832774 615.32699847593904
0.34620502893812949 0.2848217595368624 0.13594909124076368 0.0085318255329504614 19.990363923832774 615.32699847593904
0.51681936443783338 0.24410907477140428 0.13594909124076368 0.0085318255329504614 19.990363923832774 615.32699847593904
0.51681936443783338 0.2848217595368624 0.45004109814763071 0.0085318255329504614 19.990363923832774 615.32699847593904
0.51681936443783338 0.2848217595368624 0.13594909124076368 0.0034506570346653463 19.990363923832774 615.32699847593904
0.51681936443783338 0.2848217595368624 0.13594909124076368 0.0085318255329504614 34.410167077556252 615.32699847593904
0.51681936443783338 0.2848217595368624 0.13594909124076368 0.0085318255329504614 19.990363923832774 169.55429147928953
0.34620502893812949 0.24410907477140428 0.45004109814763071 0.0034506570346653463 34.410167077556252 169.55429147928953
0.25466441875323653 0.49588981978595259 0.3371773477643728 0.017059415963292121 24.241912785917521 516.86006542295218
0.60371077661402517 0.49588981978595259 0.3371773477643728 0.017059415963292121 24.241912785917521 516.86006542295218
0.25466441875323653 0.35719159804284573 0.3371773477643728 0.017059415963292121 24.241912785917521 516.86006542295218
0.25466441875323653 0.49588981978595259 0.29536984115839005 0.017059415963292121 24.241912785917521 516.86006542295218
0.25466441875323653 0.49588981978595259 0.3371773477643728 0.013730660882778467 24.241912785917521 516.86006542295218
0.25466441875323653 0.49588981978595259 0.3371773477643728 0.017059415963292121 9.6931766830384731 516.86006542295218
0.25466441875323653 0.49588981978595259 0.3371773477643728 0.017059415963292121 24.241912785917521 710.30812431126833
0.60371077661402517 0.35719159804284573 0.29536984115839005 0.013730660882778467 9.6931766830384731 710.30812431126833
0.16510957959108052 0.17240696772933006 0.22930774837732315 0.0029453649135306481 32.537579920142889 312.10686769336462
0.084280365100130428 0.17240696772933006 0.22930774837732315 0.0029453649135306481 32.537579920142889 312.10686769336462
0.16510957959108052 0.42871679440140731 0.22930774837732315 0.0029453649135306481 32.537579920142889 312.10686769336462
0.16510957959108052 0.17240696772933006 0.1477058630436659 0.0029453649135306481 32.537579920142889 312.10686769336462
0.16510957959108052 0.17240696772933006 0.22930774837732315 0.018062687380611897 32.537579920142889 312.10686769336462
0.16510957959108052 0.17240696772933006 0.22930774837732315 0.0029453649135306481 22.396898401901126 312.10686769336462
0.16510957959108052 0.17240696772933006 0.22930774837732315 0.0029453649135306481 32.537579920142889 926.67184714227915
0.084280365100130428 0.42871679440140731 0.1477058630436659 0.018062687380611897 22.396898401901126 926.67184714227915
0.56309104505926366 0.35820647776126868 0.42819244265556333 0.011433452185243369 15.226513391360641 860.51503354683518
0.46445371746085579 0.35820647776126868 0.42819244265556333 0.011433452185243369 15.226513391360641 860.51503354683518
0.56309104505926366 0.16679926849901677 0.42819244265556333 0.011433452185243369 15.226513391360641 860.51503354683518
0.56309104505926366 0.35820647776126868 0.30551753528416159 0.011433452185243369 15.226513391360641 860.51503354683518
0.56309104505926366 0.35820647776126868 0.42819244265556333 0.0077814893091097473 15.226513391360641 860.51503354683518
0.56309104505926366 0.35820647776126868 0.42819244265556333 0.011433452185243369 25.573403865098953 860.51503354683518
0.56309104505926366 0.35820647776126868 0.42819244265556333 0.011433452185243369 15.226513391360641 400.44741984456778
0.46445371746085579 0.16679926849901677 0.30551753528416159 0.0077814893091097473 25.573403865098953 400.44741984456778
0.69515998717397443 0.14725807383656503 0.37658336013555527 0.01407217250019312 8.2857283782213926 770.56982554495335
0.14644662537612019 0.14725807383656503 0.37658336013555527 0.01407217250019312 8.2857283782213926 770.56982554495335
0.69515998717397443 0.46302165016531949 0.37658336013555527 0.01407217250019312 8.2857283782213926 770.56982554495335
0.69515998717397443 0.14725807383656503 0.15913407392799855 0.01407217250019312 8.2857283782213926 770.56982554495335
0.69515998717397443 0.14725807383656503 0.37658336013555527 0.01252136765662581 8.2857283782213926 770.56982554495335
0.69515998717397443 0.14725807383656503 0.37658336013555527 0.01407217250019312 15.688536159694195 770.56982554495335
0.69515998717397443 0.14725807383656503 0.37658336013555527 0.01407217250019312 8.2857283782213926 466.09050743281841
0.14644662537612019 0.46302165016531949 0.15913407392799855 0.01252136765662581 15.688536159694195 466.09050743281841
0.11436757142655551 0.33306521624326707 0.17779345810413361 0.00028460842762142422 35.975555527955294 418.97788746282458
0.40363754727877671 0.33306521624326707 0.17779345810413361 0.00028460842762142422 35.975555527955294 418.97788746282458
0.11436757142655551 0.12650085277855397 0.17779345810413361 0.00028460842762142422 35.975555527955294 418.97788746282458
0.11436757142655551 0.33306521624326707 0.38881435506045825 0.00028460842762142422 35.975555527955294 418.97788746282458
0.11436757142655551 0.33306521624326707 0.17779345810413361 0.0023439442083239559 35.975555527955294 418.97788746282458
0.11436757142655551 0.33306521624326707 0.17779345810413361 0.00028460842762142422 28.473458683118224 418.97788746282458
0.11436757142655551 0.33306521624326707 0.17779345810413361 0.00028460842762142422 35.975555527955294 853.88721376657486
0.40363754727877671 0.12650085277855397 0.38881435506045825 0.0023439442083239559 28.473458683118224 853.88721376657486
0.3054040151648223 0.20957549549639226 0.48244182579219341 0.019660445863753557 29.241318266838789 157.96267343685031
0.28570378380827605 0.20957549549639226 0.48244182579219341 0.019660445863753557 29.241318266838789 157.96267343685031
0.3054040151648223 0.25946861505508423 0.48244182579219341 0.019660445863753557 29.241318266838789 157.96267343685031
0.3054040151648223 0.20957549549639226 0.44271311610937125 0.019660445863753557 29.241318266838789 157.96267343685031
0.3054040151648223 0.20957549549639226 0.48244182579219341 0.0066759000064805151 29.241318266838789 157.96267343685031
0.3054040151648223 0.20957549549639226 0.48244182579219341 0.019660445863753557 33.560035426169634 157.96267343685031
0.3054040151648223 0.20957549549639226 0.48244182579219341 0.019660445863753557 29.241318266838789 609.06891450285912
0.28570378380827605 0.25946861505508423 0.44271311610937125 0.0066759000064805151 33.560035426169634 609.06891450285912
0.38474801057018332 0.42065118812024593 0.28130798600614071 0.0059135934459045528 18.493760695680976 959.49584431946278
0.66556215542368591 0.42065118812024593 0.28130798600614071 0.0059135934459045528 18.493760695680976 959.49584431946278
0.38474801057018332 0.34794786684215073 0.28130798600614071 0.0059135934459045528 18.493760695680976 959.49584431946278
0.38474801057018332 0.42065118812024593 0.20992286577820779 0.0059135934459045528 18.493760695680976 959.49584431946278
0.38474801057018332 0.42065118812024593 0.28130798600614071 0.01685211956873536 18.493760695680976 959.49584431946278
0.38474801057018332 0.42065118812024593 0.28130798600614071 0.0059135934459045528 14.234543146565557 959.49584431946278
0.38474801057018332 0.42065118812024593 0.28130798600614071 0.0059135934459045528 18.493760695680976 263.87168206274509
0.66556215542368591 0.34794786684215073 0.20992286577820779 0.01685211956873536 14.234543146565557 263.87168206274509
0.43191796261817211 0.18677173480391504 0.4510840602219105 0.0017927665216848257 25.04648801125586 786.2874454818666
0.20025928779505192 0.18677173480391504 0.4510840602219105 0.0017927665216848257 25.04648801125586 786.2874454818666
0.43191796261817211 0.49591328948736191 0.4510840602219105 0.0017927665216848257 25.04648801125586 786.2874454818666
0.43191796261817211 0.18677173480391504 0.19780092276632788 0.0017927665216848257 25.04648801125586 786.2874454818666
0.43191796261817211 0.18677173480391504 0.4510840602219105 0.0096114316532388347 25.04648801125586 786.2874454818666
0.43191796261817211 0.18677173480391504 0.4510840602219105 0.0017927665216848257 13.117510687559843 786.2874454818666
0.43191796261817211 0.18677173480391504 0.4510840602219105 0.0017927665216848257 25.04648801125586 145.65939325839281
0.20025928779505192 0.49591328948736191 0.19780092276632788 0.0096114316532388347 13.117510687559843 145.65939325839281
0.33734485763125116 0.39472071230411532 0.25075283274054527 0.013103286905214192 22.735973067581654 237.82050237059593
0.42981527908705169 0.39472071230411532 0.25075283274054527 0.013103286905214192 22.735973067581654 237.82050237059593
0.33734485763125116 0.10900266729295255 0.25075283274054527 0.013103286905214192 22.735973067581654 237.82050237059593
0.33734485763125116 0.39472071230411532 0.35561778210103512 0.013103286905214192 22.735973067581654 237.82050237059593
0.33734485763125116 0.39472071230411532 0.25075283274054527 0.019794750392436982 22.735973067581654 237.82050237059593
0.33734485763125116 0.39472071230411532 0.25075283274054527 0.013103286905214192 31.029377842321992 237.82050237059593
0.33734485763125116 0.39472071230411532 0.25075283274054527 0.013103286905214192 22.735973067581654 728.16140037029982
0.42981527908705169 0.10900266729295255 0.35561778210103512 0.019794750392436982 31.029377842321992 728.16140037029982
0.082747162785381079 0.27435732968151572 0.35850646384060381 0.0073399508705362677 12.484681636095047 486.55718043446541
0.21763121564872562 0.27435732968151572 0.35850646384060381 0.0073399508705362677 12.484681636095047 486.55718043446541
0.082747162785381079 0.28003120198845866 0.35850646384060381 0.0073399508705362677 12.484681636095047 486.55718043446541
0.082747162785381079 0.27435732968151572 0.40015371143817902 0.0073399508705362677 12.484681636095047 486.55718043446541
0.082747162785381079 0.27435732968151572 0.35850646384060381 0.01422642294932157 12.484681636095047 486.55718043446541
0.082747162785381079 0.27435732968151572 0.35850646384060381 0.0073399508705362677 28.645251795649529 486.55718043446541
0.082747162785381079 0.27435732968151572 0.35850646384060381 0.0073399508705362677 12.484681636095047 958.03829338401556
0.21763121564872562 0.28003120198845866 0.40015371143817902 0.01422642294932157 28.645251795649529 958.03829338401556
0.64831046895124012 0.45703774802386765 0.15895667411386968 0.018613839453831316 31.736551525071263 584.96535634621978
0.65110527654178441 0.45703774802386765 0.15895667411386968 0.018613839453831316 31.736551525071263 584.96535634621978
0.64831046895124012 0.31812053062021733 0.15895667411386968 0.018613839453831316 31.736551525071263 584.96535634621978
0.64831046895124012 0.45703774802386765 0.24545254632830621 0.018613839453831316 31.736551525071263 584.96535634621978
0.64831046895124012 0.45703774802386765 0.15895667411386968 0.0040419003240764143 31.736551525071263 584.96535634621978
0.64831046895124012 0.45703774802386765 0.15895667411386968 0.018613839453831316 19.13422024063766 584.96535634621978
0.64831046895124012 0.45703774802386765 0.15895667411386968 0.018613839453831316 31.736551525071263 361.06181237846613
0.65110527654178441 0.31812053062021733 0.24545254632830621 0.0040419003240764143 19.13422024063766 361.06181237846613
0.61788063147105277 0.24999617077410222 0.21046791262924672 0.016013502019271254 36.751178542152047 940.6256103888154
0.32034220281057058 0.24999617077410222 0.21046791262924672 0.016013502019271254 36.751178542152047 940.6256103888154
0.61788063147105277 0.21414675340056422 0.21046791262924672 0.016013502019271254 36.751178542152047 940.6256103888154
0.61788063147105277 0.24999617077410222 0.49263632521033285 0.016013502019271254 36.751178542152047 940.6256103888154
0.61788063147105277 0.24999617077410222 0.21046791262924672 0.016048142906278373 36.751178542152047 940.6256103888154
0.61788063147105277 0.24999617077410222 0.21046791262924672 0.016013502019271254 24.339133223518729 940.6256103888154
0.61788063147105277 0.24999617077410222 0.21046791262924672 0.016013502019271254 36.751178542152047 518.66131126880646
0.32034220281057058 0.21414675340056422 0.49263632521033285 0.016048142906278373 24.339133223518729 518.66131126880646
0.19450389547273517 0.43267201445996761 0.41011859811842444 0.0099617579935118578 11.002153746783733 139.03367565944791
0.5495832133572548 0.43267201445996761 0.41011859811842444 0.0099617579935118578 11.002153746783733 139.03367565944791
0.19450389547273517 0.37762060351669791 0.41011859811842444 0.0099617579935118578 11.002153746783733 139.03367565944791
0.19450389547273517 0.43267201445996761 0.25980433821678162 0.0099617579935118578 11.002153746783733 139.03367565944791
0.19450389547273517 0.43267201445996761 0.41011859811842444 0.0057740451918914916 11.002153746783733 139.03367565944791
0.19450389547273517 0.43267201445996761 0.41011859811842444 0.0099617579935118578 19.74910444766283 139.03367565944791
0.19450389547273517 0.43267201445996761 0.41011859811842444 0.0099617579935118578 11.002153746783733 807.58119188249111
0.5495832133572548 0.37762060351669791 0.25980433821678162 0.0057740451918914916 19.74910444766283 807.58119188249111
0.22558567444793876 0.11231244280934334 0.10539088621735573 0.010463296430185438 15.78088204562664 331.5598358400166
0.099052144819870597 0.11231244280934334 0.10539088621735573 0.010463296430185438 15.78088204562664 331.5598358400166
0.22558567444793876 0.4114741504192353 0.10539088621735573 0.010463296430185438 15.78088204562664 331.5598358400166
0.22558567444793876 0.11231244280934334 0.10902753435075284 0.010463296430185438 15.78088204562664 331.5598358400166
0.22558567444793876 0.11231244280934334 0.10539088621735573 0.00020578844845294954 15.78088204562664 331.5598358400166
0.22558567444793876 0.11231244280934334 0.10539088621735573 0.010463296430185438 9.9821227062493563 331.5598358400166
0.22558567444793876 0.11231244280934334 0.10539088621735573 0.010463296430185438 15.78088204562664 606.15887530148029
0.099052144819870597 0.4114741504192353 0.10902753435075284 0.00020578844845294954 9.9821227062493563 606.15887530148029
0.4623453496024012 0.32025684565305712 0.3058226339519024 0.0044493927007541057 28.46947275288403 683.0930033698678
0.53221137993969014 0.32025684565305712 0.3058226339519024 0.0044493927007541057 28.46947275288403 683.0930033698678
0.4623453496024012 0.19994804970920088 0.3058226339519024 0.0044493927007541057 28.46947275288403 683.0930033698678
0.4623453496024012 0.32025684565305712 0.33872558809816838 0.0044493927007541057 28.46947275288403 683.0930033698678
0.4623453496024012 0.32025684565305712 0.3058226339519024 0.010478691939450802 28.46947275288403 683.0930033698678
0.4623453496024012 0.32025684565305712 0.3058226339519024 0.0044493927007541057 37.973073694854975 683.0930033698678
0.4623453496024012 0.32025684565305712 0.3058226339519024 0.0044493927007541057 28.46947275288403 274.58458915352821
0.53221137993969014 0.19994804970920088 0.33872558809816838 0.010478691939450802 37.973073694854975 274.58458915352821
0.46151083526201542 0.24919494464993477 0.14308133684098723 0.0016020762162283065 26.497112113982439 859.48195978999138
0.43130021304823452 0.24919494464993477 0.14308133684098723 0.0016020762162283065 26.497112113982439 859.48195978999138
0.46151083526201542 0.4392654303461313 0.14308133684098723 0.0016020762162283065 26.497112113982439 859.48195978999138
0.46151083526201542 0.24919494464993477 0.47345724925398824 0.0016020762162283065 26.497112113982439 859.48195978999138
0.46151083526201542 0.24919494464993477 0.14308133684098723 0.0071638518977910279 26.497112113982439 859.48195978999138
0.46151083526201542 0.24919494464993477 0.14308133684098723 0.0016020762162283065 12.528537290170789 859.48195978999138
0.46151083526201542 0.24919494464993477 0.14308133684098723 0.0016020762162283065 26.497112113982439 310.71043089032173
0.43130021304823452 0.4392654303461313 0.47345724925398824 0.0071638518977910279 12.528537290170789 310.71043089032173
0.22602595919743179 0.43190759271383283 0.34272897057235241 0.012605153319984677 21.255993081256747 310.96393233165145
0.19368629367090762 0.43190759271383283 0.34272897057235241 0.012605153319984677 21.255993081256747 310.96393233165145
0.22602595919743179 0.15235400870442392 0.34272897057235241 0.012605153319984677 21.255993081256747 310.96393233165145
0.22602595919743179 0.43190759271383283 0.27820364236831663 0.012605153319984677 21.255993081256747 310.96393233165145
0.22602595919743179 0.43190759271383283 0.34272897057235241 0.017447622190974652 21.255993081256747 310.96393233165145
0.22602595919743179 0.43190759271383283 0.34272897057235241 0.012605153319984677 31.618580345064402 310.96393233165145
0.22602595919743179 0.43190759271383283 0.34272897057235241 0.012605153319984677 21.255993081256747 570.20061798393726
0.19368629367090762 0.15235400870442392 0.27820364236831663 0.017447622190974652 31.618580345064402 570.20061798393726
0.19374872683547434 0.11153573133051396 0.24737768173217775 0.0072309858510270714 13.02715720795095 517.56420647725463
0.65688542868010691 0.11153573133051396 0.24737768173217775 0.0072309858510270714 13.02715720795095 517.56420647725463
0.19374872683547434 0.23668896220624447 0.24737768173217775 0.0072309858510270714 13.02715720795095 517.56420647725463
0.19374872683547434 0.11153573133051396 0.12742708884179593 0.0072309858510270714 13.02715720795095 517.56420647725463
0.19374872683547434 0.11153573133051396 0.24737768173217775 0.011878090935572983 13.02715720795095 517.56420647725463
0.19374872683547434 0.11153573133051396 0.24737768173217775 0.0072309858510270714 30.164858570322394 517.56420647725463
0.19374872683547434 0.11153573133051396 0.24737768173217775 0.0072309858510270714 13.02715720795095 785.59960387647152
0.65688542868010691 0.23668896220624447 0.12742708884179593 0.011878090935572983 30.164858570322394 785.59960387647152
0.6184002619236707 0.31946810148656368 0.44780637770891196 0.018193502067029476 31.223424684256315 615.92127457261086
0.21693911398760973 0.31946810148656368 0.44780637770891196 0.018193502067029476 31.223424684256315 615.92127457261086
0.6184002619236707 0.37477758675813677 0.44780637770891196 0.018193502067029476 31.223424684256315 615.92127457261086
0.6184002619236707 0.31946810148656368 0.31954635716974733 0.018193502067029476 31.223424684256315 615.92127457261086
0.6184002619236707 0.31946810148656368 0.44780637770891196 0.0015955243809148672 31.223424684256315 615.92127457261086
0.6184002619236707 0.31946810148656368 0.44780637770891196 0.018193502067029476 17.615300334990025 615.92127457261086
0.6184002619236707 0.31946810148656368 0.44780637770891196 0.018193502067029476 31.223424684256315 540.58389067649841
0.21693911398760973 0.37477758675813677 0.31954635716974733 0.0015955243809148672 17.615300334990025 540.58389067649841
0.64874794483184806 0.18601018674671652 0.39619748294353485 0.015882132541388275 37.292743895202875 958.44903932884336
0.55646862876601511 0.18601018674671652 0.39619748294353485 0.015882132541388275 37.292743895202875 958.44903932884336
0.64874794483184806 0.27079230956733225 0.39619748294353485 0.015882132541388275 37.292743895202875 958.44903932884336
0.64874794483184806 0.18601018674671652 0.16697390712797644 0.015882132541388275 37.292743895202875 958.44903932884336
0.64874794483184806 0.18601018674671652 0.39619748294353485 0.018704651160351932 37.292743895202875 958.44903932884336
0.64874794483184806 0.18601018674671652 0.39619748294353485 0.015882132541388275 23.748220756649971 958.44903932884336
0.64874794483184806 0.18601018674671652 0.39619748294353485 0.015882132541388275 37.292743895202875 325.08730087429285
0.55646862876601511 0.27079230956733225 0.16697390712797644 0.018704651160351932 23.748220756649971 325.08730087429285
0.081910459464415913 0.39392271749675278 0.19586320370435717 0.0095202814402058737 10.48994785360992 156.80600348860025
0.31854484272189432 0.39392271749675278 0.19586320370435717 0.0095202814402058737 10.48994785360992 156.80600348860025
0.081910459464415913 0.33426545560359955 0.19586320370435717 0.0095202814402058737 10.48994785360992 156.80600348860025
0.081910459464415913 0.39392271749675278 0.38722456954419615 0.0095202814402058737 10.48994785360992 156.80600348860025
0.081910459464415913 0.39392271749675278 0.19586320370435717 0.0085309954848140496 10.48994785360992 156.80600348860025
0.081910459464415913 0.39392271749675278 0.19586320370435717 0.0095202814402058737 20.340245572850108 156.80600348860025
0.081910459464415913 0.39392271749675278 0.19586320370435717 0.0095202814402058737 10.48994785360992 994.17523946613073
0.31854484272189432 0.33426545560359955 0.38722456954419615 0.0085309954848140496 20.340245572850108 994.17523946613073
0.33786167921498411 0.27357145771384239 0.48799326084554195 0.010256244146823884 17.230592465028167 419.69575975090265
0.53321590772829941 0.27357145771384239 0.48799326084554195 0.010256244146823884 17.230592465028167 419.69575975090265
0.33786167921498411 0.45481409318745136 0.48799326084554195 0.010256244146823884 17.230592465028167 419.69575975090265
0.33786167921498411 0.27357145771384239 0.43176027238368986 0.010256244146823884 17.230592465028167 419.69575975090265
0.33786167921498411 0.27357145771384239 0.48799326084554195 0.0029615444442257287 17.230592465028167 419.69575975090265
0.33786167921498411 0.27357145771384239 0.48799326084554195 0.010256244146823884 11.503668885678053 419.69575975090265
0.33786167921498411 0.27357145771384239 0.48799326084554195 0.010256244146823884 17.230592465028167 750.10195057839155
0.53321590772829941 0.45481409318745136 0.43176027238368986 0.0029615444442257287 11.503668885678053 750.10195057839155
0.43116060500033193 0.45626426637172701 0.28844041936099529 0.0039337454373016955 26.990410026162863 771.17783622816205
0.092959571396932006 0.45626426637172701 0.28844041936099529 0.0039337454373016955 26.990410026162863 771.17783622816205
0.43116060500033193 0.14328719303011894 0.28844041936099529 0.0039337454373016955 26.990410026162863 771.17783622816205
0.43116060500033193 0.45626426637172701 0.21462566182017329 0.0039337454373016955 26.990410026162863 771.17783622816205
0.43116060500033193 0.45626426637172701 0.28844041936099529 0.013136394490674139 26.990410026162863 771.17783622816205
0.43116060500033193 0.45626426637172701 0.28844041936099529 0.0039337454373016955 36.452213937416673 771.17783622816205
0.43116060500033193 0.45626426637172701 0.28844041936099529 0.0039337454373016955 26.990410026162863 123.66841752082109
0.092959571396932006 0.14328719303011894 0.21462566182017329 0.013136394490674139 36.452213937416673 123.66841752082109
0.38422589935362333 0.14803175069391727 0.46895773038268096 0.0086349607979878795 20.53186758607626 583.93162544816732
0.60265666018240149 0.14803175069391727 0.46895773038268096 0.0086349607979878795 20.53186758607626 583.93162544816732
0.38422589935362333 0.28824171461164949 0.46895773038268096 0.0086349607979878795 20.53186758607626 583.93162544816732
0.38422589935362333 0.14803175069391727 0.17745484299957753 0.0086349607979878795 20.53186758607626 583.93162544816732
0.38422589935362333 0.14803175069391727 0.46895773038268096 0.00094446968119591475 20.53186758607626 583.93162544816732
0.38422589935362333 0.14803175069391727 0.46895773038268096 0.0086349607979878795 35.693788576871157 583.93162544816732
0.38422589935362333 0.14803175069391727 0.46895773038268096 0.0086349607979878795 20.53186758607626 229.57591153681278
0.60265666018240149 0.28824171461164949 0.17745484299957753 0.00094446968119591475 35.693788576871157 229.57591153681278
0.30616662367247038 0.33385089300572873 0.27017088010907175 0.017471118916943671 23.729643413797021 485.41358793154359
0.35232735942117865 0.33385089300572873 0.27017088010907175 0.017471118916943671 23.729643413797021 485.41358793154359
0.30616662367247038 0.30132494047284131 0.27017088010907175 0.017471118916943671 23.729643413797021 485.41358793154359
0.30616662367247038 0.33385089300572873 0.3697139095515013 0.017471118916943671 23.729643413797021 485.41358793154359
0.30616662367247038 0.33385089300572873 0.27017088010907175 0.011131556193158032 23.729643413797021 485.41358793154359
0.30616662367247038 0.33385089300572873 0.27017088010907175 0.017471118916943671 8.4088687617331743 485.41358793154359
0.30616662367247038 0.33385089300572873 0.27017088010907175 0.017471118916943671 23.729643413797021 643.31425949931145
0.35232735942117865 0.30132494047284131 0.3697139095515013 0.011131556193158032 8.4088687617331743 643.31425949931145
0.1139248059131205 0.21037367656826975 0.36544282175600529 0.0031226711837574841 33.987344877794385 238.52398628368974
0.45753854499198487 0.21037367656826975 0.36544282175600529 0.0031226711837574841 33.987344877794385 238.52398628368974
0.1139248059131205 0.48459255360066888 0.36544282175600529 0.0031226711837574841 33.987344877794385 238.52398628368974
0.1139248059131205 0.21037367656826975 0.42361242026090629 0.0031226711837574841 33.987344877794385 238.52398628368974
0.1139248059131205 0.21037367656826975 0.36544282175600529 0.015462388393841685 33.987344877794385 238.52398628368974
0.1139248059131205 0.21037367656826975 0.36544282175600529 0.0031226711837574841 22.042994640767574 238.52398628368974
0.1139248059131205 0.21037367656826975 0.36544282175600529 0.0031226711837574841 33.987344877794385 874.20395463705063
0.45753854499198487 0.48459255360066888 0.42361242026090629 0.015462388393841685 22.042994640767574 874.20395463705063
0.69600194138474758 0.42141254991292953 0.16431203372776509 0.011920837649330497 13.747506991028786 786.88106443732977
0.086127313831821081 0.42141254991292953 0.16431203372776509 0.011920837649330497 13.747506991028786 786.88106443732977
0.69600194138474758 0.12267582565546037 0.16431203372776509 0.011920837649330497 13.747506991028786 786.88106443732977
0.69600194138474758 0.42141254991292953 0.22824378982186319 0.011920837649330497 13.747506991028786 786.88106443732977
0.69600194138474758 0.42141254991292953 0.16431203372776509 0.0052764962527900939 13.747506991028786 786.88106443732977
0.69600194138474758 0.42141254991292953 0.16431203372776509 0.011920837649330497 25.927078967913985 786.88106443732977
0.69600194138474758 0.42141254991292953 0.16431203372776509 0.011920837649330497 13.747506991028786 445.93620114028454
0.086127313831821081 0.12267582565546037 0.22824378982186319 0.0052764962527900939 25.927078967913985 445.93620114028454
0.56385088344104584 0.28561068996787076 0.21582345999777319 0.014270561436191202 9.7364105954766273 682.04554123803973
0.39782764292322093 0.28561068996787076 0.21582345999777319 0.014270561436191202 9.7364105954766273 682.04554123803973
0.56385088344104584 0.41888520531356332 0.21582345999777319 0.014270561436191202 9.7364105954766273 682.04554123803973
0.56385088344104584 0.28561068996787076 0.48171421363949773 0.014270561436191202 9.7364105954766273 682.04554123803973
0.56385088344104584 0.28561068996787076 0.21582345999777319 0.014811092293635012 9.7364105954766273 682.04554123803973
0.56385088344104584 0.28561068996787076 0.21582345999777319 0.014270561436191202 16.974113268777728 682.04554123803973
0.56385088344104584 0.28561068996787076 0.21582345999777319 0.014270561436191202 9.7364105954766273 434.67457946389914
0.39782764292322093 0.41888520531356332 0.48171421363949773 0.014811092293635012 16.974113268777728 434.67457946389914
0.16458531813696026 0.49666634500026707 0.41705476827919485 0.00079437931980937723 34.495635444298387 330.4025087505579
0.14718832052312791 0.49666634500026707 0.41705476827919485 0.00079437931980937723 34.495635444298387 330.4025087505579
0.16458531813696026 0.18236520588397981 0.41705476827919485 0.00079437931980937723 34.495635444298387 330.4025087505579
0.16458531813696026 0.49666634500026707 0.26447640210390089 0.00079437931980937723 34.495635444298387 330.4025087505579
0.16458531813696026 0.49666634500026707 0.41705476827919485 0.0045407610243186356 34.495635444298387 330.4025087505579
0.16458531813696026 0.49666634500026707 0.41705476827919485 0.00079437931980937723 27.18719470500946 330.4025087505579
0.16458531813696026 0.49666634500026707 0.41705476827919485 0.00079437931980937723 34.495635444298387 892.38567892462015
0.14718832052312791 0.18236520588397981 0.26447640210390089 0.0045407610243186356 27.18719470500946 892.38567892462015
0.25550360283814366 0.17317158468067645 0.12480874583125115 0.01978103830628097 29.783742876723409 139.75089080631733
0.66402762797661119 0.17317158468067645 0.12480874583125115 0.01978103830628097 29.783742876723409 139.75089080631733
0.25550360283814366 0.20358905680477621 0.12480874583125115 0.01978103830628097 29.783742876723409 139.75089080631733
0.25550360283814366 0.17317158468067645 0.1168126504868269 0.01978103830628097 29.783742876723409 139.75089080631733
0.25550360283814366 0.17317158468067645 0.12480874583125115 0.0088715130101889392 29.783742876723409 139.75089080631733
0.25550360283814366 0.17317158468067645 0.12480874583125115 0.01978103830628097 33.204176614060998 139.75089080631733
0.25550360283814366 0.17317158468067645 0.12480874583125115 0.01978103830628097 29.783742876723409 690.1702867820859
0.66402762797661119 0.20358905680477621 0.1168126504868269 0.0088715130101889392 33.204176614060998 690.1702867820859
0.51637444868683813 0.35900750868022446 0.32369649186730387 0.0063416393471881745 17.980581104755402 941.23296393081546
0.29230653014965352 0.35900750868022446 0.32369649186730387 0.0063416393471881745 17.980581104755402 941.23296393081546
0.51637444868683813 0.39206901118159299 0.32369649186730387 0.0063416393471881745 17.980581104755402 941.23296393081546
0.51637444868683813 0.35900750868022446 0.33719051964581015 0.0063416393471881745 17.980581104755402 941.23296393081546
0.51637444868683813 0.35900750868022446 0.32369649186730387 0.019143048018030823 17.980581104755402 941.23296393081546
0.51637444868683813 0.35900750868022446 0.32369649186730387 0.0063416393471881745 14.590172853320837 941.23296393081546
0.51637444868683813 0.35900750868022446 0.32369649186730387 0.0063416393471881745 17.980581104755402 189.85971342772245
0.29230653014965352 0.39206901118159299 0.33719051964581015 0.019143048018030823 14.590172853320837 189.85971342772245
0.52402919754385946 0.15920783728361132 0.26051211655139928 0.011272174383699896 32.007889069616795 357.47635941952467
0.18077295362018048 0.15920783728361132 0.26051211655139928 0.011272174383699896 32.007889069616795 357.47635941952467
0.52402919754385946 0.22069182917475702 0.26051211655139928 0.011272174383699896 32.007889069616795 357.47635941952467
0.52402919754385946 0.15920783728361132 0.3558790158480406 0.011272174383699896 32.007889069616795 357.47635941952467
0.52402919754385946 0.15920783728361132 0.26051211655139928 0.0078709136128425599 32.007889069616795 357.47635941952467
0.52402919754385946 0.15920783728361132 0.26051211655139928 0.011272174383699896 13.695352386683226 357.47635941952467
0.52402919754385946 0.15920783728361132 0.26051211655139928 0.011272174383699896 32.007889069616795 367.03248172998428
0.18077295362018048 0.22069182917475702 0.3558790158480406 0.0078709136128425599 13.695352386683226 367.03248172998428
0.28851426295004784 0.37335949614644048 0.46006190627813337 0.0049483907619491223 11.760841125622392 709.01328036561608
0.44921112894080573 0.37335949614644048 0.46006190627813337 0.0049483907619491223 11.760841125622392 709.01328036561608
0.28851426295004784 0.38378124125301838 0.46006190627813337 0.0049483907619491223 11.760841125622392 709.01328036561608
0.28851426295004784 0.37335949614644048 0.19812567420303823 0.0049483907619491223 11.760841125622392 709.01328036561608
0.28851426295004784 0.37335949614644048 0.46006190627813337 0.018132785446383061 11.760841125622392 709.01328036561608
0.28851426295004784 0.37335949614644048 0.46006190627813337 0.0049483907619491223 34.216356242075562 709.01328036561608
0.28851426295004784 0.37335949614644048 0.46006190627813337 0.0049483907619491223 11.760841125622392 963.59704248607159
0.44921112894080573 0.38378124125301838 0.19812567420303823 0.018132785446383061 34.216356242075562 963.59704248607159
0.13187286304309964 0.2968415882438421 0.15543442033231258 0.015659278161078691 22.522310169413686 915.58434525504708
0.23957354729063807 0.2968415882438421 0.15543442033231258 0.015659278161078691 22.522310169413686 915.58434525504708
0.13187286304309964 0.40529802143573768 0.15543442033231258 0.015659278161078691 22.522310169413686 915.58434525504708
0.13187286304309964 0.2968415882438421 0.24578659310936929 0.015659278161078691 22.522310169413686 915.58434525504708
0.13187286304309964 0.2968415882438421 0.15543442033231258 0.013800749396532776 22.522310169413686 915.58434525504708
0.13187286304309964 0.2968415882438421 0.15543442033231258 0.015659278161078691 28.053162202239037 915.58434525504708
0.13187286304309964 0.2968415882438421 0.15543442033231258 0.015659278161078691 22.522310169413686 729.62772883474827
0.23957354729063807 0.40529802143573768 0.24578659310936929 0.013800749396532776 28.053162202239037 729.62772883474827
0.55653401245363054 0.48582235313951971 0.35576564781367781 0.009298711382038893 25.712646722793579 113.99638187140226
0.6290922582615166 0.48582235313951971 0.35576564781367781 0.009298711382038893 25.712646722793579 113.99638187140226
0.55653401245363054 0.19338738732039928 0.35576564781367781 0.009298711382038893 25.712646722793579 113.99638187140226
0.55653401245363054 0.48582235313951971 0.40040555447340009 0.009298711382038893 25.712646722793579 113.99638187140226
0.55653401245363054 0.48582235313951971 0.35576564781367781 0.0035400908904150131 25.712646722793579 113.99638187140226
0.55653401245363054 0.48582235313951971 0.35576564781367781 0.009298711382038893 15.99158769659698 113.99638187140226
0.55653401245363054 0.48582235313951971 0.35576564781367781 0.009298711382038893 25.712646722793579 146.71369418501854
0.6290922582615166 0.19338738732039928 0.40040555447340009 0.0035400908904150131 15.99158769659698 146.71369418501854
0.66813449454493812 0.22121232859790327 0.40112769566476347 0.006988493409194052 27.804458282887936 455.37054864689708
0.30094885188154874 0.22121232859790327 0.40112769566476347 0.006988493409194052 27.804458282887936 455.37054864689708
0.66813449454493812 0.48956005722284324 0.40112769566476347 0.006988493409194052 27.804458282887936 455.37054864689708
0.66813449454493812 0.22121232859790327 0.25955225974321366 0.006988493409194052 27.804458282887936 455.37054864689708
0.66813449454493812 0.22121232859790327 0.40112769566476347 0.01678202131856233 27.804458282887936 455.37054864689708
0.66813449454493812 0.22121232859790327 0.40112769566476347 0.006988493409194052 24.918746968731284 455.37054864689708
0.66813449454493812 0.22121232859790327 0.40112769566476347 0.006988493409194052 27.804458282887936 269.15651727467775
0.30094885188154874 0.48956005722284324 0.25955225974321366 0.01678202131856233 24.918746968731284 269.15651727467775
0.10128677496686578 0.41018546707928183 0.20069594793021681 0.017952293947339059 15.993858465924859 553.78247462213039
0.56906708735041323 0.41018546707928183 0.20069594793021681 0.017952293947339059 15.993858465924859 553.78247462213039
0.10128677496686578 0.10303394459187985 0.20069594793021681 0.017952293947339059 15.993858465924859 553.78247462213039
0.10128677496686578 0.41018546707928183 0.49230241850018508 0.017952293947339059 15.993858465924859 553.78247462213039
0.10128677496686578 0.41018546707928183 0.20069594793021681 0.0065864752970635895 15.993858465924859 553.78247462213039
0.10128677496686578 0.41018546707928183 0.20069594793021681 0.017952293947339059 22.934425242245197 553.78247462213039
0.10128677496686578 0.41018546707928183 0.20069594793021681 0.017952293947339059 15.993858465924859 600.26395153254271
0.56906708735041323 0.10303394459187985 0.49230241850018508 0.0065864752970635895 22.934425242245197 600.26395153254271
0.31910278215073046 0.1336759477853775 0.30855056643486023 0.0025983683915808799 11.726681070402265 816.59152321517467
0.1210676232818514 0.1336759477853775 0.30855056643486023 0.0025983683915808799 11.726681070402265 816.59152321517467
0.31910278215073046 0.28600854948163035 0.30855056643486023 0.0025983683915808799 11.726681070402265 816.59152321517467
0.31910278215073046 0.1336759477853775 0.33840069659054284 0.0025983683915808799 11.726681070402265 816.59152321517467
0.31910278215073046 0.1336759477853775 0.30855056643486023 0.0022545101681724195 11.726681070402265 816.59152321517467
0.31910278215073046 0.1336759477853775 0.30855056643486023 0.0025983683915808799 9.3883755076676607 816.59152321517467
0.31910278215073046 0.1336759477853775 0.30855056643486023 0.0025983683915808799 11.726681070402265 806.43784161657095
0.1210676232818514 0.28600854948163035 0.33840069659054284 0.0022545101681724195 9.3883755076676607 806.43784161657095
0.41243114657700058 0.3478199802339077 0.10889988094568254 0.013600160583108666 36.478696420788765 268.12855480238795
0.5102665493730455 0.3478199802339077 0.10889988094568254 0.013600160583108666 36.478696420788765 268.12855480238795
0.41243114657700058 0.32448248304426675 0.10889988094568254 0.013600160583108666 36.478696420788765 268.12855480238795
0.41243114657700058 0.3478199802339077 0.10876653604209424 0.013600160583108666 36.478696420788765 268.12855480238795
0.41243114657700058 0.3478199802339077 0.10889988094568254 0.012451278737187387 36.478696420788765 268.12855480238795
0.41243114657700058 0.3478199802339077 0.10889988094568254 0.013600160583108666 34.832213196903467 268.12855480238795
0.41243114657700058 0.3478199802339077 0.10889988094568254 0.013600160583108666 36.478696420788765 517.05100182443857
0.5102665493730455 0.32448248304426675 0.10876653604209424 0.012451278737187387 34.832213196903467 517.05100182443857
0.44357043956406406 0.25647584460675721 0.32662479318678383 0.018765410488471388 15.028414402157068 186.54144704341888
0.36488552768714722 0.25647584460675721 0.32662479318678383 0.018765410488471388 15.028414402157068 186.54144704341888
0.44357043956406406 0.46937628909945495 0.32662479318678383 0.018765410488471388 15.028414402157068 186.54144704341888
0.44357043956406406 0.25647584460675721 0.29581432342529301 0.018765410488471388 15.028414402157068 186.54144704341888
0.44357043956406406 0.25647584460675721 0.32662479318678383 0.0039524664314463734 15.028414402157068 186.54144704341888
0.44357043956406406 0.25647584460675721 0.32662479318678383 0.018765410488471388 37.347721496596932 186.54144704341888
0.44357043956406406 0.25647584460675721 0.32662479318678383 0.018765410488471388 15.028414402157068 397.958629950881
0.36488552768714722 0.46937628909945495 0.29581432342529301 0.0039524664314463734 37.347721496596932 397.958629950881
0.3654810932464897 0.47374659515917306 0.1277400989085436 0.005327295851521194 33.217471597716212 988.0783780477941
0.5851009645033628 0.47374659515917306 0.1277400989085436 0.005327295851521194 33.217471597716212 988.0783780477941
0.3654810932464897 0.13245882280170918 0.1277400989085436 0.005327295851521194 33.217471597716212 988.0783780477941
0.3654810932464897 0.47374659515917306 0.45057313069701199 0.005327295851521194 33.217471597716212 988.0783780477941
0.3654810932464897 0.47374659515917306 0.1277400989085436 0.014156334472447636 33.217471597716212 988.0783780477941
0.3654810932464897 0.47374659515917306 0.1277400989085436 0.005327295851521194 10.490344401448965 988.0783780477941
0.3654810932464897 0.47374659515917306 0.1277400989085436 0.005327295851521194 33.217471597716212 924.6500164270401
0.5851009645033628 0.13245882280170918 0.45057313069701199 0.014156334472447636 10.490344401448965 924.6500164270401
0.053953245049342513 0.19411074370145798 0.43248355314135556 0.014493718235567214 24.499517476186156 741.10806873068213
0.063138909777626401 0.19411074370145798 0.43248355314135556 0.014493718235567214 24.499517476186156 741.10806873068213
0.053953245049342513 0.25349572598934178 0.43248355314135556 0.014493718235567214 24.499517476186156 741.10806873068213
0.053953245049342513 0.19411074370145798 0.3060341630131006 0.014493718235567214 24.499517476186156 741.10806873068213
0.053953245049342513 0.19411074370145798 0.43248355314135556 0.019724652584828438 24.499517476186156 741.10806873068213
0.053953245049342513 0.19411074370145798 0.43248355314135556 0.014493718235567214 19.473591877147555 741.10806873068213
0.053953245049342513 0.19411074370145798 0.43248355314135556 0.014493718235567214 24.499517476186156 705.29253259301186
0.063138909777626401 0.25349572598934178 0.3060341630131006 0.019724652584828438 19.473591877147555 705.29253259301186
0.63603998273611062 0.38621059134602553 0.23125529661774635 0.0010162512069568038 19.250959392637014 389.52009528875351
0.4856856571044772 0.38621059134602553 0.23125529661774635 0.0010162512069568038 19.250959392637014 389.52009528875351
0.63603998273611062 0.34157821349799633 0.23125529661774635 0.0010162512069568038 19.250959392637014 389.52009528875351
0.63603998273611062 0.38621059134602553 0.14816584549844267 0.0010162512069568038 19.250959392637014 389.52009528875351
0.63603998273611062 0.38621059134602553 0.23125529661774635 0.0095220070913434041 19.250959392637014 389.52009528875351
0.63603998273611062 0.38621059134602553 0.23125529661774635 0.0010162512069568038 24.731890290975571 389.52009528875351
0.63603998273611062 0.38621059134602553 0.23125529661774635 0.0010162512069568038 19.250959392637014 165.00555165112019
0.4856856571044772 0.34157821349799633 0.14816584549844267 0.0095220070913434041 24.731890290975571 165.00555165112019
0.58514172397553921 0.11925624907016755 0.18599071726202965 0.0033648617966100577 19.232020873576403 285.28880001977086
0.16505893641151487 0.11925624907016755 0.18599071726202965 0.0033648617966100577 19.232020873576403 285.28880001977086
0.58514172397553921 0.23755644112825394 0.18599071726202965 0.0033648617966100577 19.232020873576403 285.28880001977086
0.58514172397553921 0.11925624907016755 0.38835461400449278 0.0033648617966100577 19.232020873576403 285.28880001977086
0.58514172397553921 0.11925624907016755 0.18599071726202965 0.010548780600726606 19.232020873576403 285.28880001977086
0.58514172397553921 0.11925624907016755 0.18599071726202965 0.0033648617966100577 18.624318532645702 285.28880001977086
0.58514172397553921 0.11925624907016755 0.18599071726202965 0.0033648617966100577 19.232020873576403 265.80446343868971
0.16505893641151487 0.23755644112825394 0.38835461400449278 0.010548780600726606 18.624318532645702 265.80446343868971
0.18586593656800687 0.31136067733168604 0.38712455704808235 0.012161743349954488 28.984400166198611 833.70072264224291
0.38495458834804591 0.31136067733168604 0.38712455704808235 0.012161743349954488 28.984400166198611 833.70072264224291
0.18586593656800687 0.3510356571525336 0.38712455704808235 0.012161743349954488 28.984400166198611 833.70072264224291
0.18586593656800687 0.31136067733168604 0.1586173001676798 0.012161743349954488 28.984400166198611 833.70072264224291
0.18586593656800687 0.31136067733168604 0.38712455704808235 0.00029522274676710371 28.984400166198611 833.70072264224291
0.18586593656800687 0.31136067733168604 0.38712455704808235 0.012161743349954488 29.27228400669992 833.70072264224291
0.18586593656800687 0.31136067733168604 0.38712455704808235 0.012161743349954488 28.984400166198611 611.41372341662645
0.38495458834804591 0.3510356571525336 0.1586173001676798 0.00029522274676710371 29.27228400669992 611.41372341662645
0.23357087159529327 0.23171948306262494 0.27934928275644777 0.0076383667936548594 35.294977148994803 643.01989544183016
0.26447430434636771 0.23171948306262494 0.27934928275644777 0.0076383667936548594 35.294977148994803 643.01989544183016
0.23357087159529327 0.43488231375813491 0.27934928275644777 0.0076383667936548594 35.294977148994803 643.01989544183016
0.23357087159529327 0.23171948306262494 0.20939097926020622 0.0076383667936548594 35.294977148994803 643.01989544183016
0.23357087159529327 0.23171948306262494 0.27934928275644777 0.005863469938188791 35.294977148994803 643.01989544183016
0.23357087159529327 0.23171948306262494 0.27934928275644777 0.0076383667936548594 30.638386506587267 643.01989544183016
0.23357087159529327 0.23171948306262494 0.27934928275644777 0.0076383667936548594 35.294977148994803 858.56663081794977
0.26447430434636771 0.43488231375813491 0.20939097926020622 0.005863469938188791 30.638386506587267 858.56663081794977
0.49447116819210346 0.44899481423199183 0.47813918478786943 0.016475809234753253 8.4849718324840069 544.5569303818047
0.68670111182145765 0.44899481423199183 0.47813918478786943 0.016475809234753253 8.4849718324840069 544.5569303818047
0.49447116819210346 0.17336157597601415 0.47813918478786943 0.016475809234753253 8.4849718324840069 544.5569303818047
0.49447116819210346 0.44899481423199183 0.4422683924436569 0.016475809234753253 8.4849718324840069 544.5569303818047
0.49447116819210346 0.44899481423199183 0.47813918478786943 0.016118241119571029 8.4849718324840069 544.5569303818047
0.49447116819210346 0.44899481423199183 0.47813918478786943 0.016475809234753253 13.391257526353002 544.5569303818047
0.49447116819210346 0.44899481423199183 0.47813918478786943 0.016475809234753253 8.4849718324840069 471.18184473365545
0.68670111182145765 0.17336157597601415 0.4422683924436569 0.016118241119571029 13.391257526353002 471.18184473365545
0.47767673046328119 0.10453070960938932 0.37478862442076211 0.013366079835407437 27.643708830699325 402.46366402134299
0.25056670522317287 0.10453070960938932 0.37478862442076211 0.013366079835407437 27.643708830699325 402.46366402134299
0.47767673046328119 0.12913080118596554 0.37478862442076211 0.013366079835407437 27.643708830699325 402.46366402134299
0.47767673046328119 0.10453070960938932 0.18959331139922142 0.013366079835407437 27.643708830699325 402.46366402134299
0.47767673046328119 0.10453070960938932 0.37478862442076211 0.0067141532707959417 27.643708830699325 402.46366402134299
0.47767673046328119 0.10453070960938932 0.37478862442076211 0.013366079835407437 20.804851783439517 402.46366402134299
0.47767673046328119 0.10453070960938932 0.37478862442076211 0.013366079835407437 27.643708830699325 909.63406572118402
0.25056670522317287 0.12913080118596554 0.18959331139922142 0.0067141532707959417 20.804851783439517 909.63406572118402
0.2510770282708108 0.31553905643522739 0.17358156628906729 0.0020928282868117095 16.837557341903448 725.98198652267456
0.61943809902295466 0.31553905643522739 0.17358156628906729 0.0020928282868117095 16.837557341903448 725.98198652267456
0.2510770282708108 0.46565159708261494 0.17358156628906729 0.0020928282868117095 16.837557341903448 725.98198652267456
0.2510770282708108 0.31553905643522739 0.35679419040679938 0.0020928282868117095 16.837557341903448 725.98198652267456
0.2510770282708108 0.31553905643522739 0.17358156628906729 0.0163501790991053 16.837557341903448 725.98198652267456
0.2510770282708108 0.31553905643522739 0.17358156628906729 0.0020928282868117095 23.283610969781876 725.98198652267456
0.2510770282708108 0.31553905643522739 0.17358156628906729 0.0020928282868117095 16.837557341903448 409.73554672673345
0.61943809902295466 0.46565159708261494 0.35679419040679938 0.0163501790991053 23.283610969781876 409.73554672673345
0.17948554488830265 0.24214071184396746 0.46580468341708181 0.017756131534837186 9.9419031776487827 974.6410146355629
0.19177591111510989 0.24214071184396746 0.46580468341708181 0.017756131534837186 9.9419031776487827 974.6410146355629
0.17948554488830265 0.34530590213835244 0.46580468341708181 0.017756131534837186 9.9419031776487827 974.6410146355629
0.17948554488830265 0.24214071184396746 0.41225845776498315 0.017756131534837186 9.9419031776487827 974.6410146355629
0.17948554488830265 0.24214071184396746 0.46580468341708181 0.012018440526351334 9.9419031776487827 974.6410146355629
0.17948554488830265 0.24214071184396746 0.46580468341708181 0.017756131534837186 36.917737463489175 974.6410146355629
0.17948554488830265 0.24214071184396746 0.46580468341708181 0.017756131534837186 9.9419031776487827 207.76736037805676
0.19177591111510989 0.34530590213835244 0.41225845776498315 0.012018440526351334 36.917737463489175 207.76736037805676
0.59270975384861224 0.42802699580788617 0.26694156304001809 0.0064450396899133925 37.573136297985911 201.2844561599195
0.43956692423671478 0.42802699580788617 0.26694156304001809 0.0064450396899133925 37.573136297985911 201.2844561599195
0.59270975384861224 0.25682665184140208 0.26694156304001809 0.0064450396899133925 37.573136297985911 201.2844561599195
0.59270975384861224 0.42802699580788617 0.24194150306284429 0.0064450396899133925 37.573136297985911 201.2844561599195
0.59270975384861224 0.42802699580788617 0.26694156304001809 0.0023836373193189503 37.573136297985911 201.2844561599195
0.59270975384861224 0.42802699580788617 0.26694156304001809 0.0064450396899133925 11.038141783326864 201.2844561599195
0.59270975384861224 0.42802699580788617 0.26694156304001809 0.0064450396899133925 37.573136297985911 665.89035326614976
0.43956692423671478 0.25682665184140208 0.24194150306284429 0.0023836373193189503 11.038141783326864 665.89035326614976
0.62306149508804076 0.2665145516395569 0.11542860493063928 0.0090826276298612372 30.910673609003425 529.36175782233477
0.13040680298581719 0.2665145516395569 0.11542860493063928 0.0090826276298612372 30.910673609003425 529.36175782233477
0.62306149508804076 0.36061652787029741 0.11542860493063928 0.0090826276298612372 30.910673609003425 529.36175782233477
0.62306149508804076 0.2665145516395569 0.49458491243422031 0.0090826276298612372 30.910673609003425 529.36175782233477
0.62306149508804076 0.2665145516395569 0.11542860493063928 0.017636204893700779 30.910673609003425 529.36175782233477
0.62306149508804076 0.2665145516395569 0.11542860493063928 0.0090826276298612372 32.083230812102556 529.36175782233477
0.62306149508804076 0.2665145516395569 0.11542860493063928 0.0090826276298612372 30.910673609003425 654.19055251404643
0.13040680298581719 0.36061652787029741 0.49458491243422031 0.017636204893700779 32.083230812102556 654.19055251404643
0.067648236406967044 0.45238100215792654 0.31419120505452158 0.015097111671976747 13.541013162583113 656.00508870556951
0.49958837339654555 0.45238100215792654 0.31419120505452158 0.015097111671976747 13.541013162583113 656.00508870556951
0.067648236406967044 0.24753400608897211 0.31419120505452158 0.015097111671976747 13.541013162583113 656.00508870556951
0.067648236406967044 0.45238100215792654 0.25238695405423639 0.015097111671976747 13.541013162583113 656.00508870556951
0.067648236406967044 0.45238100215792654 0.31419120505452158 0.0080523047532886274 13.541013162583113 656.00508870556951
0.067648236406967044 0.45238100215792654 0.31419120505452158 0.015097111671976747 12.063883246853948 656.00508870556951
0.067648236406967044 0.45238100215792654 0.31419120505452158 0.015097111671976747 13.541013162583113 226.38983866199851
0.49958837339654555 0.24753400608897211 0.25238695405423639 0.0080523047532886274 12.063883246853948 226.38983866199851
0.36291680661961429 0.17900172881782056 0.2189452324062586 0.0046955971706658601 21.675835598260164 848.40210052207112
0.31027822718024251 0.17900172881782056 0.2189452324062586 0.0046955971706658601 21.675835598260164 848.40210052207112
0.36291680661961429 0.16338673643767834 0.2189452324062586 0.0046955971706658601 21.675835598260164 848.40210052207112
0.36291680661961429 0.17900172881782056 0.1031635731458664 0.0046955971706658601 21.675835598260164 848.40210052207112
0.36291680661961429 0.17900172881782056 0.2189452324062586 0.0037206463953480128 21.675835598260164 848.40210052207112
0.36291680661961429 0.17900172881782056 0.2189452324062586 0.0046955971706658601 18.080864541232586 848.40210052207112
0.36291680661961429 0.17900172881782056 0.2189452324062586 0.0046955971706658601 21.675835598260164 456.15344857797027
0.31027822718024251 0.16338673643767834 0.1031635731458664 0.0037206463953480128 18.080864541232586 456.15344857797027
0.44732745909132055 0.38999024219810963 0.4200513947755099 0.010746713013015689 25.868790430948138 271.92053366452456
0.55837895199656484 0.38999024219810963 0.4200513947755099 0.010746713013015689 25.868790430948138 271.92053366452456
0.44732745909132055 0.42530426084995276 0.4200513947755099 0.010746713013015689 25.868790430948138 271.92053366452456
0.44732745909132055 0.38999024219810963 0.34849584624171259 0.010746713013015689 25.868790430948138 271.92053366452456
0.44732745909132055 0.38999024219810963 0.4200513947755099 0.013305759789422156 25.868790430948138 271.92053366452456
0.44732745909132055 0.38999024219810963 0.4200513947755099 0.010746713013015689 29.699290787801147 271.92053366452456
0.44732745909132055 0.38999024219810963 0.4200513947755099 0.010746713013015689 25.868790430948138 870.35856796428561
0.55837895199656484 0.42530426084995276 0.34849584624171259 0.013305759789422156 29.699290787801147 870.35856796428561
0.39975643325597043 0.20493058115243912 0.23816615641117098 0.016680263277329504 17.437056900933385 126.93892130628228
0.053759939782321457 0.20493058115243912 0.23816615641117098 0.016680263277329504 17.437056900933385 126.93892130628228
0.39975643325597043 0.38122825883328915 0.23816615641117098 0.016680263277329504 17.437056900933385 126.93892130628228
0.39975643325597043 0.20493058115243912 0.46215801425278191 0.016680263277329504 17.437056900933385 126.93892130628228
0.39975643325597043 0.20493058115243912 0.23816615641117098 0.000785076835565269 17.437056900933385 126.93892130628228
0.39975643325597043 0.20493058115243912 0.23816615641117098 0.016680263277329504 27.651845619082451 126.93892130628228
0.39975643325597043 0.20493058115243912 0.23816615641117098 0.016680263277329504 17.437056900933385 977.14638980105519
0.053759939782321457 0.38122825883328915 0.46215801425278191 0.000785076835565269 27.651845619082451 977.14638980105519
0.3305848013143986 0.41279581561684608 0.43852463811635978 0.0081928317755460747 30.067053467035294 900.45725386589766
0.49624485205858937 0.41279581561684608 0.43852463811635978 0.0081928317755460747 30.067053467035294 900.45725386589766
0.3305848013143986 0.21775440722703934 0.43852463811635978 0.0081928317755460747 30.067053467035294 900.45725386589766
0.3305848013143986 0.41279581561684608 0.29184662811458112 0.0081928317755460747 30.067053467035294 900.45725386589766
0.3305848013143986 0.41279581561684608 0.43852463811635978 0.010363090757653119 30.067053467035294 900.45725386589766
0.3305848013143986 0.41279581561684608 0.43852463811635978 0.0081928317755460747 16.509458778426051 900.45725386589766
0.3305848013143986 0.41279581561684608 0.43852463811635978 0.0081928317755460747 30.067053467035294 350.24581709876657
0.49624485205858937 0.21775440722703934 0.29184662811458112 0.010363090757653119 16.509458778426051 350.24581709876657
0.099026262667030102 0.14254021011292936 0.14636866115033628 0.012406831303425134 35.153569050133228 695.57490777224302
0.35551659455522888 0.14254021011292936 0.14636866115033628 0.012406831303425134 35.153569050133228 695.57490777224302
0.099026262667030102 0.19632761515676977 0.14636866115033628 0.012406831303425134 35.153569050133228 695.57490777224302
0.099026262667030102 0.14254021011292936 0.13951042145490647 0.012406831303425134 35.153569050133228 695.57490777224302
0.099026262667030102 0.14254021011292936 0.14636866115033628 0.0159311113929376 35.153569050133228 695.57490777224302
0.099026262667030102 0.14254021011292936 0.14636866115033628 0.012406831303425134 15.055737506598234 695.57490777224302
0.099026262667030102 0.14254021011292936 0.14636866115033628 0.012406831303425134 35.153569050133228 105.54080093279481
0.35551659455522888 0.19632761515676977 0.13951042145490647 0.0159311113929376 15.055737506598234 105.54080093279481
0.66967854187823828 0.32528336681425574 0.34594608061015608 0.0038786881469190125 9.34595044888556 372.21833923831582
0.5956700413487851 0.32528336681425574 0.34594608061015608 0.0038786881469190125 9.34595044888556 372.21833923831582
0.66967854187823828 0.40785371735692022 0.34594608061015608 0.0038786881469190125 9.34595044888556 372.21833923831582
0.66967854187823828 0.32528336681425574 0.3066817738115788 0.0038786881469190125 9.34595044888556 372.21833923831582
0.66967854187823828 0.32528336681425574 0.34594608061015608 0.0063543107245117424 9.34595044888556 372.21833923831582
0.66967854187823828 0.32528336681425574 0.34594608061015608 0.0038786881469190125 32.738608384504914 372.21833923831582
0.66967854187823828 0.32528336681425574 0.34594608061015608 0.0038786881469190125 9.34595044888556 774.16196810081601
0.5956700413487851 0.40785371735692022 0.3066817738115788 0.0063543107245117424 32.738608384504914 774.16196810081601
0.53752902396954594 0.16767660789191724 0.49755650721490385 0.0012800896957516671 14.170153366401792 252.93236635625362
0.25360027998685836 0.16767660789191724 0.49755650721490385 0.0012800896957516671 14.170153366401792 252.93236635625362
0.53752902396954594 0.11183975227177144 0.49755650721490385 0.0012800896957516671 14.170153366401792 252.93236635625362
0.53752902396954594 0.16767660789191724 0.15328228548169137 0.0012800896957516671 14.170153366401792 252.93236635625362
0.53752902396954594 0.16767660789191724 0.49755650721490385 0.014032947087660433 14.170153366401792 252.93236635625362
0.53752902396954594 0.16767660789191724 0.49755650721490385 0.0012800896957516671 8.8734745252877474 252.93236635625362
0.53752902396954594 0.16767660789191724 0.49755650721490385 0.0012800896957516671 14.170153366401792 559.10436203703284
0.25360027998685836 0.11183975227177144 0.15328228548169137 0.014032947087660433 8.8734745252877474 559.10436203703284
0.14969017459079623 0.35043655224144465 0.29788467101752758 0.015027503691054883 33.363429114222527 829.57569388672709
0.69639490395784376 0.35043655224144465 0.29788467101752758 0.015027503691054883 33.363429114222527 829.57569388672709
0.14969017459079623 0.4987503759562969 0.29788467101752758 0.015027503691054883 33.363429114222527 829.57569388672709
0.14969017459079623 0.35043655224144465 0.39857244044542317 0.015027503691054883 33.363429114222527 829.57569388672709
0.14969017459079623 0.35043655224144465 0.29788467101752758 0.004391043228469789 33.363429114222527 829.57569388672709
0.14969017459079623 0.35043655224144465 0.29788467101752758 0.015027503691054883 35.229179237037897 829.57569388672709
0.14969017459079623 0.35043655224144465 0.29788467101752758 0.015027503691054883 33.363429114222527 313.67659447714686
0.69639490395784376 0.4987503759562969 0.39857244044542317 0.004391043228469789 35.229179237037897 313.67659447714686
0.27992332051508123 0.28016492128372195 0.39325881600379942 0.0055517089255154133 23.419581644237041 568.48282990977168
0.15417488003149626 0.28016492128372195 0.39325881600379942 0.0055517089255154133 23.419581644237041 568.48282990977168
0.27992332051508123 0.3152950804680586 0.39325881600379942 0.0055517089255154133 23.419581644237041 568.48282990977168
0.27992332051508123 0.28016492128372195 0.44467387609183795 0.0055517089255154133 23.419581644237041 568.48282990977168
0.27992332051508123 0.28016492128372195 0.39325881600379942 0.0099589836489409229 23.419581644237041 568.48282990977168
0.27992332051508123 0.28016492128372195 0.39325881600379942 0.0055517089255154133 26.392602046951652 568.48282990977168
0.27992332051508123 0.28016492128372195 0.39325881600379942 0.0055517089255154133 23.419581644237041 530.58618707582355
0.15417488003149626 0.3152950804680586 0.44467387609183795 0.0099589836489409229 26.392602046951652 530.58618707582355
0.53190838228911153 0.48804694339632992 0.19280554205179215 0.019338626079447568 21.05047289468348 442.00126640498638
0.3946385034359991 0.48804694339632992 0.19280554205179215 0.019338626079447568 21.05047289468348 442.00126640498638
0.53190838228911153 0.27720575034618378 0.19280554205179215 0.019338626079447568 21.05047289468348 442.00126640498638
0.53190838228911153 0.48804694339632992 0.20249330885708333 0.019338626079447568 21.05047289468348 442.00126640498638
0.53190838228911153 0.48804694339632992 0.19280554205179215 0.019602110129408538 21.05047289468348 442.00126640498638
0.53190838228911153 0.48804694339632992 0.19280554205179215 0.019338626079447568 21.577467985451221 442.00126640498638
0.53190838228911153 0.48804694339632992 0.19280554205179215 0.019338626079447568 21.05047289468348 789.6644807420671
0.3946385034359991 0.27720575034618378 0.20249330885708333 0.019602110129408538 21.577467985451221 789.6644807420671
0.49897718410938968 0.28827387131750581 0.42962270602583885 0.0044723648402839903 36.90585963614285 800.31884694471955
0.64750649742782107 0.28827387131750581 0.42962270602583885 0.0044723648402839903 36.90585963614285 800.31884694471955
0.49897718410938968 0.31052140891551971 0.42962270602583885 0.0044723648402839903 36.90585963614285 800.31884694471955
0.49897718410938968 0.28827387131750581 0.2837340425699949 0.0044723648402839903 36.90585963614285 800.31884694471955
0.49897718410938968 0.28827387131750581 0.42962270602583885 0.0086393507242202763 36.90585963614285 800.31884694471955
0.49897718410938968 0.28827387131750581 0.42962270602583885 0.0044723648402839903 22.46977075189352 800.31884694471955
0.49897718410938968 0.28827387131750581 0.42962270602583885 0.0044723648402839903 36.90585963614285 628.44246411696076
0.64750649742782107 0.31052140891551971 0.2837340425699949 0.0086393507242202763 22.46977075189352 628.44246411696076
0.27234803359024223 0.48033100329339506 0.22851349189877512 0.010524916656874122 11.091031536459923 223.78227468580008
0.22749834768474098 0.48033100329339506 0.22851349189877512 0.010524916656874122 11.091031536459923 223.78227468580008
0.27234803359024223 0.29704137258231644 0.22851349189877512 0.010524916656874122 11.091031536459923 223.78227468580008
0.27234803359024223 0.48033100329339506 0.46343466229736807 0.010524916656874122 11.091031536459923 223.78227468580008
0.27234803359024223 0.48033100329339506 0.22851349189877512 0.018292131085135045 11.091031536459923 223.78227468580008
0.27234803359024223 0.48033100329339506 0.22851349189877512 0.010524916656874122 25.383397882804275 223.78227468580008
0.27234803359024223 0.48033100329339506 0.22851349189877512 0.010524916656874122 11.091031536459923 240.64562367275357
0.22749834768474098 0.29704137258231644 0.46343466229736807 0.018292131085135045 25.383397882804275 240.64562367275357
0.15756242675706744 0.15059091225266458 0.3362628076225519 0.010098330978676679 15.688427977263927 472.47045841068029
0.42193124117329711 0.15059091225266458 0.3362628076225519 0.010098330978676679 15.688427977263927 472.47045841068029
0.15756242675706744 0.11387908384203911 0.3362628076225519 0.010098330978676679 15.688427977263927 472.47045841068029
0.15756242675706744 0.15059091225266458 0.3173364497721195 0.010098330978676679 15.688427977263927 472.47045841068029
0.15756242675706744 0.15059091225266458 0.3362628076225519 0.012722906600683929 15.688427977263927 472.47045841068029
0.15756242675706744 0.15059091225266458 0.3362628076225519 0.010098330978676679 34.366644967347383 472.47045841068029
0.15756242675706744 0.15059091225266458 0.3362628076225519 0.010098330978676679 15.688427977263927 489.30913778021932
0.42193124117329711 0.11387908384203911 0.3173364497721195 0.012722906600683929 34.366644967347383 489.30913778021932
0.5707968602422625 0.36791659146547318 0.13749715574085714 0.016111379636637866 28.310986498370767 599.05898505821824
0.2042553317733109 0.36791659146547318 0.13749715574085714 0.016111379636637866 28.310986498370767 599.05898505821824
0.5707968602422625 0.47539909370243549 0.13749715574085714 0.016111379636637866 28.310986498370767 599.05898505821824
0.5707968602422625 0.36791659146547318 0.13451980799436569 0.016111379636637866 28.310986498370767 599.05898505821824
0.5707968602422625 0.36791659146547318 0.13749715574085714 0.0030713206844404342 28.310986498370767 599.05898505821824
0.5707968602422625 0.36791659146547318 0.13749715574085714 0.016111379636637866 9.8539401609450579 599.05898505821824
0.5707968602422625 0.36791659146547318 0.13749715574085714 0.016111379636637866 28.310986498370767 834.50650433078408
0.2042553317733109 0.47539909370243549 0.13451980799436569 0.0030713206844404342 9.8539401609450579 834.50650433078408
0.68239580229856067 0.12505635544657709 0.28276325501501565 0.018752801070176066 25.171929897740483 926.5320185571909
0.52234184462577105 0.12505635544657709 0.28276325501501565 0.018752801070176066 25.171929897740483 926.5320185571909
0.68239580229856067 0.17942163422703744 0.28276325501501565 0.018752801070176066 25.171929897740483 926.5320185571909
0.68239580229856067 0.12505635544657709 0.37544406205415726 0.018752801070176066 25.171929897740483 926.5320185571909
0.68239580229856067 0.12505635544657709 0.28276325501501565 0.01693171079028398 25.171929897740483 926.5320185571909
0.68239580229856067 0.12505635544657709 0.28276325501501565 0.018752801070176066 33.751746902242303 926.5320185571909
0.68239580229856067 0.12505635544657709 0.28276325501501565 0.018752801070176066 25.171929897740483 935.74617011472583
0.52234184462577105 0.17942163422703744 0.37544406205415726 0.01693171079028398 33.751746902242303 935.74617011472583
0.1269729389809072 0.34237440228462224 0.48162332363426685 0.0074402738410979516 22.795381873846054 153.12044126912951
0.10265332479029893 0.34237440228462224 0.48162332363426685 0.0074402738410979516 22.795381873846054 153.12044126912951
0.1269729389809072 0.41633837260305884 0.48162332363426685 0.0074402738410979516 22.795381873846054 153.12044126912951
0.1269729389809072 0.34237440228462224 0.17074660137295722 0.0074402738410979516 22.795381873846054 153.12044126912951
0.1269729389809072 0.34237440228462224 0.48162332363426685 0.0073645732961595059 22.795381873846054 153.12044126912951
0.1269729389809072 0.34237440228462224 0.48162332363426685 0.0074402738410979516 14.159958150237799 153.12044126912951
0.1269729389809072 0.34237440228462224 0.48162332363426685 0.0074402738410979516 22.795381873846054 394.99214952811599
0.10265332479029893 0.41633837260305884 0.17074660137295722 0.0073645732961595059 14.159958150237799 394.99214952811599
0.3029350127559155 0.21264118142426014 0.17690278813242913 0.013123813691549005 12.421467669308186 345.59810711070895
0.54558461112901568 0.21264118142426014 0.17690278813242913 0.013123813691549005 12.421467669308186 345.59810711070895
0.3029350127559155 0.39461864978075034 0.17690278813242913 0.013123813691549005 12.421467669308186 345.59810711070895
0.3029350127559155 0.21264118142426014 0.2230856526643038 0.013123813691549005 12.421467669308186 345.59810711070895
0.3029350127559155 0.21264118142426014 0.17690278813242913 0.001795419732667506 12.421467669308186 345.59810711070895
0.3029350127559155 0.21264118142426014 0.17690278813242913 0.013123813691549005 15.526061041280627 345.59810711070895
0.3029350127559155 0.21264118142426014 0.17690278813242913 0.013123813691549005 12.421467669308186 175.00293841585517
0.54558461112901568 0.39461864978075034 0.2230856526643038 0.001795419732667506 15.526061041280627 175.00293841585517
0.38737573344260451 0.40469068102538586 0.37810679450631146 0.0018519981171935798 31.607533359900117 669.0616387873888
0.32822879655286663 0.40469068102538586 0.37810679450631146 0.0018519981171935798 31.607533359900117 669.0616387873888
0.38737573344260451 0.20653534196317197 0.37810679450631146 0.0018519981171935798 31.607533359900117 669.0616387873888
0.38737573344260451 0.40469068102538586 0.43091746978461742 0.0018519981171935798 31.607533359900117 669.0616387873888
0.38737573344260451 0.40469068102538586 0.37810679450631146 0.01136376089155674 31.607533359900117 669.0616387873888
0.38737573344260451 0.40469068102538586 0.37810679450631146 0.0018519981171935798 28.518685281276703 669.0616387873888
0.38737573344260451 0.40469068102538586 0.37810679450631146 0.0018519981171935798 31.607533359900117 701.22755346819758
0.32822879655286663 0.20653534196317197 0.43091746978461742 0.01136376089155674 28.518685281276703 701.22755346819758
0.41915258639492087 0.19023033753037455 0.15823423229157926 0.005774638836830855 8.1822307612746954 629.35836976394057
0.46853166418150061 0.19023033753037455 0.15823423229157926 0.005774638836830855 8.1822307612746954 629.35836976394057
0.41915258639492087 0.16232551634311676 0.15823423229157926 0.005774638836830855 8.1822307612746954 629.35836976394057
0.41915258639492087 0.19023033753037455 0.36723603010177619 0.005774638836830855 8.1822307612746954 629.35836976394057
0.41915258639492087 0.19023033753037455 0.15823423229157926 0.0050499567301943897 8.1822307612746954 629.35836976394057
0.41915258639492087 0.19023033753037455 0.15823423229157926 0.005774638836830855 28.807674219831824 629.35836976394057
0.41915258639492087 0.19023033753037455 0.15823423229157926 0.005774638836830855 8.1822307612746954 583.01524119451642
0.46853166418150061 0.16232551634311676 0.36723603010177619 0.0050499567301943897 28.807674219831824 583.01524119451642
0.34995151339098807 0.3791561678051949 0.35869055800139904 0.019560120606608691 35.806254606693983 502.82178744673729
0.076473115850239998 0.3791561678051949 0.35869055800139904 0.019560120606608691 35.806254606693983 502.82178744673729
0.34995151339098807 0.44885235838592052 0.35869055800139904 0.019560120606608691 35.806254606693983 502.82178744673729
0.34995151339098807 0.3791561678051949 0.18442490920424462 0.019560120606608691 35.806254606693983 502.82178744673729
0.34995151339098807 0.3791561678051949 0.35869055800139904 0.014606061423569919 35.806254606693983 502.82178744673729
0.34995151339098807 0.3791561678051949 0.35869055800139904 0.019560120606608691 19.088924743235111 502.82178744673729
0.34995151339098807 0.3791561678051949 0.35869055800139904 0.019560120606608691 35.806254606693983 294.09544104710221
0.076473115850239998 0.44885235838592052 0.18442490920424462 0.014606061423569919 19.088924743235111 294.09544104710221
0.080276969028636819 0.25254699029028416 0.2508130669593811 0.00026408392786979676 29.414367128163576 298.02009537816048
0.61365965642035003 0.25254699029028416 0.2508130669593811 0.00026408392786979676 29.414367128163576 298.02009537816048
0.080276969028636819 0.36519338414072988 0.2508130669593811 0.00026408392786979676 29.414367128163576 298.02009537816048
0.080276969028636819 0.25254699029028416 0.23365117646753789 0.00026408392786979676 29.414367128163576 298.02009537816048
0.080276969028636819 0.25254699029028416 0.2508130669593811 0.018936586853303017 29.414367128163576 298.02009537816048
0.080276969028636819 0.25254699029028416 0.2508130669593811 0.00026408392786979676 12.925730424001813 298.02009537816048
0.080276969028636819 0.25254699029028416 0.2508130669593811 0.00026408392786979676 29.414367128163576 499.14324590936303
0.61365965642035003 0.36519338414072988 0.23365117646753789 0.018936586853303017 12.925730424001813 499.14324590936303
0.65093948002904645 0.4667413827031851 0.45048795491456983 0.014012933897413316 18.600777370855212 874.60863208398223
0.34268319346010678 0.4667413827031851 0.45048795491456983 0.014012933897413316 18.600777370855212 874.60863208398223
0.65093948002904645 0.22672027237713338 0.45048795491456983 0.014012933897413316 18.600777370855212 874.60863208398223
0.65093948002904645 0.4667413827031851 0.41332222186028955 0.014012933897413316 18.600777370855212 874.60863208398223
0.65093948002904645 0.4667413827031851 0.45048795491456983 0.009381685824692251 18.600777370855212 874.60863208398223
0.65093948002904645 0.4667413827031851 0.45048795491456983 0.014012933897413316 31.103910032659769 874.60863208398223
0.65093948002904645 0.4667413827031851 0.45048795491456983 0.014012933897413316 18.600777370855212 830.71745159104466
0.34268319346010678 0.22672027237713338 0.41332222186028955 0.009381685824692251 31.103910032659769 830.71745159104466
0.60003716293722387 0.2277871984988451 0.30512438714504242 0.011410463597066703 19.916220849379897 756.47619012743235
0.67336684642359612 0.2277871984988451 0.30512438714504242 0.011410463597066703 19.916220849379897 756.47619012743235
0.60003716293722387 0.33054682090878484 0.30512438714504242 0.011410463597066703 19.916220849379897 756.47619012743235
0.60003716293722387 0.2277871984988451 0.27320438884198667 0.011410463597066703 19.916220849379897 756.47619012743235
0.60003716293722387 0.2277871984988451 0.30512438714504242 0.01102751853913069 19.916220849379897 756.47619012743235
0.60003716293722387 0.2277871984988451 0.30512438714504242 0.011410463597066703 10.025690358132124 756.47619012743235
0.60003716293722387 0.2277871984988451 0.30512438714504242 0.011410463597066703 19.916220849379897 952.72043263539672
0.67336684642359612 0.33054682090878484 0.27320438884198667 0.01102751853913069 10.025690358132124 952.72043263539672
0.2121887016575783 0.44198616556823256 0.10555001944303513 0.0028837564148008828 24.101736631244421 433.06461619213223
0.2816283929161727 0.44198616556823256 0.10555001944303513 0.0028837564148008828 24.101736631244421 433.06461619213223
0.2121887016575783 0.26745823062956331 0.10555001944303513 0.0028837564148008828 24.101736631244421 433.06461619213223
0.2121887016575783 0.44198616556823256 0.48099404014647007 0.0028837564148008828 24.101736631244421 433.06461619213223
0.2121887016575783 0.44198616556823256 0.10555001944303513 0.0013636973375454548 24.101736631244421 433.06461619213223
0.2121887016575783 0.44198616556823256 0.10555001944303513 0.0028837564148008828 37.812371963635087 433.06461619213223
0.2121887016575783 0.44198616556823256 0.10555001944303513 0.0028837564148008828 24.101736631244421 370.21845234557986
0.2816283929161727 0.26745823062956331 0.48099404014647007 0.0013636973375454548 37.812371963635087 370.21845234557986
0.21803723340854048 0.11537317559123039 0.41020341776311398 0.016922831250168382 32.681275133043528 172.0009078271687
0.40715697947889562 0.11537317559123039 0.41020341776311398 0.016922831250168382 32.681275133043528 172.0009078271687
0.21803723340854048 0.14662426859140398 0.41020341776311398 0.016922831250168382 32.681275133043528 172.0009078271687
0.21803723340854048 0.11537317559123039 0.32553304955363271 0.016922831250168382 32.681275133043528 172.0009078271687
0.21803723340854048 0.11537317559123039 0.41020341776311398 0.005694151846319437 32.681275133043528 172.0009078271687
0.21803723340854048 0.11537317559123039 0.41020341776311398 0.016922831250168382 24.266322508454323 172.0009078271687
0.21803723340854048 0.11537317559123039 0.41020341776311398 0.016922831250168382 32.681275133043528 136.49634448811412
0.40715697947889562 0.14662426859140398 0.32553304955363271 0.005694151846319437 24.266322508454323 136.49634448811412
0.47005235613323743 0.30430358052253725 0.20984798781573774 0.0084339643642306339 15.304404405876994 945.46443615108728
0.13650014642626046 0.30430358052253725 0.20984798781573774 0.0084339643642306339 15.304404405876994 945.46443615108728
0.47005235613323743 0.45853563211858273 0.20984798781573774 0.0084339643642306339 15.304404405876994 945.46443615108728
0.47005235613323743 0.30430358052253725 0.12085293233394623 0.0084339643642306339 15.304404405876994 945.46443615108728
0.47005235613323743 0.30430358052253725 0.20984798781573774 0.015359167492575945 15.304404405876994 945.46443615108728
0.47005235613323743 0.30430358052253725 0.20984798781573774 0.0084339643642306339 19.939156083390117 945.46443615108728
0.47005235613323743 0.30430358052253725 0.20984798781573774 0.0084339643642306339 15.304404405876994 733.4727986715734
0.13650014642626046 0.45853563211858273 0.12085293233394623 0.015359167492575945 19.939156083390117 733.4727986715734
0.47491348148323587 0.17583041377365591 0.4136738564819098 0.01951179630793631 16.609081162139773 690.18697431311011
0.11399392769671976 0.17583041377365591 0.4136738564819098 0.01951179630793631 16.609081162139773 690.18697431311011
0.47491348148323587 0.47865154258906839 0.4136738564819098 0.01951179630793631 16.609081162139773 690.18697431311011
0.47491348148323587 0.17583041377365591 0.23862574212253096 0.01951179630793631 16.609081162139773 690.18697431311011
0.47491348148323587 0.17583041377365591 0.4136738564819098 0.0061423174114897845 16.609081162139773 690.18697431311011
0.47491348148323587 0.17583041377365591 0.4136738564819098 0.01951179630793631 26.193389857187867 690.18697431311011
0.47491348148323587 0.17583041377365591 0.4136738564819098 0.01951179630793631 16.609081162139773 161.92795233801007
0.11399392769671976 0.47865154258906839 0.23862574212253096 0.0061423174114897845 26.193389857187867 161.92795233801007
0.21274210875853894 0.39316203407943251 0.21256465427577498 0.0060743279626592995 27.423580188304186 338.70886415243149
0.51606948361732063 0.39316203407943251 0.21256465427577498 0.0060743279626592995 27.423580188304186 338.70886415243149
0.21274210875853894 0.11713154315948487 0.21256465427577498 0.0060743279626592995 27.423580188304186 338.70886415243149
0.21274210875853894 0.39316203407943251 0.40893363542854788 0.0060743279626592995 27.423580188304186 338.70886415243149
0.21274210875853894 0.39316203407943251 0.21256465427577498 0.015679095608741044 27.423580188304186 338.70886415243149
0.21274210875853894 0.39316203407943251 0.21256465427577498 0.0060743279626592995 21.64467604085803 338.70886415243149
0.21274210875853894 0.39316203407943251 0.21256465427577498 0.0060743279626592995 27.423580188304186 718.04904574528337
0.51606948361732063 0.11713154315948487 0.40893363542854788 0.015679095608741044 21.64467604085803 718.04904574528337
0.20701267304830251 0.2634160093963146 0.32031548321247105 0.01392593934647739 37.797046016901731 132.10472762584686
0.29403414796106514 0.2634160093963146 0.32031548321247105 0.01392593934647739 37.797046016901731 132.10472762584686
0.20701267304830251 0.29382566995918752 0.32031548321247105 0.01392593934647739 37.797046016901731 132.10472762584686
0.20701267304830251 0.2634160093963146 0.35971017256379134 0.01392593934647739 37.797046016901731 132.10472762584686
0.20701267304830251 0.2634160093963146 0.32031548321247105 0.01010983819011599 37.797046016901731 132.10472762584686
0.20701267304830251 0.2634160093963146 0.32031548321247105 0.01392593934647739 8.0913019757717848 132.10472762584686
0.20701267304830251 0.2634160093963146 0.32031548321247105 0.01392593934647739 37.797046016901731 920.70389101281762
0.29403414796106514 0.29382566995918752 0.35971017256379134 0.01010983819011599 8.0913019757717848 920.70389101281762
0.60501738432794805 0.45547906756401069 0.12154984325170518 0.00044776052664965396 10.173929652199149 933.75152191147208
0.57471101055853069 0.45547906756401069 0.12154984325170518 0.00044776052664965396 10.173929652199149 933.75152191147208
0.60501738432794805 0.30730562433600428 0.12154984325170518 0.00044776052664965396 10.173929652199149 933.75152191147208
0.60501738432794805 0.45547906756401069 0.19253666251897814 0.00044776052664965396 10.173929652199149 933.75152191147208
0.60501738432794805 0.45547906756401069 0.12154984325170518 0.00057428254038095479 10.173929652199149 933.75152191147208
0.60501738432794805 0.45547906756401069 0.12154984325170518 0.00044776052664965396 36.114180192351341 933.75152191147208
0.60501738432794805 0.45547906756401069 0.12154984325170518 0.00044776052664965396 10.173929652199149 406.30336524918675
0.57471101055853069 0.30730562433600428 0.19253666251897814 0.00057428254038095479 36.114180192351341 406.30336524918675
0.65583787616342304 0.2390624798834324 0.27306441664695741 0.0027773881977424027 13.313556669279933 591.43962133675814
0.23377311197109518 0.2390624798834324 0.27306441664695741 0.0027773881977424027 13.313556669279933 591.43962133675814
0.65583787616342304 0.20972842909395695 0.27306441664695741 0.0027773881977424027 13.313556669279933 591.43962133675814
0.65583787616342304 0.2390624798834324 0.34593687206506729 0.0027773881977424027 13.313556669279933 591.43962133675814
0.65583787616342304 0.2390624798834324 0.27306441664695741 0.019506135354936123 13.313556669279933 591.43962133675814
0.65583787616342304 0.2390624798834324 0.27306441664695741 0.0027773881977424027 14.975488550961018 591.43962133675814
0.65583787616342304 0.2390624798834324 0.27306441664695741 0.0027773881977424027 13.313556669279933 474.25404107198119
0.23377311197109518 0.20972842909395695 0.34593687206506729 0.019506135354936123 14.975488550961018 474.25404107198119
0.075019115163013336 0.4311057046055794 0.47192447334527976 0.011574841986969115 30.689518127590418 493.08651955798268
0.63616349366493519 0.4311057046055794 0.47192447334527976 0.011574841986969115 30.689518127590418 493.08651955798268
0.075019115163013336 0.3978116549551487 0.47192447334527976 0.011574841986969115 30.689518127590418 493.08651955798268
0.075019115163013336 0.4311057046055794 0.10064436867833138 0.011574841986969115 30.689518127590418 493.08651955798268
0.075019115163013336 0.4311057046055794 0.47192447334527976 0.009900331407226624 30.689518127590418 493.08651955798268
0.075019115163013336 0.4311057046055794 0.47192447334527976 0.011574841986969115 32.921113988384604 493.08651955798268
0.075019115163013336 0.4311057046055794 0.47192447334527976 0.011574841986969115 30.689518127590418 845.83226097747684
0.63616349366493519 0.3978116549551487 0.10064436867833138 0.009900331407226624 32.921113988384604 845.83226097747684
0.34473325489088885 0.10137875117361546 0.16720547638833522 0.0083662663994357005 26.093489166349173 230.19290091469884
0.17513149059377608 0.10137875117361546 0.16720547638833522 0.0083662663994357005 26.093489166349173 230.19290091469884
0.34473325489088885 0.41310899220407016 0.16720547638833522 0.0083662663994357005 26.093489166349173 230.19290091469884
0.34473325489088885 0.10137875117361546 0.25610864646732812 0.0083662663994357005 26.093489166349173 230.19290091469884
0.34473325489088885 0.10137875117361546 0.16720547638833522 0.0043311541296541687 26.093489166349173 230.19290091469884
0.34473325489088885 0.10137875117361546 0.16720547638833522 0.0083662663994357005 26.750595841556787 230.19290091469884
0.34473325489088885 0.10137875117361546 0.16720547638833522 0.0083662663994357005 26.093489166349173 615.38201896473765
0.17513149059377608 0.41310899220407016 0.25610864646732812 0.0043311541296541687 26.750595841556787 615.38201896473765
0.42409057789482169 0.31869053803384306 0.36840947084128861 0.017203222167119385 21.907065903767943 778.71468681842089
0.45612333393655713 0.31869053803384306 0.36840947084128861 0.017203222167119385 21.907065903767943 778.71468681842089
0.42409057789482169 0.17619226425886156 0.36840947084128861 0.017203222167119385 21.907065903767943 778.71468681842089
0.42409057789482169 0.31869053803384306 0.49828514866530893 0.017203222167119385 21.907065903767943 778.71468681842089
0.42409057789482169 0.31869053803384306 0.36840947084128861 0.01393817140478641 21.907065903767943 778.71468681842089
0.42409057789482169 0.31869053803384306 0.36840947084128861 0.017203222167119385 17.279048191383481 778.71468681842089
0.42409057789482169 0.31869053803384306 0.36840947084128861 0.017203222167119385 21.907065903767943 257.45429834350944
0.45612333393655713 0.17619226425886156 0.49828514866530893 0.01393817140478641 17.279048191383481 257.45429834350944
0.39255416411906474 0.27701154276728635 0.19912209436297418 0.010611945690959693 30.302742609754205 965.7363967038691
0.27011731709353626 0.27701154276728635 0.19912209436297418 0.010611945690959693 30.302742609754205 965.7363967038691
0.39255416411906474 0.22977901808917522 0.19912209436297418 0.010611945690959693 30.302742609754205 965.7363967038691
0.39255416411906474 0.27701154276728635 0.30962826609611516 0.010611945690959693 30.302742609754205 965.7363967038691
0.39255416411906474 0.27701154276728635 0.19912209436297418 0.0026356524765491487 30.302742609754205 965.7363967038691
0.39255416411906474 0.27701154276728635 0.19912209436297418 0.010611945690959693 17.57581078633666 965.7363967038691
0.39255416411906474 0.27701154276728635 0.19912209436297418 0.010611945690959693 30.302742609754205 151.54548669233918
0.27011731709353626 0.22977901808917522 0.30962826609611516 0.0026356524765491487 17.57581078633666 151.54548669233918
0.29795719343237576 0.49120003581047056 0.39957840815186507 0.0042886584790423508 17.67927660793066 164.25829660147429
0.67978983665816484 0.49120003581047056 0.39957840815186507 0.0042886584790423508 17.67927660793066 164.25829660147429
0.29795719343237576 0.36825216412544248 0.39957840815186507 0.0042886584790423508 17.67927660793066 164.25829660147429
0.29795719343237576 0.49120003581047056 0.14242325052618982 0.0042886584790423508 17.67927660793066 164.25829660147429
0.29795719343237576 0.49120003581047056 0.39957840815186507 0.012230434466339649 17.67927660793066 164.25829660147429
0.29795719343237576 0.49120003581047056 0.39957840815186507 0.0042886584790423508 30.335897842422128 164.25829660147429
0.29795719343237576 0.49120003581047056 0.39957840815186507 0.0042886584790423508 17.67927660793066 722.16844605281949
0.67978983665816484 0.36825216412544248 0.14242325052618982 0.012230434466339649 30.335897842422128 722.16844605281949
0.12211437067016959 0.16459675021469594 0.29169940389692783 0.016159734877943994 9.1001873761415482 411.14403586834669
0.17086030156351623 0.16459675021469594 0.29169940389692783 0.016159734877943994 9.1001873761415482 411.14403586834669
0.12211437067016959 0.44583052583038807 0.29169940389692783 0.016159734877943994 9.1001873761415482 411.14403586834669
0.12211437067016959 0.16459675021469594 0.28852476812899114 0.016159734877943994 9.1001873761415482 411.14403586834669
0.12211437067016959 0.16459675021469594 0.29169940389692783 0.016560973947495221 9.1001873761415482 411.14403586834669
0.12211437067016959 0.16459675021469594 0.29169940389692783 0.016159734877943994 31.694676011800766 411.14403586834669
0.12211437067016959 0.16459675021469594 0.29169940389692783 0.016159734877943994 9.1001873761415482 965.80228181555867
0.17086030156351623 0.44583052583038807 0.28852476812899114 0.016560973947495221 31.694676011800766 965.80228181555867
0.68769348398782304 0.35351669602096081 0.49137427993118765 0.009798606189526618 34.914106206968427 762.7908200956881
0.37788490266539149 0.35351669602096081 0.49137427993118765 0.009798606189526618 34.914106206968427 762.7908200956881
0.68769348398782304 0.15930362567305567 0.49137427993118765 0.009798606189526618 34.914106206968427 762.7908200956881
0.68769348398782304 0.35351669602096081 0.45883930288255215 0.009798606189526618 34.914106206968427 762.7908200956881
0.68769348398782304 0.35351669602096081 0.49137427993118765 0.006967405285127461 34.914106206968427 762.7908200956881
0.68769348398782304 0.35351669602096081 0.49137427993118765 0.009798606189526618 12.350073887035251 762.7908200956881
0.68769348398782304 0.35351669602096081 0.49137427993118765 0.009798606189526618 34.914106206968427 353.40382317081094
0.37788490266539149 0.15930362567305567 0.45883930288255215 0.006967405285127461 12.350073887035251 353.40382317081094
0.57601271667517717 0.13944327868521214 0.33976223804056649 0.0075079272912815216 33.598321193829179 867.8422074764967
0.070052683865651486 0.13944327868521214 0.33976223804056649 0.0075079272912815216 33.598321193829179 867.8422074764967
0.57601271667517717 0.46153177358210085 0.33976223804056649 0.0075079272912815216 33.598321193829179 867.8422074764967
0.57601271667517717 0.13944327868521214 0.20619668625295162 0.0075079272912815216 33.598321193829179 867.8422074764967
0.57601271667517717 0.13944327868521214 0.33976223804056649 0.013364412658102813 33.598321193829179 867.8422074764967
0.57601271667517717 0.13944327868521214 0.33976223804056649 0.0075079272912815216 36.293720697984099 867.8422074764967
0.57601271667517717 0.13944327868521214 0.33976223804056649 0.0075079272912815216 33.598321193829179 512.21056086942554
0.070052683865651486 0.46153177358210085 0.20619668625295162 0.013364412658102813 36.293720697984099 512.21056086942554
0.15262203318998216 0.32838001213967805 0.14018788225948811 0.018472449947148563 14.413162983953953 319.48910234495997
0.48004018417559557 0.32838001213967805 0.14018788225948811 0.018472449947148563 14.413162983953953 319.48910234495997
0.15262203318998216 0.14962035194039347 0.14018788225948811 0.018472449947148563 14.413162983953953 319.48910234495997
0.15262203318998216 0.32838001213967805 0.44839241541922092 0.018472449947148563 14.413162983953953 319.48910234495997
0.15262203318998216 0.32838001213967805 0.14018788225948811 0.0038166205428540709 14.413162983953953 319.48910234495997
0.15262203318998216 0.32838001213967805 0.14018788225948811 0.018472449947148563 11.559451512992382 319.48910234495997
0.15262203318998216 0.32838001213967805 0.14018788225948811 0.018472449947148563 14.413162983953953 813.91564672812819
0.48004018417559557 0.14962035194039347 0.44839241541922092 0.0038166205428540709 11.559451512992382 813.91564672812819
0.26744708041660487 0.20176070109009744 0.44483974203467369 0.0019583253601565959 20.803682088851929 510.1368579082191
0.37195767355151471 0.20176070109009744 0.44483974203467369 0.0019583253601565959 20.803682088851929 510.1368579082191
0.26744708041660487 0.26442558132112026 0.44483974203467369 0.0019583253601565959 20.803682088851929 510.1368579082191
0.26744708041660487 0.20176070109009744 0.39605619832873351 0.0019583253601565959 20.803682088851929 510.1368579082191
0.26744708041660487 0.20176070109009744 0.44483974203467369 0.0081470798829570423 20.803682088851929 510.1368579082191
0.26744708041660487 0.20176070109009744 0.44483974203467369 0.0019583253601565959 20.535374881699681 510.1368579082191
0.26744708041660487 0.20176070109009744 0.44483974203467369 0.0019583253601565959 20.803682088851929 598.07720771059394
0.37195767355151471 0.26442558132112026 0.39605619832873351 0.0081470798829570423 20.535374881699681 598.07720771059394
0.50423248093575235 0.4159659817814827 0.24448432400822639 0.012959480996429922 23.181139381602407 608.65864716470242
0.57929710042662919 0.4159659817814827 0.24448432400822639 0.012959480996429922 23.181139381602407 608.65864716470242
0.50423248093575235 0.32751420587301255 0.24448432400822639 0.012959480996429922 23.181139381602407 608.65864716470242
0.50423248093575235 0.4159659817814827 0.15072036087512972 0.012959480996429922 23.181139381602407 608.65864716470242
0.50423248093575235 0.4159659817814827 0.24448432400822639 0.017696094545722008 23.181139381602407 608.65864716470242
0.50423248093575235 0.4159659817814827 0.24448432400822639 0.012959480996429922 23.685213822871447 608.65864716470242
0.50423248093575235 0.4159659817814827 0.24448432400822639 0.012959480996429922 23.181139381602407 282.77655420824885
0.57929710042662919 0.32751420587301255 0.15072036087512972 0.017696094545722008 23.685213822871447 282.77655420824885
0.53744146656244984 0.21572597436606886 0.38423116207122809 0.0079897819532081492 10.87078850902617 292.85170072689652
0.52886599167250092 0.21572597436606886 0.38423116207122809 0.0079897819532081492 10.87078850902617 292.85170072689652
0.53744146656244984 0.25982278436422346 0.38423116207122809 0.0079897819532081492 10.87078850902617 292.85170072689652
0.53744146656244984 0.21572597436606886 0.13198534473776818 0.0079897819532081492 10.87078850902617 292.85170072689652
0.53744146656244984 0.21572597436606886 0.38423116207122809 0.0093217828957363972 10.87078850902617 292.85170072689652
0.53744146656244984 0.21572597436606886 0.38423116207122809 0.0079897819532081492 24.580664161592722 292.85170072689652
0.53744146656244984 0.21572597436606886 0.38423116207122809 0.0079897819532081492 10.87078850902617 442.86558898165822
0.52886599167250092 0.25982278436422346 0.13198534473776818 0.0093217828957363972 24.580664161592722 442.86558898165822
0.27530015478841957 0.40160636492073543 0.18302411586046219 0.016825302926823497 36.677497841417789 841.31864216178656
0.096041186293587086 0.40160636492073543 0.18302411586046219 0.016825302926823497 36.677497841417789 841.31864216178656
0.27530015478841957 0.34830200038850312 0.18302411586046219 0.016825302926823497 36.677497841417789 841.31864216178656
0.27530015478841957 0.40160636492073543 0.31479273438453675 0.016825302926823497 36.677497841417789 841.31864216178656
0.27530015478841957 0.40160636492073543 0.18302411586046219 0.018841779563948512 36.677497841417789 841.31864216178656
0.27530015478841957 0.40160636492073543 0.18302411586046219 0.016825302926823497 19.521993177011609 841.31864216178656
0.27530015478841957 0.40160636492073543 0.18302411586046219 0.016825302926823497 36.677497841417789 886.93974772468209
0.096041186293587086 0.34830200038850312 0.31479273438453675 0.018841779563948512 19.521993177011609 886.93974772468209
0.14510675920173524 0.12821390628814699 0.47524569593369959 0.0036369692524895075 28.543127357959747 634.74371489137411
0.55196034093387425 0.12821390628814699 0.47524569593369959 0.0036369692524895075 28.543127357959747 634.74371489137411
0.14510675920173524 0.4626189328730107 0.47524569593369959 0.0036369692524895075 28.543127357959747 634.74371489137411
0.14510675920173524 0.12821390628814699 0.46713184677064423 0.0036369692524895075 28.543127357959747 634.74371489137411
0.14510675920173524 0.12821390628814699 0.47524569593369959 0.014510036233626308 28.543127357959747 634.74371489137411
0.14510675920173524 0.12821390628814699 0.47524569593369959 0.0036369692524895075 10.692740596830845 634.74371489137411
0.14510675920173524 0.12821390628814699 0.47524569593369959 0.0036369692524895075 28.543127357959747 639.34738719835877
0.55196034093387425 0.4626189328730107 0.46713184677064423 0.014510036233626308 10.692740596830845 639.34738719835877
0.54310185858048499 0.3392163746058941 0.27638258747756483 0.012435857245698572 15.912223311141133 536.33554065600038
0.32178484876640134 0.3392163746058941 0.27638258747756483 0.012435857245698572 15.912223311141133 536.33554065600038
0.54310185858048499 0.12609819509088993 0.27638258747756483 0.012435857245698572 15.912223311141133 536.33554065600038
0.54310185858048499 0.3392163746058941 0.28745878674089909 0.012435857245698572 15.912223311141133 536.33554065600038
0.54310185858048499 0.3392163746058941 0.27638258747756483 0.004991233936324716 15.912223311141133 536.33554065600038
0.54310185858048499 0.3392163746058941 0.27638258747756483 0.012435857245698572 37.277333011850715 536.33554065600038
0.54310185858048499 0.3392163746058941 0.27638258747756483 0.012435857245698572 15.912223311141133 237.92766081169248
0.32178484876640134 0.12609819509088993 0.28745878674089909 0.004991233936324716 37.277333011850715 237.92766081169248
0.675174510339275 0.15375657230615616 0.13112115524709225 0.014766486587747932 22.574340889230371 194.73778493702412
0.65379635575227435 0.15375657230615616 0.13112115524709225 0.014766486587747932 22.574340889230371 194.73778493702412
0.675174510339275 0.42836299762129781 0.13112115524709225 0.014766486587747932 22.574340889230371 194.73778493702412
0.675174510339275 0.15375657230615616 0.42757738865911965 0.014766486587747932 22.574340889230371 194.73778493702412
0.675174510339275 0.15375657230615616 0.13112115524709225 0.0151059092823416 22.574340889230371 194.73778493702412
0.675174510339275 0.15375657230615616 0.13112115524709225 0.014766486587747932 13.359149305149913 194.73778493702412
0.675174510339275 0.15375657230615616 0.13112115524709225 0.014766486587747932 22.574340889230371 192.93884327635169
0.65379635575227435 0.42836299762129781 0.42757738865911965 0.0151059092823416 13.359149305149913 192.93884327635169
0.094365981128066767 0.36475140824913976 0.32988374345004556 0.0012897419719025494 24.94435890763998 996.32972134277225
0.22129644933156667 0.36475140824913976 0.32988374345004556 0.0012897419719025494 24.94435890763998 996.32972134277225
0.094365981128066767 0.16644553132355214 0.32988374345004556 0.0012897419719025494 24.94435890763998 996.32972134277225
0.094365981128066767 0.36475140824913976 0.21978515051305295 0.0012897419719025494 24.94435890763998 996.32972134277225
0.094365981128066767 0.36475140824913976 0.32988374345004556 0.0054833319192752247 24.94435890763998 996.32972134277225
0.094365981128066767 0.36475140824913976 0.32988374345004556 0.0012897419719025494 30.802158668637276 996.32972134277225
0.094365981128066767 0.36475140824913976 0.32988374345004556 0.0012897419719025494 24.94435890763998 677.41525052115321
0.22129644933156667 0.16644553132355214 0.21978515051305295 0.0054833319192752247 30.802158668637276 677.41525052115321
0.32604346084408459 0.29136581979691983 0.23463625609874728 0.019116278048232196 31.838649168610573 733.51681036874652
0.42805278771556909 0.29136581979691983 0.23463625609874728 0.019116278048232196 31.838649168610573 733.51681036874652
0.32604346084408459 0.24451215863227846 0.23463625609874728 0.019116278048232196 31.838649168610573 733.51681036874652
0.32604346084408459 0.29136581979691983 0.17368690073490145 0.019116278048232196 31.838649168610573 733.51681036874652
0.32604346084408459 0.29136581979691983 0.23463625609874728 0.0011516594361513854 31.838649168610573 733.51681036874652
0.32604346084408459 0.29136581979691983 0.23463625609874728 0.019116278048232196 29.355761224403977 733.51681036874652
0.32604346084408459 0.29136581979691983 0.23463625609874728 0.019116278048232196 31.838649168610573 896.33328123018146
0.42805278771556909 0.24451215863227846 0.17368690073490145 0.0011516594361513854 29.355761224403977 896.33328123018146
0.4053713427856564 0.4772385779768229 0.43574240654706953 0.0056773749088868501 12.646280901506543 381.98364116251469
0.19820203953422605 0.4772385779768229 0.43574240654706953 0.0056773749088868501 12.646280901506543 381.98364116251469
0.4053713427856564 0.35759464614093306 0.43574240654706953 0.0056773749088868501 12.646280901506543 381.98364116251469
0.4053713427856564 0.4772385779768229 0.37836309596896178 0.0056773749088868501 12.646280901506543 381.98364116251469
0.4053713427856564 0.4772385779768229 0.43574240654706953 0.010775440537743272 12.646280901506543 381.98364116251469
0.4053713427856564 0.4772385779768229 0.43574240654706953 0.0056773749088868501 18.438588242977858 381.98364116251469
0.4053713427856564 0.4772385779768229 0.43574240654706953 0.0056773749088868501 12.646280901506543 426.33137470111251
0.19820203953422605 0.35759464614093306 0.37836309596896178 0.010775440537743272 18.438588242977858 426.33137470111251
0.4519083174411207 0.11846368312835694 0.20366263128817083 0.0023345079774037005 36.048359928652644 463.78580844029784
0.66727412347681814 0.11846368312835694 0.20366263128817083 0.0023345079774037005 36.048359928652644 463.78580844029784
0.4519083174411207 0.41104677170515058 0.20366263128817083 0.0023345079774037005 36.048359928652644 463.78580844029784
0.4519083174411207 0.11846368312835694 0.41704991646111012 0.0023345079774037005 36.048359928652644 463.78580844029784
0.4519083174411207 0.11846368312835694 0.20366263128817083 0.0031661285270005468 36.048359928652644 463.78580844029784
0.4519083174411207 0.11846368312835694 0.20366263128817083 0.0023345079774037005 16.384284945204854 463.78580844029784
0.4519083174411207 0.11846368312835694 0.20366263128817083 0.0023345079774037005 36.048359928652644 545.42248258367181
0.66727412347681814 0.41104677170515058 0.41704991646111012 0.0031661285270005468 16.384284945204854 545.42248258367181
0.35734141496941441 0.30121278688311581 0.40402110107243061 0.01333709781765938 8.4180342890322208 562.25273981690407
0.28778923456557093 0.30121278688311581 0.40402110107243061 0.01333709781765938 8.4180342890322208 562.25273981690407
0.35734141496941441 0.19952065907418728 0.40402110107243061 0.01333709781765938 8.4180342890322208 562.25273981690407
0.35734141496941441 0.30121278688311581 0.2373453985899687 0.01333709781765938 8.4180342890322208 562.25273981690407
0.35734141496941441 0.30121278688311581 0.40402110107243061 0.012782808976434173 8.4180342890322208 562.25273981690407
0.35734141496941441 0.30121278688311581 0.40402110107243061 0.01333709781765938 27.762832690030336 562.25273981690407
0.35734141496941441 0.30121278688311581 0.40402110107243061 0.01333709781765938 8.4180342890322208 778.11978878453374
0.28778923456557093 0.19952065907418728 0.2373453985899687 0.012782808976434173 27.762832690030336 778.11978878453374
0.062112750066444275 0.23095124177634718 0.11186666116118432 0.0066480444075539711 18.361428912729025 809.21918675303459
0.40091516613028938 0.23095124177634718 0.11186666116118432 0.0066480444075539711 18.361428912729025 809.21918675303459
0.062112750066444275 0.21452498808503151 0.11186666116118432 0.0066480444075539711 18.361428912729025 809.21918675303459
0.062112750066444275 0.23095124177634718 0.18188434690237046 0.0066480444075539711 18.361428912729025 809.21918675303459
0.062112750066444275 0.23095124177634718 0.11186666116118432 0.018350853252038359 18.361428912729025 809.21918675303459
0.062112750066444275 0.23095124177634718 0.11186666116118432 0.0066480444075539711 33.787138706073165 809.21918675303459
0.062112750066444275 0.23095124177634718 0.11186666116118432 0.0066480444075539711 18.361428912729025 572.3853518255055
0.40091516613028938 0.21452498808503151 0.18188434690237046 0.018350853252038359 33.787138706073165 572.3853518255055
0.62768225874751804 0.43882240839302544 0.31144406870007513 0.017611132269352674 29.16848967038095 260.81102257594466
0.14283005534671245 0.43882240839302544 0.31144406870007513 0.017611132269352674 29.16848967038095 260.81102257594466
0.62768225874751804 0.37799892164766791 0.31144406870007513 0.017611132269352674 29.16848967038095 260.81102257594466
0.62768225874751804 0.43882240839302544 0.36469842568039901 0.017611132269352674 29.16848967038095 260.81102257594466
0.62768225874751804 0.43882240839302544 0.31144406870007513 0.0087353765411302461 29.16848967038095 260.81102257594466
0.62768225874751804 0.43882240839302544 0.31144406870007513 0.017611132269352674 13.993020199239254 260.81102257594466
0.62768225874751804 0.43882240839302544 0.31144406870007513 0.017611132269352674 29.16848967038095 297.08854490891099
0.14283005534671245 0.37799892164766791 0.36469842568039901 0.0087353765411302461 13.993020199239254 297.08854490891099
0.5972536513581872 0.25570617280900476 0.45680296942591669 0.015319490055739881 24.344860745593905 364.81872890144587
0.46204838254489 0.25570617280900476 0.45680296942591669 0.015319490055739881 24.344860745593905 364.81872890144587
0.5972536513581872 0.28045816645026211 0.45680296942591669 0.015319490055739881 24.344860745593905 364.81872890144587
0.5972536513581872 0.25570617280900476 0.12377491667866708 0.015319490055739881 24.344860745593905 364.81872890144587
0.5972536513581872 0.25570617280900476 0.45680296942591669 0.011574580265395346 24.344860745593905 364.81872890144587
0.5972536513581872 0.25570617280900476 0.45680296942591669 0.015319490055739881 35.105790972709656 364.81872890144587
0.5972536513581872 0.25570617280900476 0.45680296942591669 0.015319490055739881 24.344860745593905 118.83472232148051
0.46204838254489 0.28045816645026211 0.12377491667866708 0.011574580265395346 35.105790972709656 118.83472232148051
0.17387319239787757 0.46358191408216953 0.25713114514946939 0.0089569265732541686 20.150998432189226 716.41066865995526
0.082888237619772542 0.46358191408216953 0.25713114514946939 0.0089569265732541686 20.150998432189226 716.41066865995526
0.17387319239787757 0.31854757852852345 0.25713114514946939 0.0089569265732541686 20.150998432189226 716.41066865995526
0.17387319239787757 0.46358191408216953 0.3284703865647316 0.0089569265732541686 20.150998432189226 716.41066865995526
0.17387319239787757 0.46358191408216953 0.25713114514946939 0.0020486784961074593 20.150998432189226 716.41066865995526
0.17387319239787757 0.46358191408216953 0.25713114514946939 0.0089569265732541686 8.9826753567904234 716.41066865995526
0.17387319239787757 0.46358191408216953 0.25713114514946939 0.0089569265732541686 20.150998432189226 757.55927702412009
0.082888237619772542 0.31854757852852345 0.3284703865647316 0.0020486784961074593 8.9826753567904234 757.55927702412009
0.24558346187695856 0.19331655651330948 0.35250680483877661 0.011007766369730235 15.065847646445036 907.08763347938657
0.60700750607065856 0.19331655651330948 0.35250680483877661 0.011007766369730235 15.065847646445036 907.08763347938657
0.24558346187695856 0.4955346345901489 0.35250680483877661 0.011007766369730235 15.065847646445036 907.08763347938657
0.24558346187695856 0.19331655651330948 0.47769669108092783 0.011007766369730235 15.065847646445036 907.08763347938657
0.24558346187695856 0.19331655651330948 0.35250680483877661 0.0076166519245132805 15.065847646445036 907.08763347938657
0.24558346187695856 0.19331655651330948 0.35250680483877661 0.011007766369730235 22.624125566333532 907.08763347938657
0.24558346187695856 0.19331655651330948 0.35250680483877661 0.011007766369730235 15.065847646445036 991.96804380044341
0.60700750607065856 0.4955346345901489 0.47769669108092783 0.0076166519245132805 22.624125566333532 991.96804380044341
0.48233941406942898 0.37607023492455482 0.15205354280769826 0.0046859133617952464 32.434598824009299 105.55446092039347
0.34924729424528772 0.37607023492455482 0.15205354280769826 0.0046859133617952464 32.434598824009299 105.55446092039347
0.48233941406942898 0.10862400047481061 0.15205354280769826 0.0046859133617952464 32.434598824009299 105.55446092039347
0.48233941406942898 0.37607023492455482 0.26986116655170922 0.0046859133617952464 32.434598824009299 105.55446092039347
0.48233941406942898 0.37607023492455482 0.15205354280769826 0.017143748064711691 32.434598824009299 105.55446092039347
0.48233941406942898 0.37607023492455482 0.15205354280769826 0.0046859133617952464 25.331757256761193 105.55446092039347
0.48233941406942898 0.37607023492455482 0.15205354280769826 0.0046859133617952464 32.434598824009299 338.71405674144626
0.34924729424528772 0.10862400047481061 0.26986116655170922 0.017143748064711691 25.331757256761193 338.71405674144626
0.48984800246544175 0.27042446434497835 0.29462583996355535 0.0052789404258131983 21.477041330188513 247.42837622761726
0.54232353856787086 0.27042446434497835 0.29462583996355535 0.0052789404258131983 21.477041330188513 247.42837622761726
0.48984800246544175 0.19035456366837025 0.29462583996355535 0.0052789404258131983 21.477041330188513 247.42837622761726
0.48984800246544175 0.27042446434497835 0.32332598082721231 0.0052789404258131983 21.477041330188513 247.42837622761726
0.48984800246544175 0.27042446434497835 0.29462583996355535 0.0053738519759848717 21.477041330188513 247.42837622761726
0.48984800246544175 0.27042446434497835 0.29462583996355535 0.0052789404258131983 32.448264902457595 247.42837622761726
0.48984800246544175 0.27042446434497835 0.29462583996355535 0.0052789404258131983 21.477041330188513 817.98075996339321
0.54232353856787086 0.19035456366837025 0.32332598082721231 0.0053738519759848717 32.448264902457595 817.98075996339321
0.23910395586863159 0.45941154584288602 0.49417561776936059 0.019065135462023319 26.72467583976686 823.90704965218902
0.3327606498263776 0.45941154584288602 0.49417561776936059 0.019065135462023319 26.72467583976686 823.90704965218902
0.23910395586863159 0.40226518735289574 0.49417561776936059 0.019065135462023319 26.72467583976686 823.90704965218902
0.23910395586863159 0.45941154584288602 0.13106928654015065 0.019065135462023319 26.72467583976686 823.90704965218902
0.23910395586863159 0.45941154584288602 0.49417561776936059 0.015519702763110401 26.72467583976686 823.90704965218902
0.23910395586863159 0.45941154584288602 0.49417561776936059 0.019065135462023319 15.448334060609341 823.90704965218902
0.23910395586863159 0.45941154584288602 0.49417561776936059 0.019065135462023319 26.72467583976686 502.21303999423981
0.3327606498263776 0.40226518735289574 0.13106928654015065 0.015519702763110401 15.448334060609341 502.21303999423981
0.19143877117894587 0.18288731686770918 0.18954661712050438 0.00092922228351235395 30.992315916344523 575.25102561339736
0.51923914384096859 0.18288731686770918 0.18954661712050438 0.00092922228351235395 30.992315916344523 575.25102561339736
0.19143877117894587 0.38677711598575115 0.18954661712050438 0.00092922228351235395 30.992315916344523 575.25102561339736
0.19143877117894587 0.18288731686770918 0.27560505047440531 0.00092922228351235395 30.992315916344523 575.25102561339736
0.19143877117894587 0.18288731686770918 0.18954661712050438 0.01118765266183764 30.992315916344523 575.25102561339736
0.19143877117894587 0.18288731686770918 0.18954661712050438 0.00092922228351235395 16.807112844660878 575.25102561339736
0.19143877117894587 0.18288731686770918 0.18954661712050438 0.00092922228351235395 30.992315916344523 285.74290052056313
0.51923914384096859 0.38677711598575115 0.27560505047440531 0.01118765266183764 16.807112844660878 285.74290052056313
0.58055830858647817 0.39704530127346516 0.38987783268094067 0.014677424486167731 12.802336934953928 448.60458001494408
0.10702678691595792 0.39704530127346516 0.38987783268094067 0.014677424486167731 12.802336934953928 448.60458001494408
0.58055830858647817 0.22368778586387636 0.38987783268094067 0.014677424486167731 12.802336934953928 448.60458001494408
0.58055830858647817 0.39704530127346516 0.47097776979207995 0.014677424486167731 12.802336934953928 448.60458001494408
0.58055830858647817 0.39704530127346516 0.38987783268094067 0.0010430055394768717 12.802336934953928 448.60458001494408
0.58055830858647817 0.39704530127346516 0.38987783268094067 0.014677424486167731 27.222527612000704 448.60458001494408
0.58055830858647817 0.39704530127346516 0.38987783268094067 0.014677424486167731 12.802336934953928 586.98118813335896
0.10702678691595792 0.22368778586387636 0.47097776979207995 0.0010430055394768717 27.222527612000704 586.98118813335896
0.63137970119714737 0.10843298695981503 0.44149140641093254 0.012055416291393341 10.710183840245008 120.31055586412549
0.41739692771807307 0.10843298695981503 0.44149140641093254 0.012055416291393341 10.710183840245008 120.31055586412549
0.63137970119714737 0.32146039567887785 0.44149140641093254 0.012055416291393341 10.710183840245008 120.31055586412549
0.63137970119714737 0.10843298695981503 0.21750201135873795 0.012055416291393341 10.710183840245008 120.31055586412549
0.63137970119714737 0.10843298695981503 0.44149140641093254 0.019356417559087277 10.710183840245008 120.31055586412549
0.63137970119714737 0.10843298695981503 0.44149140641093254 0.012055416291393341 21.171781804412603 120.31055586412549
0.63137970119714737 0.10843298695981503 0.44149140641093254 0.012055416291393341 10.710183840245008 746.22865300625563
0.41739692771807307 0.32146039567887785 0.21750201135873795 0.019356417559087277 21.171781804412603 746.22865300625563
0.059449213510379198 0.32257113195955756 0.24105967059731484 0.0035291943073272707 37.5211127307266 893.66422090679407
0.20751890325918793 0.32257113195955756 0.24105967059731484 0.0035291943073272707 37.5211127307266 893.66422090679407
0.059449213510379198 0.28298654407262802 0.24105967059731484 0.0035291943073272707 37.5211127307266 893.66422090679407
0.059449213510379198 0.32257113195955756 0.43474333956837652 0.0035291943073272707 37.5211127307266 893.66422090679407
0.059449213510379198 0.32257113195955756 0.24105967059731484 0.0091221862012520437 37.5211127307266 893.66422090679407
0.059449213510379198 0.32257113195955756 0.24105967059731484 0.0035291943073272707 26.666280517354608 893.66422090679407
0.059449213510379198 0.32257113195955756 0.24105967059731484 0.0035291943073272707 37.5211127307266 133.41811317950487
0.20751890325918793 0.28298654407262802 0.43474333956837652 0.0091221862012520437 26.666280517354608 133.41811317950487
0.37109600277617566 0.24606750458478929 0.34891275204718114 0.016408155673928559 26.7582619022578 701.27021316438913
0.6431305363774299 0.24606750458478929 0.34891275204718114 0.016408155673928559 26.7582619022578 701.27021316438913
0.37109600277617566 0.10609252788126469 0.34891275204718114 0.016408155673928559 26.7582619022578 701.27021316438913
0.37109600277617566 0.24606750458478929 0.38396674878895287 0.016408155673928559 26.7582619022578 701.27021316438913
0.37109600277617566 0.24606750458478929 0.34891275204718114 0.0047902162410318853 26.7582619022578 701.27021316438913
0.37109600277617566 0.24606750458478929 0.34891275204718114 0.016408155673928559 35.642203271389008 701.27021316438913
0.37109600277617566 0.24606750458478929 0.34891275204718114 0.016408155673928559 26.7582619022578 378.56258247047663
0.6431305363774299 0.10609252788126469 0.38396674878895287 0.0047902162410318853 35.642203271389008 378.56258247047663
0.43902909909375004 0.4350347466766834 0.14926207847893239 0.0079187180273234854 17.006804395467043 377.74877594783902
0.23060350865125656 0.4350347466766834 0.14926207847893239 0.0079187180273234854 17.006804395467043 377.74877594783902
0.43902909909375004 0.49261863008141515 0.14926207847893239 0.0079187180273234854 17.006804395467043 377.74877594783902
0.43902909909375004 0.4350347466766834 0.16359106115996838 0.0079187180273234854 17.006804395467043 377.74877594783902
0.43902909909375004 0.4350347466766834 0.14926207847893239 0.015025642043538394 17.006804395467043 377.74877594783902
0.43902909909375004 0.4350347466766834 0.14926207847893239 0.0079187180273234854 8.5632753204554319 377.74877594783902
0.43902909909375004 0.4350347466766834 0.14926207847893239 0.0079187180273234854 17.006804395467043 948.77362158149481
0.23060350865125656 0.49261863008141515 0.16359106115996838 0.015025642043538394 8.5632753204554319 948.77362158149481
0.40685575492680065 0.17004251591861247 0.31757215261459348 0.0050353851284831762 23.486512035131454 522.95231427997351
0.41153139080852263 0.17004251591861247 0.31757215261459348 0.0050353851284831762 23.486512035131454 522.95231427997351
0.40685575492680065 0.33834865875542164 0.31757215261459348 0.0050353851284831762 23.486512035131454 522.95231427997351
0.40685575492680065 0.17004251591861247 0.22576115727424623 0.0050353851284831762 23.486512035131454 522.95231427997351
0.40685575492680065 0.17004251591861247 0.31757215261459348 0.0015382093846797945 23.486512035131454 522.95231427997351
0.40685575492680065 0.17004251591861247 0.31757215261459348 0.0050353851284831762 11.086557723581791 522.95231427997351
0.40685575492680065 0.17004251591861247 0.31757215261459348 0.0050353851284831762 23.486512035131454 841.98711067438126
0.41153139080852263 0.33834865875542164 0.22576115727424623 0.0015382093846797945 11.086557723581791 841.98711067438126
0.32368364050053056 0.36213610060513024 0.11868747025728227 0.011088497969321908 20.297097267583013 649.43097764626145
0.13339405562728643 0.36213610060513024 0.11868747025728227 0.011088497969321908 20.297097267583013 649.43097764626145
0.32368364050053056 0.25026613697409628 0.11868747025728227 0.011088497969321908 20.297097267583013 649.43097764626145
0.32368364050053056 0.36213610060513024 0.42101696953177459 0.011088497969321908 20.297097267583013 649.43097764626145
0.32368364050053056 0.36213610060513024 0.11868747025728227 0.011780735839344563 20.297097267583013 649.43097764626145
0.32368364050053056 0.36213610060513024 0.11868747025728227 0.011088497969321908 36.766610911116004 649.43097764626145
0.32368364050053056 0.36213610060513024 0.11868747025728227 0.011088497969321908 20.297097267583013 484.47147123515606
0.13339405562728643 0.25026613697409628 0.42101696953177459 0.011780735839344563 36.766610911116004 484.47147123515606
0.105907538626343 0.28250651657581327 0.42343243919312956 0.0093470357913523917 13.98605670966208 854.31632781401277
0.67790023004636168 0.28250651657581327 0.42343243919312956 0.0093470357913523917 13.98605670966208 854.31632781401277
0.105907538626343 0.1356516432017088 0.42343243919312956 0.0093470357913523917 13.98605670966208 854.31632781401277
0.105907538626343 0.28250651657581327 0.37335315681993964 0.0093470357913523917 13.98605670966208 854.31632781401277
0.105907538626343 0.28250651657581327 0.42343243919312956 0.017349086885899305 13.98605670966208 854.31632781401277
0.105907538626343 0.28250651657581327 0.42343243919312956 0.0093470357913523917 23.213237348943949 854.31632781401277
0.105907538626343 0.28250651657581327 0.42343243919312956 0.0093470357913523917 13.98605670966208 254.2684081941843
0.67790023004636168 0.1356516432017088 0.37335315681993964 0.017349086885899305 23.213237348943949 254.2684081941843
0.66259900820441542 0.49977099522948265 0.22220419459044935 0.015359588924609126 34.234028227627277 277.66989227384329
0.27836327170953151 0.49977099522948265 0.22220419459044935 0.015359588924609126 34.234028227627277 277.66989227384329
0.66259900820441542 0.47256916761398315 0.22220419459044935 0.015359588924609126 34.234028227627277 277.66989227384329
0.66259900820441542 0.49977099522948265 0.18123742900788786 0.015359588924609126 34.234028227627277 277.66989227384329
0.66259900820441542 0.49977099522948265 0.22220419459044935 0.0071077548759058123 34.234028227627277 277.66989227384329
0.66259900820441542 0.49977099522948265 0.22220419459044935 0.015359588924609126 21.007347779348493 277.66989227384329
0.66259900820441542 0.49977099522948265 0.22220419459044935 0.015359588924609126 34.234028227627277 626.25854834914207
0.27836327170953151 0.47256916761398315 0.18123742900788786 0.0071077548759058123 21.007347779348493 626.25854834914207
0.55092165996320541 0.20725224465131761 0.17068808935582638 0.018019992096535861 34.25353716313839 396.73914266750216
0.61676328703761096 0.20725224465131761 0.17068808935582638 0.018019992096535861 34.25353716313839 396.73914266750216
0.55092165996320541 0.17014561854302884 0.17068808935582638 0.018019992096535861 34.25353716313839 396.73914266750216
0.55092165996320541 0.20725224465131761 0.33380452059209348 0.018019992096535861 34.25353716313839 396.73914266750216
0.55092165996320541 0.20725224465131761 0.17068808935582638 0.01288572192657739 34.25353716313839 396.73914266750216
0.55092165996320541 0.20725224465131761 0.17068808935582638 0.018019992096535861 29.863048309460282 396.73914266750216
0.55092165996320541 0.20725224465131761 0.17068808935582638 0.018019992096535861 34.25353716313839 693.76930166035891
0.61676328703761096 0.17014561854302884 0.33380452059209348 0.01288572192657739 29.863048309460282 693.76930166035891
0.13641676055267454 0.42453350499272346 0.37182191722095015 0.0067081023078411819 9.5006000269204378 720.09281106293201
0.33831128105521197 0.42453350499272346 0.37182191722095015 0.0067081023078411819 9.5006000269204378 720.09281106293201
0.13641676055267454 0.43166641443967824 0.37182191722095015 0.0067081023078411819 9.5006000269204378 720.09281106293201
0.13641676055267454 0.42453350499272346 0.11355797089636327 0.0067081023078411819 9.5006000269204378 720.09281106293201
0.13641676055267454 0.42453350499272346 0.37182191722095015 0.0027481742762029172 9.5006000269204378 720.09281106293201
0.13641676055267454 0.42453350499272346 0.37182191722095015 0.0067081023078411819 18.048656743019819 720.09281106293201
0.13641676055267454 0.42453350499272346 0.37182191722095015 0.0067081023078411819 9.5006000269204378 179.83584236353636
0.33831128105521197 0.43166641443967824 0.11355797089636327 0.0027481742762029172 18.048656743019819 179.83584236353636
0.29317694655619558 0.144886377081275 0.26404817998409269 0.013706528689526024 18.219936827197671 981.18867911398411
0.4717942864634096 0.144886377081275 0.26404817998409269 0.013706528689526024 18.219936827197671 981.18867911398411
0.29317694655619558 0.3542879436165095 0.26404817998409269 0.013706528689526024 18.219936827197671 981.18867911398411
0.29317694655619558 0.144886377081275 0.26745651885867117 0.013706528689526024 18.219936827197671 981.18867911398411
0.29317694655619558 0.144886377081275 0.26404817998409269 0.0083164451817050594 18.219936827197671 981.18867911398411
0.29317694655619558 0.144886377081275 0.26404817998409269 0.013706528689526024 11.878138093277812 981.18867911398411
0.29317694655619558 0.144886377081275 0.26404817998409269 0.013706528689526024 18.219936827197671 381.36457558721304
0.4717942864634096 0.3542879436165095 0.26745651885867117 0.0083164451817050594 11.878138093277812 381.36457558721304
0.51853563115000723 0.33699674345552921 0.46283807009458544 0.002433990112319589 30.029613070189953 207.66723854467273
0.071942192409187561 0.33699674345552921 0.46283807009458544 0.002433990112319589 30.029613070189953 207.66723854467273
0.51853563115000723 0.24080869331955912 0.46283807009458544 0.002433990112319589 30.029613070189953 207.66723854467273
0.51853563115000723 0.33699674345552921 0.48459352552890778 0.002433990112319589 30.029613070189953 207.66723854467273
0.51853563115000723 0.33699674345552921 0.46283807009458544 0.018455196496844292 30.029613070189953 207.66723854467273
0.51853563115000723 0.33699674345552921 0.46283807009458544 0.002433990112319589 32.166608229279518 207.66723854467273
0.51853563115000723 0.33699674345552921 0.46283807009458544 0.002433990112319589 30.029613070189953 937.95246724039316
0.071942192409187561 0.24080869331955912 0.48459352552890778 0.018455196496844292 32.166608229279518 937.95246724039316
0.51107932403683654 0.13678505644202232 0.10258339568972588 0.017268114088661968 11.988290354609489 749.792973510921
0.30465041138231752 0.13678505644202232 0.10258339568972588 0.017268114088661968 11.988290354609489 749.792973510921
0.51107932403683654 0.3715616382658482 0.10258339568972588 0.017268114088661968 11.988290354609489 749.792973510921
0.51107932403683654 0.13678505644202232 0.40340388044714925 0.017268114088661968 11.988290354609489 749.792973510921
0.51107932403683654 0.13678505644202232 0.10258339568972588 0.0097715098468586815 11.988290354609489 749.792973510921
0.51107932403683654 0.13678505644202232 0.10258339568972588 0.017268114088661968 31.27504888176918 749.792973510921
0.51107932403683654 0.13678505644202232 0.10258339568972588 0.017268114088661968 11.988290354609489 761.40452958643436
0.30465041138231752 0.3715616382658482 0.40340388044714925 0.0097715098468586815 31.27504888176918 761.40452958643436
0.26036472818814216 0.34471115767955784 0.30223101750016212 0.0087799601741135134 32.229051815345883 426.3265416957438
0.56527504958212371 0.34471115767955784 0.30223101750016212 0.0087799601741135134 32.229051815345883 426.3265416957438
0.26036472818814216 0.23347304798662663 0.30223101750016212 0.0087799601741135134 32.229051815345883 426.3265416957438
0.26036472818814216 0.34471115767955784 0.24864768385887148 0.0087799601741135134 32.229051815345883 426.3265416957438
0.26036472818814216 0.34471115767955784 0.30223101750016212 0.019939269862696528 32.229051815345883 426.3265416957438
0.26036472818814216 0.34471115767955784 0.30223101750016212 0.0087799601741135134 12.886255515739322 426.3265416957438
0.26036472818814216 0.34471115767955784 0.30223101750016212 0.0087799601741135134 32.229051815345883 108.61760899424553
0.56527504958212371 0.23347304798662663 0.24864768385887148 0.019939269862696528 12.886255515739322 108.61760899424553
0.16956553952768444 0.22434556968510153 0.20688126720488073 0.011679158143140377 25.487940946593881 177.64136204496026
0.12461999552324414 0.22434556968510153 0.20688126720488073 0.011679158143140377 25.487940946593881 177.64136204496026
0.16956553952768444 0.15560631006956102 0.20688126720488073 0.011679158143140377 25.487940946593881 177.64136204496026
0.16956553952768444 0.22434556968510153 0.19474587999284268 0.011679158143140377 25.487940946593881 177.64136204496026
0.16956553952768444 0.22434556968510153 0.20688126720488073 0.014369714966975155 25.487940946593881 177.64136204496026
0.16956553952768444 0.22434556968510153 0.20688126720488073 0.011679158143140377 18.910561140626669 177.64136204496026
0.16956553952768444 0.22434556968510153 0.20688126720488073 0.011679158143140377 25.487940946593881 341.90026372671127
0.12461999552324414 0.15560631006956102 0.19474587999284268 0.014369714966975155 18.910561140626669 341.90026372671127
0.55867485483177004 0.40705193988978861 0.40730995126068592 0.0031516530171036726 22.291086904704571 951.04983132332563
0.50664348201826215 0.40705193988978861 0.40730995126068592 0.0031516530171036726 22.291086904704571 951.04983132332563
0.55867485483177004 0.44251767359673977 0.40730995126068592 0.0031516530171036726 22.291086904704571 951.04983132332563
0.55867485483177004 0.40705193988978861 0.35261814333498476 0.0031516530171036726 22.291086904704571 951.04983132332563
0.55867485483177004 0.40705193988978861 0.40730995126068592 0.004203168204799294 22.291086904704571 951.04983132332563
0.55867485483177004 0.40705193988978861 0.40730995126068592 0.0031516530171036726 28.88378475047648 951.04983132332563
0.55867485483177004 0.40705193988978861 0.40730995126068592 0.0031516530171036726 22.291086904704571 981.09161667525768
0.50664348201826215 0.44251767359673977 0.35261814333498476 0.004203168204799294 28.88378475047648 981.09161667525768
0.69074408751912408 0.29998274184763429 0.36194953061640267 0.00053332607373595244 16.222341686487198 623.79952846094966
0.18488723281770941 0.29998274184763429 0.36194953061640267 0.00053332607373595244 16.222341686487198 623.79952846094966
0.69074408751912408 0.14005764722824099 0.36194953061640267 0.00053332607373595244 16.222341686487198 623.79952846094966
0.69074408751912408 0.29998274184763429 0.11242399252951146 0.00053332607373595244 16.222341686487198 623.79952846094966
0.69074408751912408 0.29998274184763429 0.36194953061640267 0.016174383873119952 16.222341686487198 623.79952846094966
0.69074408751912408 0.29998274184763429 0.36194953061640267 0.00053332607373595244 19.994839133694768 623.79952846094966
0.69074408751912408 0.29998274184763429 0.36194953061640267 0.00053332607373595244 16.222341686487198 802.39964183419943
0.18488723281770941 0.14005764722824099 0.11242399252951146 0.016174383873119952 19.994839133694768 802.39964183419943
0.11882320204749702 0.48268148563802249 0.1616152632981539 0.014280245134420694 28.02457988448441 497.20810167491436
0.44518728200346225 0.48268148563802249 0.1616152632981539 0.014280245134420694 28.02457988448441 497.20810167491436
0.11882320204749702 0.45158448927104478 0.1616152632981539 0.014280245134420694 28.02457988448441 497.20810167491436
0.11882320204749702 0.48268148563802249 0.34216506145894532 0.014280245134420694 28.02457988448441 497.20810167491436
0.11882320204749702 0.48268148563802249 0.1616152632981539 0.0059620698576793073 28.02457988448441 497.20810167491436
0.11882320204749702 0.48268148563802249 0.1616152632981539 0.014280245134420694 24.107814628630877 497.20810167491436
0.11882320204749702 0.48268148563802249 0.1616152632981539 0.014280245134420694 28.02457988448441 527.51491609960794
0.44518728200346225 0.45158448927104478 0.34216506145894532 0.0059620698576793073 24.107814628630877 527.51491609960794
0.3111046151723712 0.16232428625226022 0.45374683365225799 0.0061192607790231703 36.254793966189027 304.7334399074316
0.2435190546326339 0.16232428625226022 0.45374683365225799 0.0061192607790231703 36.254793966189027 304.7334399074316
0.3111046151723712 0.33745829090476037 0.45374683365225799 0.0061192607790231703 36.254793966189027 304.7334399074316
0.3111046151723712 0.16232428625226022 0.48982599079608924 0.0061192607790231703 36.254793966189027 304.7334399074316
0.3111046151723712 0.16232428625226022 0.45374683365225799 0.0003925858091562987 36.254793966189027 304.7334399074316
0.3111046151723712 0.16232428625226022 0.45374683365225799 0.0061192607790231703 37.749265229329467 304.7334399074316
0.3111046151723712 0.16232428625226022 0.45374683365225799 0.0061192607790231703 36.254793966189027 322.02765811234713
0.2435190546326339 0.33745829090476037 0.48982599079608924 0.0003925858091562987 37.749265229329467 322.02765811234713
0.37900764085352417 0.3702427610754967 0.25419400408864024 0.019906739547289908 11.494647331535816 881.26690415665507
0.62521748719736925 0.3702427610754967 0.25419400408864024 0.019906739547289908 11.494647331535816 881.26690415665507
0.37900764085352417 0.27398517914116383 0.25419400408864024 0.019906739547289908 11.494647331535816 881.26690415665507
0.37900764085352417 0.3702427610754967 0.25695061609148984 0.019906739547289908 11.494647331535816 881.26690415665507
0.37900764085352417 0.3702427610754967 0.25419400408864024 0.010606122445873917 11.494647331535816 881.26690415665507
0.37900764085352417 0.3702427610754967 0.25419400408864024 0.019906739547289908 10.220804803073406 881.26690415665507
0.37900764085352417 0.3702427610754967 0.25419400408864024 0.019906739547289908 11.494647331535816 555.13688456267118
0.62521748719736925 0.27398517914116383 0.25695061609148984 0.010606122445873917 10.220804803073406 555.13688456267118
0.42618278567679219 0.23483431823551656 0.48451675437390807 0.012846872103773058 32.982586782425642 920.75253874063492
0.16122346045449376 0.23483431823551656 0.48451675437390807 0.012846872103773058 32.982586782425642 920.75253874063492
0.42618278567679219 0.11965377107262612 0.48451675437390807 0.012846872103773058 32.982586782425642 920.75253874063492
0.42618278567679219 0.23483431823551656 0.14490201063454153 0.012846872103773058 32.982586782425642 920.75253874063492
0.42618278567679219 0.23483431823551656 0.48451675437390807 0.0033254741657525303 32.982586782425642 920.75253874063492
0.42618278567679219 0.23483431823551656 0.48451675437390807 0.012846872103773058 9.4555208664387465 920.75253874063492
0.42618278567679219 0.23483431823551656 0.48451675437390807 0.012846872103773058 32.982586782425642 673.35045412182808
0.16122346045449376 0.11965377107262612 0.14490201063454153 0.0033254741657525303 9.4555208664387465 673.35045412182808
0.3430401098914444 0.44587950222194195 0.28572991602122788 0.0015730503845959904 14.785397520288825 147.28611698374152
0.38886066498234861 0.44587950222194195 0.28572991602122788 0.0015730503845959904 14.785397520288825 147.28611698374152
0.3430401098914444 0.48157050944864754 0.28572991602122788 0.0015730503845959904 14.785397520288825 147.28611698374152
0.3430401098914444 0.44587950222194195 0.30265731923282146 0.0015730503845959904 14.785397520288825 147.28611698374152
0.3430401098914444 0.44587950222194195 0.28572991602122788 0.013551246087811889 14.785397520288825 147.28611698374152
0.3430401098914444 0.44587950222194195 0.28572991602122788 0.0015730503845959904 34.632941886782646 147.28611698374152
0.3430401098914444 0.44587950222194195 0.28572991602122788 0.0015730503845959904 14.785397520288825 202.93646641075611
0.38886066498234861 0.48157050944864754 0.30265731923282146 0.013551246087811889 34.632941886782646 202.93646641075611
0.087208141153678295 0.12239597067236901 0.38100031912326815 0.018396552073769272 19.49775723926723 352.09081312641501
0.26049050800502299 0.12239597067236901 0.38100031912326815 0.018396552073769272 19.49775723926723 352.09081312641501
0.087208141153678295 0.30438356250524523 0.38100031912326815 0.018396552073769272 19.49775723926723 352.09081312641501
0.087208141153678295 0.12239597067236901 0.45343108028173451 0.018396552073769272 19.49775723926723 352.09081312641501
0.087208141153678295 0.12239597067236901 0.38100031912326815 0.017882083046063781 19.49775723926723 352.09081312641501
0.087208141153678295 0.12239597067236901 0.38100031912326815 0.018396552073769272 25.80368902720511 352.09081312641501
0.087208141153678295 0.12239597067236901 0.38100031912326815 0.018396552073769272 19.49775723926723 423.36513064801693
0.26049050800502299 0.30438356250524523 0.45343108028173451 0.017882083046063781 25.80368902720511 423.36513064801693
0.64388937652111045 0.30822143256664281 0.1798695430159569 0.0070859460171312097 24.737952698022127 675.49927234649658
0.69077547602355471 0.30822143256664281 0.1798695430159569 0.0070859460171312097 24.737952698022127 675.49927234649658
0.64388937652111045 0.2913002546876669 0.1798695430159569 0.0070859460171312097 24.737952698022127 675.49927234649658
0.64388937652111045 0.30822143256664281 0.29881580248475076 0.0070859460171312097 24.737952698022127 675.49927234649658
0.64388937652111045 0.30822143256664281 0.1798695430159569 0.0076575337452813984 24.737952698022127 675.49927234649658
0.64388937652111045 0.30822143256664281 0.1798695430159569 0.0070859460171312097 22.152190219610929 675.49927234649658
0.64388937652111045 0.30822143256664281 0.1798695430159569 0.0070859460171312097 24.737952698022127 907.42961764335632
0.69077547602355471 0.2913002546876669 0.29881580248475076 0.0076575337452813984 22.152190219610929 907.42961764335632
0.6134598683565855 0.19724540784955025 0.22513249516487122 0.0097426295820623645 28.748703982681036 793.85444493964314
0.36130185229703776 0.19724540784955025 0.22513249516487122 0.0097426295820623645 28.748703982681036 793.85444493964314
0.6134598683565855 0.3890362203121186 0.22513249516487122 0.0097426295820623645 28.748703982681036 793.85444493964314
0.6134598683565855 0.19724540784955025 0.43966378644108772 0.0097426295820623645 28.748703982681036 793.85444493964314
0.6134598683565855 0.19724540784955025 0.22513249516487122 0.012352678264491261 28.748703982681036 793.85444493964314
0.6134598683565855 0.19724540784955025 0.22513249516487122 0.0097426295820623645 28.235723350197077 793.85444493964314
0.6134598683565855 0.19724540784955025 0.22513249516487122 0.0097426295820623645 28.748703982681036 862.87986431270838
0.36130185229703776 0.3890362203121186 0.43966378644108772 0.012352678264491261 28.235723350197077 862.87986431270838
0.19896458326838906 0.38307545036077506 0.42636379152536397 0.015756466447375717 18.989808207377791 217.26301480084658
0.58861400289461019 0.38307545036077506 0.42636379152536397 0.015756466447375717 18.989808207377791 217.26301480084658
0.19896458326838906 0.20055618397891523 0.42636379152536397 0.015756466447375717 18.989808207377791 217.26301480084658
0.19896458326838906 0.38307545036077506 0.20691750198602676 0.015756466447375717 18.989808207377791 217.26301480084658
0.19896458326838906 0.38307545036077506 0.42636379152536397 0.0021983679678291086 18.989808207377791 217.26301480084658
0.19896458326838906 0.38307545036077506 0.42636379152536397 0.015756466447375717 15.911390708759427 217.26301480084658
0.19896458326838906 0.38307545036077506 0.42636379152536397 0.015756466447375717 18.989808207377791 460.99307145923376
0.58861400289461019 0.20055618397891523 0.20691750198602676 0.0021983679678291086 15.911390708759427 460.99307145923376
0.2312812560237944 0.25958657599985602 0.13411625586450102 0.0041947623562067745 8.7307276409119368 478.32972723990679
0.059386825747787954 0.25958657599985602 0.13411625586450102 0.0041947623562067745 8.7307276409119368 478.32972723990679
0.2312812560237944 0.18536111935973168 0.13411625586450102 0.0041947623562067745 8.7307276409119368 478.32972723990679
0.2312812560237944 0.25958657599985602 0.16237852387130261 0.0041947623562067745 8.7307276409119368 478.32972723990679
0.2312812560237944 0.25958657599985602 0.13411625586450102 0.0065291340788826346 8.7307276409119368 478.32972723990679
0.2312812560237944 0.25958657599985602 0.13411625586450102 0.0041947623562067745 14.464993543922901 478.32972723990679
0.2312812560237944 0.25958657599985602 0.13411625586450102 0.0041947623562067745 8.7307276409119368 212.76901047676802
0.059386825747787954 0.18536111935973168 0.16237852387130261 0.0065291340788826346 14.464993543922901 212.76901047676802
0.45660988208837799 0.47063634060323245 0.33300398997962477 0.010246592055074872 35.534447256475687 604.86319484189153
0.48934720475226634 0.47063634060323245 0.33300398997962477 0.010246592055074872 35.534447256475687 604.86319484189153
0.45660988208837799 0.4218811292201281 0.33300398997962477 0.010246592055074872 35.534447256475687 604.86319484189153
0.45660988208837799 0.47063634060323245 0.39201522357761864 0.010246592055074872 35.534447256475687 604.86319484189153
0.45660988208837799 0.47063634060323245 0.33300398997962477 0.016684657629206776 35.534447256475687 604.86319484189153
0.45660988208837799 0.47063634060323245 0.33300398997962477 0.010246592055074872 33.315161785110831 604.86319484189153
0.45660988208837799 0.47063634060323245 0.33300398997962477 0.010246592055074872 35.534447256475687 656.37637097388506
0.48934720475226634 0.4218811292201281 0.39201522357761864 0.016684657629206776 33.315161785110831 656.37637097388506
0.4590879400726407 0.14079648405313494 0.23655784949660302 0.0030075599024072292 10.301016682758927 204.96346540749073
0.25753367710858582 0.14079648405313494 0.23655784949660302 0.0030075599024072292 10.301016682758927 204.96346540749073
0.4590879400726407 0.49440711140632632 0.23655784949660302 0.0030075599024072292 10.301016682758927 204.96346540749073
0.4590879400726407 0.14079648405313494 0.48852235488593576 0.0030075599024072292 10.301016682758927 204.96346540749073
0.4590879400726407 0.14079648405313494 0.23655784949660302 0.011082917747460307 10.301016682758927 204.96346540749073
0.4590879400726407 0.14079648405313494 0.23655784949660302 0.0030075599024072292 34.439483510330319 204.96346540749073
0.4590879400726407 0.14079648405313494 0.23655784949660302 0.0030075599024072292 10.301016682758927 700.59460243210196
0.25753367710858582 0.49440711140632632 0.48852235488593576 0.011082917747460307 34.439483510330319 700.59460243210196
0.22868614569306372 0.32663413062691693 0.43700808361172683 0.011806334672868254 37.931799806654453 978.42653943225741
0.69753965605050317 0.32663413062691693 0.43700808361172683 0.011806334672868254 37.931799806654453 978.42653943225741
0.22868614569306372 0.10749036185443402 0.43700808361172683 0.011806334672868254 37.931799806654453 978.42653943225741
0.22868614569306372 0.32663413062691693 0.25884014256298543 0.011806334672868254 37.931799806654453 978.42653943225741
0.22868614569306372 0.32663413062691693 0.43700808361172683 0.00083902723528444774 37.931799806654453 978.42653943225741
0.22868614569306372 0.32663413062691693 0.43700808361172683 0.011806334672868254 9.7224506475031376 978.42653943225741
0.22868614569306372 0.32663413062691693 0.43700808361172683 0.011806334672868254 37.931799806654453 172.13163701817393
0.69753965605050317 0.10749036185443402 0.25884014256298543 0.00083902723528444774 9.7224506475031376 172.13163701817393
0.20124411960132416 0.20313727222383024 0.12913545109331609 0.0085953799324110167 27.285048842430115 729.66625792905688
0.15303098512813448 0.20313727222383024 0.12913545109331609 0.0085953799324110167 27.285048842430115 729.66625792905688
0.20124411960132416 0.27842732295393946 0.12913545109331609 0.0085953799324110167 27.285048842430115 729.66625792905688
0.20124411960132416 0.20313727222383024 0.10962590053677559 0.0085953799324110167 27.285048842430115 729.66625792905688
0.20124411960132416 0.20313727222383024 0.12913545109331609 0.0051698499945923683 27.285048842430115 729.66625792905688
0.20124411960132416 0.20313727222383024 0.12913545109331609 0.0085953799324110167 22.309027334675193 729.66625792905688
0.20124411960132416 0.20313727222383024 0.12913545109331609 0.0085953799324110167 27.285048842430115 389.06869543716311
0.15303098512813448 0.27842732295393946 0.10962590053677559 0.0051698499945923683 22.309027334675193 389.06869543716311
0.61066624121740454 0.41419463790953159 0.32880424745380876 0.017430939040333032 16.478447468951344 406.25422634184361
0.39070425881072873 0.41419463790953159 0.32880424745380876 0.017430939040333032 16.478447468951344 406.25422634184361
0.61066624121740454 0.31651061959564686 0.32880424745380876 0.017430939040333032 16.478447468951344 406.25422634184361
0.61066624121740454 0.41419463790953159 0.34242413789033888 0.017430939040333032 16.478447468951344 406.25422634184361
0.61066624121740454 0.41419463790953159 0.32880424745380876 0.015414953760430219 16.478447468951344 406.25422634184361
0.61066624121740454 0.41419463790953159 0.32880424745380876 0.017430939040333032 25.485490329563618 406.25422634184361
0.61066624121740454 0.41419463790953159 0.32880424745380876 0.017430939040333032 16.478447468951344 931.12725531682372
0.39070425881072873 0.31651061959564686 0.34242413789033888 0.015414953760430219 25.485490329563618 931.12725531682372
0.64125200966373086 0.27878364734351635 0.47719229497015481 0.019743270111083986 22.005656251683831 275.59782797470689
0.052305495366454124 0.27878364734351635 0.47719229497015481 0.019743270111083986 22.005656251683831 275.59782797470689
0.64125200966373086 0.21252466216683388 0.47719229497015481 0.019743270111083986 22.005656251683831 275.59782797470689
0.64125200966373086 0.27878364734351635 0.19605554789304735 0.019743270111083986 22.005656251683831 275.59782797470689
0.64125200966373086 0.27878364734351635 0.47719229497015481 0.0046848706614226101 22.005656251683831 275.59782797470689
0.64125200966373086 0.27878364734351635 0.47719229497015481 0.019743270111083986 15.659216150641441 275.59782797470689
0.64125200966373086 0.27878364734351635 0.47719229497015481 0.019743270111083986 22.005656251683831 835.60132505372167
0.052305495366454124 0.21252466216683388 0.19605554789304735 0.0046848706614226101 15.659216150641441 835.60132505372167
0.089643937768414617 0.48982117958366878 0.27762401886284349 0.0063044807845726615 26.198145888745785 852.18590702861547
0.49262118600308891 0.48982117958366878 0.27762401886284349 0.0063044807845726615 26.198145888745785 852.18590702861547
0.089643937768414617 0.37600468732416636 0.27762401886284349 0.0063044807845726615 26.198145888745785 852.18590702861547
0.089643937768414617 0.48982117958366878 0.35072258487343788 0.0063044807845726615 26.198145888745785 852.18590702861547
0.089643937768414617 0.48982117958366878 0.27762401886284349 0.01482106354814023 26.198145888745785 852.18590702861547
0.089643937768414617 0.48982117958366878 0.27762401886284349 0.0063044807845726615 28.444181142374873 852.18590702861547
0.089643937768414617 0.48982117958366878 0.27762401886284349 0.0063044807845726615 26.198145888745785 491.73616478219628
0.49262118600308891 0.37600468732416636 0.35072258487343788 0.01482106354814023 28.444181142374873 491.73616478219628
0.34028387703001495 0.16634491682052613 0.38226932808756831 0.014153637336939575 30.581314519047737 659.69107504934072
0.35914064319804306 0.16634491682052613 0.38226932808756831 0.014153637336939575 30.581314519047737 659.69107504934072
0.34028387703001495 0.40994976609945299 0.38226932808756831 0.014153637336939575 30.581314519047737 659.69107504934072
0.34028387703001495 0.16634491682052613 0.40619598813354973 0.014153637336939575 30.581314519047737 659.69107504934072
0.34028387703001495 0.16634491682052613 0.38226932808756831 0.019151806092634796 30.581314519047737 659.69107504934072
0.34028387703001495 0.16634491682052613 0.38226932808756831 0.014153637336939575 33.64790291711688 659.69107504934072
0.34028387703001495 0.16634491682052613 0.38226932808756831 0.014153637336939575 30.581314519047737 247.00368279591203
0.35914064319804306 0.40994976609945299 0.40619598813354973 0.019151806092634796 33.64790291711688 247.00368279591203
0.42849972113035611 0.35216272994875908 0.1819199897348881 0.00067685517687350518 13.211188988760114 533.15403843298554
0.59712409349158402 0.35216272994875908 0.1819199897348881 0.00067685517687350518 13.211188988760114 533.15403843298554
0.42849972113035611 0.1984297450631857 0.1819199897348881 0.00067685517687350518 13.211188988760114 533.15403843298554
0.42849972113035611 0.35216272994875908 0.24839459173381329 0.00067685517687350518 13.211188988760114 533.15403843298554
0.42849972113035611 0.35216272994875908 0.1819199897348881 0.009016835827194156 13.211188988760114 533.15403843298554
0.42849972113035611 0.35216272994875908 0.1819199897348881 0.00067685517687350518 14.322453105822206 533.15403843298554
0.42849972113035611 0.35216272994875908 0.1819199897348881 0.00067685517687350518 13.211188988760114 632.64436917379498
0.59712409349158402 0.1984297450631857 0.24839459173381329 0.009016835827194156 14.322453105822206 632.64436917379498
0.37673053564503783 0.24353954158723357 0.35130524002015595 0.0072681444136425853 34.779810069128871 368.86540446430445
0.12674308149144053 0.24353954158723357 0.35130524002015595 0.0072681444136425853 34.779810069128871 368.86540446430445
0.37673053564503783 0.24562423229217531 0.35130524002015595 0.0072681444136425853 34.779810069128871 368.86540446430445
0.37673053564503783 0.24353954158723357 0.15970800817012787 0.0072681444136425853 34.779810069128871 368.86540446430445
0.37673053564503783 0.24353954158723357 0.35130524002015595 0.017456380265578629 34.779810069128871 368.86540446430445
0.37673053564503783 0.24353954158723357 0.35130524002015595 0.0072681444136425853 13.088190454989672 368.86540446430445
0.37673053564503783 0.24353954158723357 0.35130524002015595 0.0072681444136425853 34.779810069128871 739.43090019747615
0.12674308149144053 0.24562423229217531 0.15970800817012787 0.017456380265578629 13.088190454989672 739.43090019747615
0.31390067343600092 0.42623367942869661 0.15018991045653821 0.018231270262226464 8.9726426936686039 692.3284818418324
0.49817399410530916 0.42623367942869661 0.15018991045653821 0.018231270262226464 8.9726426936686039 692.3284818418324
0.31390067343600092 0.35871283523738384 0.15018991045653821 0.018231270262226464 8.9726426936686039 692.3284818418324
0.31390067343600092 0.42623367942869661 0.39253734871745116 0.018231270262226464 8.9726426936686039 692.3284818418324
0.31390067343600092 0.42623367942869661 0.15018991045653821 0.0073091747147962455 8.9726426936686039 692.3284818418324
0.31390067343600092 0.42623367942869661 0.15018991045653821 0.018231270262226464 31.000100972130895 692.3284818418324
0.31390067343600092 0.42623367942869661 0.15018991045653821 0.018231270262226464 8.9726426936686039 141.09477391466498
0.49817399410530916 0.35871283523738384 0.39253734871745116 0.0073091747147962455 31.000100972130895 141.09477391466498
0.1163475751876831 0.10588146597146988 0.45794657468795774 0.0017196003591641786 17.810368176549673 897.1130077727139
0.31169299874454731 0.10588146597146988 0.45794657468795774 0.0017196003591641786 17.810368176549673 897.1130077727139
0.1163475751876831 0.43032956346869466 0.45794657468795774 0.0017196003591641786 17.810368176549673 897.1130077727139
0.1163475751876831 0.10588146597146988 0.43862353004515175 0.0017196003591641786 17.810368176549673 897.1130077727139
0.1163475751876831 0.10588146597146988 0.45794657468795774 0.0017396340180188419 17.810368176549673 897.1130077727139
0.1163475751876831 0.10588146597146988 0.45794657468795774 0.0017196003591641786 28.733119063079357 897.1130077727139
0.1163475751876831 0.10588146597146988 0.45794657468795774 0.0017196003591641786 17.810368176549673 370.88584965094924
0.31169299874454731 0.43032956346869466 0.43862353004515175 0.0017396340180188419 28.733119063079357 370.88584965094924
0.69334162897430351 0.31379533782601354 0.25917480736970899 0.012722077419236304 30.440816080197692 123.70097283273935
0.56204229090362789 0.31379533782601354 0.25917480736970899 0.012722077419236304 30.440816080197692 123.70097283273935
0.69334162897430351 0.16841821260750295 0.25917480736970899 0.012722077419236304 30.440816080197692 123.70097283273935
0.69334162897430351 0.31379533782601354 0.20893427394330502 0.012722077419236304 30.440816080197692 123.70097283273935
0.69334162897430351 0.31379533782601354 0.25917480736970899 0.011888062190078201 30.440816080197692 123.70097283273935
0.69334162897430351 0.31379533782601354 0.25917480736970899 0.012722077419236304 19.222130870446563 123.70097283273935
0.69334162897430351 0.31379533782601354 0.25917480736970899 0.012722077419236304 30.440816080197692 955.57144982740283
0.56204229090362789 0.16841821260750295 0.20893427394330502 0.011888062190078201 19.222130870446563 955.57144982740283
0.56142865656875074 0.18072789907455444 0.11068929135799409 0.010370747123286129 23.07510925643146 438.65004992112517
0.2516709272749722 0.18072789907455444 0.11068929135799409 0.010370747123286129 23.07510925643146 438.65004992112517
0.56142865656875074 0.46462822332978249 0.11068929135799409 0.010370747123286129 23.07510925643146 438.65004992112517
0.56142865656875074 0.18072789907455444 0.45610777102410793 0.010370747123286129 23.07510925643146 438.65004992112517
0.56142865656875074 0.18072789907455444 0.11068929135799409 0.008424349226616324 23.07510925643146 438.65004992112517
0.56142865656875074 0.18072789907455444 0.11068929135799409 0.010370747123286129 24.368449879810214 438.65004992112517
0.56142865656875074 0.18072789907455444 0.11068929135799409 0.010370747123286129 23.07510925643146 824.33910826221108
0.2516709272749722 0.46462822332978249 0.45610777102410793 0.008424349226616324 24.368449879810214 824.33910826221108
0.16724617294967173 0.38865855857729914 0.3095554754137993 0.0040488567186519504 20.706465143710375 565.23811891674995
0.6234120164997875 0.38865855857729914 0.3095554754137993 0.0040488567186519504 20.706465143710375 565.23811891674995
0.16724617294967173 0.12810139395296574 0.3095554754137993 0.0040488567186519504 20.706465143710375 565.23811891674995
0.16724617294967173 0.38865855857729914 0.29828750230371953 0.0040488567186519504 20.706465143710375 565.23811891674995
0.16724617294967173 0.38865855857729914 0.3095554754137993 0.018657216526940464 20.706465143710375 565.23811891674995
0.16724617294967173 0.38865855857729914 0.3095554754137993 0.0040488567186519504 19.778377741575241 565.23811891674995
0.16724617294967173 0.38865855857729914 0.3095554754137993 0.0040488567186519504 20.706465143710375 494.97578712180257
0.6234120164997875 0.12810139395296574 0.29828750230371953 0.018657216526940464 19.778377741575241 494.97578712180257
0.26299966392107305 0.26828879527747629 0.20483082197606564 0.015922312417998911 14.514157485216856 826.22972950339317
0.18780284114181994 0.26828879527747629 0.20483082197606564 0.015922312417998911 14.514157485216856 826.22972950339317
0.26299966392107305 0.26097758263349535 0.20483082197606564 0.015922312417998911 14.514157485216856 826.22972950339317
0.26299966392107305 0.26828879527747629 0.14593604430556298 0.015922312417998911 14.514157485216856 826.22972950339317
0.26299966392107305 0.26828879527747629 0.20483082197606564 0.013087756044976416 14.514157485216856 826.22972950339317
0.26299966392107305 0.26828879527747629 0.20483082197606564 0.015922312417998911 9.8942518625408411 826.22972950339317
0.26299966392107305 0.26828879527747629 0.20483082197606564 0.015922312417998911 14.514157485216856 292.98013495281339
0.18780284114181994 0.26097758263349535 0.14593604430556298 0.013087756044976416 9.8942518625408411 292.98013495281339
0.50864109629765153 0.45099972076714046 0.40604094378650191 0.0095598623057827365 33.707897981628776 249.6927029453218
0.4384618449956178 0.45099972076714046 0.40604094378650191 0.0095598623057827365 33.707897981628776 249.6927029453218
0.50864109629765153 0.3494507070630789 0.40604094378650191 0.0095598623057827365 33.707897981628776 249.6927029453218
0.50864109629765153 0.45099972076714046 0.30064677000045781 0.0095598623057827365 33.707897981628776 249.6927029453218
0.50864109629765153 0.45099972076714046 0.40604094378650191 0.0028561019983142618 33.707897981628776 249.6927029453218
0.50864109629765153 0.45099972076714046 0.40604094378650191 0.0095598623057827365 37.885159488767385 249.6927029453218
0.50864109629765153 0.45099972076714046 0.40604094378650191 0.0095598623057827365 33.707897981628776 580.62286162748933
0.4384618449956178 0.3494507070630789 0.30064677000045781 0.0028561019983142618 37.885159488767385 580.62286162748933
0.52160631204023955 0.25080942288041119 0.16609876789152622 0.014531481046229602 15.812716318294406 595.26571203023195
0.66970805982127779 0.25080942288041119 0.16609876789152622 0.014531481046229602 15.812716318294406 595.26571203023195
0.52160631204023955 0.26321222744882111 0.16609876789152622 0.014531481046229602 15.812716318294406 595.26571203023195
0.52160631204023955 0.25080942288041119 0.38188198134303097 0.014531481046229602 15.812716318294406 595.26571203023195
0.52160631204023955 0.25080942288041119 0.16609876789152622 0.014243042942322792 15.812716318294406 595.26571203023195
0.52160631204023955 0.25080942288041119 0.16609876789152622 0.014531481046229602 37.019006472080946 595.26571203023195
0.52160631204023955 0.25080942288041119 0.16609876789152622 0.014531481046229602 15.812716318294406 869.23821931704879
0.66970805982127779 0.26321222744882111 0.38188198134303097 0.014243042942322792 37.019006472080946 869.23821931704879
0.29117445913143453 0.46808608323335654 0.366451158002019 0.0010534151541069152 28.435725171118975 468.78374787047505
0.28020903030410405 0.46808608323335654 0.366451158002019 0.0010534151541069152 28.435725171118975 468.78374787047505
0.29117445913143453 0.32629473656415942 0.366451158002019 0.0010534151541069152 28.435725171118975 468.78374787047505
0.29117445913143453 0.46808608323335654 0.16469931304454805 0.0010534151541069152 28.435725171118975 468.78374787047505
0.29117445913143453 0.46808608323335654 0.366451158002019 0.0040210520699620247 28.435725171118975 468.78374787047505
0.29117445913143453 0.46808608323335654 0.366451158002019 0.0010534151541069152 10.878336245194077 468.78374787047505
0.29117445913143453 0.46808608323335654 0.366451158002019 0.0010534151541069152 28.435725171118975 453.75581188127398
0.28020903030410405 0.32629473656415942 0.16469931304454805 0.0040210520699620247 10.878336245194077 453.75581188127398
0.13936826549470424 0.18844317235052588 0.274302326887846 0.018882330383360388 36.781124483793974 219.99769033864141
0.40857672467827794 0.18844317235052588 0.274302326887846 0.018882330383360388 36.781124483793974 219.99769033864141
0.13936826549470424 0.45965924002230174 0.274302326887846 0.018882330383360388 36.781124483793974 219.99769033864141
0.13936826549470424 0.18844317235052588 0.21704750321805477 0.018882330383360388 36.781124483793974 219.99769033864141
0.13936826549470424 0.18844317235052588 0.274302326887846 0.0095893796237185615 36.781124483793974 219.99769033864141
0.13936826549470424 0.18844317235052588 0.274302326887846 0.018882330383360388 20.674385979771614 219.99769033864141
0.13936826549470424 0.18844317235052588 0.274302326887846 0.018882330383360388 36.781124483793974 220.00623820349574
0.40857672467827794 0.45965924002230174 0.21704750321805477 0.0095893796237185615 20.674385979771614 220.00623820349574
0.54880000143311913 0.38054894171655185 0.47387365475296972 0.0054448241988196968 10.966746827587485 796.64061386138201
0.14015854075551032 0.38054894171655185 0.47387365475296972 0.0054448241988196968 10.966746827587485 796.64061386138201
0.54880000143311913 0.14774170294404032 0.47387365475296972 0.0054448241988196968 10.966746827587485 796.64061386138201
0.54880000143311913 0.38054894171655185 0.43734623827040198 0.0054448241988196968 10.966746827587485 796.64061386138201
0.54880000143311913 0.38054894171655185 0.47387365475296972 0.019812574160844088 10.966746827587485 796.64061386138201
0.54880000143311913 0.38054894171655185 0.47387365475296972 0.0054448241988196968 23.355540243908763 796.64061386138201
0.54880000143311913 0.38054894171655185 0.47387365475296972 0.0054448241988196968 10.966746827587485 650.01805117353797
0.14015854075551032 0.14774170294404032 0.43734623827040198 0.019812574160844088 23.355540243908763 650.01805117353797
0.66063854969106606 0.11398574300110341 0.3192326448857784 0.0077534740181639797 12.516447959467769 665.27008404955268
0.46963091259822243 0.11398574300110341 0.3192326448857784 0.0077534740181639797 12.516447959467769 665.27008404955268
0.66063854969106606 0.44391526766121392 0.3192326448857784 0.0077534740181639797 12.516447959467769 665.27008404955268
0.66063854969106606 0.11398574300110341 0.27769599296152592 0.0077534740181639797 12.516447959467769 665.27008404955268
0.66063854969106606 0.11398574300110341 0.3192326448857784 0.0002653135932981968 12.516447959467769 665.27008404955268
0.66063854969106606 0.11398574300110341 0.3192326448857784 0.0077534740181639797 18.242351880297065 665.27008404955268
0.66063854969106606 0.11398574300110341 0.3192326448857784 0.0077534740181639797 12.516447959467769 666.55270801857114
0.46963091259822243 0.44391526766121392 0.27769599296152592 0.0002653135932981968 18.242351880297065 666.55270801857114
0.1090202435851097 0.30608387999236586 0.11956690028309823 0.01659031626805663 31.702979180961847 341.91311150789261
0.080451977904886007 0.30608387999236586 0.11956690028309823 0.01659031626805663 31.702979180961847 341.91311150789261
0.1090202435851097 0.15739445909857752 0.11956690028309823 0.01659031626805663 31.702979180961847 341.91311150789261
0.1090202435851097 0.30608387999236586 0.4698633428663016 0.01659031626805663 31.702979180961847 341.91311150789261
0.1090202435851097 0.30608387999236586 0.11956690028309823 0.010423395645804705 31.702979180961847 341.91311150789261
0.1090202435851097 0.30608387999236586 0.11956690028309823 0.01659031626805663 29.596339978277683 341.91311150789261
0.1090202435851097 0.30608387999236586 0.11956690028309823 0.01659031626805663 31.702979180961847 210.61312044039369
0.080451977904886007 0.15739445909857752 0.4698633428663016 0.010423395645804705 29.596339978277683 210.61312044039369
0.32152497028000648 0.22644936367869378 0.41493677236139781 0.0034044374251738195 25.076480444520712 149.33413863182068
0.60968165155500176 0.22644936367869378 0.41493677236139781 0.0034044374251738195 25.076480444520712 149.33413863182068
0.32152497028000648 0.22852293960750103 0.41493677236139781 0.0034044374251738195 25.076480444520712 149.33413863182068
0.32152497028000648 0.22644936367869378 0.323774266242981 0.0034044374251738195 25.076480444520712 149.33413863182068
0.32152497028000648 0.22644936367869378 0.41493677236139781 0.015991652278602123 25.076480444520712 149.33413863182068
0.32152497028000648 0.22644936367869378 0.41493677236139781 0.0034044374251738195 32.009534018114209 149.33413863182068
0.32152497028000648 0.22644936367869378 0.41493677236139781 0.0034044374251738195 25.076480444520712 415.688391122967
0.60968165155500176 0.22852293960750103 0.323774266242981 0.015991652278602123 32.009534018114209 415.688391122967
0.40977025302126996 0.44371839165687565 0.21448959000408652 0.012201928463578225 22.700398063287139 922.85207053646445
0.34158309753984206 0.44371839165687565 0.21448959000408652 0.012201928463578225 22.700398063287139 922.85207053646445
0.40977025302126996 0.3670021772384644 0.21448959000408652 0.012201928463578225 22.700398063287139 922.85207053646445
0.40977025302126996 0.44371839165687565 0.1284726105630398 0.012201928463578225 22.700398063287139 922.85207053646445
0.40977025302126996 0.44371839165687565 0.21448959000408652 0.00583476467076689 22.700398063287139 922.85207053646445
0.40977025302126996 0.44371839165687565 0.21448959000408652 0.012201928463578225 12.19611657038331 922.85207053646445
0.40977025302126996 0.44371839165687565 0.21448959000408652 0.012201928463578225 22.700398063287139 914.22745259478688
0.34158309753984206 0.3670021772384644 0.1284726105630398 0.00583476467076689 12.19611657038331 914.22745259478688
0.43607508554123336 0.1519836787134409 0.44686216413974766 0.015544771127775314 29.275434205308557 877.84901969134808
0.52628017663955684 0.1519836787134409 0.44686216413974766 0.015544771127775314 29.275434205308557 877.84901969134808
0.43607508554123336 0.41433131061494355 0.44686216413974766 0.015544771127775314 29.275434205308557 877.84901969134808
0.43607508554123336 0.1519836787134409 0.26712963469326501 0.015544771127775314 29.275434205308557 877.84901969134808
0.43607508554123336 0.1519836787134409 0.44686216413974766 0.018006196605414151 29.275434205308557 877.84901969134808
0.43607508554123336 0.1519836787134409 0.44686216413974766 0.015544771127775314 15.187919924035668 877.84901969134808
0.43607508554123336 0.1519836787134409 0.44686216413974766 0.015544771127775314 29.275434205308557 796.0138495080173
0.52628017663955684 0.41433131061494355 0.26712963469326501 0.018006196605414151 15.187919924035668 796.0138495080173
0.37321515269577499 0.3661294337362051 0.24564899057149889 0.0091836041575297719 18.461393557488918 301.36705217882991
0.10379309356212615 0.3661294337362051 0.24564899057149889 0.0091836041575297719 18.461393557488918 301.36705217882991
0.37321515269577499 0.17742069810628891 0.24564899057149889 0.0091836041575297719 18.461393557488918 301.36705217882991
0.37321515269577499 0.3661294337362051 0.48745942525565622 0.0091836041575297719 18.461393557488918 301.36705217882991
0.37321515269577499 0.3661294337362051 0.24564899057149889 0.0078422083454206589 18.461393557488918 301.36705217882991
0.37321515269577499 0.3661294337362051 0.24564899057149889 0.0091836041575297719 32.664962496608496 301.36705217882991
0.37321515269577499 0.3661294337362051 0.24564899057149889 0.0091836041575297719 18.461393557488918 534.77961635217071
0.10379309356212615 0.17742069810628891 0.48745942525565622 0.0078422083454206589 32.664962496608496 534.77961635217071
0.056376024009659888 0.28961857929825785 0.33787716887891295 0.011231989270076157 8.3216180950403214 506.06743721291423
0.54444568986073127 0.28961857929825785 0.33787716887891295 0.011231989270076157 8.3216180950403214 506.06743721291423
0.056376024009659888 0.21165875531733036 0.33787716887891295 0.011231989270076157 8.3216180950403214 506.06743721291423
0.056376024009659888 0.28961857929825785 0.33198318034410479 0.011231989270076157 8.3216180950403214 506.06743721291423
0.056376024009659888 0.28961857929825785 0.33787716887891295 0.0035101817369461064 8.3216180950403214 506.06743721291423
0.056376024009659888 0.28961857929825785 0.33787716887891295 0.011231989270076157 27.548859996721148 506.06743721291423
0.056376024009659888 0.28961857929825785 0.33787716887891295 0.011231989270076157 8.3216180950403214 314.76293941959739
0.54444568986073127 0.21165875531733036 0.33198318034410479 0.0035101817369461064 27.548859996721148 314.76293941959739
0.63337968001142142 0.4785934284329415 0.13900793306529524 0.0049088151333853604 35.945191161707044 632.7103640884161
0.32428960734978313 0.4785934284329415 0.13900793306529524 0.0049088151333853604 35.945191161707044 632.7103640884161
0.63337968001142142 0.39974809661507604 0.13900793306529524 0.0049088151333853604 35.945191161707044 632.7103640884161
0.63337968001142142 0.4785934284329415 0.11479342058300973 0.0049088151333853604 35.945191161707044 632.7103640884161
0.63337968001142142 0.4785934284329415 0.13900793306529524 0.013675364441610875 35.945191161707044 632.7103640884161
0.63337968001142142 0.4785934284329415 0.13900793306529524 0.0049088151333853604 16.670980930328369 632.7103640884161
0.63337968001142142 0.4785934284329415 0.13900793306529524 0.0049088151333853604 35.945191161707044 561.52269868180156
0.32428960734978313 0.39974809661507604 0.11479342058300973 0.013675364441610875 16.670980930328369 561.52269868180156
0.58271948741748925 0.21437341496348383 0.29374641142785551 0.0025612044444307687 32.571642214432359 948.70310882106423
0.64604707937687633 0.21437341496348383 0.29374641142785551 0.0025612044444307687 32.571642214432359 948.70310882106423
0.58271948741748925 0.29572547860443593 0.29374641142785551 0.0025612044444307687 32.571642214432359 948.70310882106423
0.58271948741748925 0.21437341496348383 0.37368607297539713 0.0025612044444307687 32.571642214432359 948.70310882106423
0.58271948741748925 0.21437341496348383 0.29374641142785551 0.006653847829438746 32.571642214432359 948.70310882106423
0.58271948741748925 0.21437341496348383 0.29374641142785551 0.0025612044444307687 26.464582227170467 948.70310882106423
0.58271948741748925 0.21437341496348383 0.29374641142785551 0.0025612044444307687 32.571642214432359 768.22982365265489
0.64604707937687633 0.29572547860443593 0.37368607297539713 0.006653847829438746 26.464582227170467 768.22982365265489
0.18852678169496356 0.403352838754654 0.49251512698829181 0.013562397772446276 15.194307185709476 175.34614633768797
0.22387962620705365 0.403352838754654 0.49251512698829181 0.013562397772446276 15.194307185709476 175.34614633768797
0.18852678169496356 0.30919934138655664 0.49251512698829181 0.013562397772446276 15.194307185709476 175.34614633768797
0.18852678169496356 0.403352838754654 0.17836549729108811 0.013562397772446276 15.194307185709476 175.34614633768797
0.18852678169496356 0.403352838754654 0.49251512698829181 0.01686994289457798 15.194307185709476 175.34614633768797
0.18852678169496356 0.403352838754654 0.49251512698829181 0.013562397772446276 21.44695127569139 175.34614633768797
0.18852678169496356 0.403352838754654 0.49251512698829181 0.013562397772446276 15.194307185709476 100.91341035440564
0.22387962620705365 0.30919934138655664 0.17836549729108811 0.01686994289457798 21.44695127569139 100.91341035440564
0.24106692299246785 0.1268366474658251 0.1972612202167511 0.0068709650618955492 20.026314437389374 436.31198089569807
0.42555035492405291 0.1268366474658251 0.1972612202167511 0.0068709650618955492 20.026314437389374 436.31198089569807
0.24106692299246785 0.47984334342181689 0.1972612202167511 0.0068709650618955492 20.026314437389374 436.31198089569807
0.24106692299246785 0.1268366474658251 0.22757651321589947 0.0068709650618955492 20.026314437389374 436.31198089569807
0.24106692299246785 0.1268366474658251 0.1972612202167511 0.012537987207062545 20.026314437389374 436.31198089569807
0.24106692299246785 0.1268366474658251 0.1972612202167511 0.0068709650618955492 8.7137037999927998 436.31198089569807
0.24106692299246785 0.1268366474658251 0.1972612202167511 0.0068709650618955492 20.026314437389374 349.60439028218389
0.42555035492405291 0.47984334342181689 0.22757651321589947 0.012537987207062545 8.7137037999927998 349.60439028218389
0.48673780611716205 0.34098697714507581 0.39837349802255628 0.017835374052450063 24.211366029456258 759.82990274205804
0.20571436723694203 0.34098697714507581 0.39837349802255628 0.017835374052450063 24.211366029456258 759.82990274205804
0.48673780611716205 0.11831725239753724 0.39837349802255628 0.017835374052450063 24.211366029456258 759.82990274205804
0.48673780611716205 0.34098697714507581 0.41978750415146349 0.017835374052450063 24.211366029456258 759.82990274205804
0.48673780611716205 0.34098697714507581 0.39837349802255628 0.0023230958066880704 24.211366029456258 759.82990274205804
0.48673780611716205 0.34098697714507581 0.39837349802255628 0.017835374052450063 35.330413432791829 759.82990274205804
0.48673780611716205 0.34098697714507581 0.39837349802255628 0.017835374052450063 24.211366029456258 974.2663980461657
0.20571436723694203 0.11831725239753724 0.41978750415146349 0.0023230958066880704 35.330413432791829 974.2663980461657
0.48541071484796694 0.21175724603235724 0.45494726002216346 0.012291724078916015 12.902414903044701 619.71202967688441
0.39895239877514538 0.21175724603235724 0.45494726002216346 0.012291724078916015 12.902414903044701 619.71202967688441
0.48541071484796694 0.18739234432578089 0.45494726002216346 0.012291724078916015 12.902414903044701 619.71202967688441
0.48541071484796694 0.21175724603235724 0.17335384301841261 0.012291724078916015 12.902414903044701 619.71202967688441
0.48541071484796694 0.21175724603235724 0.45494726002216346 0.010295114014111461 12.902414903044701 619.71202967688441
0.48541071484796694 0.21175724603235724 0.45494726002216346 0.012291724078916015 27.979530675336719 619.71202967688441
0.48541071484796694 0.21175724603235724 0.45494726002216346 0.012291724078916015 12.902414903044701 519.91468574851751
0.39895239877514538 0.18739234432578089 0.17335384301841261 0.010295114014111461 27.979530675336719 519.91468574851751
0.24358159434050319 0.41964059732854364 0.2560564979910851 0.0037641811136156327 31.099147127941251 521.24860696494579
0.15114170419983564 0.41964059732854364 0.2560564979910851 0.0037641811136156327 31.099147127941251 521.24860696494579
0.24358159434050319 0.42391846962273128 0.2560564979910851 0.0037641811136156327 31.099147127941251 521.24860696494579
0.24358159434050319 0.41964059732854364 0.38123526461422441 0.0037641811136156327 31.099147127941251 521.24860696494579
0.24358159434050319 0.41964059732854364 0.2560564979910851 0.00069896796680986881 31.099147127941251 521.24860696494579
0.24358159434050319 0.41964059732854364 0.2560564979910851 0.0037641811136156327 16.123870193958282 521.24860696494579
0.24358159434050319 0.41964059732854364 0.2560564979910851 0.0037641811136156327 31.099147127941251 807.09042642265558
0.15114170419983564 0.42391846962273128 0.38123526461422441 0.00069896796680986881 16.123870193958282 807.09042642265558
0.17682531722821293 0.14936724975705148 0.36080706380307681 0.016640687648765744 26.621393302455544 314.74963985383511
0.6600736970547586 0.14936724975705148 0.36080706380307681 0.016640687648765744 26.621393302455544 314.74963985383511
0.17682531722821293 0.39016412496566777 0.36080706380307681 0.016640687648765744 26.621393302455544 314.74963985383511
0.17682531722821293 0.14936724975705148 0.42576179578900342 0.016640687648765744 26.621393302455544 314.74963985383511
0.17682531722821293 0.14936724975705148 0.36080706380307681 0.0062669980434700845 26.621393302455544 314.74963985383511
0.17682531722821293 0.14936724975705148 0.36080706380307681 0.016640687648765744 13.856888899579644 314.74963985383511
0.17682531722821293 0.14936724975705148 0.36080706380307681 0.016640687648765744 26.621393302455544 604.90250010043383
0.6600736970547586 0.39016412496566777 0.42576179578900342 0.0062669980434700845 13.856888899579644 604.90250010043383
0.59513261271640661 0.33212853521108632 0.15957273952662945 0.0081526466619223376 21.380738906562328 863.16110817715526
0.29118231185711918 0.33212853521108632 0.15957273952662945 0.0081526466619223376 21.380738906562328 863.16110817715526
0.59513261271640661 0.20169020406901839 0.15957273952662945 0.0081526466619223376 21.380738906562328 863.16110817715526
0.59513261271640661 0.33212853521108632 0.22101475745439531 0.0081526466619223376 21.380738906562328 863.16110817715526
0.59513261271640661 0.33212853521108632 0.15957273952662945 0.015864338461682202 21.380738906562328 863.16110817715526
0.59513261271640661 0.33212853521108632 0.15957273952662945 0.0081526466619223376 34.113470699638128 863.16110817715526
0.59513261271640661 0.33212853521108632 0.15957273952662945 0.0081526466619223376 21.380738906562328 275.07235389202833
0.29118231185711918 0.20169020406901839 0.22101475745439531 0.015864338461682202 34.113470699638128 275.07235389202833
0.62572242012247437 0.17491301521658897 0.20805673561990262 0.0055139461148530243 17.135150164365768 774.9703062698245
0.59901331751607356 0.17491301521658897 0.20805673561990262 0.0055139461148530243 17.135150164365768 774.9703062698245
0.62572242012247437 0.3054809495806694 0.20805673561990262 0.0055139461148530243 17.135150164365768 774.9703062698245
0.62572242012247437 0.17491301521658897 0.46745887249708173 0.0055139461148530243 17.135150164365768 774.9703062698245
0.62572242012247437 0.17491301521658897 0.20805673561990262 0.0045158192884176968 17.135150164365768 774.9703062698245
0.62572242012247437 0.17491301521658897 0.20805673561990262 0.0055139461148530243 9.2578444369137287 774.9703062698245
0.62572242012247437 0.17491301521658897 0.20805673561990262 0.0055139461148530243 17.135150164365768 144.28076632320881
0.59901331751607356 0.3054809495806694 0.46745887249708173 0.0045158192884176968 9.2578444369137287 144.28076632320881
0.065226074913516646 0.35765446126461031 0.40919664315879345 0.019301462132297456 26.895419063046575 423.38187852874398
0.35089260130189354 0.35765446126461031 0.40919664315879345 0.019301462132297456 26.895419063046575 423.38187852874398
0.065226074913516646 0.29239155016839502 0.40919664315879345 0.019301462132297456 26.895419063046575 423.38187852874398
0.065226074913516646 0.35765446126461031 0.28459265008568768 0.019301462132297456 26.895419063046575 423.38187852874398
0.065226074913516646 0.35765446126461031 0.40919664315879345 0.014062256640009584 26.895419063046575 423.38187852874398
0.065226074913516646 0.35765446126461031 0.40919664315879345 0.019301462132297456 34.904093297198415 423.38187852874398
0.065226074913516646 0.35765446126461031 0.40919664315879345 0.019301462132297456 26.895419063046575 728.55425849556923
0.35089260130189354 0.29239155016839502 0.28459265008568768 0.014062256640009584 34.904093297198415 728.55425849556923
0.35518336463719602 0.28740019090473656 0.1014171063899994 0.0011631698008626702 37.387731337919831 160.58999607339501
0.45897261057980354 0.28740019090473656 0.1014171063899994 0.0011631698008626702 37.387731337919831 160.58999607339501
0.35518336463719602 0.12165447846055032 0.1014171063899994 0.0011631698008626702 37.387731337919831 160.58999607339501
0.35518336463719602 0.28740019090473656 0.13380692191421986 0.0011631698008626702 37.387731337919831 160.58999607339501
0.35518336463719602 0.28740019090473656 0.1014171063899994 0.019630206501856446 37.387731337919831 160.58999607339501
0.35518336463719602 0.28740019090473656 0.1014171063899994 0.0011631698008626702 25.019966803491116 160.58999607339501
0.35518336463719602 0.28740019090473656 0.1014171063899994 0.0011631698008626702 37.387731337919831 959.41648781299591
0.45897261057980354 0.12165447846055032 0.13380692191421986 0.019630206501856446 25.019966803491116 959.41648781299591
0.45482343542389564 0.4952637027949095 0.30021307617425919 0.01490997534375638 10.585386522114277 962.12646942585707
0.089771358715370286 0.4952637027949095 0.30021307617425919 0.01490997534375638 10.585386522114277 962.12646942585707
0.45482343542389564 0.48356512524187567 0.30021307617425919 0.01490997534375638 10.585386522114277 962.12646942585707
0.45482343542389564 0.4952637027949095 0.31355714313685895 0.01490997534375638 10.585386522114277 962.12646942585707
0.45482343542389564 0.4952637027949095 0.30021307617425919 0.010084972888790072 10.585386522114277 962.12646942585707
0.45482343542389564 0.4952637027949095 0.30021307617425919 0.01490997534375638 22.774554437026381 962.12646942585707
0.45482343542389564 0.4952637027949095 0.30021307617425919 0.01490997534375638 10.585386522114277 360.66852174699306
0.089771358715370286 0.48356512524187567 0.31355714313685895 0.010084972888790072 22.774554437026381 360.66852174699306
0.40241670934483403 0.10981336906552315 0.13219580091536046 0.017793295481987298 34.126739364117384 783.64298017695546
0.55507423602975903 0.10981336906552315 0.13219580091536046 0.017793295481987298 34.126739364117384 783.64298017695546
0.40241670934483403 0.33549134358763699 0.13219580091536046 0.017793295481987298 34.126739364117384 783.64298017695546
0.40241670934483403 0.10981336906552315 0.47560589015483856 0.017793295481987298 34.126739364117384 783.64298017695546
0.40241670934483403 0.10981336906552315 0.13219580091536046 0.016378275471553207 34.126739364117384 783.64298017695546
0.40241670934483403 0.10981336906552315 0.13219580091536046 0.017793295481987298 19.313771978020668 783.64298017695546
0.40241670934483403 0.10981336906552315 0.13219580091536046 0.017793295481987298 34.126739364117384 466.57729987055063
0.55507423602975903 0.33549134358763699 0.47560589015483856 0.016378275471553207 19.313771978020668 466.57729987055063
0.32816199087537823 0.32080360502004623 0.33173945136368277 0.0064828025005757807 13.886436393484473 235.17955411225557
0.31486112498678265 0.32080360502004623 0.33173945136368277 0.0064828025005757807 13.886436393484473 235.17955411225557
0.32816199087537823 0.27201211638748646 0.33173945136368277 0.0064828025005757807 13.886436393484473 235.17955411225557
0.32816199087537823 0.32080360502004623 0.2709753565490246 0.0064828025005757807 13.886436393484473 235.17955411225557
0.32816199087537823 0.32080360502004623 0.33173945136368277 0.0068401425106450918 13.886436393484473 235.17955411225557
0.32816199087537823 0.32080360502004623 0.33173945136368277 0.0064828025005757807 24.833059219643474 235.17955411225557
0.32816199087537823 0.32080360502004623 0.33173945136368277 0.0064828025005757807 13.886436393484473 852.63009425252676
0.31486112498678265 0.27201211638748646 0.2709753565490246 0.0068401425106450918 24.833059219643474 852.63009425252676
0.091292171739041805 0.24742299653589728 0.22711706086993219 0.01348360818270594 20.392941815778613 482.16702956706285
0.53689892324618993 0.24742299653589728 0.22711706086993219 0.01348360818270594 20.392941815778613 482.16702956706285
0.091292171739041805 0.13894519209861755 0.22711706086993219 0.01348360818270594 20.392941815778613 482.16702956706285
0.091292171739041805 0.24742299653589728 0.12332686819136143 0.01348360818270594 20.392941815778613 482.16702956706285
0.091292171739041805 0.24742299653589728 0.22711706086993219 0.0025084133792668585 20.392941815778613 482.16702956706285
0.091292171739041805 0.24742299653589728 0.22711706086993219 0.01348360818270594 37.419636409729719 482.16702956706285
0.091292171739041805 0.24742299653589728 0.22711706086993219 0.01348360818270594 20.392941815778613 608.58427118510008
0.53689892324618993 0.13894519209861755 0.12332686819136143 0.0025084133792668585 37.419636409729719 608.58427118510008
0.67717386926524337 0.43329115770757198 0.42744214907288558 0.0022097481817007067 23.590252447873354 580.57850124314427
0.094354656664654618 0.43329115770757198 0.42744214907288558 0.0022097481817007067 23.590252447873354 580.57850124314427
0.67717386926524337 0.45046591870486741 0.42744214907288558 0.0022097481817007067 23.590252447873354 580.57850124314427
0.67717386926524337 0.43329115770757198 0.33106692098081114 0.0022097481817007067 23.590252447873354 580.57850124314427
0.67717386926524337 0.43329115770757198 0.42744214907288558 0.012047750078700485 23.590252447873354 580.57850124314427
0.67717386926524337 0.43329115770757198 0.42744214907288558 0.0022097481817007067 10.359778517857194 580.57850124314427
0.67717386926524337 0.43329115770757198 0.42744214907288558 0.0022097481817007067 23.590252447873354 265.13095069676638
0.094354656664654618 0.45046591870486741 0.33106692098081114 0.012047750078700485 10.359778517857194 265.13095069676638
0.54526241752319038 0.27216881997883324 0.37905562147498129 0.0048101042039692399 29.893829312175512 937.99316138029099
0.43529381682164958 0.27216881997883324 0.37905562147498129 0.0048101042039692399 29.893829312175512 937.99316138029099
0.54526241752319038 0.1544511303305626 0.37905562147498129 0.0048101042039692399 29.893829312175512 937.99316138029099
0.54526241752319038 0.27216881997883324 0.18396897278726101 0.0048101042039692399 29.893829312175512 937.99316138029099
0.54526241752319038 0.27216881997883324 0.37905562147498129 0.0079649920722469694 29.893829312175512 937.99316138029099
0.54526241752319038 0.27216881997883324 0.37905562147498129 0.0048101042039692399 30.535450058057904 937.99316138029099
0.54526241752319038 0.27216881997883324 0.37905562147498129 0.0048101042039692399 29.893829312175512 169.16517838835716
0.43529381682164958 0.1544511303305626 0.18396897278726101 0.0079649920722469694 30.535450058057904 169.16517838835716
0.14219414982944725 0.4580537628382445 0.17863001301884651 0.010861820237524808 18.090217655524611 136.40474369749427
0.19477083911187942 0.4580537628382445 0.17863001301884651 0.010861820237524808 18.090217655524611 136.40474369749427
0.14219414982944725 0.4413685854524374 0.17863001301884651 0.010861820237524808 18.090217655524611 136.40474369749427
0.14219414982944725 0.4580537628382445 0.36359041072428233 0.010861820237524808 18.090217655524611 136.40474369749427
0.14219414982944725 0.4580537628382445 0.17863001301884651 0.017569431962445377 18.090217655524611 136.40474369749427
0.14219414982944725 0.4580537628382445 0.17863001301884651 0.010861820237524808 13.552844945341349 136.40474369749427
0.14219414982944725 0.4580537628382445 0.17863001301884651 0.010861820237524808 18.090217655524611 711.69072426855564
0.19477083911187942 0.4413685854524374 0.36359041072428233 0.017569431962445377 13.552844945341349 711.69072426855564
0.2772625020239502 0.18465713486075402 0.4864766869693995 0.009122812743484976 9.6267705243080854 327.15766867622733
0.65580034567974499 0.18465713486075402 0.4864766869693995 0.009122812743484976 9.6267705243080854 327.15766867622733
0.2772625020239502 0.36955196633934972 0.4864766869693995 0.009122812743484976 9.6267705243080854 327.15766867622733
0.2772625020239502 0.18465713486075402 0.41750418767333031 0.009122812743484976 9.6267705243080854 327.15766867622733
0.2772625020239502 0.18465713486075402 0.4864766869693995 0.013237783045880499 9.6267705243080854 327.15766867622733
0.2772625020239502 0.18465713486075402 0.4864766869693995 0.009122812743484976 18.756566217169166 327.15766867622733
0.2772625020239502 0.18465713486075402 0.4864766869693995 0.009122812743484976 9.6267705243080854 927.0622443407774
0.65580034567974499 0.36955196633934972 0.41750418767333031 0.013237783045880499 18.756566217169166 927.0622443407774
0.53433065032586446 0.39566415250301368 0.28683214075863361 0.015136687300540509 34.385545376688242 678.69413197040558
0.21294605745933948 0.39566415250301368 0.28683214075863361 0.015136687300540509 34.385545376688242 678.69413197040558
0.53433065032586446 0.23146946765482426 0.28683214075863361 0.015136687300540509 34.385545376688242 678.69413197040558
0.53433065032586446 0.39566415250301368 0.23474264144897461 0.015136687300540509 34.385545376688242 678.69413197040558
0.53433065032586446 0.39566415250301368 0.28683214075863361 0.0036345375265926126 34.385545376688242 678.69413197040558
0.53433065032586446 0.39566415250301368 0.28683214075863361 0.015136687300540509 29.198687292635441 678.69413197040558
0.53433065032586446 0.39566415250301368 0.28683214075863361 0.015136687300540509 34.385545376688242 399.06610399484634
0.21294605745933948 0.23146946765482426 0.23474264144897461 0.0036345375265926126 29.198687292635441 399.06610399484634
0.50671115880832074 0.19550045989453793 0.34689148031175138 0.00030185212306678297 22.163657333701849 110.31795935705304
0.16365957004018128 0.19550045989453793 0.34689148031175138 0.00030185212306678297 22.163657333701849 110.31795935705304
0.50671115880832074 0.35616009570658214 0.34689148031175138 0.00030185212306678297 22.163657333701849 110.31795935705304
0.50671115880832074 0.19550045989453793 0.25343171879649162 0.00030185212306678297 22.163657333701849 110.31795935705304
0.50671115880832074 0.19550045989453793 0.34689148031175138 0.014712103470601144 22.163657333701849 110.31795935705304
0.50671115880832074 0.19550045989453793 0.34689148031175138 0.00030185212306678297 30.060949318110943 110.31795935705304
0.50671115880832074 0.19550045989453793 0.34689148031175138 0.00030185212306678297 22.163657333701849 126.07195507735014
0.16365957004018128 0.35616009570658214 0.25343171879649162 0.014712103470601144 30.060949318110943 126.07195507735014
0.26485258997417982 0.3844325874000788 0.14809856228530408 0.014050092460028829 25.353529697284102 911.7996284738183
0.38127581519074732 0.3844325874000788 0.14809856228530408 0.014050092460028829 25.353529697284102 911.7996284738183
0.26485258997417982 0.24268696084618568 0.14809856228530408 0.014050092460028829 25.353529697284102 911.7996284738183
0.26485258997417982 0.3844325874000788 0.4988135904073715 0.014050092460028829 25.353529697284102 911.7996284738183
0.26485258997417982 0.3844325874000788 0.14809856228530408 0.0050992040708661077 25.353529697284102 911.7996284738183
0.26485258997417982 0.3844325874000788 0.14809856228530408 0.014050092460028829 17.777746116742492 911.7996284738183
0.26485258997417982 0.3844325874000788 0.14809856228530408 0.014050092460028829 25.353529697284102 751.20094884186983
0.38127581519074732 0.24268696084618568 0.4988135904073715 0.0050992040708661077 17.777746116742492 751.20094884186983
0.15490218941122291 0.25781749933958054 0.44337532520294187 0.0058915629360824827 32.367009727284312 705.32638374716043
0.26815238497219979 0.25781749933958054 0.44337532520294187 0.0058915629360824827 32.367009727284312 705.32638374716043
0.15490218941122291 0.17135859094560146 0.44337532520294187 0.0058915629360824827 32.367009727284312 705.32638374716043
0.15490218941122291 0.25781749933958054 0.3449026968330145 0.0058915629360824827 32.367009727284312 705.32638374716043
0.15490218941122291 0.25781749933958054 0.44337532520294187 0.0094297200592234742 32.367009727284312 705.32638374716043
0.15490218941122291 0.25781749933958054 0.44337532520294187 0.0058915629360824827 12.661643225699663 705.32638374716043
0.15490218941122291 0.25781749933958054 0.44337532520294187 0.0058915629360824827 32.367009727284312 998.32639042288065
0.26815238497219979 0.17135859094560146 0.3449026968330145 0.0094297200592234742 12.661643225699663 998.32639042288065
0.573219709424302 0.472018177062273 0.24223846942186356 0.019677644749544563 12.119497481733561 353.682950604707
0.68810118041001256 0.472018177062273 0.24223846942186356 0.019677644749544563 12.119497481733561 353.682950604707
0.573219709424302 0.43288550227880485 0.24223846942186356 0.019677644749544563 12.119497481733561 353.682950604707
0.573219709424302 0.472018177062273 0.10265515483915806 0.019677644749544563 12.119497481733561 353.682950604707
0.573219709424302 0.472018177062273 0.24223846942186356 0.019043842006474732 12.119497481733561 353.682950604707
0.573219709424302 0.472018177062273 0.24223846942186356 0.019677644749544563 31.544010939076543 353.682950604707
0.573219709424302 0.472018177062273 0.24223846942186356 0.019677644749544563 12.119497481733561 331.47680219262838
0.68810118041001256 0.43288550227880485 0.10265515483915806 0.019043842006474732 31.544010939076543 331.47680219262838
0.68505673701874903 0.233454766869545 0.18750152289867403 0.017037942531518638 11.397314827889204 264.44841399788857
0.36888406635262067 0.233454766869545 0.18750152289867403 0.017037942531518638 11.397314827889204 264.44841399788857
0.68505673701874903 0.13690734021365644 0.18750152289867403 0.017037942531518638 11.397314827889204 264.44841399788857
0.68505673701874903 0.233454766869545 0.36238092519342902 0.017037942531518638 11.397314827889204 264.44841399788857
0.68505673701874903 0.233454766869545 0.18750152289867403 0.001353126481920481 11.397314827889204 264.44841399788857
0.68505673701874903 0.233454766869545 0.18750152289867403 0.017037942531518638 11.342990735545754 264.44841399788857
0.68505673701874903 0.233454766869545 0.18750152289867403 0.017037942531518638 11.397314827889204 537.74574808776379
0.36888406635262067 0.13690734021365644 0.36238092519342902 0.001353126481920481 11.342990735545754 537.74574808776379
0.12455078717321157 0.44764781817793853 0.38873889893293379 0.008548467340692879 36.148879399523139 812.805091496557
0.5861805266235024 0.44764781817793853 0.38873889893293379 0.008548467340692879 36.148879399523139 812.805091496557
0.12455078717321157 0.47381877303123476 0.38873889893293379 0.008548467340692879 36.148879399523139 812.805091496557
0.12455078717321157 0.44764781817793853 0.1920143958181143 0.008548467340692879 36.148879399523139 812.805091496557
0.12455078717321157 0.44764781817793853 0.38873889893293379 0.010882800007052721 36.148879399523139 812.805091496557
0.12455078717321157 0.44764781817793853 0.38873889893293379 0.008548467340692879 36.554355558007956 812.805091496557
0.12455078717321157 0.44764781817793853 0.38873889893293379 0.008548467340692879 36.148879399523139 784.91761535406113
0.5861805266235024 0.47381877303123476 0.1920143958181143 0.010882800007052721 36.554355558007956 784.91761535406113
0.29520158045925199 0.12103959433734418 0.29648480080068113 0.011450044462643565 28.13427178375423 550.09729629382491
0.06205880041234195 0.12103959433734418 0.29648480080068113 0.011450044462643565 28.13427178375423 550.09729629382491
0.29520158045925199 0.34026353545486931 0.29648480080068113 0.011450044462643565 28.13427178375423 550.09729629382491
0.29520158045925199 0.12103959433734418 0.2396661400794983 0.011450044462643565 28.13427178375423 550.09729629382491
0.29520158045925199 0.12103959433734418 0.29648480080068113 0.015213245074450972 28.13427178375423 550.09729629382491
0.29520158045925199 0.12103959433734418 0.29648480080068113 0.011450044462643565 23.821108473464847 550.09729629382491
0.29520158045925199 0.12103959433734418 0.29648480080068113 0.011450044462643565 28.13427178375423 565.58759734034538
0.06205880041234195 0.34026353545486931 0.2396661400794983 0.015213245074450972 23.821108473464847 565.58759734034538
0.39487171946093436 0.30996409542858605 0.495378614589572 0.0029239362914115193 16.323221076279879 451.57885476946831
0.4816876559983938 0.30996409542858605 0.495378614589572 0.0029239362914115193 16.323221076279879 451.57885476946831
0.39487171946093436 0.2521749220788479 0.495378614589572 0.0029239362914115193 16.323221076279879 451.57885476946831
0.39487171946093436 0.30996409542858605 0.40691662654280669 0.0029239362914115193 16.323221076279879 451.57885476946831
0.39487171946093436 0.30996409542858605 0.495378614589572 0.0056847848767414694 16.323221076279879 451.57885476946831
0.39487171946093436 0.30996409542858605 0.495378614589572 0.0029239362914115193 20.208821326494217 451.57885476946831
0.39487171946093436 0.30996409542858605 0.495378614589572 0.0029239362914115193 16.323221076279879 304.76520396769047
0.4816876559983938 0.2521749220788479 0.40691662654280669 0.0056847848767414694 20.208821326494217 304.76520396769047
0.42181285279802971 0.29511317461729047 0.26515373811125753 0.0099838280022144336 24.872821599245071 392.87222875282168
0.30206863409839568 0.29511317461729047 0.26515373811125753 0.0099838280022144336 24.872821599245071 392.87222875282168
0.42181285279802971 0.10416258312761784 0.26515373811125753 0.0099838280022144336 24.872821599245071 392.87222875282168
0.42181285279802971 0.29511317461729047 0.39474676735699177 0.0099838280022144336 24.872821599245071 392.87222875282168
0.42181285279802971 0.29511317461729047 0.26515373811125753 0.018146208667010069 24.872821599245071 392.87222875282168
0.42181285279802971 0.29511317461729047 0.26515373811125753 0.0099838280022144336 21.911605319008231 392.87222875282168
0.42181285279802971 0.29511317461729047 0.26515373811125753 0.0099838280022144336 24.872821599245071 185.67411620169878
0.30206863409839568 0.10416258312761784 0.39474676735699177 0.018146208667010069 21.911605319008231 185.67411620169878
0.34752869326621288 0.48716400340199473 0.46479523256421096 0.015996268355287613 19.624729158356786 744.35390122234821
0.57302541560493403 0.48716400340199473 0.46479523256421096 0.015996268355287613 19.624729158356786 744.35390122234821
0.34752869326621288 0.49068256989121439 0.46479523256421096 0.015996268355287613 19.624729158356786 744.35390122234821
0.34752869326621288 0.48716400340199473 0.15261577777564528 0.015996268355287613 19.624729158356786 744.35390122234821
0.34752869326621288 0.48716400340199473 0.46479523256421096 0.0086299837546423095 19.624729158356786 744.35390122234821
0.34752869326621288 0.48716400340199473 0.46479523256421096 0.015996268355287613 25.999931760132313 744.35390122234821
0.34752869326621288 0.48716400340199473 0.46479523256421096 0.015996268355287613 19.624729158356786 683.80106966942549
0.57302541560493403 0.49068256989121439 0.15261577777564528 0.0086299837546423095 25.999931760132313 683.80106966942549
0.072542868414893741 0.15742982886731627 0.16945132948458197 0.0044321849636733534 14.654648268595338 991.42546392977238
0.11710875746794044 0.15742982886731627 0.16945132948458197 0.0044321849636733534 14.654648268595338 991.42546392977238
0.072542868414893741 0.32023845873773099 0.16945132948458197 0.0044321849636733534 14.654648268595338 991.42546392977238
0.072542868414893741 0.15742982886731627 0.20340472012758257 0.0044321849636733534 14.654648268595338 991.42546392977238
0.072542868414893741 0.15742982886731627 0.16945132948458197 0.0030607498288154605 14.654648268595338 991.42546392977238
0.072542868414893741 0.15742982886731627 0.16945132948458197 0.0044321849636733534 35.795981215313077 991.42546392977238
0.072542868414893741 0.15742982886731627 0.16945132948458197 0.0044321849636733534 14.654648268595338 889.94749393314123
0.11710875746794044 0.32023845873773099 0.20340472012758257 0.0030607498288154605 35.795981215313077 889.94749393314123
0.65843479773029678 0.37474921680986883 0.36987388618290429 0.010485335791297259 32.844170995056629 189.78202743455768
0.50914731440134342 0.37474921680986883 0.36987388618290429 0.010485335791297259 32.844170995056629 189.78202743455768
0.65843479773029678 0.28175849169492723 0.36987388618290429 0.010485335791297259 32.844170995056629 189.78202743455768
0.65843479773029678 0.37474921680986883 0.44864527061581616 0.010485335791297259 32.844170995056629 189.78202743455768
0.65843479773029678 0.37474921680986883 0.36987388618290429 0.012578188068605962 32.844170995056629 189.78202743455768
0.65843479773029678 0.37474921680986883 0.36987388618290429 0.010485335791297259 8.2481395937502384 189.78202743455768
0.65843479773029678 0.37474921680986883 0.36987388618290429 0.010485335791297259 32.844170995056629 433.5960665717721
0.50914731440134342 0.28175849169492723 0.44864527061581616 0.012578188068605962 8.2481395937502384 433.5960665717721
0.60777056617662306 0.13227936141192914 0.42451336421072483 0.013086655128933491 35.638988420367241 547.91077878326178
0.17713454584591087 0.13227936141192914 0.42451336421072483 0.013086655128933491 35.638988420367241 547.91077878326178
0.60777056617662306 0.38558569662272935 0.42451336421072483 0.013086655128933491 35.638988420367241 547.91077878326178
0.60777056617662306 0.13227936141192914 0.28982816711068154 0.013086655128933491 35.638988420367241 547.91077878326178
0.60777056617662306 0.13227936141192914 0.42451336421072483 0.00741260753069073 35.638988420367241 547.91077878326178
0.60777056617662306 0.13227936141192914 0.42451336421072483 0.013086655128933491 33.129572283476591 547.91077878326178
0.60777056617662306 0.13227936141192914 0.42451336421072483 0.013086655128933491 35.638988420367241 450.56970715522766
0.17713454584591087 0.38558569662272935 0.28982816711068154 0.00741260753069073 33.129572283476591 450.56970715522766
0.20469268658198414 0.34960332997143273 0.22418522424995901 0.0018142299219965938 8.8294335473328829 646.2674462236464
0.44777138750068834 0.34960332997143273 0.22418522424995901 0.0018142299219965938 8.8294335473328829 646.2674462236464
0.20469268658198414 0.22250245809555055 0.22418522424995901 0.0018142299219965938 8.8294335473328829 646.2674462236464
0.20469268658198414 0.34960332997143273 0.45694991797208784 0.0018142299219965938 8.8294335473328829 646.2674462236464
0.20469268658198414 0.34960332997143273 0.22418522424995901 0.017038965943455695 8.8294335473328829 646.2674462236464
0.20469268658198414 0.34960332997143273 0.22418522424995901 0.0018142299219965938 14.723313713446259 646.2674462236464
0.20469268658198414 0.34960332997143273 0.22418522424995901 0.0018142299219965938 8.8294335473328829 880.11453412473202
0.44777138750068834 0.22250245809555055 0.45694991797208784 0.017038965943455695 14.723313713446259 880.11453412473202
0.2153764246031642 0.2198653370141983 0.31631115004420285 0.018635276927240194 18.887555638328195 837.04609358683228
0.24101258651353419 0.2198653370141983 0.31631115004420285 0.018635276927240194 18.887555638328195 837.04609358683228
0.2153764246031642 0.1884551364928484 0.31631115004420285 0.018635276927240194 18.887555638328195 837.04609358683228
0.2153764246031642 0.2198653370141983 0.31242621652781966 0.018635276927240194 18.887555638328195 837.04609358683228
0.2153764246031642 0.2198653370141983 0.31631115004420285 0.011469802938587965 18.887555638328195 837.04609358683228
0.2153764246031642 0.2198653370141983 0.31631115004420285 0.018635276927240194 17.136508032679558 837.04609358683228
0.2153764246031642 0.2198653370141983 0.31631115004420285 0.018635276927240194 18.887555638328195 646.1726862937212
0.24101258651353419 0.1884551364928484 0.31242621652781966 0.011469802938587965 17.136508032679558 646.1726862937212
0.47247463385574512 0.41192074641585352 0.11676444783806801 0.0073233497418463229 28.640385262668133 288.52766212075949
0.63273135856725271 0.41192074641585352 0.11676444783806801 0.0073233497418463229 28.640385262668133 288.52766212075949
0.47247463385574512 0.40037185177206991 0.11676444783806801 0.0073233497418463229 28.640385262668133 288.52766212075949
0.47247463385574512 0.41192074641585352 0.14216441102325916 0.0073233497418463229 28.640385262668133 288.52766212075949
0.47247463385574512 0.41192074641585352 0.11676444783806801 0.0018446670733392242 28.640385262668133 288.52766212075949
0.47247463385574512 0.41192074641585352 0.11676444783806801 0.0073233497418463229 27.083336470648646 288.52766212075949
0.47247463385574512 0.41192074641585352 0.11676444783806801 0.0073233497418463229 28.640385262668133 230.22345378994942
0.63273135856725271 0.40037185177206991 0.14216441102325916 0.0018446670733392242 27.083336470648646 230.22345378994942
0.4672587774228304 0.28422887437045574 0.30658880397677424 0.016276658977195619 31.322129584848881 445.36765245720744
0.61530696842819455 0.28422887437045574 0.30658880397677424 0.016276658977195619 31.322129584848881 445.36765245720744
0.4672587774228304 0.43611340597271919 0.30658880397677424 0.016276658977195619 31.322129584848881 445.36765245720744
0.4672587774228304 0.28422887437045574 0.22361330911517144 0.016276658977195619 31.322129584848881 445.36765245720744
0.4672587774228304 0.28422887437045574 0.30658880397677424 0.012142517500370742 31.322129584848881 445.36765245720744
0.4672587774228304 0.28422887437045574 0.30658880397677424 0.016276658977195619 18.836757952347398 445.36765245720744
0.4672587774228304 0.28422887437045574 0.30658880397677424 0.016276658977195619 31.322129584848881 552.30655390769243
0.61530696842819455 0.43611340597271919 0.22361330911517144 0.012142517500370742 18.836757952347398 552.30655390769243
0.22031681817024945 0.49843549616634852 0.10779587402939797 0.0099161303324624903 13.131699377670884 571.90071605145931
0.33468946013599626 0.49843549616634852 0.10779587402939797 0.0099161303324624903 13.131699377670884 571.90071605145931
0.22031681817024945 0.17458657659590243 0.10779587402939797 0.0099161303324624903 13.131699377670884 571.90071605145931
0.22031681817024945 0.49843549616634852 0.42824142277240751 0.0099161303324624903 13.131699377670884 571.90071605145931
0.22031681817024945 0.49843549616634852 0.10779587402939797 0.0025682753341272476 13.131699377670884 571.90071605145931
0.22031681817024945 0.49843549616634852 0.10779587402939797 0.0099161303324624903 29.016124468296766 571.90071605145931
0.22031681817024945 0.49843549616634852 0.10779587402939797 0.0099161303324624903 13.131699377670884 321.35330718010664
0.33468946013599626 0.17458657659590243 0.42824142277240751 0.0025682753341272476 29.016124468296766 321.35330718010664
0.20959363975562151 0.17181446850299836 0.40307417549192903 0.010649713886156679 21.147675367072225 820.66485993564129
0.4754152598790824 0.17181446850299836 0.40307417549192903 0.010649713886156679 21.147675367072225 820.66485993564129
0.20959363975562151 0.2394955411553383 0.40307417549192903 0.010649713886156679 21.147675367072225 820.66485993564129
0.20959363975562151 0.17181446850299836 0.37745568417012698 0.010649713886156679 21.147675367072225 820.66485993564129
0.20959363975562151 0.17181446850299836 0.40307417549192903 0.0068988242566585542 21.147675367072225 820.66485993564129
0.20959363975562151 0.17181446850299836 0.40307417549192903 0.010649713886156679 31.436642615124583 820.66485993564129
0.20959363975562151 0.17181446850299836 0.40307417549192903 0.010649713886156679 21.147675367072225 522.90950622409582
0.4754152598790824 0.2394955411553383 0.37745568417012698 0.0068988242566585542 31.436642615124583 522.90950622409582
0.60251526935026045 0.36075253114104278 0.20193730778992178 0.0043258170416578647 26.394858539104462 244.07302914187312
0.073399368207901716 0.36075253114104278 0.20193730778992178 0.0043258170416578647 26.394858539104462 244.07302914187312
0.60251526935026045 0.3529686655849219 0.20193730778992178 0.0043258170416578647 26.394858539104462 244.07302914187312
0.60251526935026045 0.36075253114104278 0.16971149481832981 0.0043258170416578647 26.394858539104462 244.07302914187312
0.60251526935026045 0.36075253114104278 0.20193730778992178 0.01647426086757332 26.394858539104462 244.07302914187312
0.60251526935026045 0.36075253114104278 0.20193730778992178 0.0043258170416578647 12.783198311924934 244.07302914187312
0.60251526935026045 0.36075253114104278 0.20193730778992178 0.0043258170416578647 26.394858539104462 796.46225366741419
0.073399368207901716 0.3529686655849219 0.16971149481832981 0.01647426086757332 12.783198311924934 796.46225366741419
0.6532563670538365 0.14628901928663254 0.15344883538782597 0.0019979062257334591 27.117382727563381 374.51356332749128
0.41546786315739148 0.14628901928663254 0.15344883538782597 0.0019979062257334591 27.117382727563381 374.51356332749128
0.6532563670538365 0.2553921014070511 0.15344883538782597 0.0019979062257334591 27.117382727563381 374.51356332749128
0.6532563670538365 0.14628901928663254 0.31681482531130312 0.0019979062257334591 27.117382727563381 374.51356332749128
0.6532563670538365 0.14628901928663254 0.15344883538782597 0.0038453212002292278 27.117382727563381 374.51356332749128
0.6532563670538365 0.14628901928663254 0.15344883538782597 0.0019979062257334591 37.618905819952488 374.51356332749128
0.6532563670538365 0.14628901928663254 0.15344883538782597 0.0019979062257334591 27.117382727563381 983.50468277931213
0.41546786315739148 0.2553921014070511 0.31681482531130312 0.0038453212002292278 37.618905819952488 983.50468277931213
0.077520687738433486 0.33520724251866341 0.35468622334301469 0.012999660873040558 17.365460583940148 697.92162189260125
0.13453568406403066 0.33520724251866341 0.35468622334301469 0.012999660873040558 17.365460583940148 697.92162189260125
0.077520687738433486 0.34348070435225964 0.35468622334301469 0.012999660873040558 17.365460583940148 697.92162189260125
0.077520687738433486 0.33520724251866341 0.13718982301652433 0.012999660873040558 17.365460583940148 697.92162189260125
0.077520687738433486 0.33520724251866341 0.35468622334301469 0.013491006109118462 17.365460583940148 697.92162189260125
0.077520687738433486 0.33520724251866341 0.35468622334301469 0.012999660873040558 10.292627682909369 697.92162189260125
0.077520687738433486 0.33520724251866341 0.35468622334301469 0.012999660873040558 17.365460583940148 343.00861619412899
0.13453568406403066 0.34348070435225964 0.13718982301652433 0.013491006109118462 10.292627682909369 343.00861619412899
0.35238726157695049 0.20860529206693174 0.26243363842368128 0.0076230385726317766 10.351531283929944 890.42031625285745
0.67675820933654895 0.20860529206693174 0.26243363842368128 0.0076230385726317766 10.351531283929944 890.42031625285745
0.35238726157695049 0.4705646567046643 0.26243363842368128 0.0076230385726317766 10.351531283929944 890.42031625285745
0.35238726157695049 0.20860529206693174 0.28171643614768982 0.0076230385726317766 10.351531283929944 890.42031625285745
0.35238726157695049 0.20860529206693174 0.26243363842368128 0.017821474890597166 10.351531283929944 890.42031625285745
0.35238726157695049 0.20860529206693174 0.26243363842368128 0.0076230385726317766 20.096001747995615 890.42031625285745
0.35238726157695049 0.20860529206693174 0.26243363842368128 0.0076230385726317766 10.351531283929944 112.77808733284473
0.67675820933654895 0.4705646567046643 0.28171643614768982 0.017821474890597166 20.096001747995615 112.77808733284473
0.41651517110876735 0.422792074456811 0.46132746413350112 0.018586952923610806 37.161995425820351 116.95349048823118
0.27442718194797633 0.422792074456811 0.46132746413350112 0.018586952923610806 37.161995425820351 116.95349048823118
0.41651517110876735 0.13365330584347249 0.46132746413350112 0.018586952923610806 37.161995425820351 116.95349048823118
0.41651517110876735 0.422792074456811 0.4644757531583309 0.018586952923610806 37.161995425820351 116.95349048823118
0.41651517110876735 0.422792074456811 0.46132746413350112 0.0081769936464726935 37.161995425820351 116.95349048823118
0.41651517110876735 0.422792074456811 0.46132746413350112 0.018586952923610806 23.948115484789014 116.95349048823118
0.41651517110876735 0.422792074456811 0.46132746413350112 0.018586952923610806 37.161995425820351 767.80358627438545
0.27442718194797633 0.13365330584347249 0.4644757531583309 0.0081769936464726935 23.948115484789014 767.80358627438545
0.38997332332655782 0.18150375187397005 0.28051740191876889 0.013885759469866754 13.641591642051935 281.46651806309819
0.41849927557632322 0.18150375187397005 0.28051740191876889 0.013885759469866754 13.641591642051935 281.46651806309819
0.38997332332655782 0.28479252532124522 0.28051740191876889 0.013885759469866754 13.641591642051935 281.46651806309819
0.38997332332655782 0.18150375187397005 0.32742772586643698 0.013885759469866754 13.641591642051935 281.46651806309819
0.38997332332655782 0.18150375187397005 0.28051740191876889 0.015804475953616202 13.641591642051935 281.46651806309819
0.38997332332655782 0.18150375187397005 0.28051740191876889 0.013885759469866754 25.644040789455175 281.46651806309819
0.38997332332655782 0.18150375187397005 0.28051740191876889 0.013885759469866754 13.641591642051935 661.01579796522856
0.41849927557632322 0.28479252532124522 0.32742772586643698 0.015804475953616202 25.644040789455175 661.01579796522856
0.30045943432487543 0.39881724938750274 0.48015890829265118 0.00040817966107279063 33.890013156458735 857.99957830458879
0.21149466587230559 0.39881724938750274 0.48015890829265118 0.00040817966107279063 33.890013156458735 857.99957830458879
0.30045943432487543 0.32327255047857761 0.48015890829265118 0.00040817966107279063 33.890013156458735 857.99957830458879
0.30045943432487543 0.39881724938750274 0.11954414658248425 0.00040817966107279063 33.890013156458735 857.99957830458879
0.30045943432487543 0.39881724938750274 0.48015890829265118 0.0061722311750054357 33.890013156458735 857.99957830458879
0.30045943432487543 0.39881724938750274 0.48015890829265118 0.00040817966107279063 22.253301927819848 857.99957830458879
0.30045943432487543 0.39881724938750274 0.48015890829265118 0.00040817966107279063 33.890013156458735 218.68568528443575
0.21149466587230559 0.32327255047857761 0.11954414658248425 0.0061722311750054357 22.253301927819848 218.68568528443575
0.12976904567331077 0.2690889608114958 0.18481346666812898 0.019397293331474066 23.830523585900664 653.21891475468874
0.63915439117699857 0.2690889608114958 0.18481346666812898 0.019397293331474066 23.830523585900664 653.21891475468874
0.12976904567331077 0.48768485337495804 0.18481346666812898 0.019397293331474066 23.830523585900664 653.21891475468874
0.12976904567331077 0.2690889608114958 0.27345793396234513 0.019397293331474066 23.830523585900664 653.21891475468874
0.12976904567331077 0.2690889608114958 0.18481346666812898 0.00060298319775611169 23.830523585900664 653.21891475468874
0.12976904567331077 0.2690889608114958 0.18481346666812898 0.019397293331474066 9.5273785591125488 653.21891475468874
0.12976904567331077 0.2690889608114958 0.18481346666812898 0.019397293331474066 23.830523585900664 463.85762039572001
0.63915439117699857 0.48768485337495804 0.27345793396234513 0.00060298319775611169 9.5273785591125488 463.85762039572001
0.68011874551884821 0.4611339081078768 0.38523603528738026 0.0059592166813090446 20.641558703035116 526.62708731368184
0.22950155306607484 0.4611339081078768 0.38523603528738026 0.0059592166813090446 20.641558703035116 526.62708731368184
0.68011874551884821 0.10116483233869077 0.38523603528738026 0.0059592166813090446 20.641558703035116 526.62708731368184
0.68011874551884821 0.4611339081078768 0.47820147946476943 0.0059592166813090446 20.641558703035116 526.62708731368184
0.68011874551884821 0.4611339081078768 0.38523603528738026 0.010236431641131642 20.641558703035116 526.62708731368184
0.68011874551884821 0.4611339081078768 0.38523603528738026 0.0059592166813090446 34.502547664567828 526.62708731368184
0.68011874551884821 0.4611339081078768 0.38523603528738026 0.0059592166813090446 20.641558703035116 863.53330072015524
0.22950155306607484 0.10116483233869077 0.47820147946476943 0.010236431641131642 34.502547664567828 863.53330072015524
0.56835858407430351 0.24432606957852843 0.43362703919410706 0.0082487422564998282 17.846170861274004 211.46214604377747
0.53866289230063558 0.24432606957852843 0.43362703919410706 0.0082487422564998282 17.846170861274004 211.46214604377747
0.56835858407430351 0.40339230000972748 0.43362703919410706 0.0082487422564998282 17.846170861274004 211.46214604377747
0.56835858407430351 0.24432606957852843 0.23176267519593241 0.0082487422564998282 17.846170861274004 211.46214604377747
0.56835858407430351 0.24432606957852843 0.43362703919410706 0.0098317503787577164 17.846170861274004 211.46214604377747
0.56835858407430351 0.24432606957852843 0.43362703919410706 0.0082487422564998282 14.361885434016585 211.46214604377747
0.56835858407430351 0.24432606957852843 0.43362703919410706 0.0082487422564998282 17.846170861274004 903.24822477996349
0.53866289230063558 0.40339230000972748 0.23176267519593241 0.0098317503787577164 14.361885434016585 903.24822477996349
0.16019731406122445 0.43638779856264598 0.23329888731241227 0.017086298067867756 29.656312299892306 984.87021466717124
0.33134314687922595 0.43638779856264598 0.23329888731241227 0.017086298067867756 29.656312299892306 984.87021466717124
0.16019731406122445 0.19147555045783521 0.23329888731241227 0.017086298067867756 29.656312299892306 984.87021466717124
0.16019731406122445 0.43638779856264598 0.41462483257055283 0.017086298067867756 29.656312299892306 984.87021466717124
0.16019731406122445 0.43638779856264598 0.23329888731241227 0.019419422275014222 29.656312299892306 984.87021466717124
0.16019731406122445 0.43638779856264598 0.23329888731241227 0.017086298067867756 33.476806424558163 984.87021466717124
0.16019731406122445 0.43638779856264598 0.23329888731241227 0.017086298067867756 29.656312299892306 417.00029224157333
0.33134314687922595 0.19147555045783521 0.41462483257055283 0.019419422275014222 33.476806424558163 417.00029224157333
0.27002861858345567 0.10664349049329758 0.32542329989373686 0.0027402296351268889 34.626841565594077 723.88246646150947
0.52065578959882253 0.10664349049329758 0.32542329989373686 0.0027402296351268889 34.626841565594077 723.88246646150947
0.27002861858345567 0.21944528743624689 0.32542329989373686 0.0027402296351268889 34.626841565594077 723.88246646150947
0.27002861858345567 0.10664349049329758 0.36697626225650315 0.0027402296351268889 34.626841565594077 723.88246646150947
0.27002861858345567 0.10664349049329758 0.32542329989373686 0.013850254438817503 34.626841565594077 723.88246646150947
0.27002861858345567 0.10664349049329758 0.32542329989373686 0.0027402296351268889 28.368028255179524 723.88246646150947
0.27002861858345567 0.10664349049329758 0.32542329989373686 0.0027402296351268889 34.626841565594077 200.50268694758415
0.52065578959882253 0.21944528743624689 0.36697626225650315 0.013850254438817503 28.368028255179524 200.50268694758415
0.50173093741759656 0.3239737696945667 0.1258765857666731 0.011537073791772129 9.8743695132434368 400.4156306385994
0.1106882806867361 0.3239737696945667 0.1258765857666731 0.011537073791772129 9.8743695132434368 400.4156306385994
0.50173093741759656 0.38252858407795431 0.1258765857666731 0.011537073791772129 9.8743695132434368 400.4156306385994
0.50173093741759656 0.3239737696945667 0.18722369261085989 0.011537073791772129 9.8743695132434368 400.4156306385994
0.50173093741759656 0.3239737696945667 0.1258765857666731 0.0042637769872322677 9.8743695132434368 400.4156306385994
0.50173093741759656 0.3239737696945667 0.1258765857666731 0.011537073791772129 15.837622333317995 400.4156306385994
0.50173093741759656 0.3239737696945667 0.1258765857666731 0.011537073791772129 9.8743695132434368 672.27611877024174
0.1106882806867361 0.38252858407795431 0.18722369261085989 0.0042637769872322677 15.837622333317995 672.27611877024174
0.52978675281628962 0.124124388769269 0.48925624825060365 0.0066084687789902093 25.5829285569489 954.40617250278592
0.36239925557747477 0.124124388769269 0.48925624825060365 0.0066084687789902093 25.5829285569489 954.40617250278592
0.52978675281628962 0.20471066720783712 0.48925624825060365 0.0066084687789902093 25.5829285569489 954.40617250278592
0.52978675281628962 0.124124388769269 0.10603500418365003 0.0066084687789902093 25.5829285569489 954.40617250278592
0.52978675281628962 0.124124388769269 0.48925624825060365 0.012830238926038148 25.5829285569489 954.40617250278592
0.52978675281628962 0.124124388769269 0.48925624825060365 0.0066084687789902093 16.703146371990442 954.40617250278592
0.52978675281628962 0.124124388769269 0.48925624825060365 0.0066084687789902093 25.5829285569489 946.33458498865366
0.36239925557747477 0.20471066720783712 0.10603500418365003 0.012830238926038148 16.703146371990442 946.33458498865366
0.28287485451437527 0.30687977783381937 0.29036547429859638 0.017570947155728937 22.386525405570865 180.88427428156137
0.59259473914280536 0.30687977783381937 0.29036547429859638 0.017570947155728937 22.386525405570865 180.88427428156137
0.28287485451437527 0.39318452998995779 0.29036547429859638 0.017570947155728937 22.386525405570865 180.88427428156137
0.28287485451437527 0.30687977783381937 0.34816343076527123 0.017570947155728937 22.386525405570865 180.88427428156137
0.28287485451437527 0.30687977783381937 0.29036547429859638 0.0032727794690057639 22.386525405570865 180.88427428156137
0.28287485451437527 0.30687977783381937 0.29036547429859638 0.017570947155728937 27.385145055130124 180.88427428156137
0.28287485451437527 0.30687977783381937 0.29036547429859638 0.017570947155728937 22.386525405570865 377.48320456594229
0.59259473914280536 0.39318452998995779 0.34816343076527123 0.0032727794690057639 27.385145055130124 377.48320456594229
0.14768771622329949 0.23661232218146325 0.39511452540755276 0.0022194007528945807 11.892848333343863 429.67419419437647
0.055405697226524359 0.23661232218146325 0.39511452540755276 0.0022194007528945807 11.892848333343863 429.67419419437647
0.14768771622329949 0.42086130790412424 0.39511452540755276 0.0022194007528945807 11.892848333343863 429.67419419437647
0.14768771622329949 0.23661232218146325 0.49581521227955816 0.0022194007528945807 11.892848333343863 429.67419419437647
0.14768771622329949 0.23661232218146325 0.39511452540755276 0.0088408143032342214 11.892848333343863 429.67419419437647
0.14768771622329949 0.23661232218146325 0.39511452540755276 0.0022194007528945807 32.581542499363422 429.67419419437647
0.14768771622329949 0.23661232218146325 0.39511452540755276 0.0022194007528945807 11.892848333343863 129.23167776316404
0.055405697226524359 0.42086130790412424 0.49581521227955816 0.0088408143032342214 32.581542499363422 129.23167776316404
0.54059973391704252 0.44448978602886202 0.19388018921017647 0.013222590784356 32.134060572832823 753.02740829065442
0.488250184059143 0.44448978602886202 0.19388018921017647 0.013222590784356 32.134060572832823 753.02740829065442
0.54059973391704252 0.18433521687984467 0.19388018921017647 0.013222590784356 32.134060572832823 753.02740829065442
0.54059973391704252 0.44448978602886202 0.25057076364755632 0.013222590784356 32.134060572832823 753.02740829065442
0.54059973391704252 0.44448978602886202 0.19388018921017647 0.018399496381543576 32.134060572832823 753.02740829065442
0.54059973391704252 0.44448978602886202 0.19388018921017647 0.013222590784356 15.373707434162498 753.02740829065442
0.54059973391704252 0.44448978602886202 0.19388018921017647 0.013222590784356 32.134060572832823 739.85855747014284
0.488250184059143 0.18433521687984467 0.25057076364755632 0.018399496381543576 15.373707434162498 739.85855747014284
0.67259301091544321 0.26098315790295601 0.2486157111823559 0.010890846474841238 36.379075322300196 884.62152704596519
0.15756779750809072 0.26098315790295601 0.2486157111823559 0.010890846474841238 36.379075322300196 884.62152704596519
0.67259301091544321 0.4865991737693548 0.2486157111823559 0.010890846474841238 36.379075322300196 884.62152704596519
0.67259301091544321 0.26098315790295601 0.40939320176839833 0.010890846474841238 36.379075322300196 884.62152704596519
0.67259301091544321 0.26098315790295601 0.2486157111823559 0.0019033603629097344 36.379075322300196 884.62152704596519
0.67259301091544321 0.26098315790295601 0.2486157111823559 0.010890846474841238 35.481582341715693 884.62152704596519
0.67259301091544321 0.26098315790295601 0.2486157111823559 0.010890846474841238 36.379075322300196 589.84047994017601
0.15756779750809072 0.4865991737693548 0.40939320176839833 0.0019033603629097344 35.481582341715693 589.84047994017601
0.096867563389241684 0.46885299533605573 0.44975563064217572 0.0045683850144967435 11.619392989203334 307.97463720664382
0.38743822714313858 0.46885299533605573 0.44975563064217572 0.0045683850144967435 11.619392989203334 307.97463720664382
0.096867563389241684 0.12468856126070023 0.44975563064217572 0.0045683850144967435 11.619392989203334 307.97463720664382
0.096867563389241684 0.46885299533605573 0.24226774349808694 0.0045683850144967435 11.619392989203334 307.97463720664382
0.096867563389241684 0.46885299533605573 0.44975563064217572 0.011565817506983878 11.619392989203334 307.97463720664382
0.096867563389241684 0.46885299533605573 0.44975563064217572 0.0045683850144967435 8.6652452796697617 307.97463720664382
0.096867563389241684 0.46885299533605573 0.44975563064217572 0.0045683850144967435 11.619392989203334 286.39129437506199
0.38743822714313858 0.12468856126070023 0.24226774349808694 0.011565817506983878 8.6652452796697617 286.39129437506199
0.33369747721590098 0.19859240390360355 0.14197455681860449 0.015281727245077493 16.097599660977721 500.5574724636972
0.26191209834069012 0.19859240390360355 0.14197455681860449 0.015281727245077493 16.097599660977721 500.5574724636972
0.33369747721590098 0.2893938425928354 0.14197455681860449 0.015281727245077493 16.097599660977721 500.5574724636972
0.33369747721590098 0.19859240390360355 0.188356788828969 0.015281727245077493 16.097599660977721 500.5574724636972
0.33369747721590098 0.19859240390360355 0.14197455681860449 0.017133781494013966 16.097599660977721 500.5574724636972
0.33369747721590098 0.19859240390360355 0.14197455681860449 0.015281727245077493 21.244497859850526 500.5574724636972
0.33369747721590098 0.19859240390360355 0.14197455681860449 0.015281727245077493 16.097599660977721 506.84742443263531
0.26191209834069012 0.2893938425928354 0.188356788828969 0.017133781494013966 21.244497859850526 506.84742443263531
0.39779594568535681 0.38134016655385494 0.34077053852379324 0.0089197626261040587 27.900302048772573 627.03567817807198
0.69443199615925544 0.38134016655385494 0.34077053852379324 0.0089197626261040587 27.900302048772573 627.03567817807198
0.39779594568535681 0.30248318389058115 0.34077053852379324 0.0089197626261040587 27.900302048772573 627.03567817807198
0.39779594568535681 0.38134016655385494 0.35861660353839397 0.0089197626261040587 27.900302048772573 627.03567817807198
0.39779594568535681 0.38134016655385494 0.34077053852379324 0.0074725376036018139 27.900302048772573 627.03567817807198
0.39779594568535681 0.38134016655385494 0.34077053852379324 0.0089197626261040587 26.534913491457701 627.03567817807198
0.39779594568535681 0.38134016655385494 0.34077053852379324 0.0089197626261040587 27.900302048772573 823.89217764139175
0.69443199615925544 0.30248318389058115 0.35861660353839397 0.0074725376036018139 26.534913491457701 823.89217764139175
0.44932746696285897 0.2229558490216732 0.12294780015945435 0.0037544975997880104 19.388117335736752 671.82377679273486
0.1834259696304798 0.2229558490216732 0.12294780015945435 0.0037544975997880104 19.388117335736752 671.82377679273486
0.44932746696285897 0.45368313677608973 0.12294780015945435 0.0037544975997880104 19.388117335736752 671.82377679273486
0.44932746696285897 0.2229558490216732 0.4457872778177262 0.0037544975997880104 19.388117335736752 671.82377679273486
0.44932746696285897 0.2229558490216732 0.12294780015945435 0.018831812993250787 19.388117335736752 671.82377679273486
0.44932746696285897 0.2229558490216732 0.12294780015945435 0.0037544975997880104 23.08190524764359 671.82377679273486
0.44932746696285897 0.2229558490216732 0.12294780015945435 0.0037544975997880104 19.388117335736752 942.10446979850531
0.1834259696304798 0.45368313677608973 0.4457872778177262 0.018831812993250787 23.08190524764359 942.10446979850531
0.35984364617615933 0.40882994830608366 0.32249146252870564 0.01255277714058757 24.627862462773919 348.30188192427158
0.44157043471932406 0.40882994830608366 0.32249146252870564 0.01255277714058757 24.627862462773919 348.30188192427158
0.35984364617615933 0.14216232821345332 0.32249146252870564 0.01255277714058757 24.627862462773919 348.30188192427158
0.35984364617615933 0.40882994830608366 0.20040339156985285 0.01255277714058757 24.627862462773919 348.30188192427158
0.35984364617615933 0.40882994830608366 0.32249146252870564 0.0091776685748249306 24.627862462773919 348.30188192427158
0.35984364617615933 0.40882994830608366 0.32249146252870564 0.01255277714058757 21.080028910189867 348.30188192427158
0.35984364617615933 0.40882994830608366 0.32249146252870564 0.01255277714058757 24.627862462773919 387.75494191795588
0.44157043471932406 0.14216232821345332 0.20040339156985285 0.0091776685748249306 21.080028910189867 387.75494191795588
0.069767415383830661 0.13544340617954731 0.2178705867379904 0.0080269459003582608 33.092673497274518 143.60535927116871
0.24713504472747444 0.13544340617954731 0.2178705867379904 0.0080269459003582608 33.092673497274518 143.60535927116871
0.069767415383830661 0.26875803284347055 0.2178705867379904 0.0080269459003582608 33.092673497274518 143.60535927116871
0.069767415383830661 0.13544340617954731 0.15587965287268163 0.0080269459003582608 33.092673497274518 143.60535927116871
0.069767415383830661 0.13544340617954731 0.2178705867379904 0.0048459158031269912 33.092673497274518 143.60535927116871
0.069767415383830661 0.13544340617954731 0.2178705867379904 0.0080269459003582608 11.188578700646758 143.60535927116871
0.069767415383830661 0.13544340617954731 0.2178705867379904 0.0080269459003582608 33.092673497274518 182.24021811038256
0.24713504472747444 0.26875803284347055 0.15587965287268163 0.0048459158031269912 11.188578700646758 182.24021811038256
0.62010751059278846 0.34643957130610947 0.4181956868618727 0.016863065737485885 14.895033791661263 916.95857001468539
0.62667959788814187 0.34643957130610947 0.4181956868618727 0.016863065737485885 14.895033791661263 916.95857001468539
0.62010751059278846 0.33223727047443391 0.4181956868618727 0.016863065737485885 14.895033791661263 916.95857001468539
0.62010751059278846 0.34643957130610947 0.39812346361577511 0.016863065737485885 14.895033791661263 916.95857001468539
0.62010751059278846 0.34643957130610947 0.4181956868618727 0.01450127347521484 14.895033791661263 916.95857001468539
0.62010751059278846 0.34643957130610947 0.4181956868618727 0.016863065737485885 36.605938963592052 916.95857001468539
0.62010751059278846 0.34643957130610947 0.4181956868618727 0.016863065737485885 14.895033791661263 694.86917834728956
0.62667959788814187 0.33223727047443391 0.39812346361577511 0.01450127347521484 36.605938963592052 694.86917834728956
0.58959952844306829 0.16058900691568853 0.3635576333850622 0.019156463161855937 8.5918020382523537 601.1894142255187
0.30859186705201858 0.16058900691568853 0.3635576333850622 0.019156463161855937 8.5918020382523537 601.1894142255187
0.58959952844306829 0.23469741009175779 0.3635576333850622 0.019156463161855937 8.5918020382523537 601.1894142255187
0.58959952844306829 0.16058900691568853 0.1384030517190695 0.019156463161855937 8.5918020382523537 601.1894142255187
0.58959952844306829 0.16058900691568853 0.3635576333850622 0.0055887696813791991 8.5918020382523537 601.1894142255187
0.58959952844306829 0.16058900691568853 0.3635576333850622 0.019156463161855937 11.803476542234421 601.1894142255187
0.58959952844306829 0.16058900691568853 0.3635576333850622 0.019156463161855937 8.5918020382523537 621.64466269314289
0.30859186705201858 0.23469741009175779 0.1384030517190695 0.0055887696813791991 11.803476542234421 621.64466269314289
0.18144848295487465 0.37158975265920169 0.16313201300799846 0.0057169505374506119 35.395056122913957 474.54251432791352
0.56641174312680953 0.37158975265920169 0.16313201300799846 0.0057169505374506119 35.395056122913957 474.54251432791352
0.18144848295487465 0.37277991920709608 0.16313201300799846 0.0057169505374506119 35.395056122913957 474.54251432791352
0.18144848295487465 0.37158975265920169 0.30876565910875797 0.0057169505374506119 35.395056122913957 474.54251432791352
0.18144848295487465 0.37158975265920169 0.16313201300799846 0.015154552411846819 35.395056122913957 474.54251432791352
0.18144848295487465 0.37158975265920169 0.16313201300799846 0.0057169505374506119 32.299920750781894 474.54251432791352
0.18144848295487465 0.37158975265920169 0.16313201300799846 0.0057169505374506119 35.395056122913957 248.32232967019081
0.56641174312680953 0.37277991920709608 0.30876565910875797 0.015154552411846819 32.299920750781894 248.32232967019081
0.24816500972956418 0.29819939211010937 0.47098022401332862 0.014880993621051313 28.888098748400807 213.58054215088487
0.12348291939124464 0.29819939211010937 0.47098022401332862 0.014880993621051313 28.888098748400807 213.58054215088487
0.24816500972956418 0.43817719854414461 0.47098022401332862 0.014880993621051313 28.888098748400807 213.58054215088487
0.24816500972956418 0.29819939211010937 0.45955466255545618 0.014880993621051313 28.888098748400807 213.58054215088487
0.24816500972956418 0.29819939211010937 0.47098022401332862 0.010822870487347246 28.888098748400807 213.58054215088487
0.24816500972956418 0.29819939211010937 0.47098022401332862 0.014880993621051313 30.025614734739065 213.58054215088487
0.24816500972956418 0.29819939211010937 0.47098022401332862 0.014880993621051313 28.888098748400807 481.63245022296906
0.12348291939124464 0.43817719854414461 0.45955466255545618 0.010822870487347246 30.025614734739065 481.63245022296906
0.47983788023702795 0.48407807201147079 0.27133566588163377 0.0014048491964116694 19.128737330436707 790.05875792354345
0.50270241862162945 0.48407807201147079 0.27133566588163377 0.0014048491964116694 19.128737330436707 790.05875792354345
0.47983788023702795 0.15125966146588327 0.27133566588163377 0.0014048491964116694 19.128737330436707 790.05875792354345
0.47983788023702795 0.48407807201147079 0.2923015892505646 0.0014048491964116694 19.128737330436707 790.05875792354345
0.47983788023702795 0.48407807201147079 0.27133566588163377 0.0012583103781566025 19.128737330436707 790.05875792354345
0.47983788023702795 0.48407807201147079 0.27133566588163377 0.0014048491964116694 17.944741288200021 790.05875792354345
0.47983788023702795 0.48407807201147079 0.27133566588163377 0.0014048491964116694 19.128737330436707 841.30428396165371
0.50270241862162945 0.15125966146588327 0.2923015892505646 0.0012583103781566025 17.944741288200021 841.30428396165371
0.49235015860758713 0.16319792792201043 0.17573657035827639 0.0094639556862413897 37.701596843078732 930.3958747535944
0.06641117664985359 0.16319792792201043 0.17573657035827639 0.0094639556862413897 37.701596843078732 930.3958747535944
0.49235015860758713 0.14468478709459306 0.17573657035827639 0.0094639556862413897 37.701596843078732 930.3958747535944
0.49235015860758713 0.16319792792201043 0.33950821086764338 0.0094639556862413897 37.701596843078732 930.3958747535944
0.49235015860758713 0.16319792792201043 0.17573657035827639 0.01167348529621959 37.701596843078732 930.3958747535944
0.49235015860758713 0.16319792792201043 0.17573657035827639 0.0094639556862413897 10.765521919354796 930.3958747535944
0.49235015860758713 0.16319792792201043 0.17573657035827639 0.0094639556862413897 37.701596843078732 426.99789358302951
0.06641117664985359 0.14468478709459306 0.33950821086764338 0.01167348529621959 10.765521919354796 426.99789358302951
0.23652302548289295 0.35531000494956977 0.37608897238969807 0.015477117271907629 10.078945562243462 128.8623015396297
0.47860354217700651 0.35531000494956977 0.37608897238969807 0.015477117271907629 10.078945562243462 128.8623015396297
0.23652302548289295 0.45660224221646784 0.37608897238969807 0.015477117271907629 10.078945562243462 128.8623015396297
0.23652302548289295 0.35531000494956977 0.10668241083621979 0.015477117271907629 10.078945562243462 128.8623015396297
0.23652302548289295 0.35531000494956977 0.37608897238969807 0.0014901705401018264 10.078945562243462 128.8623015396297
0.23652302548289295 0.35531000494956977 0.37608897238969807 0.015477117271907629 37.146015159785748 128.8623015396297
0.23652302548289295 0.35531000494956977 0.37608897238969807 0.015477117271907629 10.078945562243462 899.18346023187041
0.47860354217700651 0.45660224221646784 0.10668241083621979 0.0014901705401018264 37.146015159785748 899.18346023187041
0.18386409808881582 0.27566077895462515 0.28393860422074796 0.0050731479391455652 16.70406161993742 335.35826457664371
0.37339485310949377 0.27566077895462515 0.28393860422074796 0.0050731479391455652 16.70406161993742 335.35826457664371
0.18386409808881582 0.32931534722447398 0.28393860422074796 0.0050731479391455652 16.70406161993742 335.35826457664371
0.18386409808881582 0.27566077895462515 0.26215585134923458 0.0050731479391455652 16.70406161993742 335.35826457664371
0.18386409808881582 0.27566077895462515 0.28393860422074796 0.007058512145280838 16.70406161993742 335.35826457664371
0.18386409808881582 0.27566077895462515 0.28393860422074796 0.0050731479391455652 24.420092405751348 335.35826457664371
0.18386409808881582 0.27566077895462515 0.28393860422074796 0.0050731479391455652 16.70406161993742 683.37248703464866
0.37339485310949377 0.32931534722447398 0.26215585134923458 0.007058512145280838 24.420092405751348 683.37248703464866
0.58821305381134148 0.49294376187026501 0.4835099440068007 0.01112566191647202 27.519025841727853 686.94980032742023
0.58293806039728224 0.49294376187026501 0.4835099440068007 0.01112566191647202 27.519025841727853 686.94980032742023
0.58821305381134148 0.26623284853994844 0.4835099440068007 0.01112566191647202 27.519025841727853 686.94980032742023
0.58821305381134148 0.49294376187026501 0.49184731282293803 0.01112566191647202 27.519025841727853 686.94980032742023
0.58821305381134148 0.49294376187026501 0.4835099440068007 0.017243040228821338 27.519025841727853 686.94980032742023
0.58821305381134148 0.49294376187026501 0.4835099440068007 0.01112566191647202 19.624028403311968 686.94980032742023
0.58821305381134148 0.49294376187026501 0.4835099440068007 0.01112566191647202 27.519025841727853 197.53642110154033
0.58293806039728224 0.26623284853994844 0.49184731282293803 0.017243040228821338 19.624028403311968 197.53642110154033
0.63895507166162124 0.20003452338278294 0.33512046001851559 0.013746104318089784 25.968754293397069 775.35732472315431
0.27123895897530015 0.20003452338278294 0.33512046001851559 0.013746104318089784 25.968754293397069 775.35732472315431
0.63895507166162124 0.36400463506579406 0.33512046001851559 0.013746104318089784 25.968754293397069 775.35732472315431
0.63895507166162124 0.20003452338278294 0.24467304684221747 0.013746104318089784 25.968754293397069 775.35732472315431
0.63895507166162124 0.20003452338278294 0.33512046001851559 0.0027575366357341412 25.968754293397069 775.35732472315431
0.63895507166162124 0.20003452338278294 0.33512046001851559 0.013746104318089784 29.488973554223776 775.35732472315431
0.63895507166162124 0.20003452338278294 0.33512046001851559 0.013746104318089784 25.968754293397069 236.8131929077208
0.27123895897530015 0.36400463506579406 0.24467304684221747 0.0027575366357341412 29.488973554223776 236.8131929077208
0.051795165659859782 0.41729767285287378 0.13545470349490643 0.0024741752259433273 21.782780915498734 226.94875653833151
0.68374630524776869 0.41729767285287378 0.13545470349490643 0.0024741752259433273 21.782780915498734 226.94875653833151
0.051795165659859782 0.22552540786564351 0.13545470349490643 0.0024741752259433273 21.782780915498734 226.94875653833151
0.051795165659859782 0.41729767285287378 0.40249571166932585 0.0024741752259433273 21.782780915498734 226.94875653833151
0.051795165659859782 0.41729767285287378 0.13545470349490643 0.013031648954749109 21.782780915498734 226.94875653833151
0.051795165659859782 0.41729767285287378 0.13545470349490643 0.0024741752259433273 18.363912442699075 226.94875653833151
0.051795165659859782 0.41729767285287378 0.13545470349490643 0.0024741752259433273 21.782780915498734 636.95588605478406
0.68374630524776869 0.22552540786564351 0.40249571166932585 0.013031648954749109 18.363912442699075 636.95588605478406
0.36859438903629776 0.13766904249787332 0.43082306087017064 0.018135099321044981 13.437845177948475 489.7376349195838
0.1669045351911336 0.13766904249787332 0.43082306087017064 0.018135099321044981 13.437845177948475 489.7376349195838
0.36859438903629776 0.16042875945568086 0.43082306087017064 0.018135099321044981 13.437845177948475 489.7376349195838
0.36859438903629776 0.13766904249787332 0.3532814085483551 0.018135099321044981 13.437845177948475 489.7376349195838
0.36859438903629776 0.13766904249787332 0.43082306087017064 0.018599910418875515 13.437845177948475 489.7376349195838
0.36859438903629776 0.13766904249787332 0.43082306087017064 0.018135099321044981 13.255133658647537 489.7376349195838
0.36859438903629776 0.13766904249787332 0.43082306087017064 0.018135099321044981 13.437845177948475 880.56225599721074
0.1669045351911336 0.16042875945568086 0.3532814085483551 0.018599910418875515 13.255133658647537 880.56225599721074
0.44161057188175612 0.32976128607988359 0.23037586659193041 0.0068226093411445617 30.814256632700562 588.20416564121842
0.37676256825216109 0.32976128607988359 0.23037586659193041 0.0068226093411445617 30.814256632700562 588.20416564121842
0.44161057188175612 0.44694948606193063 0.23037586659193041 0.0068226093411445617 30.814256632700562 588.20416564121842
0.44161057188175612 0.32976128607988359 0.19857479557394983 0.0068226093411445617 30.814256632700562 588.20416564121842
0.44161057188175612 0.32976128607988359 0.23037586659193041 0.0083270206473767764 30.814256632700562 588.20416564121842
0.44161057188175612 0.32976128607988359 0.23037586659193041 0.0068226093411445617 30.964710844680667 588.20416564121842
0.44161057188175612 0.32976128607988359 0.23037586659193041 0.0068226093411445617 30.814256632700562 438.69899520650506
0.37676256825216109 0.44694948606193063 0.19857479557394983 0.0083270206473767764 30.964710844680667 438.69899520650506
0.41443053456023332 0.26515972800552845 0.41216327883303172 0.00088903716988861562 9.2102812435477972 766.46583620458841
0.23776855119504031 0.26515972800552845 0.41216327883303172 0.00088903716988861562 9.2102812435477972 766.46583620458841
0.41443053456023332 0.39649423509836201 0.41216327883303172 0.00088903716988861562 9.2102812435477972 766.46583620458841
0.41443053456023332 0.26515972800552845 0.21225609071552753 0.00088903716988861562 9.2102812435477972 766.46583620458841
0.41443053456023332 0.26515972800552845 0.41216327883303172 0.015664416685141624 9.2102812435477972 766.46583620458841
0.41443053456023332 0.26515972800552845 0.41216327883303172 0.00088903716988861562 33.949655957520008 766.46583620458841
0.41443053456023332 0.26515972800552845 0.41216327883303172 0.00088903716988861562 9.2102812435477972 332.79148107394576
0.23776855119504031 0.39649423509836201 0.21225609071552753 0.015664416685141624 33.949655957520008 332.79148107394576
0.31602900181896981 0.45412831120193009 0.21095009334385395 0.014637848857603969 35.023735325783491 414.93226634338498
0.63724615522660311 0.45412831120193009 0.21095009334385395 0.014637848857603969 35.023735325783491 414.93226634338498
0.31602900181896981 0.20840483568608761 0.21095009334385395 0.014637848857603969 35.023735325783491 414.93226634338498
0.31602900181896981 0.45412831120193009 0.44194239191710949 0.014637848857603969 35.023735325783491 414.93226634338498
0.31602900181896981 0.45412831120193009 0.21095009334385395 0.0053844274416565896 35.023735325783491 414.93226634338498
0.31602900181896981 0.45412831120193009 0.21095009334385395 0.014637848857603969 13.889039477333426 414.93226634338498
0.31602900181896981 0.45412831120193009 0.21095009334385395 0.014637848857603969 35.023735325783491 987.34996719285846
0.63724615522660311 0.20840483568608761 0.44194239191710949 0.0053844274416565896 13.889039477333426 987.34996719285846
0.10340533405542374 0.17762373015284538 0.30317980870604516 0.0051644333925098184 30.193109858781099 167.94178681448102
0.17404952156357467 0.17762373015284538 0.30317980870604516 0.0051644333925098184 30.193109858781099 167.94178681448102
0.10340533405542374 0.18063803985714913 0.30317980870604516 0.0051644333925098184 30.193109858781099 167.94178681448102
0.10340533405542374 0.17762373015284538 0.38959089666604996 0.0051644333925098184 30.193109858781099 167.94178681448102
0.10340533405542374 0.17762373015284538 0.30317980870604516 0.0010523678990080954 30.193109858781099 167.94178681448102
0.10340533405542374 0.17762373015284538 0.30317980870604516 0.0051644333925098184 16.309558127075434 167.94178681448102
0.10340533405542374 0.17762373015284538 0.30317980870604516 0.0051644333925098184 30.193109858781099 756.92719100043178
0.17404952156357467 0.18063803985714913 0.38959089666604996 0.0010523678990080954 16.309558127075434 756.92719100043178
0.66517989016138013 0.3917632043361664 0.10431056097149849 0.018950028237514197 17.569179220125079 969.53331921249628
0.45212719249539068 0.3917632043361664 0.10431056097149849 0.018950028237514197 17.569179220125079 969.53331921249628
0.66517989016138013 0.41754868663847444 0.10431056097149849 0.018950028237514197 17.569179220125079 969.53331921249628
0.66517989016138013 0.3917632043361664 0.15679503157734873 0.018950028237514197 17.569179220125079 969.53331921249628
0.66517989016138013 0.3917632043361664 0.10431056097149849 0.011333579690009357 17.569179220125079 969.53331921249628
0.66517989016138013 0.3917632043361664 0.10431056097149849 0.018950028237514197 27.896096037700772 969.53331921249628
0.66517989016138013 0.3917632043361664 0.10431056097149849 0.018950028237514197 17.569179220125079 115.9642725251615
0.45212719249539068 0.41754868663847444 0.15679503157734873 0.011333579690009357 27.896096037700772 115.9642725251615
0.55342316715978079 0.10276003256440164 0.25279751345515256 0.016290627326630055 20.943069702014327 612.33538156375289
0.11259642099030315 0.10276003256440164 0.25279751345515256 0.016290627326630055 20.943069702014327 612.33538156375289
0.55342316715978079 0.11512600705027581 0.25279751345515256 0.016290627326630055 20.943069702014327 612.33538156375289
0.55342316715978079 0.10276003256440164 0.30316287651658058 0.016290627326630055 20.943069702014327 612.33538156375289
0.55342316715978079 0.10276003256440164 0.25279751345515256 0.0090729434706270703 20.943069702014327 612.33538156375289
0.55342316715978079 0.10276003256440164 0.25279751345515256 0.016290627326630055 22.726195717230439 612.33538156375289
0.55342316715978079 0.10276003256440164 0.25279751345515256 0.016290627326630055 20.943069702014327 303.44576584175229
0.11259642099030315 0.11512600705027581 0.30316287651658058 0.0090729434706270703 22.726195717230439 303.44576584175229
0.13383518122136592 0.31691629439592361 0.45156624093651776 0.0078017981324344874 23.320075657218695 513.92680332064629
0.5123888507951051 0.31691629439592361 0.45156624093651776 0.0078017981324344874 23.320075657218695 513.92680332064629
0.13383518122136592 0.47665213234722614 0.45156624093651776 0.0078017981324344874 23.320075657218695 513.92680332064629
0.13383518122136592 0.31691629439592361 0.14849802106618881 0.0078017981324344874 23.320075657218695 513.92680332064629
0.13383518122136592 0.31691629439592361 0.45156624093651776 0.01925037090200931 23.320075657218695 513.92680332064629
0.13383518122136592 0.31691629439592361 0.45156624093651776 0.0078017981324344874 25.171150576323271 513.92680332064629
0.13383518122136592 0.31691629439592361 0.45156624093651776 0.0078017981324344874 23.320075657218695 576.58637845888734
0.5123888507951051 0.47665213234722614 0.14849802106618881 0.01925037090200931 25.171150576323271 576.58637845888734
0.28560162452049548 0.24039416350424292 0.15631384886801244 0.01201825234424323 33.459388438612223 323.17087426781654
0.29771532802842554 0.24039416350424292 0.15631384886801244 0.01201825234424323 33.459388438612223 323.17087426781654
0.28560162452049548 0.31242751181125639 0.15631384886801244 0.01201825234424323 33.459388438612223 323.17087426781654
0.28560162452049548 0.24039416350424292 0.2945842634886503 0.01201825234424323 33.459388438612223 323.17087426781654
0.28560162452049548 0.24039416350424292 0.15631384886801244 0.01491839150041342 33.459388438612223 323.17087426781654
0.28560162452049548 0.24039416350424292 0.15631384886801244 0.01201825234424323 34.974524138495326 323.17087426781654
0.28560162452049548 0.24039416350424292 0.15631384886801244 0.01201825234424323 33.459388438612223 779.21375790610909
0.29771532802842554 0.31242751181125639 0.2945842634886503 0.01491839150041342 34.974524138495326 779.21375790610909
0.52618972742930048 0.42937953434884546 0.35742613859474659 0.0034914314966648821 14.273779002949595 871.63741504773498
0.57610797970555716 0.42937953434884546 0.35742613859474659 0.0034914314966648821 14.273779002949595 871.63741504773498
0.52618972742930048 0.29895359091460705 0.35742613859474659 0.0034914314966648821 14.273779002949595 871.63741504773498
0.52618972742930048 0.42937953434884546 0.4523891765624285 0.0034914314966648821 14.273779002949595 871.63741504773498
0.52618972742930048 0.42937953434884546 0.35742613859474659 0.0047421773964539168 14.273779002949595 871.63741504773498
0.52618972742930048 0.42937953434884546 0.35742613859474659 0.0034914314966648821 9.0554056614637375 871.63741504773498
0.52618972742930048 0.42937953434884546 0.35742613859474659 0.0034914314966648821 14.273779002949595 547.84864457324147
0.57610797970555716 0.29895359091460705 0.4523891765624285 0.0047421773964539168 9.0554056614637375 547.84864457324147
0.51358148986473673 0.22955846786499023 0.22080426476895809 0.018356971208192407 28.213768547400832 539.57027215510607
0.4660488050896674 0.22955846786499023 0.22080426476895809 0.018356971208192407 28.213768547400832 539.57027215510607
0.51358148986473673 0.31331935934722421 0.22080426476895809 0.018356971208192407 28.213768547400832 539.57027215510607
0.51358148986473673 0.22955846786499023 0.43364901356399066 0.018356971208192407 28.213768547400832 539.57027215510607
0.51358148986473673 0.22955846786499023 0.22080426476895809 0.013618014335259797 28.213768547400832 539.57027215510607
0.51358148986473673 0.22955846786499023 0.22080426476895809 0.018356971208192407 8.1923993229866028 539.57027215510607
0.51358148986473673 0.22955846786499023 0.22080426476895809 0.018356971208192407 28.213768547400832 258.53979168459773
0.4660488050896674 0.31331935934722421 0.43364901356399066 0.013618014335259797 8.1923993229866028 258.53979168459773
0.25778380748815832 0.44060957357287411 0.42125451080501086 0.0070457661405205728 15.582398857921362 638.09160711243749
0.083965964289382106 0.44060957357287411 0.42125451080501086 0.0070457661405205728 15.582398857921362 638.09160711243749
0.25778380748815832 0.27523612082004545 0.42125451080501086 0.0070457661405205728 15.582398857921362 638.09160711243749
0.25778380748815832 0.44060957357287411 0.21332290656864644 0.0070457661405205728 15.582398857921362 638.09160711243749
0.25778380748815832 0.44060957357287411 0.42125451080501086 0.0034127915306016807 15.582398857921362 638.09160711243749
0.25778380748815832 0.44060957357287411 0.42125451080501086 0.0070457661405205728 35.954431874677539 638.09160711243749
0.25778380748815832 0.44060957357287411 0.42125451080501086 0.0070457661405205728 15.582398857921362 617.79949059709907
0.083965964289382106 0.27523612082004545 0.21332290656864644 0.0034127915306016807 35.954431874677539 617.79949059709907
0.16199087612330912 0.11711898259818554 0.11338339149951936 0.012731760822422803 11.2006093300879 844.56184776499867
0.60593048161827023 0.11711898259818554 0.11338339149951936 0.012731760822422803 11.2006093300879 844.56184776499867
0.16199087612330912 0.11071852333843708 0.11338339149951936 0.012731760822422803 11.2006093300879 844.56184776499867
0.16199087612330912 0.11711898259818554 0.16723381951451302 0.012731760822422803 11.2006093300879 844.56184776499867
0.16199087612330912 0.11711898259818554 0.11338339149951936 0.0077436379302293062 11.2006093300879 844.56184776499867
0.16199087612330912 0.11711898259818554 0.11338339149951936 0.012731760822422803 26.062981273978949 844.56184776499867
0.16199087612330912 0.11711898259818554 0.11338339149951936 0.012731760822422803 11.2006093300879 852.18079155310988
0.60593048161827023 0.11071852333843708 0.16723381951451302 0.0077436379302293062 26.062981273978949 852.18079155310988
0.56632960974238811 0.30295035429298878 0.31305219978094101 0.0014585474081337455 37.006853131577373 296.20828498154879
0.34524617916904382 0.30295035429298878 0.31305219978094101 0.0014585474081337455 37.006853131577373 296.20828498154879
0.56632960974238811 0.49763523861765868 0.31305219978094101 0.0014585474081337455 37.006853131577373 296.20828498154879
0.56632960974238811 0.30295035429298878 0.3844255462288857 0.0014585474081337455 37.006853131577373 296.20828498154879
0.56632960974238811 0.30295035429298878 0.31305219978094101 0.017950064473412932 37.006853131577373 296.20828498154879
0.56632960974238811 0.30295035429298878 0.31305219978094101 0.0014585474081337455 21.716433653607965 296.20828498154879
0.56632960974238811 0.30295035429298878 0.31305219978094101 0.0014585474081337455 37.006853131577373 478.44659192487597
0.34524617916904382 0.49763523861765868 0.3844255462288857 0.017950064473412932 21.716433653607965 478.44659192487597
0.69831944829784331 0.19158433042466641 0.4676887214183808 0.0040778382569551467 31.479989459738135 385.22009095177054
0.66587167219258836 0.19158433042466641 0.4676887214183808 0.0040778382569551467 31.479989459738135 385.22009095177054
0.69831944829784331 0.19517586864531042 0.4676887214183808 0.0040778382569551467 31.479989459738135 385.22009095177054
0.69831944829784331 0.19158433042466641 0.12553217262029648 0.0040778382569551467 31.479989459738135 385.22009095177054
0.69831944829784331 0.19158433042466641 0.4676887214183808 0.0020723834117874506 31.479989459738135 385.22009095177054
0.69831944829784331 0.19158433042466641 0.4676887214183808 0.0040778382569551467 26.912254841998219 385.22009095177054
0.69831944829784331 0.19158433042466641 0.4676887214183808 0.0040778382569551467 31.479989459738135 405.66280344501138
0.66587167219258836 0.19517586864531042 0.12553217262029648 0.0020723834117874506 26.912254841998219 405.66280344501138
0.11116914451122284 0.3774080697447062 0.26812043339014058 0.010129067912139 12.287170749157667 736.86641752719879
0.28411357537843285 0.3774080697447062 0.26812043339014058 0.010129067912139 12.287170749157667 736.86641752719879
0.11116914451122284 0.40669585540890696 0.26812043339014058 0.010129067912139 12.287170749157667 736.86641752719879
0.11116914451122284 0.3774080697447062 0.32085528746247294 0.010129067912139 12.287170749157667 736.86641752719879
0.11116914451122284 0.3774080697447062 0.26812043339014058 0.012324577208235861 12.287170749157667 736.86641752719879
0.11116914451122284 0.3774080697447062 0.26812043339014058 0.010129067912139 17.176040161401033 736.86641752719879
0.11116914451122284 0.3774080697447062 0.26812043339014058 0.010129067912139 12.287170749157667 917.82475085929036
0.28411357537843285 0.40669585540890696 0.32085528746247294 0.012324577208235861 17.176040161401033 917.82475085929036
0.3086029917467385 0.25392587333917616 0.37276728115975855 0.0097048613868653787 22.933454561978579 999.5712086558342
0.40459136287681752 0.25392587333917616 0.37276728115975855 0.0097048613868653787 22.933454561978579 999.5712086558342
0.3086029917467385 0.37922202013432982 0.37276728115975855 0.0097048613868653787 22.933454561978579 999.5712086558342
0.3086029917467385 0.25392587333917616 0.47320355959236626 0.0097048613868653787 22.933454561978579 999.5712086558342
0.3086029917467385 0.25392587333917616 0.37276728115975855 0.016655352760665119 22.933454561978579 999.5712086558342
0.3086029917467385 0.25392587333917616 0.37276728115975855 0.0097048613868653787 14.901734536513686 999.5712086558342
0.3086029917467385 0.25392587333917616 0.37276728115975855 0.0097048613868653787 22.933454561978579 712.11777972057462
0.40459136287681752 0.37922202013432982 0.47320355959236626 0.016655352760665119 14.901734536513686 712.11777972057462
0.38158910395577544 0.4649693466722965 0.17241793088614943 0.015719307884760201 25.303022248670459 198.09265425428748
0.14423195938579736 0.4649693466722965 0.17241793088614943 0.015719307884760201 25.303022248670459 198.09265425428748
0.38158910395577544 0.21574205309152605 0.17241793088614943 0.015719307884760201 25.303022248670459 198.09265425428748
0.38158910395577544 0.4649693466722965 0.28099644295871262 0.015719307884760201 25.303022248670459 198.09265425428748
0.38158910395577544 0.4649693466722965 0.17241793088614943 0.0064043533351272348 25.303022248670459 198.09265425428748
0.38158910395577544 0.4649693466722965 0.17241793088614943 0.015719307884760201 33.05351897329092 198.09265425428748
0.38158910395577544 0.4649693466722965 0.17241793088614943 0.015719307884760201 25.303022248670459 157.30139994993806
0.14423195938579736 0.21574205309152605 0.28099644295871262 0.0064043533351272348 33.05351897329092 157.30139994993806
0.43375757499597961 0.12995148114860058 0.39199774190783498 0.011796682286076249 18.705433310940862 257.01680742204189
0.65015983185730875 0.12995148114860058 0.39199774190783498 0.011796682286076249 18.705433310940862 257.01680742204189
0.43375757499597961 0.16542063169181348 0.39199774190783498 0.011796682286076249 18.705433310940862 257.01680742204189
0.43375757499597961 0.12995148114860058 0.11733403503894807 0.011796682286076249 18.705433310940862 257.01680742204189
0.43375757499597961 0.12995148114860058 0.39199774190783498 0.019909964994154872 18.705433310940862 257.01680742204189
0.43375757499597961 0.12995148114860058 0.39199774190783498 0.011796682286076249 31.827030090615153 257.01680742204189
0.43375757499597961 0.12995148114860058 0.39199774190783498 0.011796682286076249 18.705433310940862 276.39380535110831
0.65015983185730875 0.16542063169181348 0.11733403503894807 0.019909964994154872 31.827030090615153 276.39380535110831
0.33538548089563841 0.33787166662514212 0.19088240042328836 0.0032685771163553003 29.512958258390427 805.53813902661204
0.21985487244091928 0.33787166662514212 0.19088240042328836 0.0032685771163553003 29.512958258390427 805.53813902661204
0.33538548089563841 0.42733206450939176 0.19088240042328836 0.0032685771163553003 29.512958258390427 805.53813902661204
0.33538548089563841 0.33787166662514212 0.33452064916491508 0.0032685771163553003 29.512958258390427 805.53813902661204
0.33538548089563841 0.33787166662514212 0.19088240042328836 0.0096467291031032808 29.512958258390427 805.53813902661204
0.33538548089563841 0.33787166662514212 0.19088240042328836 0.0032685771163553003 12.276370778679848 805.53813902661204
0.33538548089563841 0.33787166662514212 0.19088240042328836 0.0032685771163553003 29.512958258390427 593.90557138249278
0.21985487244091928 0.42733206450939176 0.33452064916491508 0.0096467291031032808 12.276370778679848 593.90557138249278
0.084705946268513799 0.21751313209533693 0.49863755144178867 0.017305272651277483 35.703887708485126 558.4635722450912
0.42949491185136135 0.21751313209533693 0.49863755144178867 0.017305272651277483 35.703887708485126 558.4635722450912
0.084705946268513799 0.36174710281193256 0.49863755144178867 0.017305272651277483 35.703887708485126 558.4635722450912
0.084705946268513799 0.21751313209533693 0.48373167552053931 0.017305272651277483 35.703887708485126 558.4635722450912
0.084705946268513799 0.21751313209533693 0.49863755144178867 0.0040771836487576369 35.703887708485126 558.4635722450912
0.084705946268513799 0.21751313209533693 0.49863755144178867 0.017305272651277483 17.472767943516374 558.4635722450912
0.084705946268513799 0.21751313209533693 0.49863755144178867 0.017305272651277483 35.703887708485126 812.79613627120852
0.42949491185136135 0.36174710281193256 0.48373167552053931 0.0040771836487576369 17.472767943516374 812.79613627120852
0.64647026816383002 0.40021359845995907 0.29986577220261101 0.0088177283693104992 8.074026370421052 460.11001281440258
0.2018380258698016 0.40021359845995907 0.29986577220261101 0.0088177283693104992 8.074026370421052 460.11001281440258
0.64647026816383002 0.24865848943591118 0.29986577220261101 0.0088177283693104992 8.074026370421052 460.11001281440258
0.64647026816383002 0.40021359845995907 0.26343555115163331 0.0088177283693104992 8.074026370421052 460.11001281440258
0.64647026816383002 0.40021359845995907 0.29986577220261101 0.014341613910719754 8.074026370421052 460.11001281440258
0.64647026816383002 0.40021359845995907 0.29986577220261101 0.0088177283693104992 30.497591655701399 460.11001281440258
0.64647026816383002 0.40021359845995907 0.29986577220261101 0.0088177283693104992 8.074026370421052 509.81380259618163
0.2018380258698016 0.24865848943591118 0.26343555115163331 0.014341613910719754 30.497591655701399 509.81380259618163
0.61596136586740613 0.29275324493646626 0.14513178206980229 0.0061594406556338072 15.439159201458097 101.7585308291018
0.52998268897645173 0.29275324493646626 0.14513178206980229 0.0061594406556338072 15.439159201458097 101.7585308291018
0.61596136586740613 0.34639375247061255 0.14513178206980229 0.0061594406556338072 15.439159201458097 101.7585308291018
0.61596136586740613 0.29275324493646626 0.42308500371873381 0.0061594406556338072 15.439159201458097 101.7585308291018
0.61596136586740613 0.29275324493646626 0.14513178206980229 0.0060481740426272159 15.439159201458097 101.7585308291018
0.61596136586740613 0.29275324493646626 0.14513178206980229 0.0061594406556338072 20.607183400541544 101.7585308291018
0.61596136586740613 0.29275324493646626 0.14513178206980229 0.0061594406556338072 15.439159201458097 359.35580255463719
0.52998268897645173 0.34639375247061255 0.42308500371873381 0.0060481740426272159 20.607183400541544 359.35580255463719
0.19638299425132572 0.47545828595757489 0.34399797804653642 0.019946320412866772 32.808361157774925 903.40486746281385
0.10000262851826847 0.47545828595757489 0.34399797804653642 0.019946320412866772 32.808361157774925 903.40486746281385
0.19638299425132572 0.25792061761021612 0.34399797804653642 0.019946320412866772 32.808361157774925 903.40486746281385
0.19638299425132572 0.47545828595757489 0.23091969229280951 0.019946320412866772 32.808361157774925 903.40486746281385
0.19638299425132572 0.47545828595757489 0.34399797804653642 0.016242365300469099 32.808361157774925 903.40486746281385
0.19638299425132572 0.47545828595757489 0.34399797804653642 0.019946320412866772 23.5547543335706 903.40486746281385
0.19638299425132572 0.47545828595757489 0.34399797804653642 0.019946320412866772 32.808361157774925 970.39481708779931
0.10000262851826847 0.25792061761021612 0.23091969229280951 0.016242365300469099 23.5547543335706 970.39481708779931
0.22370592430233954 0.15509441457688811 0.23927178606390953 0.00064782905019819743 23.971101932227612 712.62321602553129
0.54799959124065933 0.15509441457688811 0.23927178606390953 0.00064782905019819743 23.971101932227612 712.62321602553129
0.22370592430233954 0.13112197183072569 0.23927178606390953 0.00064782905019819743 23.971101932227612 712.62321602553129
0.22370592430233954 0.15509441457688811 0.17544336542487146 0.00064782905019819743 23.971101932227612 712.62321602553129
0.22370592430233954 0.15509441457688811 0.23927178606390953 0.010672890693321826 23.971101932227612 712.62321602553129
0.22370592430233954 0.15509441457688811 0.23927178606390953 0.00064782905019819743 36.134007193148136 712.62321602553129
0.22370592430233954 0.15509441457688811 0.23927178606390953 0.00064782905019819743 23.971101932227612 722.82992238178849
0.54799959124065933 0.13112197183072569 0.17544336542487146 0.010672890693321826 36.134007193148136 722.82992238178849
0.46426396868191655 0.36301917470991618 0.44048191979527473 0.01439535641577095 19.777690509334207 361.14465156570077
0.32066744924522933 0.36301917470991618 0.44048191979527473 0.01439535641577095 19.777690509334207 361.14465156570077
0.46426396868191655 0.46764888316392905 0.44048191979527473 0.01439535641577095 19.777690509334207 361.14465156570077
0.46426396868191655 0.36301917470991618 0.37074877619743352 0.01439535641577095 19.777690509334207 361.14465156570077
0.46426396868191655 0.36301917470991618 0.44048191979527473 0.00047990317400544889 19.777690509334207 361.14465156570077
0.46426396868191655 0.36301917470991618 0.44048191979527473 0.01439535641577095 11.660514047369361 361.14465156570077
0.46426396868191655 0.36301917470991618 0.44048191979527473 0.01439535641577095 19.777690509334207 154.39040856435895
0.32066744924522933 0.46764888316392905 0.37074877619743352 0.00047990317400544889 11.660514047369361 154.39040856435895
0.4655852993484586 0.15563008449971677 0.37525172457098965 0.0068016952924430376 13.25435914285481 803.74303460121155
0.69911574264988297 0.15563008449971677 0.37525172457098965 0.0068016952924430376 13.25435914285481 803.74303460121155
0.4655852993484586 0.38490090779960162 0.37525172457098965 0.0068016952924430376 13.25435914285481 803.74303460121155
0.4655852993484586 0.15563008449971677 0.30443038605153561 0.0068016952924430376 13.25435914285481 803.74303460121155
0.4655852993484586 0.15563008449971677 0.37525172457098965 0.0035740681888535623 13.25435914285481 803.74303460121155
0.4655852993484586 0.15563008449971677 0.37525172457098965 0.0068016952924430376 21.527188804000616 803.74303460121155
0.4655852993484586 0.15563008449971677 0.37525172457098965 0.0068016952924430376 13.25435914285481 941.36131014674902
0.69911574264988297 0.38490090779960162 0.30443038605153561 0.0035740681888535623 21.527188804000616 941.36131014674902
0.22500617876648898 0.36336541511118414 0.17639147713780404 0.01807411887664348 30.514628544449806 255.27996560558677
0.25595879396423693 0.36336541511118414 0.17639147713780404 0.01807411887664348 30.514628544449806 255.27996560558677
0.22500617876648898 0.22338094413280488 0.17639147713780404 0.01807411887664348 30.514628544449806 255.27996560558677
0.22500617876648898 0.36336541511118414 0.14976809062063695 0.01807411887664348 30.514628544449806 255.27996560558677
0.22500617876648898 0.36336541511118414 0.17639147713780404 0.01376705563440919 30.514628544449806 255.27996560558677
0.22500617876648898 0.36336541511118414 0.17639147713780404 0.01807411887664348 26.31133128143847 255.27996560558677
0.22500617876648898 0.36336541511118414 0.17639147713780404 0.01807411887664348 30.514628544449806 384.81446299701929
0.25595879396423693 0.22338094413280488 0.14976809062063695 0.01376705563440919 26.31133128143847 384.81446299701929
0.1950660028029233 0.29299595206975937 0.48423500396311281 0.0024905727565288547 26.268493972718716 461.84588065370917
0.3916461585089564 0.29299595206975937 0.48423500396311281 0.0024905727565288547 26.268493972718716 461.84588065370917
0.1950660028029233 0.1875735092908144 0.48423500396311281 0.0024905727565288547 26.268493972718716 461.84588065370917
0.1950660028029233 0.29299595206975937 0.29430706426501274 0.0024905727565288547 26.268493972718716 461.84588065370917
0.1950660028029233 0.29299595206975937 0.48423500396311281 0.018098803722299637 26.268493972718716 461.84588065370917
0.1950660028029233 0.29299595206975937 0.48423500396311281 0.0024905727565288547 35.294606864452362 461.84588065370917
0.1950660028029233 0.29299595206975937 0.48423500396311281 0.0024905727565288547 26.268493972718716 183.47797710448503
0.3916461585089564 0.1875735092908144 0.29430706426501274 0.018098803722299637 35.294606864452362 183.47797710448503
0.61466297106817358 0.47590217664837842 0.28303120024502282 0.01380249979440123 21.966148206964135 560.25790721178055
0.15209036152809857 0.47590217664837842 0.28303120024502282 0.01380249979440123 21.966148206964135 560.25790721178055
0.61466297106817358 0.40105349943041801 0.28303120024502282 0.01380249979440123 21.966148206964135 560.25790721178055
0.61466297106817358 0.47590217664837842 0.45207886993885038 0.01380249979440123 21.966148206964135 560.25790721178055
0.61466297106817358 0.47590217664837842 0.28303120024502282 0.0079046123906970026 21.966148206964135 560.25790721178055
0.61466297106817358 0.47590217664837842 0.28303120024502282 0.01380249979440123 8.9113294910639524 560.25790721178055
0.61466297106817358 0.47590217664837842 0.28303120024502282 0.01380249979440123 21.966148206964135 697.42535036057234
0.15209036152809857 0.40105349943041801 0.45207886993885038 0.0079046123906970026 8.9113294910639524 697.42535036057234
0.64524997929111116 0.21863784492015839 0.13464171327650548 0.011161074377782644 16.550635548308492 901.62521423771977
0.49419878358021374 0.21863784492015839 0.13464171327650548 0.011161074377782644 16.550635548308492 901.62521423771977
0.64524997929111116 0.10347616709768773 0.13464171327650548 0.011161074377782644 16.550635548308492 901.62521423771977
0.64524997929111116 0.21863784492015839 0.21101004481315613 0.011161074377782644 16.550635548308492 901.62521423771977
0.64524997929111116 0.21863784492015839 0.13464171327650548 0.01248525131493807 16.550635548308492 901.62521423771977
0.64524997929111116 0.21863784492015839 0.13464171327650548 0.011161074377782644 32.803764885291457 901.62521423771977
0.64524997929111116 0.21863784492015839 0.13464171327650548 0.011161074377782644 16.550635548308492 622.88247533142567
0.49419878358021374 0.10347616709768773 0.21101004481315613 0.01248525131493807 32.803764885291457 622.88247533142567
0.083464581193402415 0.40152728781104086 0.33575110621750359 0.0051486338771879678 27.247366487979889 100.03713686019182
0.05072669917717576 0.40152728781104086 0.33575110621750359 0.0051486338771879678 27.247366487979889 100.03713686019182
0.083464581193402415 0.49155942872166636 0.33575110621750359 0.0051486338771879678 27.247366487979889 100.03713686019182
0.083464581193402415 0.40152728781104086 0.44065084680914879 0.0051486338771879678 27.247366487979889 100.03713686019182
0.083464581193402415 0.40152728781104086 0.33575110621750359 0.002220821126736701 27.247366487979889 100.03713686019182
0.083464581193402415 0.40152728781104086 0.33575110621750359 0.0051486338771879678 15.093291841447353 100.03713686019182
0.083464581193402415 0.40152728781104086 0.33575110621750359 0.0051486338771879678 27.247366487979889 250.87844803929329
0.05072669917717576 0.49155942872166636 0.44065084680914879 0.002220821126736701 15.093291841447353 250.87844803929329
0.33660514988005158 0.13117384426295758 0.23112556859850886 0.015475218153931202 37.973144270479679 362.86506820470095
0.59806696176528928 0.13117384426295758 0.23112556859850886 0.015475218153931202 37.973144270479679 362.86506820470095
0.33660514988005158 0.31935825608670709 0.23112556859850886 0.015475218153931202 37.973144270479679 362.86506820470095
0.33660514988005158 0.13117384426295758 0.38987717367708685 0.015475218153931202 37.973144270479679 362.86506820470095
0.33660514988005158 0.13117384426295758 0.23112556859850886 0.0065524888522922996 37.973144270479679 362.86506820470095
0.33660514988005158 0.13117384426295758 0.23112556859850886 0.015475218153931202 16.459366234019399 362.86506820470095
0.33660514988005158 0.13117384426295758 0.23112556859850886 0.015475218153931202 37.973144270479679 480.88923692703247
0.59806696176528928 0.31935825608670709 0.38987717367708685 0.0065524888522922996 16.459366234019399 480.88923692703247
0.43499584062956265 0.3388923931866884 0.42989101782441141 0.0094220657035708442 10.23249071277678 714.40210314467549
0.35819649398326869 0.3388923931866884 0.42989101782441141 0.0094220657035708442 10.23249071277678 714.40210314467549
0.43499584062956265 0.28244156390428543 0.42989101782441141 0.0094220657035708442 10.23249071277678 714.40210314467549
0.43499584062956265 0.3388923931866884 0.15709627233445644 0.0094220657035708442 10.23249071277678 714.40210314467549
0.43499584062956265 0.3388923931866884 0.42989101782441141 0.016815724817104638 10.23249071277678 714.40210314467549
0.43499584062956265 0.3388923931866884 0.42989101782441141 0.0094220657035708442 27.570731986314058 714.40210314467549
0.43499584062956265 0.3388923931866884 0.42989101782441141 0.0094220657035708442 10.23249071277678 838.36385868489742
0.35819649398326869 0.28244156390428543 0.15709627233445644 0.016815724817104638 27.570731986314058 838.36385868489742
0.38036958994343872 0.25368621200323105 0.21187298260629178 0.0034836592528969053 33.774648329243064 639.81471937149763
0.49723019357770676 0.25368621200323105 0.21187298260629178 0.0034836592528969053 33.774648329243064 639.81471937149763
0.38036958994343872 0.13602639250457288 0.21187298260629178 0.0034836592528969053 33.774648329243064 639.81471937149763
0.38036958994343872 0.25368621200323105 0.24416999965906144 0.0034836592528969053 33.774648329243064 639.81471937149763
0.38036958994343872 0.25368621200323105 0.21187298260629178 0.0094976883202791233 33.774648329243064 639.81471937149763
0.38036958994343872 0.25368621200323105 0.21187298260629178 0.0034836592528969053 29.749333376064897 639.81471937149763
0.38036958994343872 0.25368621200323105 0.21187298260629178 0.0034836592528969053 33.774648329243064 945.15197221189737
0.49723019357770676 0.13602639250457288 0.24416999965906144 0.0094976883202791233 29.749333376064897 945.15197221189737
0.30736488108523186 0.46452841833233838 0.41144714765250689 0.011973134001158179 14.471037399023771 541.35164031758904
0.12768567856401203 0.46452841833233838 0.41144714765250689 0.011973134001158179 14.471037399023771 541.35164031758904
0.30736488108523186 0.47449955046176917 0.41144714765250689 0.011973134001158179 14.471037399023771 541.35164031758904
0.30736488108523186 0.46452841833233838 0.40202061608433726 0.011973134001158179 14.471037399023771 541.35164031758904
0.30736488108523186 0.46452841833233838 0.41144714765250689 0.019748687819577754 14.471037399023771 541.35164031758904
0.30736488108523186 0.46452841833233838 0.41144714765250689 0.011973134001158179 18.16191391274333 541.35164031758904
0.30736488108523186 0.46452841833233838 0.41144714765250689 0.011973134001158179 14.471037399023771 374.9821787700057
0.12768567856401203 0.47449955046176917 0.40202061608433726 0.019748687819577754 18.16191391274333 374.9821787700057
0.11238927841186523 0.19105169437825681 0.10367075800895692 0.0078340577643364676 20.74592312052846 294.42767957225442
0.56046314602717751 0.19105169437825681 0.10367075800895692 0.0078340577643364676 20.74592312052846 294.42767957225442
0.11238927841186523 0.33957942612469194 0.10367075800895692 0.0078340577643364676 20.74592312052846 294.42767957225442
0.11238927841186523 0.19105169437825681 0.35435970313847065 0.0078340577643364676 20.74592312052846 294.42767957225442
0.11238927841186523 0.19105169437825681 0.10367075800895692 0.014180638786405327 20.74592312052846 294.42767957225442
0.11238927841186523 0.19105169437825681 0.10367075800895692 0.0078340577643364676 11.998690871521831 294.42767957225442
0.11238927841186523 0.19105169437825681 0.10367075800895692 0.0078340577643364676 20.74592312052846 130.02998363226652
0.56046314602717751 0.33957942612469194 0.35435970313847065 0.014180638786405327 11.998690871521831 130.02998363226652
0.69956065840087822 0.37706480361521244 0.30402636677026751 0.016360164607875049 23.004696799442172 842.8397161886096
0.31327086752280586 0.37706480361521244 0.30402636677026751 0.016360164607875049 23.004696799442172 842.8397161886096
0.69956065840087822 0.25305253788828852 0.30402636677026751 0.016360164607875049 23.004696799442172 842.8397161886096
0.69956065840087822 0.37706480361521244 0.19964346699416638 0.016360164607875049 23.004696799442172 842.8397161886096
0.69956065840087822 0.37706480361521244 0.30402636677026751 0.0039284450637176631 23.004696799442172 842.8397161886096
0.69956065840087822 0.37706480361521244 0.30402636677026751 0.016360164607875049 32.045597687363625 842.8397161886096
0.69956065840087822 0.37706480361521244 0.30402636677026751 0.016360164607875049 23.004696799442172 742.85418260842562
0.31327086752280586 0.25305253788828852 0.19964346699416638 0.0039284450637176631 32.045597687363625 742.85418260842562
0.56764644621871407 0.11589364521205425 0.45251331627368929 0.018962630925141274 30.47843406163156 738.60154775902629
0.62247166410088539 0.11589364521205425 0.45251331627368929 0.018962630925141274 30.47843406163156 738.60154775902629
0.56764644621871407 0.35528076328337199 0.45251331627368929 0.018962630925141274 30.47843406163156 738.60154775902629
0.56764644621871407 0.11589364521205425 0.3400080930441618 0.018962630925141274 30.47843406163156 738.60154775902629
0.56764644621871407 0.11589364521205425 0.45251331627368929 0.016093927069194616 30.47843406163156 738.60154775902629
0.56764644621871407 0.11589364521205425 0.45251331627368929 0.018962630925141274 10.972764112055302 738.60154775902629
0.56764644621871407 0.11589364521205425 0.45251331627368929 0.018962630925141274 30.47843406163156 590.63883945345879
0.62247166410088539 0.35528076328337199 0.3400080930441618 0.016093927069194616 10.972764112055302 590.63883945345879
0.16328911595046519 0.30192659385502341 0.25205719321966169 0.0052143892604857682 17.738130029290915 387.01347373425961
0.2526124782860279 0.30192659385502341 0.25205719321966169 0.0052143892604857682 17.738130029290915 387.01347373425961
0.16328911595046519 0.24336935356259348 0.25205719321966169 0.0052143892604857682 17.738130029290915 387.01347373425961
0.16328911595046519 0.30192659385502341 0.107160659506917 0.0052143892604857682 17.738130029290915 387.01347373425961
0.16328911595046519 0.30192659385502341 0.25205719321966169 0.005887500452250242 17.738130029290915 387.01347373425961
0.16328911595046519 0.30192659385502341 0.25205719321966169 0.0052143892604857682 36.879946758970618 387.01347373425961
0.16328911595046519 0.30192659385502341 0.25205719321966169 0.0052143892604857682 17.738130029290915 289.38686586916447
0.2526124782860279 0.24336935356259348 0.107160659506917 0.005887500452250242 36.879946758970618 289.38686586916447
0.25646263179369266 0.22843079268932343 0.35681090615689759 0.01461041966956109 9.0412187315523624 196.30003087222576
0.43688669065013519 0.22843079268932343 0.35681090615689759 0.01461041966956109 9.0412187315523624 196.30003087222576
0.25646263179369266 0.17067304514348508 0.35681090615689759 0.01461041966956109 9.0412187315523624 196.30003087222576
0.25646263179369266 0.22843079268932343 0.2610623873770237 0.01461041966956109 9.0412187315523624 196.30003087222576
0.25646263179369266 0.22843079268932343 0.35681090615689759 0.0003195317814126611 9.0412187315523624 196.30003087222576
0.25646263179369266 0.22843079268932343 0.35681090615689759 0.01461041966956109 23.333926025778055 196.30003087222576
0.25646263179369266 0.22843079268932343 0.35681090615689759 0.01461041966956109 9.0412187315523624 505.66475801169872
0.43688669065013519 0.17067304514348508 0.2610623873770237 0.0003195317814126611 23.333926025778055 505.66475801169872
0.51228139037266374 0.43929283842444422 0.15713583938777448 0.00082433741353452213 34.738529978320003 997.83706245943904
0.18937927642837166 0.43929283842444422 0.15713583938777448 0.00082433741353452213 34.738529978320003 997.83706245943904
0.51228139037266374 0.43376168161630635 0.15713583938777448 0.00082433741353452213 34.738529978320003 997.83706245943904
0.51228139037266374 0.43929283842444422 0.49079382270574567 0.00082433741353452213 34.738529978320003 997.83706245943904
0.51228139037266374 0.43929283842444422 0.15713583938777448 0.01052475451231003 34.738529978320003 997.83706245943904
0.51228139037266374 0.43929283842444422 0.15713583938777448 0.00082433741353452213 20.886201338842511 997.83706245943904
0.51228139037266374 0.43929283842444422 0.15713583938777448 0.00082433741353452213 34.738529978320003 821.39120548963547
0.18937927642837166 0.43376168161630635 0.49079382270574567 0.01052475451231003 20.886201338842511 821.39120548963547
0.52494967961683869 0.2390803311020136 0.42031865157186987 0.015697014805115761 22.750899588689208 413.19381352514029
0.2786301154643297 0.2390803311020136 0.42031865157186987 0.015697014805115761 22.750899588689208 413.19381352514029
0.52494967961683869 0.15357178598642351 0.42031865157186987 0.015697014805115761 22.750899588689208 413.19381352514029
0.52494967961683869 0.2390803311020136 0.42200823500752449 0.015697014805115761 22.750899588689208 413.19381352514029
0.52494967961683869 0.2390803311020136 0.42031865157186987 0.0016488420424982907 22.750899588689208 413.19381352514029
0.52494967961683869 0.2390803311020136 0.42031865157186987 0.015697014805115761 19.874179067090154 413.19381352514029
0.52494967961683869 0.2390803311020136 0.42031865157186987 0.015697014805115761 22.750899588689208 659.99798011034727
0.2786301154643297 0.15357178598642351 0.42200823500752449 0.0016488420424982907 19.874179067090154 659.99798011034727
0.28438017335720356 0.42825505994260316 0.2215562541037798 0.0096452977389097222 25.002463098615408 764.67577600851655
0.67128569371998303 0.42825505994260316 0.2215562541037798 0.0096452977389097222 25.002463098615408 764.67577600851655
0.28438017335720356 0.44205099008977411 0.2215562541037798 0.0096452977389097222 25.002463098615408 764.67577600851655
0.28438017335720356 0.42825505994260316 0.22984644323587419 0.0096452977389097222 25.002463098615408 764.67577600851655
0.28438017335720356 0.42825505994260316 0.2215562541037798 0.01182505622021854 25.002463098615408 764.67577600851655
0.28438017335720356 0.42825505994260316 0.2215562541037798 0.0096452977389097222 24.228932458907366 764.67577600851655
0.28438017335720356 0.42825505994260316 0.2215562541037798 0.0096452977389097222 25.002463098615408 216.34945441037416
0.67128569371998303 0.44205099008977411 0.22984644323587419 0.01182505622021854 24.228932458907366 216.34945441037416
0.13507460914552211 0.10173916295170785 0.31367903277277948 0.010146806708164514 31.780658636242151 971.32239872589707
0.13921451019123196 0.10173916295170785 0.31367903277277948 0.010146806708164514 31.780658636242151 971.32239872589707
0.13507460914552211 0.36886640861630438 0.31367903277277948 0.010146806708164514 31.780658636242151 971.32239872589707
0.13507460914552211 0.10173916295170785 0.17594793848693371 0.010146806708164514 31.780658636242151 971.32239872589707
0.13507460914552211 0.10173916295170785 0.31367903277277948 0.017394308955036103 31.780658636242151 971.32239872589707
0.13507460914552211 0.10173916295170785 0.31367903277277948 0.010146806708164514 37.863087451085448 971.32239872589707
0.13507460914552211 0.10173916295170785 0.31367903277277948 0.010146806708164514 31.780658636242151 464.38126806169748
0.13921451019123196 0.36886640861630438 0.17594793848693371 0.017394308955036103 37.863087451085448 464.38126806169748
0.55464151888154445 0.31569416970014574 0.11257269158959389 0.0041329302333295345 12.4696085434407 169.67947687953711
0.40951955663040274 0.31569416970014574 0.11257269158959389 0.0041329302333295345 12.4696085434407 169.67947687953711
0.55464151888154445 0.23234565891325476 0.11257269158959389 0.0041329302333295345 12.4696085434407 169.67947687953711
0.55464151888154445 0.31569416970014574 0.37121929414570332 0.0041329302333295345 12.4696085434407 169.67947687953711
0.55464151888154445 0.31569416970014574 0.11257269158959389 0.0072168815974146131 12.4696085434407 169.67947687953711
0.55464151888154445 0.31569416970014574 0.11257269158959389 0.0041329302333295345 10.1074403449893 169.67947687953711
0.55464151888154445 0.31569416970014574 0.11257269158959389 0.0041329302333295345 12.4696085434407 866.25426765531301
0.40951955663040274 0.23234565891325476 0.37121929414570332 0.0072168815974146131 10.1074403449893 866.25426765531301
0.66648130691610274 0.17727725133299829 0.2672092162072659 0.0014953389003872874 11.046251973137259 512.20036847516894
0.078876588679850104 0.17727725133299829 0.2672092162072659 0.0014953389003872874 11.046251973137259 512.20036847516894
0.66648130691610274 0.33461038395762444 0.2672092162072659 0.0014953389003872874 11.046251973137259 512.20036847516894
0.66648130691610274 0.17727725133299829 0.11843207664787769 0.0014953389003872874 11.046251973137259 512.20036847516894
0.66648130691610274 0.17727725133299829 0.2672092162072659 0.01318971687294543 11.046251973137259 512.20036847516894
0.66648130691610274 0.17727725133299829 0.2672092162072659 0.0014953389003872874 31.15446749329567 512.20036847516894
0.66648130691610274 0.17727725133299829 0.2672092162072659 0.0014953389003872874 11.046251973137259 903.77192609012127
0.078876588679850104 0.33461038395762444 0.11843207664787769 0.01318971687294543 31.15446749329567 903.77192609012127
0.10472534745931625 0.39122767746448517 0.46841607168316846 0.01280582996401936 36.736125063151121 610.55733598768711
0.47120757792145007 0.39122767746448517 0.46841607168316846 0.01280582996401936 36.736125063151121 610.55733598768711
0.10472534745931625 0.27269290573894978 0.46841607168316846 0.01280582996401936 36.736125063151121 610.55733598768711
0.10472534745931625 0.39122767746448517 0.3355726134032011 0.01280582996401936 36.736125063151121 610.55733598768711
0.10472534745931625 0.39122767746448517 0.46841607168316846 0.0029085050081834201 36.736125063151121 610.55733598768711
0.10472534745931625 0.39122767746448517 0.46841607168316846 0.01280582996401936 13.007294667884707 610.55733598768711
0.10472534745931625 0.39122767746448517 0.46841607168316846 0.01280582996401936 36.736125063151121 419.72120553255081
0.47120757792145007 0.27269290573894978 0.3355726134032011 0.0029085050081834201 13.007294667884707 419.72120553255081
0.31473192428238683 0.26471559889614582 0.17306902147829534 0.0070425257571041589 28.484386701136827 873.41447658836842
0.3406429800204932 0.26471559889614582 0.17306902147829534 0.0070425257571041589 28.484386701136827 873.41447658836842
0.31473192428238683 0.1382610708475113 0.17306902147829534 0.0070425257571041589 28.484386701136827 873.41447658836842
0.31473192428238683 0.26471559889614582 0.48323637098073957 0.0070425257571041589 28.484386701136827 873.41447658836842
0.31473192428238683 0.26471559889614582 0.17306902147829534 0.008477686969563367 28.484386701136827 873.41447658836842
0.31473192428238683 0.26471559889614582 0.17306902147829534 0.0070425257571041589 19.024247463792562 873.41447658836842
0.31473192428238683 0.26471559889614582 0.17306902147829534 0.0070425257571041589 28.484386701136827 199.48481544852257
0.3406429800204932 0.1382610708475113 0.48323637098073957 0.008477686969563367 19.024247463792562 199.48481544852257
0.41311238082125779 0.45388574711978436 0.37193232066929338 0.01831638472545892 15.736873282119632 324.89654971286654
0.61062297252938147 0.45388574711978436 0.37193232066929338 0.01831638472545892 15.736873282119632 324.89654971286654
0.41311238082125779 0.451343546435237 0.37193232066929338 0.01831638472545892 15.736873282119632 324.89654971286654
0.41311238082125779 0.45388574711978436 0.26295577660202984 0.01831638472545892 15.736873282119632 324.89654971286654
0.41311238082125779 0.45388574711978436 0.37193232066929338 0.018757676139287652 15.736873282119632 324.89654971286654
0.41311238082125779 0.45388574711978436 0.37193232066929338 0.01831638472545892 28.770556190982461 324.89654971286654
0.41311238082125779 0.45388574711978436 0.37193232066929338 0.01831638472545892 15.736873282119632 669.93994154036045
0.61062297252938147 0.451343546435237 0.26295577660202984 0.018757676139287652 28.770556190982461 669.93994154036045
0.44290780439041549 0.13869304135441782 0.1917082041501999 0.014388925437442961 24.285433443263173 130.63862547278404
0.10473476322367786 0.13869304135441782 0.1917082041501999 0.014388925437442961 24.285433443263173 130.63862547278404
0.44290780439041549 0.30479454547166829 0.1917082041501999 0.014388925437442961 24.285433443263173 130.63862547278404
0.44290780439041549 0.13869304135441782 0.12581089772284032 0.014388925437442961 24.285433443263173 130.63862547278404
0.44290780439041549 0.13869304135441782 0.1917082041501999 0.0052328560013324022 24.285433443263173 130.63862547278404
0.44290780439041549 0.13869304135441782 0.1917082041501999 0.014388925437442961 28.583441350609064 130.63862547278404
0.44290780439041549 0.13869304135441782 0.1917082041501999 0.014388925437442961 24.285433443263173 551.72818917781115
0.10473476322367786 0.30479454547166829 0.12581089772284032 0.0052328560013324022 28.583441350609064 551.72818917781115
0.36991269774734969 0.33098648041486745 0.39138021916151045 0.00060140720717608931 19.975877285003662 932.12059801444411
0.52533978791907421 0.33098648041486745 0.39138021916151045 0.00060140720717608931 19.975877285003662 932.12059801444411
0.36991269774734969 0.29326839707791807 0.39138021916151045 0.00060140720717608931 19.975877285003662 932.12059801444411
0.36991269774734969 0.33098648041486745 0.32116101644933226 0.00060140720717608931 19.975877285003662 932.12059801444411
0.36991269774734969 0.33098648041486745 0.39138021916151045 0.015505745699070397 19.975877285003662 932.12059801444411
0.36991269774734969 0.33098648041486745 0.39138021916151045 0.00060140720717608931 15.563214944675565 932.12059801444411
0.36991269774734969 0.33098648041486745 0.39138021916151045 0.00060140720717608931 19.975877285003662 318.57762318104506
0.52533978791907421 0.29326839707791807 0.32116101644933226 0.015505745699070397 15.563214944675565 318.57762318104506
0.050493593933060771 0.20135149694979193 0.29912926815450191 0.019977201013825833 15.241082228720188 685.22584652528167
0.32586592398583886 0.20135149694979193 0.29912926815450191 0.019977201013825833 15.241082228720188 685.22584652528167
0.050493593933060771 0.1207742877304554 0.29912926815450191 0.019977201013825833 15.241082228720188 685.22584652528167
0.050493593933060771 0.20135149694979193 0.47193757593631747 0.019977201013825833 15.241082228720188 685.22584652528167
0.050493593933060771 0.20135149694979193 0.29912926815450191 0.011175210901722313 15.241082228720188 685.22584652528167
0.050493593933060771 0.20135149694979193 0.29912926815450191 0.019977201013825833 14.109464950859547 685.22584652528167
0.050493593933060771 0.20135149694979193 0.29912926815450191 0.019977201013825833 15.241082228720188 523.8726070150733
0.32586592398583886 0.1207742877304554 0.47193757593631747 0.011175210901722313 14.109464950859547 523.8726070150733
0.63763490328565231 0.41842520497739322 0.49958233945071695 0.0062303947333246469 32.493912691250443 333.58291462063789
0.54287057183682919 0.41842520497739322 0.49958233945071695 0.0062303947333246469 32.493912691250443 333.58291462063789
0.63763490328565231 0.48424818553030491 0.49958233945071695 0.0062303947333246469 32.493912691250443 333.58291462063789
0.63763490328565231 0.41842520497739322 0.27972179576754574 0.0062303947333246469 32.493912691250443 333.58291462063789
0.63763490328565231 0.41842520497739322 0.49958233945071695 0.00090109850894659756 32.493912691250443 333.58291462063789
0.63763490328565231 0.41842520497739322 0.49958233945071695 0.0062303947333246469 33.670232614502311 333.58291462063789
0.63763490328565231 0.41842520497739322 0.49958233945071695 0.0062303947333246469 32.493912691250443 798.74376747757196
0.54287057183682919 0.48424818553030491 0.27972179576754574 0.00090109850894659756 33.670232614502311 798.74376747757196
0.58697347091510887 0.27610185034573076 0.34484835229814054 0.0088289897914975886 35.990140514448285 228.74053167179227
0.22482272936031222 0.27610185034573076 0.34484835229814054 0.0088289897914975886 35.990140514448285 228.74053167179227
0.58697347091510887 0.18670756742358208 0.34484835229814054 0.0088289897914975886 35.990140514448285 228.74053167179227
0.58697347091510887 0.27610185034573076 0.43336731418967245 0.0088289897914975886 35.990140514448285 228.74053167179227
0.58697347091510887 0.27610185034573076 0.34484835229814054 0.019099403045885265 35.990140514448285 228.74053167179227
0.58697347091510887 0.27610185034573076 0.34484835229814054 0.0088289897914975886 9.8031458836048841 228.74053167179227
0.58697347091510887 0.27610185034573076 0.34484835229814054 0.0088289897914975886 35.990140514448285 984.46783721446991
0.22482272936031222 0.18670756742358208 0.43336731418967245 0.019099403045885265 9.8031458836048841 984.46783721446991
0.18264559139497577 0.49318318478763101 0.14448969177901747 0.01735653201919049 8.2420485764741898 777.09749583154917
0.64510270012542603 0.49318318478763101 0.14448969177901747 0.01735653201919049 8.2420485764741898 777.09749583154917
0.18264559139497577 0.42479694373905663 0.14448969177901747 0.01735653201919049 8.2420485764741898 777.09749583154917
0.18264559139497577 0.49318318478763101 0.21302013993263247 0.01735653201919049 8.2420485764741898 777.09749583154917
0.18264559139497577 0.49318318478763101 0.14448969177901747 0.0089148750361055153 8.2420485764741898 777.09749583154917
0.18264559139497577 0.49318318478763101 0.14448969177901747 0.01735653201919049 34.284859105944633 777.09749583154917
0.18264559139497577 0.49318318478763101 0.14448969177901747 0.01735653201919049 8.2420485764741898 345.29007636010647
0.64510270012542603 0.42479694373905663 0.21302013993263247 0.0089148750361055153 34.284859105944633 345.29007636010647
0.23776322826743124 0.16354133710265162 0.43976960182189939 0.0032425269592553383 18.53730096668005 586.46476063877344
0.20729172993451356 0.16354133710265162 0.43976960182189939 0.0032425269592553383 18.53730096668005 586.46476063877344
0.23776322826743124 0.38928250968456268 0.43976960182189939 0.0032425269592553383 18.53730096668005 586.46476063877344
0.23776322826743124 0.16354133710265162 0.16848444305360316 0.0032425269592553383 18.53730096668005 586.46476063877344
0.23776322826743124 0.16354133710265162 0.43976960182189939 0.0045844110121950506 18.53730096668005 586.46476063877344
0.23776322826743124 0.16354133710265162 0.43976960182189939 0.0032425269592553383 25.448310637846589 586.46476063877344
0.23776322826743124 0.16354133710265162 0.43976960182189939 0.0032425269592553383 18.53730096668005 112.19966895878315
0.20729172993451356 0.38928250968456268 0.16848444305360316 0.0045844110121950506 25.448310637846589 112.19966895878315
0.4935717647429555 0.35584240257740019 0.24019238501787188 0.01173056573327631 29.226822743192315 487.94683711603284
0.42397178877145048 0.35584240257740019 0.24019238501787188 0.01173056573327631 29.226822743192315 487.94683711603284
0.4935717647429555 0.2023718398064375 0.24019238501787188 0.01173056573327631 29.226822743192315 487.94683711603284
0.4935717647429555 0.35584240257740019 0.38571556545794017 0.01173056573327631 29.226822743192315 487.94683711603284
0.4935717647429555 0.35584240257740019 0.24019238501787188 0.014767725842073561 29.226822743192315 487.94683711603284
0.4935717647429555 0.35584240257740019 0.24019238501787188 0.01173056573327631 22.507110845297575 487.94683711603284
0.4935717647429555 0.35584240257740019 0.24019238501787188 0.01173056573327631 29.226822743192315 765.02795591950417
0.42397178877145048 0.2023718398064375 0.38571556545794017 0.014767725842073561 22.507110845297575 765.02795591950417
0.48115487168543036 0.29687635675072671 0.1068729966878891 0.018549859159812332 10.652072496712208 346.56687742099166
0.15018035308457911 0.29687635675072671 0.1068729966878891 0.018549859159812332 10.652072496712208 346.56687742099166
0.48115487168543036 0.29660568125545983 0.1068729966878891 0.018549859159812332 10.652072496712208 346.56687742099166
0.48115487168543036 0.29687635675072671 0.2320317354053259 0.018549859159812332 10.652072496712208 346.56687742099166
0.48115487168543036 0.29687635675072671 0.1068729966878891 0.0031146732689812783 10.652072496712208 346.56687742099166
0.48115487168543036 0.29687635675072671 0.1068729966878891 0.018549859159812332 14.627741940319538 346.56687742099166
0.48115487168543036 0.29687635675072671 0.1068729966878891 0.018549859159812332 10.652072496712208 279.1694357059896
0.15018035308457911 0.29660568125545983 0.2320317354053259 0.0031146732689812783 14.627741940319538 279.1694357059896
0.24946340452879667 0.48295660167932508 0.3073049232363701 0.0075486674545332793 37.344561183825135 670.03029510378838
0.3999124689493328 0.48295660167932508 0.3073049232363701 0.0075486674545332793 37.344561183825135 670.03029510378838
0.24946340452879667 0.30851626917719843 0.3073049232363701 0.0075486674545332793 37.344561183825135 670.03029510378838
0.24946340452879667 0.48295660167932508 0.41494013108313088 0.0075486674545332793 37.344561183825135 670.03029510378838
0.24946340452879667 0.48295660167932508 0.3073049232363701 0.012679233304411175 37.344561183825135 670.03029510378838
0.24946340452879667 0.48295660167932508 0.3073049232363701 0.0075486674545332793 33.269318362697959 670.03029510378838
0.24946340452879667 0.48295660167932508 0.3073049232363701 0.0075486674545332793 37.344561183825135 594.48398975655437
0.3999124689493328 0.30851626917719843 0.41494013108313088 0.012679233304411175 33.269318362697959 594.48398975655437
0.18012715228833259 0.15955893434584142 0.20257712267339231 0.013002599279955031 26.934927107766271 918.75109449028969
0.28958600382320582 0.15955893434584142 0.20257712267339231 0.013002599279955031 26.934927107766271 918.75109449028969
0.18012715228833259 0.48052975945174692 0.20257712267339231 0.013002599279955031 26.934927107766271 918.75109449028969
0.18012715228833259 0.15955893434584142 0.36571386978030207 0.013002599279955031 26.934927107766271 918.75109449028969
0.18012715228833259 0.15955893434584142 0.20257712267339231 0.01824879295770079 26.934927107766271 918.75109449028969
0.18012715228833259 0.15955893434584142 0.20257712267339231 0.013002599279955031 27.10609582439065 918.75109449028969
0.18012715228833259 0.15955893434584142 0.20257712267339231 0.013002599279955031 26.934927107766271 810.51467610523105
0.28958600382320582 0.48052975945174692 0.36571386978030207 0.01824879295770079 27.10609582439065 810.51467610523105
0.58829927397891879 0.37037063203752041 0.40222760550677783 0.0020381904369220138 17.064802080392838 145.33963119611144
0.66166880647651849 0.37037063203752041 0.40222760550677783 0.0020381904369220138 17.064802080392838 145.33963119611144
0.58829927397891879 0.11744039356708527 0.40222760550677783 0.0020381904369220138 17.064802080392838 145.33963119611144
0.58829927397891879 0.37037063203752041 0.18594554960727694 0.0020381904369220138 17.064802080392838 145.33963119611144
0.58829927397891879 0.37037063203752041 0.40222760550677783 0.0086830101534724254 17.064802080392838 145.33963119611144
0.58829927397891879 0.37037063203752041 0.40222760550677783 0.0020381904369220138 16.924005972221494 145.33963119611144
0.58829927397891879 0.37037063203752041 0.40222760550677783 0.0020381904369220138 17.064802080392838 508.85064816102386
0.66166880647651849 0.11744039356708527 0.18594554960727694 0.0086830101534724254 16.924005972221494 508.85064816102386
0.61888784160837529 0.13510613031685353 0.35373913608491425 0.0043484123928472403 21.418421261012554 472.81952444463968
0.34993012663908296 0.13510613031685353 0.35373913608491425 0.0043484123928472403 21.418421261012554 472.81952444463968
0.61888784160837529 0.41521293781697755 0.35373913608491425 0.0043484123928472403 21.418421261012554 472.81952444463968
0.61888784160837529 0.13510613031685353 0.32713721394538881 0.0043484123928472403 21.418421261012554 472.81952444463968
0.61888784160837529 0.13510613031685353 0.35373913608491425 0.011407108755409718 21.418421261012554 472.81952444463968
0.61888784160837529 0.13510613031685353 0.35373913608491425 0.0043484123928472403 25.845793450251222 472.81952444463968
0.61888784160837529 0.13510613031685353 0.35373913608491425 0.0043484123928472403 21.418421261012554 357.07428874447942
0.34993012663908296 0.41521293781697755 0.32713721394538881 0.011407108755409718 25.845793450251222 357.07428874447942
0.068529149750247598 0.34590104036033154 0.15418916754424572 0.010709579510614277 26.549205223098397 599.40795050933957
0.59997706827707586 0.34590104036033154 0.15418916754424572 0.010709579510614277 26.549205223098397 599.40795050933957
0.068529149750247598 0.17673905044794083 0.15418916754424572 0.010709579510614277 26.549205223098397 599.40795050933957
0.068529149750247598 0.34590104036033154 0.11925028786063195 0.010709579510614277 26.549205223098397 599.40795050933957
0.068529149750247598 0.34590104036033154 0.15418916754424572 0.0017517511570826175 26.549205223098397 599.40795050933957
0.068529149750247598 0.34590104036033154 0.15418916754424572 0.010709579510614277 21.992730211466551 599.40795050933957
0.068529149750247598 0.34590104036033154 0.15418916754424572 0.010709579510614277 26.549205223098397 969.43171629682183
0.59997706827707586 0.17673905044794083 0.11925028786063195 0.0017517511570826175 21.992730211466551 969.43171629682183
0.36106393504887813 0.22252092286944392 0.46194268465042121 0.0098986935129389188 31.167673097923398 791.83926777914166
0.088173694675788283 0.22252092286944392 0.46194268465042121 0.0098986935129389188 31.167673097923398 791.83926777914166
0.36106393504887813 0.21234354414045811 0.46194268465042121 0.0098986935129389188 31.167673097923398 791.83926777914166
0.36106393504887813 0.22252092286944392 0.27471128441393378 0.0098986935129389188 31.167673097923398 791.83926777914166
0.36106393504887813 0.22252092286944392 0.46194268465042121 0.0073212304480373865 31.167673097923398 791.83926777914166
0.36106393504887813 0.22252092286944392 0.46194268465042121 0.0098986935129389188 8.4467089753597975 791.83926777914166
0.36106393504887813 0.22252092286944392 0.46194268465042121 0.0098986935129389188 31.167673097923398 725.60560638085008
0.088173694675788283 0.21234354414045811 0.27471128441393378 0.0073212304480373865 8.4467089753597975 725.60560638085008
0.45056883203797038 0.40858438014984133 0.26161165982484819 0.016221869272366168 12.861070439219475 215.30279610306025
0.46057147807441645 0.40858438014984133 0.26161165982484819 0.016221869272366168 12.861070439219475 215.30279610306025
0.45056883203797038 0.39886961057782178 0.26161165982484819 0.016221869272366168 12.861070439219475 215.30279610306025
0.45056883203797038 0.40858438014984133 0.4794886764138937 0.016221869272366168 12.861070439219475 215.30279610306025
0.45056883203797038 0.40858438014984133 0.26161165982484819 0.01697537494022399 12.861070439219475 215.30279610306025
0.45056883203797038 0.40858438014984133 0.26161165982484819 0.016221869272366168 35.759230956435204 215.30279610306025
0.45056883203797038 0.40858438014984133 0.26161165982484819 0.016221869272366168 12.861070439219475 154.96877329424024
0.46057147807441645 0.39886961057782178 0.4794886764138937 0.01697537494022399 35.759230956435204 154.96877329424024
0.3965758117847144 0.19961940683424473 0.48099614419043069 0.011525510098040105 34.428665462881327 182.66401970759034
0.31645972128026184 0.19961940683424473 0.48099614419043069 0.011525510098040105 34.428665462881327 182.66401970759034
0.3965758117847144 0.44460081346333025 0.48099614419043069 0.011525510098040105 34.428665462881327 182.66401970759034
0.3965758117847144 0.19961940683424473 0.31572941690683365 0.011525510098040105 34.428665462881327 182.66401970759034
0.3965758117847144 0.19961940683424473 0.48099614419043069 0.0093286747127771397 34.428665462881327 182.66401970759034
0.3965758117847144 0.19961940683424473 0.48099614419043069 0.011525510098040105 36.414409374818206 182.66401970759034
0.3965758117847144 0.19961940683424473 0.48099614419043069 0.011525510098040105 34.428665462881327 260.87596891447902
0.31645972128026184 0.44460081346333025 0.31572941690683365 0.0093286747127771397 36.414409374818206 260.87596891447902
0.33245626711286602 0.38255615793168551 0.27986250706017018 0.0026886682907119397 9.5600201766937971 956.12744744867086
0.55347692067734899 0.38255615793168551 0.27986250706017018 0.0026886682907119397 9.5600201766937971 956.12744744867086
0.33245626711286602 0.15651827976107599 0.27986250706017018 0.0026886682907119397 9.5600201766937971 956.12744744867086
0.33245626711286602 0.38255615793168551 0.13612530902028086 0.0026886682907119397 9.5600201766937971 956.12744744867086
0.33245626711286602 0.38255615793168551 0.27986250706017018 0.018989918676950039 9.5600201766937971 956.12744744867086
0.33245626711286602 0.38255615793168551 0.27986250706017018 0.0026886682907119397 11.438305072486401 956.12744744867086
0.33245626711286602 0.38255615793168551 0.27986250706017018 0.0026886682907119397 9.5600201766937971 618.81736209616065
0.55347692067734899 0.15651827976107599 0.13612530902028086 0.018989918676950039 11.438305072486401 618.81736209616065
0.098087077401578432 0.26230313554406171 0.38451096341013913 0.017112046248465778 18.1606301125139 751.30687262862921
0.095318678626790637 0.26230313554406171 0.38451096341013913 0.017112046248465778 18.1606301125139 751.30687262862921
0.098087077401578432 0.22940227203071117 0.38451096341013913 0.017112046248465778 18.1606301125139 751.30687262862921
0.098087077401578432 0.26230313554406171 0.28222352750599389 0.017112046248465778 18.1606301125139 751.30687262862921
0.098087077401578432 0.26230313554406171 0.38451096341013913 0.014659076961129905 18.1606301125139 751.30687262862921
0.098087077401578432 0.26230313554406171 0.38451096341013913 0.017112046248465778 20.421581270173192 751.30687262862921
0.098087077401578432 0.26230313554406171 0.38451096341013913 0.017112046248465778 18.1606301125139 849.45987826213241
0.095318678626790637 0.22940227203071117 0.28222352750599389 0.014659076961129905 20.421581270173192 849.45987826213241
0.67383112157694991 0.46997132450342183 0.18572088256478311 0.0083145565377548344 29.854371335357428 427.89539927616715
0.53593609989620739 0.46997132450342183 0.18572088256478311 0.0083145565377548344 29.854371335357428 427.89539927616715
0.67383112157694991 0.3663197845220566 0.18572088256478311 0.0083145565377548344 29.854371335357428 427.89539927616715
0.67383112157694991 0.46997132450342183 0.46494365744292743 0.0083145565377548344 29.854371335357428 427.89539927616715
0.67383112157694991 0.46997132450342183 0.18572088256478311 0.0049966198908165099 29.854371335357428 427.89539927616715
0.67383112157694991 0.46997132450342183 0.18572088256478311 0.0083145565377548344 23.798549670726061 427.89539927616715
0.67383112157694991 0.46997132450342183 0.18572088256478311 0.0083145565377548344 29.854371335357428 477.9228906147182
0.53593609989620739 0.3663197845220566 0.46494365744292743 0.0049966198908165099 23.798549670726061 477.9228906147182
0.54192090961150818 0.23705038949847224 0.23411188945174219 0.0059659499311819674 23.662490595132113 309.76983048021793
0.19636559984646734 0.23705038949847224 0.23411188945174219 0.0059659499311819674 23.662490595132113 309.76983048021793
0.54192090961150818 0.26389633677899837 0.23411188945174219 0.0059659499311819674 23.662490595132113 309.76983048021793
0.54192090961150818 0.23705038949847224 0.22470184676349164 0.0059659499311819674 23.662490595132113 309.76983048021793
0.54192090961150818 0.23705038949847224 0.23411188945174219 0.015306161101348701 23.662490595132113 309.76983048021793
0.54192090961150818 0.23705038949847224 0.23411188945174219 0.0059659499311819674 17.696363564580679 309.76983048021793
0.54192090961150818 0.23705038949847224 0.23411188945174219 0.0059659499311819674 23.662490595132113 402.9418365098536
0.19636559984646734 0.26389633677899837 0.22470184676349164 0.015306161101348701 17.696363564580679 402.9418365098536
0.14898781571537256 0.44473841190338137 0.43299638107419014 0.019444017150998114 20.355323834344745 886.35825319215655
0.43369777998886994 0.44473841190338137 0.43299638107419014 0.019444017150998114 20.355323834344745 886.35825319215655
0.14898781571537256 0.32541712075471879 0.43299638107419014 0.019444017150998114 20.355323834344745 886.35825319215655
0.14898781571537256 0.44473841190338137 0.42930279560387141 0.019444017150998114 20.355323834344745 886.35825319215655
0.14898781571537256 0.44473841190338137 0.43299638107419014 0.0057474789492785935 20.355323834344745 886.35825319215655
0.14898781571537256 0.44473841190338137 0.43299638107419014 0.019444017150998114 30.214887300506234 886.35825319215655
0.14898781571537256 0.44473841190338137 0.43299638107419014 0.019444017150998114 20.355323834344745 917.30110319331288
0.43369777998886994 0.32541712075471879 0.42930279560387141 0.0057474789492785935 30.214887300506234 917.30110319331288
0.28155801803804931 0.1244647938758135 0.12512689568102361 0.00037760103661566978 13.927716484293342 625.29969466850162
0.21390647632069881 0.1244647938758135 0.12512689568102361 0.00037760103661566978 13.927716484293342 625.29969466850162
0.28155801803804931 0.46054018773138528 0.12512689568102361 0.00037760103661566978 13.927716484293342 625.29969466850162
0.28155801803804931 0.1244647938758135 0.37696375027298934 0.00037760103661566978 13.927716484293342 625.29969466850162
0.28155801803804931 0.1244647938758135 0.12512689568102361 0.0014167175957933071 13.927716484293342 625.29969466850162
0.28155801803804931 0.1244647938758135 0.12512689568102361 0.00037760103661566978 31.58096107840538 625.29969466850162
0.28155801803804931 0.1244647938758135 0.12512689568102361 0.00037760103661566978 13.927716484293342 714.4540105946362
0.21390647632069881 0.46054018773138528 0.37696375027298934 0.0014167175957933071 31.58096107840538 714.4540105946362
0.52848851298913357 0.30742137841880324 0.32635533101856706 0.013815107663720847 34.058163326233625 498.76322634518147
0.6548387233633548 0.30742137841880324 0.32635533101856706 0.013815107663720847 34.058163326233625 498.76322634518147
0.52848851298913357 0.14706092551350594 0.32635533101856706 0.013815107663720847 34.058163326233625 498.76322634518147
0.52848851298913357 0.30742137841880324 0.16922844499349593 0.013815107663720847 34.058163326233625 498.76322634518147
0.52848851298913357 0.30742137841880324 0.32635533101856706 0.010974176979064942 34.058163326233625 498.76322634518147
0.52848851298913357 0.30742137841880324 0.32635533101856706 0.013815107663720847 12.463331056758761 498.76322634518147
0.52848851298913357 0.30742137841880324 0.32635533101856706 0.013815107663720847 34.058163326233625 158.31921780481935
0.6548387233633548 0.14706092551350594 0.16922844499349593 0.010974176979064942 12.463331056758761 158.31921780481935
0.50049150949344035 0.10718225985765457 0.2895396824926138 0.0088840478932485003 16.397238422185183 856.20792219415307
0.38223991706036026 0.10718225985765457 0.2895396824926138 0.0088840478932485003 16.397238422185183 856.20792219415307
0.50049150949344035 0.46531234458088877 0.2895396824926138 0.0088840478932485003 16.397238422185183 856.20792219415307
0.50049150949344035 0.10718225985765457 0.13789138272404672 0.0088840478932485003 16.397238422185183 856.20792219415307
0.50049150949344035 0.10718225985765457 0.2895396824926138 0.0024076395092532043 16.397238422185183 856.20792219415307
0.50049150949344035 0.10718225985765457 0.2895396824926138 0.0088840478932485003 13.472835628315806 856.20792219415307
0.50049150949344035 0.10718225985765457 0.2895396824926138 0.0088840478932485003 16.397238422185183 335.29245322570205
0.38223991706036026 0.46531234458088877 0.13789138272404672 0.0024076395092532043 13.472835628315806 335.29245322570205
0.26881026686169207 0.32431090250611305 0.48987375907599928 0.015205939330533149 28.08377025835216 279.72625475376844
0.16269667162559925 0.32431090250611305 0.48987375907599928 0.015205939330533149 28.08377025835216 279.72625475376844
0.26881026686169207 0.12722376622259618 0.48987375907599928 0.015205939330533149 28.08377025835216 279.72625475376844
0.26881026686169207 0.32431090250611305 0.30829928070306778 0.015205939330533149 28.08377025835216 279.72625475376844
0.26881026686169207 0.32431090250611305 0.48987375907599928 0.011994117034599187 28.08377025835216 279.72625475376844
0.26881026686169207 0.32431090250611305 0.48987375907599928 0.015205939330533149 30.688930109143257 279.72625475376844
0.26881026686169207 0.32431090250611305 0.48987375907599928 0.015205939330533149 28.08377025835216 988.53263361379504
0.16269667162559925 0.12722376622259618 0.30829928070306778 0.011994117034599187 30.688930109143257 988.53263361379504
0.16143736187368629 0.24457187615334988 0.19461670517921448 0.0045699821559712292 36.195718815550208 528.36640011519194
0.68969969679601484 0.24457187615334988 0.19461670517921448 0.0045699821559712292 36.195718815550208 528.36640011519194
0.16143736187368629 0.26185854226350785 0.19461670517921448 0.0045699821559712292 36.195718815550208 528.36640011519194
0.16143736187368629 0.24457187615334988 0.46063549332320697 0.0045699821559712292 36.195718815550208 528.36640011519194
0.16143736187368629 0.24457187615334988 0.19461670517921448 0.016326162452064454 36.195718815550208 528.36640011519194
0.16143736187368629 0.24457187615334988 0.19461670517921448 0.0045699821559712292 29.235179835930467 528.36640011519194
0.16143736187368629 0.24457187615334988 0.19461670517921448 0.0045699821559712292 36.195718815550208 753.9316195063293
0.68969969679601484 0.26185854226350785 0.46063549332320697 0.016326162452064454 29.235179835930467 753.9316195063293
0.56958003523759537 0.43682258166372778 0.39416972547769547 0.010932434185966851 11.3196353726089 655.00983158126473
0.26655514468438923 0.43682258166372778 0.39416972547769547 0.010932434185966851 11.3196353726089 655.00983158126473
0.56958003523759537 0.34876991771161558 0.39416972547769547 0.010932434185966851 11.3196353726089 655.00983158126473
0.56958003523759537 0.43682258166372778 0.29336762912571435 0.010932434185966851 11.3196353726089 655.00983158126473
0.56958003523759537 0.43682258166372778 0.39416972547769547 0.0067384906295686964 11.3196353726089 655.00983158126473
0.56958003523759537 0.43682258166372778 0.39416972547769547 0.010932434185966851 18.559627395123243 655.00983158126473
0.56958003523759537 0.43682258166372778 0.39416972547769547 0.010932434185966851 11.3196353726089 115.16591301187873
0.26655514468438923 0.34876991771161558 0.29336762912571435 0.0067384906295686964 18.559627395123243 115.16591301187873
0.68141582305543125 0.27021057419478894 0.44890524446964264 0.013243807104602458 12.164496902376413 983.09400640428066
0.5871408704202622 0.27021057419478894 0.44890524446964264 0.013243807104602458 12.164496902376413 983.09400640428066
0.68141582305543125 0.24630979001522066 0.44890524446964264 0.013243807104602458 12.164496902376413 983.09400640428066
0.68141582305543125 0.27021057419478894 0.4462776858359575 0.013243807104602458 12.164496902376413 983.09400640428066
0.68141582305543125 0.27021057419478894 0.44890524446964264 0.013329766700044276 12.164496902376413 983.09400640428066
0.68141582305543125 0.27021057419478894 0.44890524446964264 0.013243807104602458 24.694486383348703 983.09400640428066
0.68141582305543125 0.27021057419478894 0.44890524446964264 0.013243807104602458 12.164496902376413 300.45014070346951
0.5871408704202622 0.24630979001522066 0.4462776858359575 0.013329766700044276 24.694486383348703 300.45014070346951
0.13108719941228628 0.46245670504868031 0.24925781339406969 0.0022806831737980249 32.287504581734538 209.73733393475413
0.36792252394370728 0.46245670504868031 0.24925781339406969 0.0022806831737980249 32.287504581734538 209.73733393475413
0.13108719941228628 0.35783664397895343 0.24925781339406969 0.0022806831737980249 32.287504581734538 209.73733393475413
0.13108719941228628 0.46245670504868031 0.20089101903140547 0.0022806831737980249 32.287504581734538 209.73733393475413
0.13108719941228628 0.46245670504868031 0.24925781339406969 0.0036963181829079987 32.287504581734538 209.73733393475413
0.13108719941228628 0.46245670504868031 0.24925781339406969 0.0022806831737980249 19.408628718927503 209.73733393475413
0.13108719941228628 0.46245670504868031 0.24925781339406969 0.0022806831737980249 32.287504581734538 575.78807258978486
0.36792252394370728 0.35783664397895343 0.20089101903140547 0.0036963181829079987 19.408628718927503 575.78807258978486
0.29915801757015287 0.18272301554679871 0.34148284457623956 0.017554851601645351 25.429372733458877 402.13949559256434
0.48328249179758126 0.18272301554679871 0.34148284457623956 0.017554851601645351 25.429372733458877 402.13949559256434
0.29915801757015287 0.43120890781283383 0.34148284457623956 0.017554851601645351 25.429372733458877 402.13949559256434
0.29915801757015287 0.18272301554679871 0.15478958934545517 0.017554851601645351 25.429372733458877 402.13949559256434
0.29915801757015287 0.18272301554679871 0.34148284457623956 0.0080282928269356495 25.429372733458877 402.13949559256434
0.29915801757015287 0.18272301554679871 0.34148284457623956 0.017554851601645351 10.572080530226231 402.13949559256434
0.29915801757015287 0.18272301554679871 0.34148284457623956 0.017554851601645351 25.429372733458877 781.71478370204568
0.48328249179758126 0.43120890781283383 0.15478958934545517 0.0080282928269356495 10.572080530226231 781.71478370204568
0.38865330992266528 0.39984708353877074 0.14105396978557111 0.0065523755742236973 22.114995803683996 725.65793208777905
0.060462683672085404 0.39984708353877074 0.14105396978557111 0.0065523755742236973 22.114995803683996 725.65793208777905
0.38865330992266528 0.16773580797016621 0.14105396978557111 0.0065523755742236973 22.114995803683996 725.65793208777905
0.38865330992266528 0.39984708353877074 0.39706666842103011 0.0065523755742236973 22.114995803683996 725.65793208777905
0.38865330992266528 0.39984708353877074 0.14105396978557111 0.017660537531785668 22.114995803683996 725.65793208777905
0.38865330992266528 0.39984708353877074 0.14105396978557111 0.0065523755742236973 37.398450842127204 725.65793208777905
0.38865330992266528 0.39984708353877074 0.14105396978557111 0.0065523755742236973 22.114995803683996 549.03125734999776
0.060462683672085404 0.16773580797016621 0.39706666842103011 0.017660537531785668 37.398450842127204 549.03125734999776
0.41781674283556636 0.20835652314126493 0.32342730984091761 0.0013919442372396591 28.690822415053844 573.62724980339408
0.57142902766354375 0.20835652314126493 0.32342730984091761 0.0013919442372396591 28.690822415053844 573.62724980339408
0.41781674283556636 0.21340627744793894 0.32342730984091761 0.0013919442372396591 28.690822415053844 573.62724980339408
0.41781674283556636 0.20835652314126493 0.41065101660788061 0.0013919442372396591 28.690822415053844 573.62724980339408
0.41781674283556636 0.20835652314126493 0.32342730984091761 0.0063206311244517564 28.690822415053844 573.62724980339408
0.41781674283556636 0.20835652314126493 0.32342730984091761 0.0013919442372396591 34.750412583351135 573.62724980339408
0.41781674283556636 0.20835652314126493 0.32342730984091761 0.0013919442372396591 28.690822415053844 429.9383188597858
0.57142902766354375 0.21340627744793894 0.41065101660788061 0.0063206311244517564 34.750412583351135 429.9383188597858
0.35370742995291943 0.42235424555838108 0.12219582274556161 0.014830735776573421 18.813488224521279 447.14557230472565
0.303663818584755 0.42235424555838108 0.12219582274556161 0.014830735776573421 18.813488224521279 447.14557230472565
0.35370742995291943 0.37532305158674717 0.12219582274556161 0.014830735776573421 18.813488224521279 447.14557230472565
0.35370742995291943 0.42235424555838108 0.24354741238057614 0.014830735776573421 18.813488224521279 447.14557230472565
0.35370742995291943 0.42235424555838108 0.12219582274556161 0.015965112294815481 18.813488224521279 447.14557230472565
0.35370742995291943 0.42235424555838108 0.12219582274556161 0.014830735776573421 9.3375959824770689 447.14557230472565
0.35370742995291943 0.42235424555838108 0.12219582274556161 0.014830735776573421 18.813488224521279 899.926673527807
0.303663818584755 0.37532305158674717 0.24354741238057614 0.015965112294815481 9.3375959824770689 899.926673527807
0.076223455229774112 0.14574727565050127 0.41756884194910526 0.0057440777489915495 8.9071630705147982 242.29584187269211
0.50818604319356375 0.14574727565050127 0.41756884194910526 0.0057440777489915495 8.9071630705147982 242.29584187269211
0.076223455229774112 0.41063454300165181 0.41756884194910526 0.0057440777489915495 8.9071630705147982 242.29584187269211
0.076223455229774112 0.14574727565050127 0.18808315098285677 0.0057440777489915495 8.9071630705147982 242.29584187269211
0.076223455229774112 0.14574727565050127 0.41756884194910526 0.01039676593206823 8.9071630705147982 242.29584187269211
0.076223455229774112 0.14574727565050127 0.41756884194910526 0.0057440777489915495 22.97175058349967 242.29584187269211
0.076223455229774112 0.14574727565050127 0.41756884194910526 0.0057440777489915495 8.9071630705147982 680.81636866554618
0.50818604319356375 0.41063454300165181 0.18808315098285677 0.01039676593206823 22.97175058349967 680.81636866554618
0.65193805834278462 0.33486707583069802 0.2186812985688448 0.019220860646665096 35.592213377356529 818.93928339704871
0.11806875257752836 0.33486707583069802 0.2186812985688448 0.019220860646665096 35.592213377356529 818.93928339704871
0.65193805834278462 0.19755127094686031 0.2186812985688448 0.019220860646665096 35.592213377356529 818.93928339704871
0.65193805834278462 0.33486707583069802 0.35830283090472226 0.019220860646665096 35.592213377356529 818.93928339704871
0.65193805834278462 0.33486707583069802 0.2186812985688448 0.00075108094941824682 35.592213377356529 818.93928339704871
0.65193805834278462 0.33486707583069802 0.2186812985688448 0.019220860646665096 24.983674475923181 818.93928339704871
0.65193805834278462 0.33486707583069802 0.2186812985688448 0.019220860646665096 35.592213377356529 196.29860846325755
0.11806875257752836 0.19755127094686031 0.35830283090472226 0.00075108094941824682 24.983674475923181 196.29860846325755
0.60127506656572216 0.17059823870658875 0.1640432421118021 0.016871140252798796 32.923740513622761 699.6601702645421
0.44617379852570588 0.17059823870658875 0.1640432421118021 0.016871140252798796 32.923740513622761 699.6601702645421
0.60127506656572216 0.49528730213642125 0.1640432421118021 0.016871140252798796 32.923740513622761 699.6601702645421
0.60127506656572216 0.17059823870658875 0.10478012785315514 0.016871140252798796 32.923740513622761 699.6601702645421
0.60127506656572216 0.17059823870658875 0.1640432421118021 0.019568425808660687 32.923740513622761 699.6601702645421
0.60127506656572216 0.17059823870658875 0.1640432421118021 0.016871140252798796 16.0287563521415 699.6601702645421
0.60127506656572216 0.17059823870658875 0.1640432421118021 0.016871140252798796 32.923740513622761 234.25702089443803
0.44617379852570588 0.49528730213642125 0.10478012785315514 0.019568425808660687 16.0287563521415 234.25702089443803
0.20837203362025319 0.35972567126154897 0.36283027119934563 0.0080723662199452539 14.609698915854096 376.30350114777684
0.17873333343304693 0.35972567126154897 0.36283027119934563 0.0080723662199452539 14.609698915854096 376.30350114777684
0.20837203362025319 0.10680730156600476 0.36283027119934563 0.0080723662199452539 14.609698915854096 376.30350114777684
0.20837203362025319 0.35972567126154897 0.34688081145286564 0.0080723662199452539 14.609698915854096 376.30350114777684
0.20837203362025319 0.35972567126154897 0.36283027119934563 0.0099929892715066686 14.609698915854096 376.30350114777684
0.20837203362025319 0.35972567126154897 0.36283027119934563 0.0080723662199452539 28.117903519421816 376.30350114777684
0.20837203362025319 0.35972567126154897 0.36283027119934563 0.0080723662199452539 14.609698915854096 635.71812706068158
0.17873333343304693 0.10680730156600476 0.34688081145286564 0.0099929892715066686 28.117903519421816 635.71812706068158
0.22155640106648206 0.28311030678451066 0.27068458721041677 0.012520819485187532 19.673340620473027 115.16428859904408
0.63176880883984265 0.28311030678451066 0.27068458721041677 0.012520819485187532 19.673340620473027 115.16428859904408
0.22155640106648206 0.27911372706294058 0.27068458721041677 0.012520819485187532 19.673340620473027 115.16428859904408
0.22155640106648206 0.28311030678451066 0.49610419832170016 0.012520819485187532 19.673340620473027 115.16428859904408
0.22155640106648206 0.28311030678451066 0.27068458721041677 0.0044247136821970344 19.673340620473027 115.16428859904408
0.22155640106648206 0.28311030678451066 0.27068458721041677 0.012520819485187532 34.134856706485152 115.16428859904408
0.22155640106648206 0.28311030678451066 0.27068458721041677 0.012520819485187532 19.673340620473027 883.50273491814733
0.63176880883984265 0.27911372706294058 0.49610419832170016 0.0044247136821970344 34.134856706485152 883.50273491814733
0.46847728411667044 0.49711566157639031 0.47181517258286476 0.0036852625900879506 24.79691419005394 888.68272174149752
0.24197641718201335 0.49711566157639031 0.47181517258286476 0.0036852625900879506 24.79691419005394 888.68272174149752
0.46847728411667044 0.31563377268612386 0.47181517258286476 0.0036852625900879506 24.79691419005394 888.68272174149752
0.46847728411667044 0.49711566157639031 0.25086920000612734 0.0036852625900879506 24.79691419005394 888.68272174149752
0.46847728411667044 0.49711566157639031 0.47181517258286476 0.013998955922201278 24.79691419005394 888.68272174149752
0.46847728411667044 0.49711566157639031 0.47181517258286476 0.0036852625900879506 13.644844435155392 888.68272174149752
0.46847728411667044 0.49711566157639031 0.47181517258286476 0.0036852625900879506 24.79691419005394 439.44215485826135
0.24197641718201335 0.31563377268612386 0.25086920000612734 0.013998955922201278 13.644844435155392 439.44215485826135
0.47377473334781817 0.21942427754402161 0.25543897673487664 0.014956438935361804 37.117001369595528 746.14471411332488
0.33626453941687934 0.21942427754402161 0.25543897673487664 0.014956438935361804 37.117001369595528 746.14471411332488
0.47377473334781817 0.34551585651934147 0.25543897673487664 0.014956438935361804 37.117001369595528 746.14471411332488
0.47377473334781817 0.21942427754402161 0.1834873802959919 0.014956438935361804 37.117001369595528 746.14471411332488
0.47377473334781817 0.21942427754402161 0.25543897673487664 0.0049379257161170243 37.117001369595528 746.14471411332488
0.47377473334781817 0.21942427754402161 0.25543897673487664 0.014956438935361804 32.20389087870717 746.14471411332488
0.47377473334781817 0.21942427754402161 0.25543897673487664 0.014956438935361804 37.117001369595528 793.01822436973453
0.33626453941687934 0.34551585651934147 0.1834873802959919 0.0049379257161170243 32.20389087870717 793.01822436973453
0.2166976002976298 0.4116813115775585 0.45577306523919103 0.0011695590306073428 10.431027488783002 394.61164548993111
0.61373061304911969 0.4116813115775585 0.45577306523919103 0.0011695590306073428 10.431027488783002 394.61164548993111
0.2166976002976298 0.25860444679856298 0.45577306523919103 0.0011695590306073428 10.431027488783002 394.61164548993111
0.2166976002976298 0.4116813115775585 0.36309386044740677 0.0011695590306073428 10.431027488783002 394.61164548993111
0.2166976002976298 0.4116813115775585 0.45577306523919103 0.014563061507605017 10.431027488783002 394.61164548993111
0.2166976002976298 0.4116813115775585 0.45577306523919103 0.0011695590306073428 11.942765416577458 394.61164548993111
0.2166976002976298 0.4116813115775585 0.45577306523919103 0.0011695590306073428 10.431027488783002 533.98131048306823
0.61373061304911969 0.25860444679856298 0.36309386044740677 0.014563061507605017 11.942765416577458 533.98131048306823
0.2033944467548281 0.13193596415221692 0.16051752604544164 0.019230551278404891 17.28962648846209 188.04186806082726
0.074339795671403405 0.13193596415221692 0.16051752604544164 0.019230551278404891 17.28962648846209 188.04186806082726
0.2033944467548281 0.13044091425836088 0.16051752604544164 0.019230551278404891 17.28962648846209 188.04186806082726
0.2033944467548281 0.13193596415221692 0.41855491809546952 0.019230551278404891 17.28962648846209 188.04186806082726
0.2033944467548281 0.13193596415221692 0.16051752604544164 0.018895102241262795 17.28962648846209 188.04186806082726
0.2033944467548281 0.13193596415221692 0.16051752604544164 0.019230551278404891 17.967042319476604 188.04186806082726
0.2033944467548281 0.13193596415221692 0.16051752604544164 0.019230551278404891 17.28962648846209 317.26396521553397
0.074339795671403405 0.13044091425836088 0.41855491809546952 0.018895102241262795 17.967042319476604 317.26396521553397
0.6064537297002971 0.34907092042267324 0.36007055826485157 0.0054830222900956868 27.166038893163204 989.63370388373733
0.47447362896054979 0.34907092042267324 0.36007055826485157 0.0054830222900956868 27.166038893163204 989.63370388373733
0.6064537297002971 0.46852955073118208 0.36007055826485157 0.0054830222900956868 27.166038893163204 989.63370388373733
0.6064537297002971 0.34907092042267324 0.23583887703716755 0.0054830222900956868 27.166038893163204 989.63370388373733
0.6064537297002971 0.34907092042267324 0.36007055826485157 0.0092687437547370796 27.166038893163204 989.63370388373733
0.6064537297002971 0.34907092042267324 0.36007055826485157 0.0054830222900956868 29.812655245885253 989.63370388373733
0.6064537297002971 0.34907092042267324 0.36007055826485157 0.0054830222900956868 27.166038893163204 562.70531145855784
0.47447362896054979 0.46852955073118208 0.23583887703716755 0.0092687437547370796 29.812655245885253 562.70531145855784
0.65719358762726188 0.15640584193170071 0.40855455137789254 0.0081013549868017443 26.320832252502441 648.04280791431665
0.13611428895965216 0.15640584193170071 0.40855455137789254 0.0081013549868017443 26.320832252502441 648.04280791431665
0.65719358762726188 0.16454435102641585 0.40855455137789254 0.0081013549868017443 26.320832252502441 648.04280791431665
0.65719358762726188 0.15640584193170071 0.47607840485870845 0.0081013549868017443 26.320832252502441 648.04280791431665
0.65719358762726188 0.15640584193170071 0.40855455137789254 0.010722127596847715 26.320832252502441 648.04280791431665
0.65719358762726188 0.15640584193170071 0.40855455137789254 0.0081013549868017443 20.925433171913028 648.04280791431665
0.65719358762726188 0.15640584193170071 0.40855455137789254 0.0081013549868017443 26.320832252502441 770.73079580441117
0.13611428895965216 0.16454435102641585 0.47607840485870845 0.010722127596847715 20.925433171913028 770.73079580441117
0.071322734514251349 0.37352401055395601 0.20890710838139059 0.016629458533786237 21.198182256892323 549.63474767282605
0.41389053920283908 0.37352401055395601 0.20890710838139059 0.016629458533786237 21.198182256892323 549.63474767282605
0.071322734514251349 0.42801750898361213 0.20890710838139059 0.016629458533786237 21.198182256892323 549.63474767282605
0.071322734514251349 0.37352401055395601 0.27148097269237043 0.016629458533786237 21.198182256892323 549.63474767282605
0.071322734514251349 0.37352401055395601 0.20890710838139059 0.0012046894308179619 21.198182256892323 549.63474767282605
0.071322734514251349 0.37352401055395601 0.20890710838139059 0.016629458533786237 23.16257181763649 549.63474767282605
0.071322734514251349 0.37352401055395601 0.20890710838139059 0.016629458533786237 21.198182256892323 102.09607677534223
0.41389053920283908 0.42801750898361213 0.27148097269237043 0.0012046894308179619 23.16257181763649 102.09607677534223
0.34876680392771953 0.2937962129712105 0.30113367661833768 0.0038302638839930298 13.084854597225785 286.80295394733548
0.2753715224564075 0.2937962129712105 0.30113367661833768 0.0038302638839930298 13.084854597225785 286.80295394733548
0.34876680392771953 0.36106460876762869 0.30113367661833768 0.0038302638839930298 13.084854597225785 286.80295394733548
0.34876680392771953 0.2937962129712105 0.12225467413663865 0.0038302638839930298 13.084854597225785 286.80295394733548
0.34876680392771953 0.2937962129712105 0.30113367661833768 0.0055366498759016397 13.084854597225785 286.80295394733548
0.34876680392771953 0.2937962129712105 0.30113367661833768 0.0038302638839930298 36.804051140323281 286.80295394733548
0.34876680392771953 0.2937962129712105 0.30113367661833768 0.0038302638839930298 13.084854597225785 346.60881878808141
0.2753715224564075 0.36106460876762869 0.12225467413663865 0.0055366498759016397 36.804051140323281 346.60881878808141
0.42303236681036643 0.48603645935654638 0.1007047899067402 0.012317808018438519 31.399817980825901 835.26978138834238
0.67581506744027131 0.48603645935654638 0.1007047899067402 0.012317808018438519 31.399817980825901 835.26978138834238
0.42303236681036643 0.24953772053122522 0.1007047899067402 0.012317808018438519 31.399817980825901 835.26978138834238
0.42303236681036643 0.48603645935654638 0.32999216094613076 0.012317808018438519 31.399817980825901 835.26978138834238
0.42303236681036643 0.48603645935654638 0.1007047899067402 0.015052874862030149 31.399817980825901 835.26978138834238
0.42303236681036643 0.48603645935654638 0.1007047899067402 0.012317808018438519 11.151370342820883 835.26978138834238
0.42303236681036643 0.48603645935654638 0.1007047899067402 0.012317808018438519 31.399817980825901 973.46803853288293
0.67581506744027131 0.24953772053122522 0.32999216094613076 0.015052874862030149 11.151370342820883 973.46803853288293
0.39363345382735127 0.12138608507812024 0.33249144218862059 0.015196293877251448 9.7947946302592754 910.07394129410386
0.21055187266319986 0.12138608507812024 0.33249144218862059 0.015196293877251448 9.7947946302592754 910.07394129410386
0.39363345382735127 0.19449413157999518 0.33249144218862059 0.015196293877251448 9.7947946302592754 910.07394129410386
0.39363345382735127 0.12138608507812024 0.46874764598906038 0.015196293877251448 9.7947946302592754 910.07394129410386
0.39363345382735127 0.12138608507812024 0.33249144218862059 0.0087790262339636702 9.7947946302592754 910.07394129410386
0.39363345382735127 0.12138608507812024 0.33249144218862059 0.015196293877251448 8.5257565248757601 910.07394129410386
0.39363345382735127 0.12138608507812024 0.33249144218862059 0.015196293877251448 9.7947946302592754 866.68204730376601
0.21055187266319986 0.19449413157999518 0.46874764598906038 0.0087790262339636702 8.5257565248757601 866.68204730376601
0.29398191147483882 0.31049961037933826 0.13125994317233564 0.0091450628943741327 34.671799859032035 108.54088272899389
0.41944334488362067 0.31049961037933826 0.13125994317233564 0.0091450628943741327 34.671799859032035 108.54088272899389
0.29398191147483882 0.40757739320397379 0.13125994317233564 0.0091450628943741327 34.671799859032035 108.54088272899389
0.29398191147483882 0.31049961037933826 0.28584145568311214 0.0091450628943741327 34.671799859032035 108.54088272899389
0.29398191147483882 0.31049961037933826 0.13125994317233564 0.018307486505433918 34.671799859032035 108.54088272899389
0.29398191147483882 0.31049961037933826 0.13125994317233564 0.0091450628943741327 35.577355001121759 108.54088272899389
0.29398191147483882 0.31049961037933826 0.13125994317233564 0.0091450628943741327 34.671799859032035 452.51805288717151
0.41944334488362067 0.40757739320397379 0.28584145568311214 0.018307486505433918 35.577355001121759 452.51805288717151
0.12579215224832296 0.23389890789985657 0.426631447672844 0.01080677030477673 29.607691897079349 355.46098109334707
0.22792388042435047 0.23389890789985657 0.426631447672844 0.01080677030477673 29.607691897079349 355.46098109334707
0.12579215224832296 0.37834344469010828 0.426631447672844 0.01080677030477673 29.607691897079349 355.46098109334707
0.12579215224832296 0.23389890789985657 0.13350234925746918 0.01080677030477673 29.607691897079349 355.46098109334707
0.12579215224832296 0.23389890789985657 0.426631447672844 0.012739163709245624 29.607691897079349 355.46098109334707
0.12579215224832296 0.23389890789985657 0.426631447672844 0.01080677030477673 26.748130640015006 355.46098109334707
0.12579215224832296 0.23389890789985657 0.426631447672844 0.01080677030477673 29.607691897079349 222.94671712443233
0.22792388042435047 0.37834344469010828 0.13350234925746918 0.012739163709245624 26.748130640015006 222.94671712443233
0.68627702589146788 0.44789037033915524 0.22774389237165452 0.0047923233643174168 17.922083634883165 707.05280685797334
0.64073326727375379 0.44789037033915524 0.22774389237165452 0.0047923233643174168 17.922083634883165 707.05280685797334
0.68627702589146788 0.21642675250768661 0.22774389237165452 0.0047923233643174168 17.922083634883165 707.05280685797334
0.68627702589146788 0.44789037033915524 0.31327420994639399 0.0047923233643174168 17.922083634883165 707.05280685797334
0.68627702589146788 0.44789037033915524 0.22774389237165452 0.0032094902578741315 17.922083634883165 707.05280685797334
0.68627702589146788 0.44789037033915524 0.22774389237165452 0.0047923233643174168 21.222397156059742 707.05280685797334
0.68627702589146788 0.44789037033915524 0.22774389237165452 0.0047923233643174168 17.922083634883165 650.76121082529426
0.64073326727375379 0.21642675250768661 0.31327420994639399 0.0032094902578741315 21.222397156059742 650.76121082529426
0.57451810422353444 0.25913134366273882 0.17935736179351808 0.0021356455527245998 20.591130491346121 811.0673863440752
0.33040178716182705 0.25913134366273882 0.17935736179351808 0.0021356455527245998 20.591130491346121 811.0673863440752
0.57451810422353444 0.31263599507510664 0.17935736179351808 0.0021356455527245998 20.591130491346121 811.0673863440752
0.57451810422353444 0.25913134366273882 0.1720802389085293 0.0021356455527245998 20.591130491346121 811.0673863440752
0.57451810422353444 0.25913134366273882 0.17935736179351808 0.017187402478232978 20.591130491346121 811.0673863440752
0.57451810422353444 0.25913134366273882 0.17935736179351808 0.0021356455527245998 27.304220601916313 811.0673863440752
0.57451810422353444 0.25913134366273882 0.17935736179351808 0.0021356455527245998 20.591130491346121 669.49313329532743
0.33040178716182705 0.31263599507510664 0.1720802389085293 0.017187402478232978 27.304220601916313 669.49313329532743
0.15621918085962533 0.47314263954758651 0.37814440280199058 0.013446850177831949 23.90458563528955 262.65932274982333
0.53960297107696531 0.47314263954758651 0.37814440280199058 0.013446850177831949 23.90458563528955 262.65932274982333
0.15621918085962533 0.27611603140830998 0.37814440280199058 0.013446850177831949 23.90458563528955 262.65932274982333
0.15621918085962533 0.47314263954758651 0.3799712777137757 0.013446850177831949 23.90458563528955 262.65932274982333
0.15621918085962533 0.47314263954758651 0.37814440280199058 0.007573280457220972 23.90458563528955 262.65932274982333
0.15621918085962533 0.47314263954758651 0.37814440280199058 0.013446850177831949 16.857541559264064 262.65932274982333
0.15621918085962533 0.47314263954758651 0.37814440280199058 0.013446850177831949 23.90458563528955 211.35633373633027
0.53960297107696531 0.27611603140830998 0.3799712777137757 0.007573280457220972 16.857541559264064 211.35633373633027
0.26355233551003038 0.19652134142816069 0.28599718175828459 0.0065233563810586934 33.81228899769485 453.36890323087573
0.10911165410652757 0.19652134142816069 0.28599718175828459 0.0065233563810586934 33.81228899769485 453.36890323087573
0.26355233551003038 0.10984137244522572 0.28599718175828459 0.0065233563810586934 33.81228899769485 453.36890323087573
0.26355233551003038 0.19652134142816069 0.42606953345239162 0.0065233563810586934 33.81228899769485 453.36890323087573
0.26355233551003038 0.19652134142816069 0.28599718175828459 0.0020050379496067763 33.81228899769485 453.36890323087573
0.26355233551003038 0.19652134142816069 0.28599718175828459 0.0065233563810586934 15.411115895956755 453.36890323087573
0.26355233551003038 0.19652134142816069 0.28599718175828459 0.0065233563810586934 33.81228899769485 413.13227275386453
0.10911165410652757 0.10984137244522572 0.42606953345239162 0.0020050379496067763 15.411115895956755 413.13227275386453
0.50538982814177869 0.38565470017492776 0.48712777905166149 0.017796568467654289 13.688357744365931 551.8357340246439
0.52223121756687751 0.38565470017492776 0.48712777905166149 0.017796568467654289 13.688357744365931 551.8357340246439
0.50538982814177869 0.4983213625848294 0.48712777905166149 0.017796568467654289 13.688357744365931 551.8357340246439
0.50538982814177869 0.38565470017492776 0.22129453755915166 0.017796568467654289 13.688357744365931 551.8357340246439
0.50538982814177869 0.38565470017492776 0.48712777905166149 0.011617937275581063 13.688357744365931 551.8357340246439
0.50538982814177869 0.38565470017492776 0.48712777905166149 0.017796568467654289 32.383687758818269 551.8357340246439
0.50538982814177869 0.38565470017492776 0.48712777905166149 0.017796568467654289 13.688357744365931 912.98963995650411
0.52223121756687751 0.4983213625848294 0.22129453755915166 0.011617937275581063 32.383687758818269 912.98963995650411
0.53310904419049621 0.18588248416781428 0.14738242961466314 0.002969022032245994 27.862610753625631 236.91371539607644
0.59101683162152763 0.18588248416781428 0.14738242961466314 0.002969022032245994 27.862610753625631 236.91371539607644
0.53310904419049621 0.11444265469908715 0.14738242961466314 0.002969022032245994 27.862610753625631 236.91371539607644
0.53310904419049621 0.18588248416781428 0.29012816213071346 0.002969022032245994 27.862610753625631 236.91371539607644
0.53310904419049621 0.18588248416781428 0.14738242961466314 0.00054029580056667327 27.862610753625631 236.91371539607644
0.53310904419049621 0.18588248416781428 0.14738242961466314 0.002969022032245994 33.39633990265429 236.91371539607644
0.53310904419049621 0.18588248416781428 0.14738242961466314 0.002969022032245994 27.862610753625631 737.14938638731837
0.59101683162152763 0.11444265469908715 0.29012816213071346 0.00054029580056667327 33.39633990265429 737.14938638731837
0.27602229923941191 0.39668790102005003 0.34781436808407307 0.011457849308662118 16.169793104752898 785.43561529368162
0.36397836171090597 0.39668790102005003 0.34781436808407307 0.011457849308662118 16.169793104752898 785.43561529368162
0.27602229923941191 0.47753203101456165 0.34781436808407307 0.011457849308662118 16.169793104752898 785.43561529368162
0.27602229923941191 0.39668790102005003 0.45723437704145908 0.011457849308662118 16.169793104752898 785.43561529368162
0.27602229923941191 0.39668790102005003 0.34781436808407307 0.010143541393615306 16.169793104752898 785.43561529368162
0.27602229923941191 0.39668790102005003 0.34781436808407307 0.011457849308662118 14.514907386153936 785.43561529368162
0.27602229923941191 0.39668790102005003 0.34781436808407307 0.011457849308662118 16.169793104752898 140.13167312368751
0.36397836171090597 0.47753203101456165 0.45723437704145908 0.010143541393615306 14.514907386153936 140.13167312368751
0.14341265652328727 0.27329650707542896 0.24308502897620202 0.0084788965720683351 11.550861654803157 578.78513019531965
0.48730762572959058 0.27329650707542896 0.24308502897620202 0.0084788965720683351 11.550861654803157 578.78513019531965
0.14341265652328727 0.31155037283897402 0.24308502897620202 0.0084788965720683351 11.550861654803157 578.78513019531965
0.14341265652328727 0.27329650707542896 0.31113286539912222 0.0084788965720683351 11.550861654803157 578.78513019531965
0.14341265652328727 0.27329650707542896 0.24308502897620202 0.015713067891448738 11.550861654803157 578.78513019531965
0.14341265652328727 0.27329650707542896 0.24308502897620202 0.0084788965720683351 15.873657448217273 578.78513019531965
0.14341265652328727 0.27329650707542896 0.24308502897620202 0.0084788965720683351 11.550861654803157 373.66153365001082
0.48730762572959058 0.31155037283897402 0.31113286539912222 0.015713067891448738 15.873657448217273 373.66153365001082
0.54650200041942298 0.45937048606574538 0.4427355237305165 0.01700571638699621 36.420428726822138 480.43191442266107
0.056349536497145893 0.45937048606574538 0.4427355237305165 0.01700571638699621 36.420428726822138 480.43191442266107
0.54650200041942298 0.29963970296084885 0.4427355237305165 0.01700571638699621 36.420428726822138 480.43191442266107
0.54650200041942298 0.45937048606574538 0.14091713130474093 0.01700571638699621 36.420428726822138 480.43191442266107
0.54650200041942298 0.45937048606574538 0.4427355237305165 0.0061086280750110751 36.420428726822138 480.43191442266107
0.54650200041942298 0.45937048606574538 0.4427355237305165 0.01700571638699621 28.170631110668182 480.43191442266107
0.54650200041942298 0.45937048606574538 0.4427355237305165 0.01700571638699621 36.420428726822138 956.14981455728412
0.056349536497145893 0.29963970296084885 0.14091713130474093 0.0061086280750110751 28.170631110668182 956.14981455728412
0.6784940376412123 0.24766266979277135 0.38799858018755917 0.01962773092519492 32.067379962652922 138.12688700854778
0.38586183059960599 0.24766266979277135 0.38799858018755917 0.01962773092519492 32.067379962652922 138.12688700854778
0.6784940376412123 0.39581250995397566 0.38799858018755917 0.01962773092519492 32.067379962652922 138.12688700854778
0.6784940376412123 0.24766266979277135 0.39443750381469733 0.01962773092519492 32.067379962652922 138.12688700854778
0.6784940376412123 0.24766266979277135 0.38799858018755917 0.013904189385659994 32.067379962652922 138.12688700854778
0.6784940376412123 0.24766266979277135 0.38799858018755917 0.01962773092519492 22.114270769059658 138.12688700854778
0.6784940376412123 0.24766266979277135 0.38799858018755917 0.01962773092519492 32.067379962652922 827.11473861709237
0.38586183059960599 0.39581250995397566 0.39443750381469733 0.013904189385659994 22.114270769059658 827.11473861709237
0.092593743465840816 0.4337320741266012 0.1884485997259617 0.0058789182048290967 11.936009546741843 939.77378187701106
0.15914299059659243 0.4337320741266012 0.1884485997259617 0.0058789182048290967 11.936009546741843 939.77378187701106
0.092593743465840816 0.20928636156022551 0.1884485997259617 0.0058789182048290967 11.936009546741843 939.77378187701106
0.092593743465840816 0.4337320741266012 0.15234057530760767 0.0058789182048290967 11.936009546741843 939.77378187701106
0.092593743465840816 0.4337320741266012 0.1884485997259617 0.0043648526124656197 11.936009546741843 939.77378187701106
0.092593743465840816 0.4337320741266012 0.1884485997259617 0.0058789182048290967 25.738440101966262 939.77378187701106
0.092593743465840816 0.4337320741266012 0.1884485997259617 0.0058789182048290967 11.936009546741843 495.55420549586415
0.15914299059659243 0.20928636156022551 0.15234057530760767 0.0043648526124656197 25.738440101966262 495.55420549586415
0.32684368216432624 0.11034601703286172 0.49620060361921792 0.014114835145138206 22.347026301547885 676.91277889534831
0.69349040640518067 0.11034601703286172 0.49620060361921792 0.014114835145138206 22.347026301547885 676.91277889534831
0.32684368216432624 0.17975947633385658 0.49620060361921792 0.014114835145138206 22.347026301547885 676.91277889534831
0.32684368216432624 0.11034601703286172 0.20467679835855962 0.014114835145138206 22.347026301547885 676.91277889534831
0.32684368216432624 0.11034601703286172 0.49620060361921792 0.0099343084106221814 22.347026301547885 676.91277889534831
0.32684368216432624 0.11034601703286172 0.49620060361921792 0.014114835145138206 34.714391577988863 676.91277889534831
0.32684368216432624 0.11034601703286172 0.49620060361921792 0.014114835145138206 22.347026301547885 290.69867478683591
0.69349040640518067 0.17975947633385658 0.20467679835855962 0.0099343084106221814 34.714391577988863 290.69867478683591
0.40111947683617466 0.32114685922861097 0.29586956687271593 0.00032923838235437872 25.653271276503801 325.43456815183163
0.26285241199657317 0.32114685922861097 0.29586956687271593 0.00032923838235437872 25.653271276503801 325.43456815183163
0.40111947683617466 0.41823337413370609 0.29586956687271593 0.00032923838235437872 25.653271276503801 325.43456815183163
0.40111947683617466 0.32114685922861097 0.44991383515298367 0.00032923838235437872 25.653271276503801 325.43456815183163
0.40111947683617466 0.32114685922861097 0.29586956687271593 0.019472441297769545 25.653271276503801 325.43456815183163
0.40111947683617466 0.32114685922861097 0.29586956687271593 0.00032923838235437872 9.5057357866317034 325.43456815183163
0.40111947683617466 0.32114685922861097 0.29586956687271593 0.00032923838235437872 25.653271276503801 579.65970719233155
0.26285241199657317 0.41823337413370609 0.44991383515298367 0.019472441297769545 9.5057357866317034 579.65970719233155
0.45614158916287117 0.28627549000084401 0.46545013785362244 0.0073842964038252834 19.056508123874664 519.46970811113715
0.44251109706237907 0.28627549000084401 0.46545013785362244 0.0073842964038252834 19.056508123874664 519.46970811113715
0.45614158916287117 0.36312834247946746 0.46545013785362244 0.0073842964038252834 19.056508123874664 519.46970811113715
0.45614158916287117 0.28627549000084401 0.36132561713457112 0.0073842964038252834 19.056508123874664 519.46970811113715
0.45614158916287117 0.28627549000084401 0.46545013785362244 0.0069917146148160102 19.056508123874664 519.46970811113715
0.45614158916287117 0.28627549000084401 0.46545013785362244 0.0073842964038252834 10.13940529152751 519.46970811113715
0.45614158916287117 0.28627549000084401 0.46545013785362244 0.0073842964038252834 19.056508123874664 697.87363549694419
0.44251109706237907 0.36312834247946746 0.36132561713457112 0.0069917146148160102 10.13940529152751 697.87363549694419
0.35648044217377894 0.4939500015228987 0.26431648880243303 0.018656224758364259 28.925711365416646 617.99159795045853
0.18248410867527126 0.4939500015228987 0.26431648880243303 0.018656224758364259 28.925711365416646 617.99159795045853
0.35648044217377894 0.22621086426079273 0.26431648880243303 0.018656224758364259 28.925711365416646 617.99159795045853
0.35648044217377894 0.4939500015228987 0.19091968610882759 0.018656224758364259 28.925711365416646 617.99159795045853
0.35648044217377894 0.4939500015228987 0.26431648880243303 0.016536948154121638 28.925711365416646 617.99159795045853
0.35648044217377894 0.4939500015228987 0.26431648880243303 0.018656224758364259 37.699114793911576 617.99159795045853
0.35648044217377894 0.4939500015228987 0.26431648880243303 0.018656224758364259 28.925711365416646 171.60798935219646
0.18248410867527126 0.22621086426079273 0.19091968610882759 0.016536948154121638 37.699114793911576 171.60798935219646
0.063906061509624121 0.17369066402316094 0.36896648369729523 0.001757802138477564 35.353781396523118 864.88248705863953
0.62825444228947158 0.17369066402316094 0.36896648369729523 0.001757802138477564 35.353781396523118 864.88248705863953
0.063906061509624121 0.15974625349044802 0.36896648369729523 0.001757802138477564 35.353781396523118 864.88248705863953
0.063906061509624121 0.17369066402316094 0.24014315493404867 0.001757802138477564 35.353781396523118 864.88248705863953
0.063906061509624121 0.17369066402316094 0.36896648369729523 0.012206120711006225 35.353781396523118 864.88248705863953
0.063906061509624121 0.17369066402316094 0.36896648369729523 0.001757802138477564 24.145769730210304 864.88248705863953
0.063906061509624121 0.17369066402316094 0.36896648369729523 0.001757802138477564 35.353781396523118 391.4049263112247
0.62825444228947158 0.15974625349044802 0.24014315493404867 0.012206120711006225 24.145769730210304 391.4049263112247
0.62442100336775175 0.35663372278213501 0.17017639093101025 0.013070289905555548 8.6603691354393959 316.52928134426475
0.24555891938507557 0.35663372278213501 0.17017639093101025 0.013070289905555548 8.6603691354393959 316.52928134426475
0.62442100336775175 0.44782872907817362 0.17017639093101025 0.013070289905555548 8.6603691354393959 316.52928134426475
0.62442100336775175 0.35663372278213501 0.40741470269858837 0.013070289905555548 8.6603691354393959 316.52928134426475
0.62442100336775175 0.35663372278213501 0.17017639093101025 0.0026596832856535914 8.6603691354393959 316.52928134426475
0.62442100336775175 0.35663372278213501 0.17017639093101025 0.013070289905555548 20.06016662530601 316.52928134426475
0.62442100336775175 0.35663372278213501 0.17017639093101025 0.013070289905555548 8.6603691354393959 932.14507317170501
0.24555891938507557 0.44782872907817362 0.40741470269858837 0.0026596832856535914 20.06016662530601 932.14507317170501
0.59391426099464295 0.14883159175515176 0.22481587193906308 0.010409893077053131 14.851908341050148 421.58752847462893
0.56735585359856489 0.14883159175515176 0.22481587193906308 0.010409893077053131 14.851908341050148 421.58752847462893
0.59391426099464295 0.14380687922239305 0.22481587193906308 0.010409893077053131 14.851908341050148 421.58752847462893
0.59391426099464295 0.14883159175515176 0.2545023869723082 0.010409893077053131 14.851908341050148 421.58752847462893
0.59391426099464295 0.14883159175515176 0.22481587193906308 0.017720399154722691 14.851908341050148 421.58752847462893
0.59391426099464295 0.14883159175515176 0.22481587193906308 0.010409893077053131 28.921467831358314 421.58752847462893
0.59391426099464295 0.14883159175515176 0.22481587193906308 0.010409893077053131 14.851908341050148 837.93750228360295
0.56735585359856489 0.14380687922239305 0.2545023869723082 0.017720399154722691 28.921467831358314 837.93750228360295
0.17558588930405677 0.33178228288888933 0.42370037548243999 0.004396729278564453 33.159432785585523 773.23442669585347
0.30764896003529424 0.33178228288888933 0.42370037548243999 0.004396729278564453 33.159432785585523 773.23442669585347
0.17558588930405677 0.45728608332574372 0.42370037548243999 0.004396729278564453 33.159432785585523 773.23442669585347
0.17558588930405677 0.33178228288888933 0.49989292807877062 0.004396729278564453 33.159432785585523 773.23442669585347
0.17558588930405677 0.33178228288888933 0.42370037548243999 0.0081230588102713247 33.159432785585523 773.23442669585347
0.17558588930405677 0.33178228288888933 0.42370037548243999 0.004396729278564453 18.975588895380497 773.23442669585347
0.17558588930405677 0.33178228288888933 0.42370037548243999 0.004396729278564453 33.159432785585523 492.75403628125787
0.30764896003529424 0.45728608332574372 0.49989292807877062 0.0081230588102713247 18.975588895380497 492.75403628125787
0.24480304550379511 0.21151455081999304 0.11583240330219269 0.016038200086541474 24.557441065087914 963.86329950764775
0.50428125355392694 0.21151455081999304 0.11583240330219269 0.016038200086541474 24.557441065087914 963.86329950764775
0.24480304550379511 0.3286342777311802 0.11583240330219269 0.016038200086541474 24.557441065087914 963.86329950764775
0.24480304550379511 0.21151455081999304 0.34442865625023844 0.016038200086541474 24.557441065087914 963.86329950764775
0.24480304550379511 0.21151455081999304 0.11583240330219269 0.0037923020668327811 24.557441065087914 963.86329950764775
0.24480304550379511 0.21151455081999304 0.11583240330219269 0.016038200086541474 12.805041747167706 963.86329950764775
0.24480304550379511 0.21151455081999304 0.11583240330219269 0.016038200086541474 24.557441065087914 244.28276950493455
0.50428125355392694 0.3286342777311802 0.34442865625023844 0.0037923020668327811 12.805041747167706 244.28276950493455
0.48665076266042884 0.4191966947168112 0.31706085056066513 0.0099856853716075427 19.427580676972866 162.3850854113698
0.12190536055713891 0.4191966947168112 0.31706085056066513 0.0099856853716075427 19.427580676972866 162.3850854113698
0.48665076266042884 0.26711352802813054 0.31706085056066513 0.0099856853716075427 19.427580676972866 162.3850854113698
0.48665076266042884 0.4191966947168112 0.10215411633253098 0.0099856853716075427 19.427580676972866 162.3850854113698
0.48665076266042884 0.4191966947168112 0.31706085056066513 0.01338844818789512 19.427580676972866 162.3850854113698
0.48665076266042884 0.4191966947168112 0.31706085056066513 0.0099856853716075427 31.225056473165751 162.3850854113698
0.48665076266042884 0.4191966947168112 0.31706085056066513 0.0099856853716075427 19.427580676972866 632.12066786363721
0.12190536055713891 0.26711352802813054 0.10215411633253098 0.01338844818789512 31.225056473165751 632.12066786363721
0.4880360459443181 0.12805288918316365 0.43625610470771792 0.00072707127276808029 30.734760427847505 303.10463160276413
0.4776435083243995 0.12805288918316365 0.43625610470771792 0.00072707127276808029 30.734760427847505 303.10463160276413
0.4880360459443181 0.23537990413606169 0.43625610470771792 0.00072707127276808029 30.734760427847505 303.10463160276413
0.4880360459443181 0.12805288918316365 0.45504973009228711 0.00072707127276808029 30.734760427847505 303.10463160276413
0.4880360459443181 0.12805288918316365 0.43625610470771792 0.004179156573489308 30.734760427847505 303.10463160276413
0.4880360459443181 0.12805288918316365 0.43625610470771792 0.00072707127276808029 23.634534433484077 303.10463160276413
0.4880360459443181 0.12805288918316365 0.43625610470771792 0.00072707127276808029 30.734760427847505 186.19781751185656
0.4776435083243995 0.23537990413606169 0.45504973009228711 0.004179156573489308 23.634534433484077 186.19781751185656
0.24238375946879387 0.34201382510364053 0.23749369531869891 0.014166584044694902 13.482839234173298 879.63820984587073
0.067372409114614132 0.34201382510364053 0.23749369531869891 0.014166584044694902 13.482839234173298 879.63820984587073
0.24238375946879387 0.37190068811178212 0.23749369531869891 0.014166584044694902 13.482839234173298 879.63820984587073
0.24238375946879387 0.34201382510364053 0.29719562083482742 0.014166584044694902 13.482839234173298 879.63820984587073
0.24238375946879387 0.34201382510364053 0.23749369531869891 0.014394047900103034 13.482839234173298 879.63820984587073
0.24238375946879387 0.34201382510364053 0.23749369531869891 0.014166584044694902 20.453474132344127 879.63820984587073
0.24238375946879387 0.34201382510364053 0.23749369531869891 0.014166584044694902 13.482839234173298 686.52198296040297
0.067372409114614132 0.37190068811178212 0.29719562083482742 0.014394047900103034 20.453474132344127 686.52198296040297
0.18722668220289052 0.21549199447035791 0.32961496077477936 0.0062400400759652259 21.734124749898911 630.9204145334661
0.58134291465394194 0.21549199447035791 0.32961496077477936 0.0062400400759652259 21.734124749898911 630.9204145334661
0.18722668220289052 0.4390534792095423 0.32961496077477936 0.0062400400759652259 21.734124749898911 630.9204145334661
0.18722668220289052 0.21549199447035791 0.14642186574637892 0.0062400400759652259 21.734124749898911 630.9204145334661
0.18722668220289052 0.21549199447035791 0.32961496077477936 0.019963277068361641 21.734124749898911 630.9204145334661
0.18722668220289052 0.21549199447035791 0.32961496077477936 0.0062400400759652259 11.624250274151564 630.9204145334661
0.18722668220289052 0.21549199447035791 0.32961496077477936 0.0062400400759652259 21.734124749898911 888.92962243407965
0.58134291465394194 0.4390534792095423 0.14642186574637892 0.019963277068361641 11.624250274151564 888.92962243407965
0.58139831172302359 0.40467266142368319 0.1285086076706648 0.019716186123341323 26.044588388875127 504.32887375354767
0.37499127979390318 0.40467266142368319 0.1285086076706648 0.019716186123341323 26.044588388875127 504.32887375354767
0.58139831172302359 0.15057421699166298 0.1285086076706648 0.019716186123341323 26.044588388875127 504.32887375354767
0.58139831172302359 0.40467266142368319 0.3011359442025423 0.019716186123341323 26.044588388875127 504.32887375354767
0.58139831172302359 0.40467266142368319 0.1285086076706648 0.0097471819294616593 26.044588388875127 504.32887375354767
0.58139831172302359 0.40467266142368319 0.1285086076706648 0.019716186123341323 36.331174785271287 504.32887375354767
0.58139831172302359 0.40467266142368319 0.1285086076706648 0.019716186123341323 26.044588388875127 431.25988934189081
0.37499127979390318 0.15057421699166298 0.3011359442025423 0.0097471819294616593 36.331174785271287 431.25988934189081
0.63214156934991472 0.28986736014485359 0.27689665816724301 0.017385551027953625 27.468518951907754 177.07171114161611
0.68278251332230866 0.28986736014485359 0.27689665816724301 0.017385551027953625 27.468518951907754 177.07171114161611
0.63214156934991472 0.45436419434845454 0.27689665816724301 0.017385551027953625 27.468518951907754 177.07171114161611
0.63214156934991472 0.28986736014485359 0.16077509112656119 0.017385551027953625 27.468518951907754 177.07171114161611
0.63214156934991472 0.28986736014485359 0.27689665816724301 0.010582106093876066 27.468518951907754 177.07171114161611
0.63214156934991472 0.28986736014485359 0.27689665816724301 0.017385551027953625 12.414715068414807 177.07171114161611
0.63214156934991472 0.28986736014485359 0.27689665816724301 0.017385551027953625 27.468518951907754 449.55188930034637
0.68278251332230866 0.45436419434845454 0.16077509112656119 0.010582106093876066 12.414715068414807 449.55188930034637
0.055156509997323161 0.4790312454104424 0.47810352556407454 0.0085872731098905215 16.77808790653944 950.48028100281954
0.27220154744572933 0.4790312454104424 0.47810352556407454 0.0085872731098905215 16.77808790653944 950.48028100281954
0.055156509997323161 0.14128166064620018 0.47810352556407454 0.0085872731098905215 16.77808790653944 950.48028100281954
0.055156509997323161 0.4790312454104424 0.39362017624080181 0.0085872731098905215 16.77808790653944 950.48028100281954
0.055156509997323161 0.4790312454104424 0.47810352556407454 0.00041692346297204496 16.77808790653944 950.48028100281954
0.055156509997323161 0.4790312454104424 0.47810352556407454 0.0085872731098905215 31.731944803148508 950.48028100281954
0.055156509997323161 0.4790312454104424 0.47810352556407454 0.0085872731098905215 16.77808790653944 877.77830325067043
0.27220154744572933 0.14128166064620018 0.39362017624080181 0.00041692346297204496 31.731944803148508 877.77830325067043
0.37445636279880995 0.15252543427050114 0.18275493681430818 0.011875603464990855 10.001257166266441 758.05196780711412
0.37516374192200597 0.15252543427050114 0.18275493681430818 0.011875603464990855 10.001257166266441 758.05196780711412
0.37445636279880995 0.26963592879474163 0.18275493681430818 0.011875603464990855 10.001257166266441 758.05196780711412
0.37445636279880995 0.15252543427050114 0.43815916031599045 0.011875603464990855 10.001257166266441 758.05196780711412
0.37445636279880995 0.15252543427050114 0.18275493681430818 0.0059860723426565527 10.001257166266441 758.05196780711412
0.37445636279880995 0.15252543427050114 0.18275493681430818 0.011875603464990855 30.285518636927009 758.05196780711412
0.37445636279880995 0.15252543427050114 0.18275493681430818 0.011875603464990855 10.001257166266441 646.69633395969868
0.37516374192200597 0.26963592879474163 0.43815916031599045 0.0059860723426565527 30.285518636927009 646.69633395969868
0.43729521944187577 0.36646958850324152 0.38161824792623522 0.0030394837753847243 37.748441623523831 434.58543540909886
0.168502085423097 0.36646958850324152 0.38161824792623522 0.0030394837753847243 37.748441623523831 434.58543540909886
0.43729521944187577 0.33155344128608705 0.38161824792623522 0.0030394837753847243 37.748441623523831 434.58543540909886
0.43729521944187577 0.36646958850324152 0.20842365995049478 0.0030394837753847243 37.748441623523831 434.58543540909886
0.43729521944187577 0.36646958850324152 0.38161824792623522 0.016150060676410793 37.748441623523831 434.58543540909886
0.43729521944187577 0.36646958850324152 0.38161824792623522 0.0030394837753847243 17.494182504713535 434.58543540909886
0.43729521944187577 0.36646958850324152 0.38161824792623522 0.0030394837753847243 37.748441623523831 232.94442072510719
0.168502085423097 0.33155344128608705 0.20842365995049478 0.016150060676410793 17.494182504713535 232.94442072510719
0.4085288879461586 0.22532776221632958 0.15080741979181767 0.0096356072915717971 14.228820709511638 467.00829397886992
0.63884343425743273 0.22532776221632958 0.15080741979181767 0.0096356072915717971 14.228820709511638 467.00829397886992
0.4085288879461586 0.48747632466256618 0.15080741979181767 0.0096356072915717971 14.228820709511638 467.00829397886992
0.4085288879461586 0.22532776221632958 0.19635216630995275 0.0096356072915717971 14.228820709511638 467.00829397886992
0.4085288879461586 0.22532776221632958 0.15080741979181767 0.0076912039039656521 14.228820709511638 467.00829397886992
0.4085288879461586 0.22532776221632958 0.15080741979181767 0.0096356072915717971 17.329491658136249 467.00829397886992
0.4085288879461586 0.22532776221632958 0.15080741979181767 0.0096356072915717971 14.228820709511638 127.03510951250792
0.63884343425743273 0.48747632466256618 0.19635216630995275 0.0076912039039656521 17.329491658136249 127.03510951250792
0.32030468140728768 0.44239558279514313 0.35047944672405718 0.015958070079609751 33.538963321596384 593.54186216369271
0.2361700735520571 0.44239558279514313 0.35047944672405718 0.015958070079609751 33.538963321596384 593.54186216369271
0.32030468140728768 0.12400243729352951 0.35047944672405718 0.015958070079609751 33.538963321596384 593.54186216369271
0.32030468140728768 0.44239558279514313 0.35101032517850406 0.015958070079609751 33.538963321596384 593.54186216369271
0.32030468140728768 0.44239558279514313 0.35047944672405718 0.017848091585561634 33.538963321596384 593.54186216369271
0.32030468140728768 0.44239558279514313 0.35047944672405718 0.015958070079609751 26.832274079322815 593.54186216369271
0.32030468140728768 0.44239558279514313 0.35047944672405718 0.015958070079609751 33.538963321596384 753.48240900784731
0.2361700735520571 0.12400243729352951 0.35101032517850406 0.017848091585561634 26.832274079322815 753.48240900784731
0.11025850921869278 0.11276649124920368 0.25823000892996789 0.0040072269639000301 23.244162883609533 798.36544105783105
0.45309005216695364 0.11276649124920368 0.25823000892996789 0.0040072269639000301 23.244162883609533 798.36544105783105
0.11025850921869278 0.29007720686495309 0.25823000892996789 0.0040072269639000301 23.244162883609533 798.36544105783105
0.11025850921869278 0.11276649124920368 0.40491213500499723 0.0040072269639000301 23.244162883609533 798.36544105783105
0.11025850921869278 0.11276649124920368 0.25823000892996789 0.013517561472021045 23.244162883609533 798.36544105783105
0.11025850921869278 0.11276649124920368 0.25823000892996789 0.0040072269639000301 32.85655159689486 798.36544105783105
0.11025850921869278 0.11276649124920368 0.25823000892996789 0.0040072269639000301 23.244162883609533 997.74797204881907
0.45309005216695364 0.29007720686495309 0.40491213500499723 0.013517561472021045 32.85655159689486 997.74797204881907
0.66185821867547923 0.30505403392016889 0.45868309214711189 0.010369192025437953 20.991690104827285 221.77391033619642
0.17308538095094261 0.30505403392016889 0.45868309214711189 0.010369192025437953 20.991690104827285 221.77391033619642
0.66185821867547923 0.30160327330231668 0.45868309214711189 0.010369192025437953 20.991690104827285 221.77391033619642
0.66185821867547923 0.30505403392016889 0.24713790938258173 0.010369192025437953 20.991690104827285 221.77391033619642
0.66185821867547923 0.30505403392016889 0.45868309214711189 0.0033594794932752851 20.991690104827285 221.77391033619642
0.66185821867547923 0.30505403392016889 0.45868309214711189 0.010369192025437953 14.93825563415885 221.77391033619642
0.66185821867547923 0.30505403392016889 0.45868309214711189 0.010369192025437953 20.991690104827285 328.7011718377471
0.17308538095094261 0.30160327330231668 0.24713790938258173 0.0033594794932752851 14.93825563415885 328.7011718377471
0.55010025589726863 0.18790441490709783 0.31019757911562917 0.01266082848571241 17.495117170736194 340.12220976874232
0.51398492879234248 0.18790441490709783 0.31019757911562917 0.01266082848571241 17.495117170736194 340.12220976874232
0.55010025589726863 0.20558924265205861 0.31019757911562917 0.01266082848571241 17.495117170736194 340.12220976874232
0.55010025589726863 0.18790441490709783 0.48821057900786402 0.01266082848571241 17.495117170736194 340.12220976874232
0.55010025589726863 0.18790441490709783 0.31019757911562917 0.016718332508578897 17.495117170736194 340.12220976874232
0.55010025589726863 0.18790441490709783 0.31019757911562917 0.01266082848571241 36.049317169934511 340.12220976874232
0.55010025589726863 0.18790441490709783 0.31019757911562917 0.01266082848571241 17.495117170736194 537.1673833578825
0.51398492879234248 0.20558924265205861 0.48821057900786402 0.016718332508578897 36.049317169934511 537.1673833578825
0.14068959616124629 0.38021179698407648 0.10983890667557716 0.0016983505515381697 30.243538070470095 663.53078298270702
0.11100154644809662 0.38021179698407648 0.10983890667557716 0.0016983505515381697 30.243538070470095 663.53078298270702
0.14068959616124629 0.39249983057379723 0.10983890667557716 0.0016983505515381697 30.243538070470095 663.53078298270702
0.14068959616124629 0.38021179698407648 0.25856754779815672 0.0016983505515381697 30.243538070470095 663.53078298270702
0.14068959616124629 0.38021179698407648 0.10983890667557716 0.0064951378976926205 30.243538070470095 663.53078298270702
0.14068959616124629 0.38021179698407648 0.10983890667557716 0.0016983505515381697 8.0537979323416948 663.53078298270702
0.14068959616124629 0.38021179698407648 0.10983890667557716 0.0016983505515381697 30.243538070470095 782.14193135499954
0.11100154644809662 0.39249983057379723 0.25856754779815672 0.0064951378976926205 8.0537979323416948 782.14193135499954
0.28987606433220203 0.25056362822651868 0.40512035526335244 0.018287396069243549 34.976969223469496 924.59234558045864
0.57706956085748973 0.25056362822651868 0.40512035526335244 0.018287396069243549 34.976969223469496 924.59234558045864
0.28987606433220203 0.42154304496943951 0.40512035526335244 0.018287396069243549 34.976969223469496 924.59234558045864
0.28987606433220203 0.25056362822651868 0.11090662442147732 0.018287396069243549 34.976969223469496 924.59234558045864
0.28987606433220203 0.25056362822651868 0.40512035526335244 0.0021646880727261308 34.976969223469496 924.59234558045864
0.28987606433220203 0.25056362822651868 0.40512035526335244 0.018287396069243549 21.695276640355587 924.59234558045864
0.28987606433220203 0.25056362822651868 0.40512035526335244 0.018287396069243549 34.976969223469496 566.55069813132286
0.57706956085748973 0.42154304496943951 0.11090662442147732 0.0021646880727261308 21.695276640355587 566.55069813132286
0.52028932059183708 0.46765128821134572 0.2055431265383959 0.0072842073654755951 9.2880054023116827 151.12580982968211
0.29675502297468481 0.46765128821134572 0.2055431265383959 0.0072842073654755951 9.2880054023116827 151.12580982968211
0.52028932059183708 0.18345367908477783 0.2055431265383959 0.0072842073654755951 9.2880054023116827 151.12580982968211
0.52028932059183708 0.46765128821134572 0.34368396140635016 0.0072842073654755951 9.2880054023116827 151.12580982968211
0.52028932059183708 0.46765128821134572 0.2055431265383959 0.01238667887132615 9.2880054023116827 151.12580982968211
0.52028932059183708 0.46765128821134572 0.2055431265383959 0.0072842073654755951 26.275254731997848 151.12580982968211
0.52028932059183708 0.46765128821134572 0.2055431265383959 0.0072842073654755951 9.2880054023116827 307.04671777784824
0.29675502297468481 0.18345367908477783 0.34368396140635016 0.01238667887132615 26.275254731997848 307.04671777784824
0.50742258960381148 0.26785073988139629 0.36579626463353632 0.012253522410243751 25.230828804895282 694.12271287292242
0.084928748896345496 0.26785073988139629 0.36579626463353632 0.012253522410243751 25.230828804895282 694.12271287292242
0.50742258960381148 0.40427086353302 0.36579626463353632 0.012253522410243751 25.230828804895282 694.12271287292242
0.50742258960381148 0.26785073988139629 0.37497145198285586 0.012253522410243751 25.230828804895282 694.12271287292242
0.50742258960381148 0.26785073988139629 0.36579626463353632 0.00099966239631176 25.230828804895282 694.12271287292242
0.50742258960381148 0.26785073988139629 0.36579626463353632 0.012253522410243751 25.266493579372764 694.12271287292242
0.50742258960381148 0.26785073988139629 0.36579626463353632 0.012253522410243751 25.230828804895282 467.81511250883341
0.084928748896345496 0.40427086353302 0.37497145198285586 0.00099966239631176 25.266493579372764 467.81511250883341
0.26176008102484044 0.45075108297169209 0.16693600527942182 0.0034159685166552664 22.971145857125521 370.60137623921037
0.46508474438451225 0.45075108297169209 0.16693600527942182 0.0034159685166552664 22.971145857125521 370.60137623921037
0.26176008102484044 0.19079086296260359 0.16693600527942182 0.0034159685166552664 22.971145857125521 370.60137623921037
0.26176008102484044 0.45075108297169209 0.17961760200560095 0.0034159685166552664 22.971145857125521 370.60137623921037
0.26176008102484044 0.45075108297169209 0.16693600527942182 0.011231316516734662 22.971145857125521 370.60137623921037
0.26176008102484044 0.45075108297169209 0.16693600527942182 0.0034159685166552664 22.586220867931843 370.60137623921037
0.26176008102484044 0.45075108297169209 0.16693600527942182 0.0034159685166552664 22.971145857125521 855.18621262162924
0.46508474438451225 0.19079086296260359 0.17961760200560095 0.011231316516734662 22.586220867931843 855.18621262162924
0.16846777908504007 0.18038750588893893 0.4747810691595078 0.016524535474181177 12.245817344635725 121.96423495188355
0.34684353326447304 0.18038750588893893 0.4747810691595078 0.016524535474181177 12.245817344635725 121.96423495188355
0.16846777908504007 0.22012701258063316 0.4747810691595078 0.016524535474181177 12.245817344635725 121.96423495188355
0.16846777908504007 0.18038750588893893 0.22728142067790033 0.016524535474181177 12.245817344635725 121.96423495188355
0.16846777908504007 0.18038750588893893 0.4747810691595078 0.015563050331920387 12.245817344635725 121.96423495188355
0.16846777908504007 0.18038750588893893 0.4747810691595078 0.016524535474181177 9.0328755248337984 121.96423495188355
0.16846777908504007 0.18038750588893893 0.4747810691595078 0.016524535474181177 12.245817344635725 607.84105788916349
0.34684353326447304 0.22012701258063316 0.22728142067790033 0.015563050331920387 9.0328755248337984 607.84105788916349
0.56266885935328903 0.38811694607138636 0.27357725352048878 0.0077276923501864081 31.548520794138312 895.31779941171408
0.60433192406781011 0.38811694607138636 0.27357725352048878 0.0077276923501864081 31.548520794138312 895.31779941171408
0.56266885935328903 0.38164705820381639 0.27357725352048878 0.0077276923501864081 31.548520794138312 895.31779941171408
0.56266885935328903 0.38811694607138636 0.41949518620967863 0.0077276923501864081 31.548520794138312 895.31779941171408
0.56266885935328903 0.38811694607138636 0.27357725352048878 0.005330183105356991 31.548520794138312 895.31779941171408
0.56266885935328903 0.38811694607138636 0.27357725352048878 0.0077276923501864081 35.187255416065454 895.31779941171408
0.56266885935328903 0.38811694607138636 0.27357725352048878 0.0077276923501864081 31.548520794138312 262.19052542001009
0.60433192406781011 0.38164705820381639 0.41949518620967863 0.005330183105356991 35.187255416065454 262.19052542001009
0.6946599376853555 0.10485447496175766 0.11893624067306519 0.0053980583356693385 36.963691918179393 567.01690210029483
0.28507523643784222 0.10485447496175766 0.11893624067306519 0.0053980583356693385 36.963691918179393 567.01690210029483
0.6946599376853555 0.28566966429352758 0.11893624067306519 0.0053980583356693385 36.963691918179393 567.01690210029483
0.6946599376853555 0.10485447496175766 0.265853488445282 0.0053980583356693385 36.963691918179393 567.01690210029483
0.6946599376853555 0.10485447496175766 0.11893624067306519 0.014982303621061148 36.963691918179393 567.01690210029483
0.6946599376853555 0.10485447496175766 0.11893624067306519 0.0053980583356693385 14.042948793619871 567.01690210029483
0.6946599376853555 0.10485447496175766 0.11893624067306519 0.0053980583356693385 36.963691918179393 168.42201873660088
0.28507523643784222 0.28566966429352758 0.265853488445282 0.014982303621061148 14.042948793619871 168.42201873660088
0.11764480769634246 0.31257933452725412 0.32004564553499226 0.018875639177113771 11.267289940267801 440.37057049572468
0.66491129207424815 0.31257933452725412 0.32004564553499226 0.018875639177113771 11.267289940267801 440.37057049572468
0.11764480769634246 0.32258643843233586 0.32004564553499226 0.018875639177113771 11.267289940267801 440.37057049572468
0.11764480769634246 0.31257933452725412 0.48619807586073882 0.018875639177113771 11.267289940267801 440.37057049572468
0.11764480769634246 0.31257933452725412 0.32004564553499226 0.004833875375241041 11.267289940267801 440.37057049572468
0.11764480769634246 0.31257933452725412 0.32004564553499226 0.018875639177113771 33.868302071467042 440.37057049572468
0.11764480769634246 0.31257933452725412 0.32004564553499226 0.018875639177113771 11.267289940267801 708.75024534761906
0.66491129207424815 0.32258643843233586 0.48619807586073882 0.004833875375241041 33.868302071467042 708.75024534761906
0.31258050506003199 0.24221957586705686 0.21542162261903286 0.0011240240314975382 15.512056138366461 247.97141291201115
0.14582795747555791 0.24221957586705686 0.21542162261903286 0.0011240240314975382 15.512056138366461 247.97141291201115
0.31258050506003199 0.4883682057261467 0.21542162261903286 0.0011240240314975382 15.512056138366461 247.97141291201115
0.31258050506003199 0.24221957586705686 0.33229953385889532 0.0011240240314975382 15.512056138366461 247.97141291201115
0.31258050506003199 0.24221957586705686 0.21542162261903286 0.0091655384907498964 15.512056138366461 247.97141291201115
0.31258050506003199 0.24221957586705686 0.21542162261903286 0.0011240240314975382 27.697755202651024 247.97141291201115
0.31258050506003199 0.24221957586705686 0.21542162261903286 0.0011240240314975382 15.512056138366461 928.30000333487988
0.14582795747555791 0.4883682057261467 0.33229953385889532 0.0091655384907498964 27.697755202651024 928.30000333487988
0.37542896391823882 0.42511533834040172 0.41418708376586444 0.014562102599442007 28.253267651423812 824.44997234269977
0.40299656339921053 0.42511533834040172 0.41418708376586444 0.014562102599442007 28.253267651423812 824.44997234269977
0.37542896391823882 0.10028493367135526 0.41418708376586444 0.014562102599442007 28.253267651423812 824.44997234269977
0.37542896391823882 0.42511533834040172 0.11506448946893216 0.014562102599442007 28.253267651423812 824.44997234269977
0.37542896391823882 0.42511533834040172 0.41418708376586444 0.01931274396777153 28.253267651423812 824.44997234269977
0.37542896391823882 0.42511533834040172 0.41418708376586444 0.014562102599442007 16.346536932513118 824.44997234269977
0.37542896391823882 0.42511533834040172 0.41418708376586444 0.014562102599442007 28.253267651423812 401.62227600812912
0.40299656339921053 0.10028493367135526 0.11506448946893216 0.01931274396777153 16.346536932513118 401.62227600812912
0.42981973453424865 0.16668220460414887 0.24636511132121086 0.017909778952971103 19.740077892318368 976.70429721474648
0.21825980176217852 0.16668220460414887 0.24636511132121086 0.017909778952971103 19.740077892318368 976.70429721474648
0.42981973453424865 0.25607317090034487 0.24636511132121086 0.017909778952971103 19.740077892318368 976.70429721474648
0.42981973453424865 0.16668220460414887 0.27721169739961626 0.017909778952971103 19.740077892318368 976.70429721474648
0.42981973453424865 0.16668220460414887 0.24636511132121086 0.0071607754291966559 19.740077892318368 976.70429721474648
0.42981973453424865 0.16668220460414887 0.24636511132121086 0.017909778952971103 18.503629855811596 976.70429721474648
0.42981973453424865 0.16668220460414887 0.24636511132121086 0.017909778952971103 19.740077892318368 520.71304526180029
0.21825980176217852 0.25607317090034487 0.27721169739961626 0.0071607754291966559 18.503629855811596 520.71304526180029
0.34158529378473751 0.35270124897360799 0.44593928828835494 0.0069080250432714818 24.043331138789654 203.18297063931823
0.65175617863424118 0.35270124897360799 0.44593928828835494 0.0069080250432714818 24.043331138789654 203.18297063931823
0.34158529378473751 0.34260002486407759 0.44593928828835494 0.0069080250432714818 24.043331138789654 203.18297063931823
0.34158529378473751 0.35270124897360799 0.46936959102749831 0.0069080250432714818 24.043331138789654 203.18297063931823
0.34158529378473751 0.35270124897360799 0.44593928828835494 0.017295745620876549 24.043331138789654 203.18297063931823
0.34158529378473751 0.35270124897360799 0.44593928828835494 0.0069080250432714818 29.393430447205901 203.18297063931823
0.34158529378473751 0.35270124897360799 0.44593928828835494 0.0069080250432714818 24.043331138789654 810.08599791675806
0.65175617863424118 0.34260002486407759 0.46936959102749831 0.017295745620876549 29.393430447205901 810.08599791675806
0.088325784029439081 0.27921858541667466 0.13816136159002781 0.013522145868465306 32.739794060587883 408.03570514544845
0.2008779169525951 0.27921858541667466 0.13816136159002781 0.013522145868465306 32.739794060587883 408.03570514544845
0.088325784029439081 0.47144256457686429 0.13816136159002781 0.013522145868465306 32.739794060587883 408.03570514544845
0.088325784029439081 0.27921858541667466 0.32483383305370805 0.013522145868465306 32.739794060587883 408.03570514544845
0.088325784029439081 0.27921858541667466 0.13816136159002781 0.011727729743160309 32.739794060587883 408.03570514544845
0.088325784029439081 0.27921858541667466 0.13816136159002781 0.013522145868465306 30.752180118113756 408.03570514544845
0.088325784029439081 0.27921858541667466 0.13816136159002781 0.013522145868465306 32.739794060587883 603.71983367949724
0.2008779169525951 0.47144256457686429 0.32483383305370805 0.011727729743160309 30.752180118113756 603.71983367949724
0.63995493212714782 0.49006673581898219 0.33851698227226734 0.002558233730308712 15.480433927848935 731.38925954699516
0.43045622422359875 0.49006673581898219 0.33851698227226734 0.002558233730308712 15.480433927848935 731.38925954699516
0.63995493212714782 0.13296946473419669 0.33851698227226734 0.002558233730308712 15.480433927848935 731.38925954699516
0.63995493212714782 0.49006673581898219 0.12955991439521314 0.002558233730308712 15.480433927848935 731.38925954699516
0.63995493212714782 0.49006673581898219 0.33851698227226734 0.0015915367826819422 15.480433927848935 731.38925954699516
0.63995493212714782 0.49006673581898219 0.33851698227226734 0.002558233730308712 13.277921678498387 731.38925954699516
0.63995493212714782 0.49006673581898219 0.33851698227226734 0.002558233730308712 15.480433927848935 272.57138174027205
0.43045622422359875 0.13296946473419669 0.12955991439521314 0.0015915367826819422 13.277921678498387 272.57138174027205
0.60944479005411267 0.20446031950414181 0.49325545765459544 0.0048489062851294878 8.0072670821100473 850.45165019109845
0.09840372228063643 0.20446031950414181 0.49325545765459544 0.0048489062851294878 8.0072670821100473 850.45165019109845
0.60944479005411267 0.43679591193795209 0.49325545765459544 0.0048489062851294878 8.0072670821100473 850.45165019109845
0.60944479005411267 0.20446031950414181 0.38235092870891096 0.0048489062851294878 8.0072670821100473 850.45165019109845
0.60944479005411267 0.20446031950414181 0.49325545765459544 0.018508212329447271 8.0072670821100473 850.45165019109845
0.60944479005411267 0.20446031950414181 0.49325545765459544 0.0048489062851294878 37.227168718352914 850.45165019109845
0.60944479005411267 0.20446031950414181 0.49325545765459544 0.0048489062851294878 8.0072670821100473 143.09815354645252
0.09840372228063643 0.43679591193795209 0.38235092870891096 0.018508212329447271 37.227168718352914 143.09815354645252
0.20000407178886231 0.4153160963207484 0.29279932267963887 0.011209437142685057 35.747013159096241 273.80531523376703
0.53158031427301466 0.4153160963207484 0.29279932267963887 0.011209437142685057 35.747013159096241 273.80531523376703
0.20000407178886231 0.17370733357965945 0.29279932267963887 0.011209437142685057 35.747013159096241 273.80531523376703
0.20000407178886231 0.4153160963207484 0.16520840115845203 0.011209437142685057 35.747013159096241 273.80531523376703
0.20000407178886231 0.4153160963207484 0.29279932267963887 0.0082631086373701704 35.747013159096241 273.80531523376703
0.20000407178886231 0.4153160963207484 0.29279932267963887 0.011209437142685057 10.611354943364859 273.80531523376703
0.20000407178886231 0.4153160963207484 0.29279932267963887 0.011209437142685057 35.747013159096241 726.05323269963264
0.53158031427301466 0.17370733357965945 0.16520840115845203 0.0082631086373701704 10.611354943364859 726.05323269963264
0.22990449741482732 0.14182656854391099 0.39755152091383938 0.0092383521137759106 29.473494917154312 534.94753185659647
0.3197037372272461 0.14182656854391099 0.39755152091383938 0.0092383521137759106 29.473494917154312 534.94753185659647
0.22990449741482732 0.2403718337416649 0.39755152091383938 0.0092383521137759106 29.473494917154312 534.94753185659647
0.22990449741482732 0.14182656854391099 0.21598499789834025 0.0092383521137759106 29.473494917154312 534.94753185659647
0.22990449741482732 0.14182656854391099 0.39755152091383938 0.0026951634593307973 29.473494917154312 534.94753185659647
0.22990449741482732 0.14182656854391099 0.39755152091383938 0.0092383521137759106 19.587306810542941 534.94753185659647
0.22990449741482732 0.14182656854391099 0.39755152091383938 0.0092383521137759106 29.473494917154312 960.21479368209839
0.3197037372272461 0.2403718337416649 0.21598499789834025 0.0026951634593307973 19.587306810542941 960.21479368209839
0.46032736799679691 0.32785323932766919 0.19787644222378731 0.015562249695882203 18.775854708626866 661.42609464004636
0.54896210464648898 0.32785323932766919 0.19787644222378731 0.015562249695882203 18.775854708626866 661.42609464004636
0.46032736799679691 0.35228320918977263 0.19787644222378731 0.015562249695882203 18.775854708626866 661.42609464004636
0.46032736799679691 0.32785323932766919 0.43626188486814499 0.015562249695882203 18.775854708626866 661.42609464004636
0.46032736799679691 0.32785323932766919 0.19787644222378731 0.012939054045267405 18.775854708626866 661.42609464004636
0.46032736799679691 0.32785323932766919 0.19787644222378731 0.015562249695882203 24.61863312125206 661.42609464004636
0.46032736799679691 0.32785323932766919 0.19787644222378731 0.015562249695882203 18.775854708626866 363.66414688527584
0.54896210464648898 0.35228320918977263 0.43626188486814499 0.012939054045267405 24.61863312125206 363.66414688527584
0.4578513246495276 0.2609035436064005 0.49511069022119047 0.0078736380398273468 27.059207793325186 149.02628473937511
0.19272471251897511 0.2609035436064005 0.49511069022119047 0.0078736380398273468 27.059207793325186 149.02628473937511
0.4578513246495276 0.32986290231347082 0.49511069022119047 0.0078736380398273468 27.059207793325186 149.02628473937511
0.4578513246495276 0.2609035436064005 0.3335045613348484 0.0078736380398273468 27.059207793325186 149.02628473937511
0.4578513246495276 0.2609035436064005 0.49511069022119047 0.019778596862405538 27.059207793325186 149.02628473937511
0.4578513246495276 0.2609035436064005 0.49511069022119047 0.0078736380398273468 29.133938487619162 149.02628473937511
0.4578513246495276 0.2609035436064005 0.49511069022119047 0.0078736380398273468 27.059207793325186 544.40461108461022
0.19272471251897511 0.32986290231347082 0.3335045613348484 0.019778596862405538 29.133938487619162 544.40461108461022
0.2325016223825514 0.47176387868821623 0.29387311153113843 0.016400345074571668 17.189548408612609 922.54431722685695
0.43226051810197524 0.47176387868821623 0.29387311153113843 0.016400345074571668 17.189548408612609 922.54431722685695
0.2325016223825514 0.26833603717386723 0.29387311153113843 0.016400345074571668 17.189548408612609 922.54431722685695
0.2325016223825514 0.47176387868821623 0.11327357143163681 0.016400345074571668 17.189548408612609 922.54431722685695
0.2325016223825514 0.47176387868821623 0.29387311153113843 0.0096230733858421458 17.189548408612609 922.54431722685695
0.2325016223825514 0.47176387868821623 0.29387311153113843 0.016400345074571668 18.719405272975564 922.54431722685695
0.2325016223825514 0.47176387868821623 0.29387311153113843 0.016400345074571668 17.189548408612609 775.78361155465245
0.43226051810197524 0.26833603717386723 0.11327357143163681 0.0096230733858421458 18.719405272975564 775.78361155465245
0.19772624014876783 0.19826941266655923 0.38925021290779116 0.0035987711243331438 10.527329800650477 673.70847789570689
0.2153430359903723 0.19826941266655923 0.38925021290779116 0.0035987711243331438 10.527329800650477 673.70847789570689
0.19772624014876783 0.14574351161718369 0.38925021290779116 0.0035987711243331438 10.527329800650477 673.70847789570689
0.19772624014876783 0.19826941266655923 0.26874981038272383 0.0035987711243331438 10.527329800650477 673.70847789570689
0.19772624014876783 0.19826941266655923 0.38925021290779116 0.0040550337940454487 10.527329800650477 673.70847789570689
0.19772624014876783 0.19826941266655923 0.38925021290779116 0.0035987711243331438 13.603330880403519 673.70847789570689
0.19772624014876783 0.19826941266655923 0.38925021290779116 0.0035987711243331438 10.527329800650477 572.90905313566327
0.2153430359903723 0.14574351161718369 0.26874981038272383 0.0040550337940454487 13.603330880403519 572.90905313566327
0.61224012188613408 0.38430063873529441 0.19035657793283464 0.012087636387534441 37.220284018665552 350.35140477120876
0.65848030322231343 0.38430063873529441 0.19035657793283464 0.012087636387534441 37.220284018665552 350.35140477120876
0.61224012188613408 0.45921660028398037 0.19035657793283464 0.012087636387534441 37.220284018665552 350.35140477120876
0.61224012188613408 0.38430063873529441 0.48584076948463917 0.012087636387534441 37.220284018665552 350.35140477120876
0.61224012188613408 0.38430063873529441 0.19035657793283464 0.014209344164468349 37.220284018665552 350.35140477120876
0.61224012188613408 0.38430063873529441 0.19035657793283464 0.012087636387534441 30.61697138659656 350.35140477120876
0.61224012188613408 0.38430063873529441 0.19035657793283464 0.012087636387534441 37.220284018665552 299.80945819988847
0.65848030322231343 0.45921660028398037 0.48584076948463917 0.014209344164468349 30.61697138659656 299.80945819988847
0.64258904457092281 0.12273938581347466 0.24197014868259431 0.014727344358898701 31.262660931795835 218.98773470893502
0.31758198305033142 0.12273938581347466 0.24197014868259431 0.014727344358898701 31.262660931795835 218.98773470893502
0.64258904457092281 0.16164016127586367 0.24197014868259431 0.014727344358898701 31.262660931795835 218.98773470893502
0.64258904457092281 0.12273938581347466 0.22607036121189594 0.014727344358898701 31.262660931795835 218.98773470893502
0.64258904457092281 0.12273938581347466 0.24197014868259431 0.0058007920930162075 31.262660931795835 218.98773470893502
0.64258904457092281 0.12273938581347466 0.24197014868259431 0.014727344358898701 10.410565530881286 218.98773470893502
0.64258904457092281 0.12273938581347466 0.24197014868259431 0.014727344358898701 31.262660931795835 119.35836998745799
0.31758198305033142 0.16164016127586367 0.22607036121189594 0.0058007920930162075 10.410565530881286 119.35836998745799
0.085886733001098031 0.30875382423400877 0.4407632693648339 0.00094186096638441096 12.956508716568351 795.63077222555876
0.55743276937864716 0.30875382423400877 0.4407632693648339 0.00094186096638441096 12.956508716568351 795.63077222555876
0.085886733001098031 0.44972872845828538 0.4407632693648339 0.00094186096638441096 12.956508716568351 795.63077222555876
0.085886733001098031 0.30875382423400877 0.42129213623702533 0.00094186096638441096 12.956508716568351 795.63077222555876
0.085886733001098031 0.30875382423400877 0.4407632693648339 0.016025341320037842 12.956508716568351 795.63077222555876
0.085886733001098031 0.30875382423400877 0.4407632693648339 0.00094186096638441096 37.501429311931133 795.63077222555876
0.085886733001098031 0.30875382423400877 0.4407632693648339 0.00094186096638441096 12.956508716568351 760.28024395927787
0.55743276937864716 0.44972872845828538 0.42129213623702533 0.016025341320037842 37.501429311931133 760.28024395927787
0.34433858217671509 0.23527538366615774 0.14861024878919127 0.019000398530252278 21.322979463264346 603.08784823864698
0.091362292366102327 0.23527538366615774 0.14861024878919127 0.019000398530252278 21.322979463264346 603.08784823864698
0.34433858217671509 0.36431424245238309 0.14861024878919127 0.019000398530252278 21.322979463264346 603.08784823864698
0.34433858217671509 0.23527538366615774 0.3720811143517494 0.019000398530252278 21.322979463264346 603.08784823864698
0.34433858217671509 0.23527538366615774 0.14861024878919127 0.010457382090575994 21.322979463264346 603.08784823864698
0.34433858217671509 0.23527538366615774 0.14861024878919127 0.019000398530252278 24.768153728917241 603.08784823864698
0.34433858217671509 0.23527538366615774 0.14861024878919127 0.019000398530252278 21.322979463264346 990.95022594556212
0.091362292366102327 0.36431424245238309 0.3720811143517494 0.010457382090575994 24.768153728917241 990.95022594556212
0.4274998546112328 0.44611893109977252 0.34974692575633526 0.0052515484131872656 26.454213757067919 476.60577008500695
0.53481438537128267 0.44611893109977252 0.34974692575633526 0.0052515484131872656 26.454213757067919 476.60577008500695
0.4274998546112328 0.22740285582840444 0.34974692575633526 0.0052515484131872656 26.454213757067919 476.60577008500695
0.4274998546112328 0.44611893109977252 0.17996892407536508 0.0052515484131872656 26.454213757067919 476.60577008500695
0.4274998546112328 0.44611893109977252 0.34974692575633526 0.00023161009475588799 26.454213757067919 476.60577008500695
0.4274998546112328 0.44611893109977252 0.34974692575633526 0.0052515484131872656 19.276424843817949 476.60577008500695
0.4274998546112328 0.44611893109977252 0.34974692575633526 0.0052515484131872656 26.454213757067919 336.37782586738467
0.53481438537128267 0.22740285582840444 0.17996892407536508 0.00023161009475588799 19.276424843817949 336.37782586738467
0.37770932354032988 0.16130342260003092 0.11786245331168176 0.002373049203678966 18.021703839302063 424.54849947243929
0.35392618575133378 0.16130342260003092 0.11786245331168176 0.002373049203678966 18.021703839302063 424.54849947243929
0.37770932354032988 0.17854019775986674 0.11786245331168176 0.002373049203678966 18.021703839302063 424.54849947243929
0.37770932354032988 0.16130342260003092 0.218557283654809 0.002373049203678966 18.021703839302063 424.54849947243929
0.37770932354032988 0.16130342260003092 0.11786245331168176 0.013699683212675156 18.021703839302063 424.54849947243929
0.37770932354032988 0.16130342260003092 0.11786245331168176 0.002373049203678966 22.839538717642426 424.54849947243929
0.37770932354032988 0.16130342260003092 0.11786245331168176 0.002373049203678966 18.021703839302063 442.28717060759664
0.35392618575133378 0.17854019775986674 0.218557283654809 0.013699683212675156 22.839538717642426 442.28717060759664
0.30978770121000704 0.36902063041925437 0.31819041445851326 0.013685575105063619 29.714980872347951 748.06653531268239
0.6010591099504381 0.36902063041925437 0.31819041445851326 0.013685575105063619 29.714980872347951 748.06653531268239
0.30978770121000704 0.41702021099627018 0.31819041445851326 0.013685575105063619 29.714980872347951 748.06653531268239
0.30978770121000704 0.36902063041925437 0.43583798967301846 0.013685575105063619 29.714980872347951 748.06653531268239
0.30978770121000704 0.36902063041925437 0.31819041445851326 0.0034861465021967892 29.714980872347951 748.06653531268239
0.30978770121000704 0.36902063041925437 0.31819041445851326 0.013685575105063619 25.057349812239408 748.06653531268239
0.30978770121000704 0.36902063041925437 0.31819041445851326 0.013685575105063619 29.714980872347951 884.16411736980081
0.6010591099504381 0.41702021099627018 0.43583798967301846 0.0034861465021967892 25.057349812239408 884.16411736980081
0.1201233790256083 0.29866890348494057 0.22294148541986944 0.0067645361397415402 34.568059558048844 952.77550341561437
0.087091105757281184 0.29866890348494057 0.22294148541986944 0.0067645361397415402 34.568059558048844 952.77550341561437
0.1201233790256083 0.39393405169248585 0.22294148541986944 0.0067645361397415402 34.568059558048844 952.77550341561437
0.1201233790256083 0.29866890348494057 0.38348979353904722 0.0067645361397415402 34.568059558048844 952.77550341561437
0.1201233790256083 0.29866890348494057 0.22294148541986944 0.0078179040314629682 34.568059558048844 952.77550341561437
0.1201233790256083 0.29866890348494057 0.22294148541986944 0.0067645361397415402 34.853370545431972 952.77550341561437
0.1201233790256083 0.29866890348494057 0.22294148541986944 0.0067645361397415402 34.568059558048844 640.31054163351655
0.087091105757281184 0.39393405169248585 0.38348979353904722 0.0078179040314629682 34.853370545431972 640.31054163351655
0.692065340699628 0.48155701719224453 0.42248839028179652 0.018036351271532476 9.698949970304966 179.41842693835497
0.45657595652155569 0.48155701719224453 0.42248839028179652 0.018036351271532476 9.698949970304966 179.41842693835497
0.692065340699628 0.20741401873528958 0.42248839028179652 0.018036351271532476 9.698949970304966 179.41842693835497
0.692065340699628 0.48155701719224453 0.16309302076697352 0.018036351271532476 9.698949970304966 179.41842693835497
0.692065340699628 0.48155701719224453 0.42248839028179652 0.018030217973142863 9.698949970304966 179.41842693835497
0.692065340699628 0.48155701719224453 0.42248839028179652 0.018036351271532476 9.176101490855217 179.41842693835497
0.692065340699628 0.48155701719224453 0.42248839028179652 0.018036351271532476 9.698949970304966 240.20912097766995
0.45657595652155569 0.20741401873528958 0.16309302076697352 0.018030217973142863 9.176101490855217 240.20912097766995
0.55991304297931488 0.22390143461525441 0.37097228206694133 0.015435037687234582 13.818076804280281 495.41804483160377
0.14878346626646816 0.22390143461525441 0.37097228206694133 0.015435037687234582 13.818076804280281 495.41804483160377
0.55991304297931488 0.30964139699935911 0.37097228206694133 0.015435037687234582 13.818076804280281 495.41804483160377
0.55991304297931488 0.22390143461525441 0.32225537225604062 0.015435037687234582 13.818076804280281 495.41804483160377
0.55991304297931488 0.22390143461525441 0.37097228206694133 0.0023474098570644857 13.818076804280281 495.41804483160377
0.55991304297931488 0.22390143461525441 0.37097228206694133 0.015435037687234582 34.062905974686146 495.41804483160377
0.55991304297931488 0.22390143461525441 0.37097228206694133 0.015435037687234582 13.818076804280281 193.90194406732917
0.14878346626646816 0.30964139699935911 0.32225537225604062 0.0023474098570644857 34.062905974686146 193.90194406732917
0.17078513102605936 0.40680938176810744 0.17133096642792225 0.0093824854280799633 33.948072867467999 622.0610722899437
0.39623121623881158 0.40680938176810744 0.17133096642792225 0.0093824854280799633 33.948072867467999 622.0610722899437
0.17078513102605936 0.29772463552653794 0.17133096642792225 0.0093824854280799633 33.948072867467999 622.0610722899437
0.17078513102605936 0.40680938176810744 0.12998998463153841 0.0093824854280799633 33.948072867467999 622.0610722899437
0.17078513102605936 0.40680938176810744 0.17133096642792225 0.012513956693001094 33.948072867467999 622.0610722899437
0.17078513102605936 0.40680938176810744 0.17133096642792225 0.0093824854280799633 13.775331696495414 622.0610722899437
0.17078513102605936 0.40680938176810744 0.17133096642792225 0.0093824854280799633 33.948072867467999 679.69676433131099
0.39623121623881158 0.29772463552653794 0.12998998463153841 0.012513956693001094 13.775331696495414 679.69676433131099
0.259123440599069 0.13643858358263972 0.46355112716555602 0.011046571991406382 23.772577533498406 883.00459086894989
0.29326656400226053 0.13643858358263972 0.46355112716555602 0.011046571991406382 23.772577533498406 883.00459086894989
0.259123440599069 0.11319285854697228 0.46355112716555602 0.011046571991406382 23.772577533498406 883.00459086894989
0.259123440599069 0.13643858358263972 0.27607905529439447 0.011046571991406382 23.772577533498406 883.00459086894989
0.259123440599069 0.13643858358263972 0.46355112716555602 0.016845633859932423 23.772577533498406 883.00459086894989
0.259123440599069 0.13643858358263972 0.46355112716555602 0.011046571991406382 16.188554737716913 883.00459086894989
0.259123440599069 0.13643858358263972 0.46355112716555602 0.011046571991406382 23.772577533498406 895.75491650030017
0.29326656400226053 0.11319285854697228 0.27607905529439447 0.016845633859932423 16.188554737716913 895.75491650030017
0.50985911265015593 0.34417562484741215 0.26312836781144144 0.0050335220057517293 20.464959882199764 306.52252277359366
0.66306639551185065 0.34417562484741215 0.26312836781144144 0.0050335220057517293 20.464959882199764 306.52252277359366
0.50985911265015593 0.47627614326775081 0.26312836781144144 0.0050335220057517293 20.464959882199764 306.52252277359366
0.50985911265015593 0.34417562484741215 0.47147874869406226 0.0050335220057517293 20.464959882199764 306.52252277359366
0.50985911265015593 0.34417562484741215 0.26312836781144144 0.006677873917855323 20.464959882199764 306.52252277359366
0.50985911265015593 0.34417562484741215 0.26312836781144144 0.0050335220057517293 28.016641663387418 306.52252277359366
0.50985911265015593 0.34417562484741215 0.26312836781144144 0.0050335220057517293 20.464959882199764 423.55569070205092
0.66306639551185065 0.47627614326775081 0.47147874869406226 0.006677873917855323 28.016641663387418 423.55569070205092
0.51721569523215294 0.14435374699532988 0.30306900441646578 0.01986028170902282 36.554839864373207 651.22436378151178
0.4501748409587889 0.14435374699532988 0.30306900441646578 0.01986028170902282 36.554839864373207 651.22436378151178
0.51721569523215294 0.11095975227653981 0.30306900441646578 0.01986028170902282 36.554839864373207 651.22436378151178
0.51721569523215294 0.14435374699532988 0.44014531932771206 0.01986028170902282 36.554839864373207 651.22436378151178
0.51721569523215294 0.14435374699532988 0.30306900441646578 0.015361636098846795 36.554839864373207 651.22436378151178
0.51721569523215294 0.14435374699532988 0.30306900441646578 0.01986028170902282 27.033286841586232 651.22436378151178
0.51721569523215294 0.14435374699532988 0.30306900441646578 0.01986028170902282 36.554839864373207 150.8022733964026
0.4501748409587889 0.11095975227653981 0.44014531932771206 0.015361636098846795 27.033286841586232 150.8022733964026
0.29187560728751122 0.336653471365571 0.10192927569150925 0.0061128657959401613 11.678291337564588 524.68744115903974
0.17981044021435083 0.336653471365571 0.10192927569150925 0.0061128657959401613 11.678291337564588 524.68744115903974
0.29187560728751122 0.49943362697958948 0.10192927569150925 0.0061128657959401613 11.678291337564588 524.68744115903974
0.29187560728751122 0.336653471365571 0.2074140165001154 0.0061128657959401613 11.678291337564588 524.68744115903974
0.29187560728751122 0.336653471365571 0.10192927569150925 0.0052228847099468111 11.678291337564588 524.68744115903974
0.29187560728751122 0.336653471365571 0.10192927569150925 0.0061128657959401613 17.055465925484896 524.68744115903974
0.29187560728751122 0.336653471365571 0.10192927569150925 0.0061128657959401613 11.678291337564588 719.2280207760632
0.17981044021435083 0.49943362697958948 0.2074140165001154 0.0052228847099468111 17.055465925484896 719.2280207760632
0.13773483680561183 0.207012577354908 0.40658563040196893 0.014351162036694587 16.038586089387536 275.93574272468686
0.63069116449914864 0.207012577354908 0.40658563040196893 0.014351162036694587 16.038586089387536 275.93574272468686
0.13773483680561183 0.31460886709392072 0.40658563040196893 0.014351162036694587 16.038586089387536 275.93574272468686
0.13773483680561183 0.207012577354908 0.16132782921195032 0.014351162036694587 16.038586089387536 275.93574272468686
0.13773483680561183 0.207012577354908 0.40658563040196893 0.00089234047122299675 16.038586089387536 275.93574272468686
0.13773483680561183 0.207012577354908 0.40658563040196893 0.014351162036694587 14.788513129577041 275.93574272468686
0.13773483680561183 0.207012577354908 0.40658563040196893 0.014351162036694587 16.038586089387536 967.04009445384145
0.63069116449914864 0.31460886709392072 0.16132782921195032 0.00089234047122299675 14.788513129577041 967.04009445384145
0.5522186600137502 0.4240925826132298 0.20778945796191695 0.00056424385011196137 27.724652729928493 852.52370778471231
0.23797592199407513 0.4240925826132298 0.20778945796191695 0.00056424385011196137 27.724652729928493 852.52370778471231
0.5522186600137502 0.27808278799057007 0.20778945796191695 0.00056424385011196137 27.724652729928493 852.52370778471231
0.5522186600137502 0.4240925826132298 0.39091904759407048 0.00056424385011196137 27.724652729928493 852.52370778471231
0.5522186600137502 0.4240925826132298 0.20778945796191695 0.011029888047836722 27.724652729928493 852.52370778471231
0.5522186600137502 0.4240925826132298 0.20778945796191695 0.00056424385011196137 33.167198143899441 852.52370778471231
0.5522186600137502 0.4240925826132298 0.20778945796191695 0.00056424385011196137 27.724652729928493 355.95994153991342
0.23797592199407513 0.27808278799057007 0.39091904759407048 0.011029888047836722 33.167198143899441 355.95994153991342
0.66382038188166914 0.28137883543968201 0.16242904029786587 0.0032029507406055929 25.75918573141098 721.87418257817626
0.57002719626761966 0.28137883543968201 0.16242904029786587 0.0032029507406055929 25.75918573141098 721.87418257817626
0.66382038188166914 0.38034683428704741 0.16242904029786587 0.0032029507406055929 25.75918573141098 721.87418257817626
0.66382038188166914 0.28137883543968201 0.14442953169345857 0.0032029507406055929 25.75918573141098 721.87418257817626
0.66382038188166914 0.28137883543968201 0.16242904029786587 0.0089635134449228653 25.75918573141098 721.87418257817626
0.66382038188166914 0.28137883543968201 0.16242904029786587 0.0032029507406055929 8.3135243058204651 721.87418257817626
0.66382038188166914 0.28137883543968201 0.16242904029786587 0.0032029507406055929 25.75918573141098 513.44831986352801
0.57002719626761966 0.38034683428704741 0.14442953169345857 0.0089635134449228653 8.3135243058204651 513.44831986352801
0.10714750895276665 0.49845426604151732 0.3613196235150099 0.011690381209738554 22.444358916953206 398.46225157380104
0.29998753950931129 0.49845426604151732 0.3613196235150099 0.011690381209738554 22.444358916953206 398.46225157380104
0.10714750895276665 0.21843623369932175 0.3613196235150099 0.011690381209738554 22.444358916953206 398.46225157380104
0.10714750895276665 0.49845426604151732 0.30215176269412042 0.011690381209738554 22.444358916953206 398.46225157380104
0.10714750895276665 0.49845426604151732 0.3613196235150099 0.019204845528677107 22.444358916953206 398.46225157380104
0.10714750895276665 0.49845426604151732 0.3613196235150099 0.011690381209738554 35.833764655515552 398.46225157380104
0.10714750895276665 0.49845426604151732 0.3613196235150099 0.011690381209738554 22.444358916953206 816.47181874141097
0.29998753950931129 0.21843623369932175 0.30215176269412042 0.019204845528677107 35.833764655515552 816.47181874141097
0.32246536626480515 0.16881718449294569 0.2534450888633728 0.0087138831570744528 11.835130268707871 205.94510361552238
0.51186162005178626 0.16881718449294569 0.2534450888633728 0.0087138831570744528 11.835130268707871 205.94510361552238
0.32246536626480515 0.19564302898943425 0.2534450888633728 0.0087138831570744528 11.835130268707871 205.94510361552238
0.32246536626480515 0.16881718449294569 0.45450321473181254 0.0087138831570744528 11.835130268707871 205.94510361552238
0.32246536626480515 0.16881718449294569 0.2534450888633728 0.014874372063390913 11.835130268707871 205.94510361552238
0.32246536626480515 0.16881718449294569 0.2534450888633728 0.0087138831570744528 25.949609663337469 205.94510361552238
0.32246536626480515 0.16881718449294569 0.2534450888633728 0.0087138831570744528 11.835130268707871 597.33404805883765
0.51186162005178626 0.19564302898943425 0.45450321473181254 0.014874372063390913 25.949609663337469 597.33404805883765
0.40561640448868269 0.3611123342067003 0.45467961579561234 0.017242024395801126 31.957687951624393 979.40807705745101
0.11947127650491893 0.3611123342067003 0.45467961579561234 0.017242024395801126 31.957687951624393 979.40807705745101
0.40561640448868269 0.40873238220810892 0.45467961579561234 0.017242024395801126 31.957687951624393 979.40807705745101
0.40561640448868269 0.3611123342067003 0.29989052675664429 0.017242024395801126 31.957687951624393 979.40807705745101
0.40561640448868269 0.3611123342067003 0.45467961579561234 0.0046318456824868915 31.957687951624393 979.40807705745101
0.40561640448868269 0.3611123342067003 0.45467961579561234 0.017242024395801126 21.830263027921319 979.40807705745101
0.40561640448868269 0.3611123342067003 0.45467961579561234 0.017242024395801126 31.957687951624393 279.83607528731227
0.11947127650491893 0.40873238220810892 0.29989052675664429 0.0046318456824868915 21.830263027921319 279.83607528731227
0.44024752830155189 0.24631020575761797 0.28480628766119481 0.01018699123170227 8.5333973281085491 822.18565233051777
0.58350496641360217 0.24631020575761797 0.28480628766119481 0.01018699123170227 8.5333973281085491 822.18565233051777
0.44024752830155189 0.35993116088211541 0.28480628766119481 0.01018699123170227 8.5333973281085491 822.18565233051777
0.44024752830155189 0.24631020575761797 0.11113527864217759 0.01018699123170227 8.5333973281085491 822.18565233051777
0.44024752830155189 0.24631020575761797 0.28480628766119481 0.011931702441535892 8.5333973281085491 822.18565233051777
0.44024752830155189 0.24631020575761797 0.28480628766119481 0.01018699123170227 20.259093467146158 822.18565233051777
0.44024752830155189 0.24631020575761797 0.28480628766119481 0.01018699123170227 8.5333973281085491 160.74528591707349
0.58350496641360217 0.35993116088211541 0.11113527864217759 0.011931702441535892 20.259093467146158 160.74528591707349
0.37233550818637007 0.4354786433279515 0.4852320987731219 0.0041725064519792798 35.218912383541465 245.64872635528445
0.3664803271647542 0.4354786433279515 0.4852320987731219 0.0041725064519792798 35.218912383541465 245.64872635528445
0.37233550818637007 0.24841038808226587 0.4852320987731219 0.0041725064519792798 35.218912383541465 245.64872635528445
0.37233550818637007 0.4354786433279515 0.34091629162430764 0.0041725064519792798 35.218912383541465 245.64872635528445
0.37233550818637007 0.4354786433279515 0.4852320987731219 0.0016962767127901319 35.218912383541465 245.64872635528445
0.37233550818637007 0.4354786433279515 0.4852320987731219 0.0041725064519792798 23.90238650329411 245.64872635528445
0.37233550818637007 0.4354786433279515 0.4852320987731219 0.0041725064519792798 35.218912383541465 715.54807359352708
0.3664803271647542 0.24841038808226587 0.34091629162430764 0.0016962767127901319 23.90238650329411 715.54807359352708
0.05822768486104906 0.10896866284310819 0.18050860688090326 0.015811522428505125 29.06412704102695 450.38347048684955
0.48472399604506783 0.10896866284310819 0.18050860688090326 0.015811522428505125 29.06412704102695 450.38347048684955
0.05822768486104906 0.16250758282840252 0.18050860688090326 0.015811522428505125 29.06412704102695 450.38347048684955
0.05822768486104906 0.10896866284310819 0.49013052769005305 0.015811522428505125 29.06412704102695 450.38347048684955
0.05822768486104906 0.10896866284310819 0.18050860688090326 0.0072655200062319639 29.06412704102695 450.38347048684955
0.05822768486104906 0.10896866284310819 0.18050860688090326 0.015811522428505125 36.488934971392155 450.38347048684955
0.05822768486104906 0.10896866284310819 0.18050860688090326 0.015811522428505125 29.06412704102695 921.5022505261004
0.48472399604506783 0.16250758282840252 0.49013052769005305 0.0072655200062319639 36.488934971392155 921.5022505261004
0.63013957589864722 0.32291736640036106 0.38015297427773476 0.0097604043733328597 19.18725748732686 576.97143889963627
0.064099289895966652 0.32291736640036106 0.38015297427773476 0.0097604043733328597 19.18725748732686 576.97143889963627
0.63013957589864722 0.42598685622215271 0.38015297427773476 0.0097604043733328597 19.18725748732686 576.97143889963627
0.63013957589864722 0.32291736640036106 0.25723348967730997 0.0097604043733328597 19.18725748732686 576.97143889963627
0.63013957589864722 0.32291736640036106 0.38015297427773476 0.017499751437827945 19.18725748732686 576.97143889963627
0.63013957589864722 0.32291736640036106 0.38015297427773476 0.0097604043733328597 11.305128505453467 576.97143889963627
0.63013957589864722 0.32291736640036106 0.38015297427773476 0.0097604043733328597 19.18725748732686 409.29893674328923
0.064099289895966652 0.42598685622215271 0.25723348967730997 0.017499751437827945 11.305128505453467 409.29893674328923
0.57924007736146443 0.18410968594253063 0.42541592940688133 0.0071600546944886444 19.328874882310629 891.92737573757768
0.3833572342526167 0.18410968594253063 0.42541592940688133 0.0071600546944886444 19.328874882310629 891.92737573757768
0.57924007736146443 0.12844687066972257 0.42541592940688133 0.0071600546944886444 19.328874882310629 891.92737573757768
0.57924007736146443 0.18410968594253063 0.40467744879424572 0.0071600546944886444 19.328874882310629 891.92737573757768
0.57924007736146443 0.18410968594253063 0.42541592940688133 0.0028997469704598192 19.328874882310629 891.92737573757768
0.57924007736146443 0.18410968594253063 0.42541592940688133 0.0071600546944886444 31.478861479088664 891.92737573757768
0.57924007736146443 0.18410968594253063 0.42541592940688133 0.0071600546944886444 19.328874882310629 475.05234694108367
0.3833572342526167 0.12844687066972257 0.40467744879424572 0.0028997469704598192 31.478861479088664 475.05234694108367
0.19014161615632474 0.39806602187454698 0.22587207630276682 0.018433304030261933 24.452899789437652 118.51545479148626
0.16665749396197496 0.39806602187454698 0.22587207630276682 0.018433304030261933 24.452899789437652 118.51545479148626
0.19014161615632474 0.46652941554784777 0.22587207630276682 0.018433304030261933 24.452899789437652 118.51545479148626
0.19014161615632474 0.39806602187454698 0.2499116111546755 0.018433304030261933 24.452899789437652 118.51545479148626
0.19014161615632474 0.39806602187454698 0.22587207630276682 0.013044394019059838 24.452899789437652 118.51545479148626
0.19014161615632474 0.39806602187454698 0.22587207630276682 0.018433304030261933 12.624081626534462 118.51545479148626
0.19014161615632474 0.39806602187454698 0.22587207630276682 0.018433304030261933 24.452899789437652 848.82788611575961
0.16665749396197496 0.46652941554784777 0.2499116111546755 0.013044394019059838 12.624081626534462 848.82788611575961
0.24042404675856233 0.2715491712093353 0.33361843563616278 0.0015325022574514153 33.267751393839717 379.54311426728964
0.68573832721449435 0.2715491712093353 0.33361843563616278 0.0015325022574514153 33.267751393839717 379.54311426728964
0.24042404675856233 0.34442513324320317 0.33361843563616278 0.0015325022574514153 33.267751393839717 379.54311426728964
0.24042404675856233 0.2715491712093353 0.19443820193409922 0.0015325022574514153 33.267751393839717 379.54311426728964
0.24042404675856233 0.2715491712093353 0.33361843563616278 0.018613566539064048 33.267751393839717 379.54311426728964
0.24042404675856233 0.2715491712093353 0.33361843563616278 0.0015325022574514153 17.82783162035048 379.54311426728964
0.24042404675856233 0.2715491712093353 0.33361843563616278 0.0015325022574514153 33.267751393839717 614.19940618798137
0.68573832721449435 0.34442513324320317 0.19443820193409922 0.018613566539064048 17.82783162035048 614.19940618798137
0.49114949670620256 0.46072524115443236 0.13329352624714375 0.012843593364767732 14.954161021858454 703.00607765093446
0.26543836505152285 0.46072524115443236 0.13329352624714375 0.012843593364767732 14.954161021858454 703.00607765093446
0.49114949670620256 0.25750763192772863 0.13329352624714375 0.012843593364767732 14.954161021858454 703.00607765093446
0.49114949670620256 0.46072524115443236 0.35233839899301533 0.012843593364767732 14.954161021858454 703.00607765093446
0.49114949670620256 0.46072524115443236 0.13329352624714375 0.008467715678177775 14.954161021858454 703.00607765093446
0.49114949670620256 0.46072524115443236 0.13329352624714375 0.012843593364767732 30.142070215195417 703.00607765093446
0.49114949670620256 0.46072524115443236 0.13329352624714375 0.012843593364767732 14.954161021858454 254.95327254757285
0.26543836505152285 0.25750763192772863 0.35233839899301533 0.008467715678177775 30.142070215195417 254.95327254757285
0.48357775718905027 0.19277481883764269 0.21338965930044651 0.017151622467115522 25.909834487363696 564.0426809899509
0.62101472560316318 0.19277481883764269 0.21338965930044651 0.017151622467115522 25.909834487363696 564.0426809899509
0.48357775718905027 0.23843558281660082 0.21338965930044651 0.017151622467115522 25.909834487363696 564.0426809899509
0.48357775718905027 0.19277481883764269 0.20491124764084817 0.017151622467115522 25.909834487363696 564.0426809899509
0.48357775718905027 0.19277481883764269 0.21338965930044651 0.019000489421933889 25.909834487363696 564.0426809899509
0.48357775718905027 0.19277481883764269 0.21338965930044651 0.017151622467115522 37.966967143118382 564.0426809899509
0.48357775718905027 0.19277481883764269 0.21338965930044651 0.017151622467115522 25.909834487363696 675.85147991776466
0.62101472560316318 0.23843558281660082 0.20491124764084817 0.019000489421933889 37.966967143118382 675.85147991776466
0.24680320834740993 0.37573006227612493 0.41305560655891893 0.0083547410612925897 21.607037831097841 465.52435345947742
0.24899127725511788 0.37573006227612493 0.41305560655891893 0.0083547410612925897 21.607037831097841 465.52435345947742
0.24680320834740993 0.35035307370126245 0.41305560655891893 0.0083547410612925897 21.607037831097841 465.52435345947742
0.24680320834740993 0.37573006227612493 0.44714027494192121 0.0083547410612925897 21.607037831097841 465.52435345947742
0.24680320834740993 0.37573006227612493 0.41305560655891893 0.0094733933554962298 21.607037831097841 465.52435345947742
0.24680320834740993 0.37573006227612493 0.41305560655891893 0.0083547410612925897 9.9450241234153509 465.52435345947742
0.24680320834740993 0.37573006227612493 0.41305560655891893 0.0083547410612925897 21.607037831097841 204.1190791875124
0.24899127725511788 0.35035307370126245 0.44714027494192121 0.0094733933554962298 9.9450241234153509 204.1190791875124
0.17263174983672797 0.25545739792287347 0.12081254050135613 0.011640616732463242 13.613473039120436 259.07342471182346
0.44050828395411368 0.25545739792287347 0.12081254050135613 0.011640616732463242 13.613473039120436 259.07342471182346
0.17263174983672797 0.435567668825388 0.12081254050135613 0.011640616732463242 13.613473039120436 259.07342471182346
0.17263174983672797 0.25545739792287347 0.39635132662951944 0.011640616732463242 13.613473039120436 259.07342471182346
0.17263174983672797 0.25545739792287347 0.12081254050135613 0.0051425421983003613 13.613473039120436 259.07342471182346
0.17263174983672797 0.25545739792287347 0.12081254050135613 0.011640616732463242 19.741045359522104 259.07342471182346
0.17263174983672797 0.25545739792287347 0.12081254050135613 0.011640616732463242 13.613473039120436 420.36950550973415
0.44050828395411368 0.435567668825388 0.39635132662951944 0.0051425421983003613 19.741045359522104 420.36950550973415
0.5960332849994302 0.46314409114420418 0.32125954404473306 0.0028031759141013031 30.873291661962867 807.42998821660876
0.19083583233878015 0.46314409114420418 0.32125954404473306 0.0028031759141013031 30.873291661962867 807.42998821660876
0.5960332849994302 0.17248520590364935 0.32125954404473306 0.0028031759141013031 30.873291661962867 807.42998821660876
0.5960332849994302 0.46314409114420418 0.15101273842155935 0.0028031759141013031 30.873291661962867 807.42998821660876
0.5960332849994302 0.46314409114420418 0.32125954404473306 0.014668444041348995 30.873291661962867 807.42998821660876
0.5960332849994302 0.46314409114420418 0.32125954404473306 0.0028031759141013031 24.3035296369344 807.42998821660876
0.5960332849994302 0.46314409114420418 0.32125954404473306 0.0028031759141013031 30.873291661962867 906.63131177425385
0.19083583233878015 0.17248520590364935 0.15101273842155935 0.014668444041348995 24.3035296369344 906.63131177425385
0.62638378646224735 0.22983266822993756 0.47277412042021749 0.00049452034141868361 37.64378478936851 718.18859186023474
0.50116604603826997 0.22983266822993756 0.47277412042021749 0.00049452034141868361 37.64378478936851 718.18859186023474
0.62638378646224735 0.47025704607367513 0.47277412042021749 0.00049452034141868361 37.64378478936851 718.18859186023474
0.62638378646224735 0.22983266822993756 0.310904448106885 0.00049452034141868361 37.64378478936851 718.18859186023474
0.62638378646224735 0.22983266822993756 0.47277412042021749 0.0056414370128884915 37.64378478936851 718.18859186023474
0.62638378646224735 0.22983266822993756 0.47277412042021749 0.00049452034141868361 19.184955174103379 718.18859186023474
0.62638378646224735 0.22983266822993756 0.47277412042021749 0.00049452034141868361 37.64378478936851 859.8842928186059
0.50116604603826997 0.47025704607367513 0.310904448106885 0.0056414370128884915 19.184955174103379 859.8842928186059
0.060795681132003662 0.43750257976353168 0.27242152765393257 0.013932636601105334 9.9026669301092625 366.54525930061936
0.12882792688906192 0.43750257976353168 0.27242152765393257 0.013932636601105334 9.9026669301092625 366.54525930061936
0.060795681132003662 0.13177785463631153 0.27242152765393257 0.013932636601105334 9.9026669301092625 366.54525930061936
0.060795681132003662 0.43750257976353168 0.14368465952575207 0.013932636601105334 9.9026669301092625 366.54525930061936
0.060795681132003662 0.43750257976353168 0.27242152765393257 0.015256913650035861 9.9026669301092625 366.54525930061936
0.060795681132003662 0.43750257976353168 0.27242152765393257 0.013932636601105334 28.66838501021266 366.54525930061936
0.060795681132003662 0.43750257976353168 0.27242152765393257 0.013932636601105334 9.9026669301092625 460.19471194595098
0.12882792688906192 0.13177785463631153 0.14368465952575207 0.015256913650035861 28.66838501021266 460.19471194595098
0.3586417469196021 0.11724745929241182 0.36769642569124705 0.006003713331930339 16.880455698817968 103.82888102903962
0.55932174520567057 0.11724745929241182 0.36769642569124705 0.006003713331930339 16.880455698817968 103.82888102903962
0.3586417469196021 0.25417964458465581 0.36769642569124705 0.006003713331930339 16.880455698817968 103.82888102903962
0.3586417469196021 0.11724745929241182 0.28820835500955583 0.006003713331930339 16.880455698817968 103.82888102903962
0.3586417469196021 0.11724745929241182 0.36769642569124705 0.01092614285517484 16.880455698817968 103.82888102903962
0.3586417469196021 0.11724745929241182 0.36769642569124705 0.006003713331930339 31.081607548519969 103.82888102903962
0.3586417469196021 0.11724745929241182 0.36769642569124705 0.006003713331930339 16.880455698817968 215.2699826285243
0.55932174520567057 0.25417964458465581 0.28820835500955583 0.01092614285517484 31.081607548519969 215.2699826285243
0.45322972559370095 0.30018592104315756 0.16812527664005755 0.019481180508062242 27.576722448691726 905.31044956296682
0.30933415787294505 0.30018592104315756 0.16812527664005755 0.019481180508062242 27.576722448691726 905.31044956296682
0.45322972559370095 0.34070040695369241 0.16812527664005755 0.019481180508062242 27.576722448691726 905.31044956296682
0.45322972559370095 0.30018592104315756 0.45856819823384287 0.019481180508062242 27.576722448691726 905.31044956296682
0.45322972559370095 0.30018592104315756 0.16812527664005755 0.0013094623319804669 27.576722448691726 905.31044956296682
0.45322972559370095 0.30018592104315756 0.16812527664005755 0.019481180508062242 13.138691142201424 905.31044956296682
0.45322972559370095 0.30018592104315756 0.16812527664005755 0.019481180508062242 27.576722448691726 657.55903739482164
0.30933415787294505 0.34070040695369241 0.45856819823384287 0.0013094623319804669 13.138691142201424 657.55903739482164
0.40407116580754515 0.29161162041127686 0.39864334762096409 0.012885070342570545 21.119234899058938 839.59382670000196
0.4953005115501582 0.29161162041127686 0.39864334762096409 0.012885070342570545 21.119234899058938 839.59382670000196
0.40407116580754515 0.49024628251791003 0.39864334762096409 0.012885070342570545 21.119234899058938 839.59382670000196
0.40407116580754515 0.29161162041127686 0.34642122723162172 0.012885070342570545 21.119234899058938 839.59382670000196
0.40407116580754515 0.29161162041127686 0.39864334762096409 0.012631199180521073 21.119234899058938 839.59382670000196
0.40407116580754515 0.29161162041127686 0.39864334762096409 0.012885070342570545 14.240882044658065 839.59382670000196
0.40407116580754515 0.29161162041127686 0.39864334762096409 0.012885070342570545 21.119234899058938 764.34500850737095
0.4953005115501582 0.49024628251791003 0.34642122723162172 0.012631199180521073 14.240882044658065 764.34500850737095
0.32472220766358073 0.47767336703836916 0.19987481087446213 0.0019212711321190002 23.37845890969038 291.07549581676722
0.054703081678599122 0.47767336703836916 0.19987481087446213 0.0019212711321190002 23.37845890969038 291.07549581676722
0.32472220766358073 0.10215689502656461 0.19987481087446213 0.0019212711321190002 23.37845890969038 291.07549581676722
0.32472220766358073 0.47767336703836916 0.10113815627992154 0.0019212711321190002 23.37845890969038 291.07549581676722
0.32472220766358073 0.47767336703836916 0.19987481087446213 0.0030074180051684381 23.37845890969038 291.07549581676722
0.32472220766358073 0.47767336703836916 0.19987481087446213 0.0019212711321190002 33.597352050244808 291.07549581676722
0.32472220766358073 0.47767336703836916 0.19987481087446213 0.0019212711321190002 23.37845890969038 109.36076864600182
0.054703081678599122 0.10215689502656461 0.10113815627992154 0.0030074180051684381 33.597352050244808 109.36076864600182
0.09566429844126105 0.15429534763097763 0.49200191162526608 0.018512695802748204 33.400889739394188 538.11100963503122
0.59409143645316365 0.15429534763097763 0.49200191162526608 0.018512695802748204 33.400889739394188 538.11100963503122
0.09566429844126105 0.28688856139779095 0.49200191162526608 0.018512695802748204 33.400889739394188 538.11100963503122
0.09566429844126105 0.15429534763097763 0.25504904389381411 0.018512695802748204 33.400889739394188 538.11100963503122
0.09566429844126105 0.15429534763097763 0.49200191162526608 0.0085769682170823234 33.400889739394188 538.11100963503122
0.09566429844126105 0.15429534763097763 0.49200191162526608 0.018512695802748204 28.481278272345662 538.11100963503122
0.09566429844126105 0.15429534763097763 0.49200191162526608 0.018512695802748204 33.400889739394188 339.3440917134285
0.59409143645316365 0.28688856139779095 0.25504904389381411 0.0085769682170823234 28.481278272345662 339.3440917134285
0.67649142430163911 0.36508853510022166 0.29088943116366861 0.0075109040537849068 14.097729252651334 636.46757649257779
0.35709391850978128 0.36508853510022166 0.29088943116366861 0.0075109040537849068 14.097729252651334 636.46757649257779
0.67649142430163911 0.32379922010004525 0.29088943116366861 0.0075109040537849068 14.097729252651334 636.46757649257779
0.67649142430163911 0.36508853510022166 0.4971977852284909 0.0075109040537849068 14.097729252651334 636.46757649257779
0.67649142430163911 0.36508853510022166 0.29088943116366861 0.01819954550638795 14.097729252651334 636.46757649257779
0.67649142430163911 0.36508853510022166 0.29088943116366861 0.0075109040537849068 15.723914552479982 636.46757649257779
0.67649142430163911 0.36508853510022166 0.29088943116366861 0.0075109040537849068 14.097729252651334 979.8538576811552
0.35709391850978128 0.32379922010004525 0.4971977852284909 0.01819954550638795 15.723914552479982 979.8538576811552
0.54434314616955815 0.12943317592144013 0.1392773922532797 0.0098585089894011636 9.3852224592119455 994.58945468068123
0.695454476494342 0.12943317592144013 0.1392773922532797 0.0098585089894011636 9.3852224592119455 994.58945468068123
0.54434314616955815 0.22137642726302148 0.1392773922532797 0.0098585089894011636 9.3852224592119455 994.58945468068123
0.54434314616955815 0.12943317592144013 0.23815675899386407 0.0098585089894011636 9.3852224592119455 994.58945468068123
0.54434314616955815 0.12943317592144013 0.1392773922532797 0.0018976734645664694 9.3852224592119455 994.58945468068123
0.54434314616955815 0.12943317592144013 0.1392773922532797 0.0098585089894011636 25.522887196391821 994.58945468068123
0.54434314616955815 0.12943317592144013 0.1392773922532797 0.0098585089894011636 9.3852224592119455 799.84352346509695
0.695454476494342 0.22137642726302148 0.23815675899386407 0.0018976734645664694 25.522887196391821 799.84352346509695
0.14632697058841584 0.34024620279669759 0.34049038700759415 0.016182293053716421 35.082999236881733 192.94613217934966
0.25454191090539097 0.34024620279669759 0.34049038700759415 0.016182293053716421 35.082999236881733 192.94613217934966
0.14632697058841584 0.38290256448090076 0.34049038700759415 0.016182293053716421 35.082999236881733 192.94613217934966
0.14632697058841584 0.34024620279669759 0.40842448770999906 0.016182293053716421 35.082999236881733 192.94613217934966
0.14632697058841584 0.34024620279669759 0.34049038700759415 0.01141647583562881 35.082999236881733 192.94613217934966
0.14632697058841584 0.34024620279669759 0.34049038700759415 0.016182293053716421 22.373997757211328 192.94613217934966
0.14632697058841584 0.34024620279669759 0.34049038700759415 0.016182293053716421 35.082999236881733 526.27710346132517
0.25454191090539097 0.38290256448090076 0.40842448770999906 0.01141647583562881 22.373997757211328 526.27710346132517
0.27406196664087473 0.21684758178889751 0.24513614177703857 0.0042339047694578769 30.133961170911789 383.77456134185195
0.39306342415511603 0.21684758178889751 0.24513614177703857 0.0042339047694578769 30.133961170911789 383.77456134185195
0.27406196664087473 0.40617945790290833 0.24513614177703857 0.0042339047694578769 30.133961170911789 383.77456134185195
0.27406196664087473 0.21684758178889751 0.36077273748815064 0.0042339047694578769 30.133961170911789 383.77456134185195
0.27406196664087473 0.21684758178889751 0.24513614177703857 0.016985945685207844 30.133961170911789 383.77456134185195
0.27406196664087473 0.21684758178889751 0.24513614177703857 0.0042339047694578769 9.6407215595245361 383.77456134185195
0.27406196664087473 0.21684758178889751 0.24513614177703857 0.0042339047694578769 30.133961170911789 324.96808338910341
0.39306342415511603 0.40617945790290833 0.36077273748815064 0.016985945685207844 9.6407215595245361 324.96808338910341
0.53622187506407493 0.40292916782200339 0.44400558024644854 0.010594472876191141 17.394122781231999 735.25611981749535
0.15575123541057109 0.40292916782200339 0.44400558024644854 0.010594472876191141 17.394122781231999 735.25611981749535
0.53622187506407493 0.19270554892718794 0.44400558024644854 0.010594472876191141 17.394122781231999 735.25611981749535
0.53622187506407493 0.40292916782200339 0.19362105168402197 0.010594472876191141 17.394122781231999 735.25611981749535
0.53622187506407493 0.40292916782200339 0.44400558024644854 0.0074659490907564765 17.394122781231999 735.25611981749535
0.53622187506407493 0.40292916782200339 0.44400558024644854 0.010594472876191141 34.388746900483966 735.25611981749535
0.53622187506407493 0.40292916782200339 0.44400558024644854 0.010594472876191141 17.394122781231999 555.88009785860777
0.15575123541057109 0.19270554892718794 0.19362105168402197 0.0074659490907564765 34.388746900483966 555.88009785860777
0.50291440468281501 0.2030806727707386 0.18394773229956629 0.0056271530596539382 31.655923092737794 165.99501939490438
0.22591951275244354 0.2030806727707386 0.18394773229956629 0.0056271530596539382 31.655923092737794 165.99501939490438
0.50291440468281501 0.4195697914808989 0.18394773229956629 0.0056271530596539382 31.655923092737794 165.99501939490438
0.50291440468281501 0.2030806727707386 0.1248329933732748 0.0056271530596539382 31.655923092737794 165.99501939490438
0.50291440468281501 0.2030806727707386 0.18394773229956629 0.015840336271747947 31.655923092737794 165.99501939490438
0.50291440468281501 0.2030806727707386 0.18394773229956629 0.0056271530596539382 35.368210731074214 165.99501939490438
0.50291440468281501 0.2030806727707386 0.18394773229956629 0.0056271530596539382 31.655923092737794 844.76279467344284
0.22591951275244354 0.4195697914808989 0.1248329933732748 0.015840336271747947 35.368210731074214 844.76279467344284
0.26615008036606014 0.41708431690931325 0.38351582959294317 0.019103337093815207 12.345324225723743 967.53159333020449
0.64908405626192689 0.41708431690931325 0.38351582959294317 0.019103337093815207 12.345324225723743 967.53159333020449
0.26615008036606014 0.18148654103279116 0.38351582959294317 0.019103337093815207 12.345324225723743 967.53159333020449
0.26615008036606014 0.41708431690931325 0.32956232763826848 0.019103337093815207 12.345324225723743 967.53159333020449
0.26615008036606014 0.41708431690931325 0.38351582959294317 0.0062913215352222327 12.345324225723743 967.53159333020449
0.26615008036606014 0.41708431690931325 0.38351582959294317 0.019103337093815207 8.7790746539831161 967.53159333020449
0.26615008036606014 0.41708431690931325 0.38351582959294317 0.019103337093815207 12.345324225723743 485.04983596503735
0.64908405626192689 0.18148654103279116 0.32956232763826848 0.0062913215352222327 8.7790746539831161 485.04983596503735
0.15394196910783647 0.1404702875763178 0.27574351169168954 0.0013541766321286562 22.875187426805496 760.99657732993364
0.2033112213015556 0.1404702875763178 0.27574351169168954 0.0013541766321286562 22.875187426805496 760.99657732993364
0.15394196910783647 0.20447048135101797 0.27574351169168954 0.0013541766321286562 22.875187426805496 760.99657732993364
0.15394196910783647 0.1404702875763178 0.47721081003546717 0.0013541766321286562 22.875187426805496 760.99657732993364
0.15394196910783647 0.1404702875763178 0.27574351169168954 0.00072298461385071275 22.875187426805496 760.99657732993364
0.15394196910783647 0.1404702875763178 0.27574351169168954 0.0013541766321286562 21.365622842684388 760.99657732993364
0.15394196910783647 0.1404702875763178 0.27574351169168954 0.0013541766321286562 22.875187426805496 251.98689438402653
0.2033112213015556 0.20447048135101797 0.47721081003546717 0.00072298461385071275 21.365622842684388 251.98689438402653
0.57731405594386154 0.32959599755704405 0.476093052700162 0.014793576623871924 25.127202274277806 409.40804900601506
0.42287414819002145 0.32959599755704405 0.476093052700162 0.014793576623871924 25.127202274277806 409.40804900601506
0.57731405594386154 0.39138718470931055 0.476093052700162 0.014793576623871924 25.127202274277806 409.40804900601506
0.57731405594386154 0.32959599755704405 0.26937195658683777 0.014793576623871924 25.127202274277806 409.40804900601506
0.57731405594386154 0.32959599755704405 0.476093052700162 0.010270776655338706 25.127202274277806 409.40804900601506
0.57731405594386154 0.32959599755704405 0.476093052700162 0.014793576623871924 26.414246272295713 409.40804900601506
0.57731405594386154 0.32959599755704405 0.476093052700162 0.014793576623871924 25.127202274277806 625.2954475581646
0.42287414819002145 0.39138718470931055 0.26937195658683777 0.010270776655338706 26.414246272295713 625.2954475581646
0.68891175822354844 0.16493716128170491 0.33083161748945711 0.012481239209696652 28.388937750831246 321.21037393808365
0.10107848038896919 0.16493716128170491 0.33083161748945711 0.012481239209696652 28.388937750831246 321.21037393808365
0.68891175822354844 0.28892792798578737 0.33083161748945711 0.012481239209696652 28.388937750831246 321.21037393808365
0.68891175822354844 0.16493716128170491 0.41598277390003202 0.012481239209696652 28.388937750831246 321.21037393808365
0.68891175822354844 0.16493716128170491 0.33083161748945711 0.010060965978167953 28.388937750831246 321.21037393808365
0.68891175822354844 0.16493716128170491 0.33083161748945711 0.012481239209696652 16.589924965053797 321.21037393808365
0.68891175822354844 0.16493716128170491 0.33083161748945711 0.012481239209696652 28.388937750831246 691.48784149438143
0.10107848038896919 0.28892792798578737 0.41598277390003202 0.010060965978167953 16.589924965053797 691.48784149438143
0.12335372110828756 0.35405829064548022 0.13038156218826771 0.0036450821233913306 15.641888968646526 869.62195625528693
0.52391796996816986 0.35405829064548022 0.13038156218826771 0.0036450821233913306 15.641888968646526 869.62195625528693
0.12335372110828756 0.30044790282845502 0.13038156218826771 0.0036450821233913306 15.641888968646526 869.62195625528693
0.12335372110828756 0.35405829064548022 0.23626253530383112 0.0036450821233913306 15.641888968646526 869.62195625528693
0.12335372110828756 0.35405829064548022 0.13038156218826771 0.01965453471429646 15.641888968646526 869.62195625528693
0.12335372110828756 0.35405829064548022 0.13038156218826771 0.0036450821233913306 27.498824225738645 869.62195625528693
0.12335372110828756 0.35405829064548022 0.13038156218826771 0.0036450821233913306 15.641888968646526 178.87268792837858
0.52391796996816986 0.30044790282845502 0.23626253530383112 0.01965453471429646 27.498824225738645 178.87268792837858
0.29673581975512203 0.2774496041238308 0.43512797281146054 0.016756028381362559 11.141232654452324 606.87985559925437
0.32728813420981162 0.2774496041238308 0.43512797281146054 0.016756028381362559 11.141232654452324 606.87985559925437
0.29673581975512203 0.48547255359590058 0.43512797281146054 0.016756028381362559 11.141232654452324 606.87985559925437
0.29673581975512203 0.2774496041238308 0.18234875239431858 0.016756028381362559 11.141232654452324 606.87985559925437
0.29673581975512203 0.2774496041238308 0.43512797281146054 0.014086268566362562 11.141232654452324 606.87985559925437
0.29673581975512203 0.2774496041238308 0.43512797281146054 0.016756028381362559 32.702574498951435 606.87985559925437
0.29673581975512203 0.2774496041238308 0.43512797281146054 0.016756028381362559 11.141232654452324 384.14020594209433
0.32728813420981162 0.48547255359590058 0.18234875239431858 0.014086268566362562 32.702574498951435 384.14020594209433
0.3913141937926411 0.49144866764545447 0.23545897379517555 0.0079578638335689907 36.83157049305737 508.41631889343262
0.54652647208422422 0.49144866764545447 0.23545897379517555 0.0079578638335689907 36.83157049305737 508.41631889343262
0.3913141937926411 0.12199257463216782 0.23545897379517555 0.0079578638335689907 36.83157049305737 508.41631889343262
0.3913141937926411 0.49144866764545447 0.36520909927785394 0.0079578638335689907 36.83157049305737 508.41631889343262
0.3913141937926411 0.49144866764545447 0.23545897379517555 0.0044914866503328087 36.83157049305737 508.41631889343262
0.3913141937926411 0.49144866764545447 0.23545897379517555 0.0079578638335689907 15.25313319824636 508.41631889343262
0.3913141937926411 0.49144866764545447 0.23545897379517555 0.0079578638335689907 36.83157049305737 938.53088561445475
0.54652647208422422 0.12199257463216782 0.36520909927785394 0.0044914866503328087 15.25313319824636 938.53088561445475
0.42531210654415186 0.10034868456423283 0.40318312607705598 0.0046101626226678488 15.380469171330333 336.92740378901362
0.077414705604314807 0.10034868456423283 0.40318312607705598 0.0046101626226678488 15.380469171330333 336.92740378901362
0.42531210654415186 0.27167307846248151 0.40318312607705598 0.0046101626226678488 15.380469171330333 336.92740378901362
0.42531210654415186 0.10034868456423283 0.42728073447942738 0.0046101626226678488 15.380469171330333 336.92740378901362
0.42531210654415186 0.10034868456423283 0.40318312607705598 0.012081429678760471 15.380469171330333 336.92740378901362
0.42531210654415186 0.10034868456423283 0.40318312607705598 0.0046101626226678488 12.158540219068527 336.92740378901362
0.42531210654415186 0.10034868456423283 0.40318312607705598 0.0046101626226678488 15.380469171330333 820.3169908374548
0.077414705604314807 0.27167307846248151 0.42728073447942738 0.012081429678760471 12.158540219068527 820.3169908374548
0.34597338018938895 0.31747141145169733 0.20431673936545849 0.01097201446145773 32.632849637418985 688.463981077075
0.46759135052561751 0.31747141145169733 0.20431673936545849 0.01097201446145773 32.632849637418985 688.463981077075
0.34597338018938895 0.33358447551727299 0.20431673936545849 0.01097201446145773 32.632849637418985 688.463981077075
0.34597338018938895 0.31747141145169733 0.21949735060334208 0.01097201446145773 32.632849637418985 688.463981077075
0.34597338018938895 0.31747141145169733 0.20431673936545849 0.0024744124773889782 32.632849637418985 688.463981077075
0.34597338018938895 0.31747141145169733 0.20431673936545849 0.01097201446145773 31.944399310275912 688.463981077075
0.34597338018938895 0.31747141145169733 0.20431673936545849 0.01097201446145773 32.632849637418985 503.23085784912109
0.46759135052561751 0.33358447551727299 0.21949735060334208 0.0024744124773889782 31.944399310275912 503.23085784912109
0.073800685955211526 0.23773943856358529 0.31216840147972108 0.0089985502796247618 24.146500017493963 935.47377251088619
0.34425959000363943 0.23773943856358529 0.31216840147972108 0.0089985502796247618 24.146500017493963 935.47377251088619
0.073800685955211526 0.45549802370369441 0.31216840147972108 0.0089985502796247618 24.146500017493963 935.47377251088619
0.073800685955211526 0.23773943856358529 0.17497081346809865 0.0089985502796247618 24.146500017493963 935.47377251088619
0.073800685955211526 0.23773943856358529 0.31216840147972108 0.0068064673362299806 24.146500017493963 935.47377251088619
0.073800685955211526 0.23773943856358529 0.31216840147972108 0.0089985502796247618 29.677446123212576 935.47377251088619
0.073800685955211526 0.23773943856358529 0.31216840147972108 0.0089985502796247618 24.146500017493963 283.02193358540535
0.34425959000363943 0.45549802370369441 0.17497081346809865 0.0068064673362299806 29.677446123212576 283.02193358540535
0.65459837075322858 0.42998424023389814 0.11095845848321916 0.015321051201969386 19.836493974551558 133.88524083420634
0.61208446333184841 0.42998424023389814 0.11095845848321916 0.015321051201969386 19.836493974551558 133.88524083420634
0.65459837075322858 0.14240937456488612 0.11095845848321916 0.015321051201969386 19.836493974551558 133.88524083420634
0.65459837075322858 0.42998424023389814 0.37961981408298018 0.015321051201969386 19.836493974551558 133.88524083420634
0.65459837075322858 0.42998424023389814 0.11095845848321916 0.01641227135770023 19.836493974551558 133.88524083420634
0.65459837075322858 0.42998424023389814 0.11095845848321916 0.015321051201969386 18.292452136054635 133.88524083420634
0.65459837075322858 0.42998424023389814 0.11095845848321916 0.015321051201969386 19.836493974551558 586.45754046738148
0.61208446333184841 0.14240937456488612 0.37961981408298018 0.01641227135770023 18.292452136054635 586.45754046738148
0.60369729343801737 0.26298107728362086 0.25631735622882845 0.01767237515449524 18.647395057603717 491.29304122179747
0.28257095124572512 0.26298107728362086 0.25631735622882845 0.01767237515449524 18.647395057603717 491.29304122179747
0.60369729343801737 0.44014458395540712 0.25631735622882845 0.01767237515449524 18.647395057603717 491.29304122179747
0.60369729343801737 0.26298107728362086 0.13229718022048476 0.01767237515449524 18.647395057603717 491.29304122179747
0.60369729343801737 0.26298107728362086 0.25631735622882845 0.0036682218473404649 18.647395057603717 491.29304122179747
0.60369729343801737 0.26298107728362086 0.25631735622882845 0.01767237515449524 23.436833025887609 491.29304122179747
0.60369729343801737 0.26298107728362086 0.25631735622882845 0.01767237515449524 18.647395057603717 743.50773971527815
0.28257095124572512 0.44014458395540712 0.13229718022048476 0.0036682218473404649 23.436833025887609 743.50773971527815
0.20571117880754169 0.4552335053682327 0.45743288844823837 0.0066693002635613086 29.336451638489962 589.70461348071694
0.67242300715297454 0.4552335053682327 0.45743288844823837 0.0066693002635613086 29.336451638489962 589.70461348071694
0.20571117880754169 0.15167141333222389 0.45743288844823837 0.0066693002635613086 29.336451638489962 589.70461348071694
0.20571117880754169 0.4552335053682327 0.31506536491215231 0.0066693002635613086 29.336451638489962 589.70461348071694
0.20571117880754169 0.4552335053682327 0.45743288844823837 0.013203777423314751 29.336451638489962 589.70461348071694
0.20571117880754169 0.4552335053682327 0.45743288844823837 0.0066693002635613086 20.724643368273973 589.70461348071694
0.20571117880754169 0.4552335053682327 0.45743288844823837 0.0066693002635613086 29.336451638489962 132.8944118693471
0.67242300715297454 0.15167141333222389 0.31506536491215231 0.013203777423314751 20.724643368273973 132.8944118693471
0.21406033998355267 0.17549314387142659 0.15280244611203672 0.013280966257303954 35.880507986992598 780.44895539060235
0.13807805394753814 0.17549314387142659 0.15280244611203672 0.013280966257303954 35.880507986992598 780.44895539060235
0.21406033998355267 0.23737432919442655 0.15280244611203672 0.013280966257303954 35.880507986992598 780.44895539060235
0.21406033998355267 0.17549314387142659 0.46585108712315559 0.013280966257303954 35.880507986992598 780.44895539060235
0.21406033998355267 0.17549314387142659 0.15280244611203672 0.017535761508718134 35.880507986992598 780.44895539060235
0.21406033998355267 0.17549314387142659 0.15280244611203672 0.013280966257303954 10.840488767251372 780.44895539060235
0.21406033998355267 0.17549314387142659 0.15280244611203672 0.013280966257303954 35.880507986992598 380.89875970035791
0.13807805394753814 0.23737432919442655 0.46585108712315559 0.017535761508718134 10.840488767251372 380.89875970035791
0.47621063650585704 0.39262349717319012 0.35157403461635117 0.0023184507789090277 8.1319509651511908 231.9854287430644
0.40557787334546441 0.39262349717319012 0.35157403461635117 0.0023184507789090277 8.1319509651511908 231.9854287430644
0.47621063650585704 0.37390120476484301 0.35157403461635117 0.0023184507789090277 8.1319509651511908 231.9854287430644
0.47621063650585704 0.39262349717319012 0.28619890362024308 0.0023184507789090277 8.1319509651511908 231.9854287430644
0.47621063650585704 0.39262349717319012 0.35157403461635117 0.0079989832377061251 8.1319509651511908 231.9854287430644
0.47621063650585704 0.39262349717319012 0.35157403461635117 0.0023184507789090277 36.953571133315563 231.9854287430644
0.47621063650585704 0.39262349717319012 0.35157403461635117 0.0023184507789090277 8.1319509651511908 949.79149308055639
0.40557787334546441 0.37390120476484301 0.28619890362024308 0.0079989832377061251 36.953571133315563 949.79149308055639
0.47127256751991803 0.11415081843733788 0.17429691217839718 0.010769002699665726 21.829105710610747 501.08591122552752
0.5151090647559613 0.11415081843733788 0.17429691217839718 0.010769002699665726 21.829105710610747 501.08591122552752
0.47127256751991803 0.38815783560276029 0.17429691217839718 0.010769002699665726 21.829105710610747 501.08591122552752
0.47127256751991803 0.11415081843733788 0.15435901843011379 0.010769002699665726 21.829105710610747 501.08591122552752
0.47127256751991803 0.11415081843733788 0.17429691217839718 0.018452804601751267 21.829105710610747 501.08591122552752
0.47127256751991803 0.11415081843733788 0.17429691217839718 0.010769002699665726 9.136812437325716 501.08591122552752
0.47127256751991803 0.11415081843733788 0.17429691217839718 0.010769002699665726 21.829105710610747 395.67716978490353
0.5151090647559613 0.38815783560276029 0.15435901843011379 0.018452804601751267 9.136812437325716 395.67716978490353
0.21927852099761364 0.30328284800052641 0.37386499755084512 0.0047551642116159202 26.140033539384604 627.56401635706425
0.11495555001311003 0.30328284800052641 0.37386499755084512 0.0047551642116159202 26.140033539384604 627.56401635706425
0.21927852099761364 0.20124107412993908 0.37386499755084512 0.0047551642116159202 26.140033539384604 627.56401635706425
0.21927852099761364 0.30328284800052641 0.39964562989771368 0.0047551642116159202 26.140033539384604 627.56401635706425
0.21927852099761364 0.30328284800052641 0.37386499755084512 0.0087877890292555102 26.140033539384604 627.56401635706425
0.21927852099761364 0.30328284800052641 0.37386499755084512 0.0047551642116159202 35.024667533114552 627.56401635706425
0.21927852099761364 0.30328284800052641 0.37386499755084512 0.0047551642116159202 26.140033539384604 923.68686199188232
0.11495555001311003 0.20124107412993908 0.39964562989771368 0.0087877890292555102 35.024667533114552 923.68686199188232
0.21096911015920339 0.22666250355541706 0.26609421670436861 0.015079369187913836 30.639311645179987 876.40371806919575
0.57311624982394271 0.22666250355541706 0.26609421670436861 0.015079369187913836 30.639311645179987 876.40371806919575
0.21096911015920339 0.18467957302927973 0.26609421670436861 0.015079369187913836 30.639311645179987 876.40371806919575
0.21096911015920339 0.22666250355541706 0.44416936263442042 0.015079369187913836 30.639311645179987 876.40371806919575
0.21096911015920339 0.22666250355541706 0.26609421670436861 0.0032194567916914822 30.639311645179987 876.40371806919575
0.21096911015920339 0.22666250355541706 0.26609421670436861 0.015079369187913836 25.133188210427761 876.40371806919575
0.21096911015920339 0.22666250355541706 0.26609421670436861 0.015079369187913836 30.639311645179987 708.06816294789314
0.57311624982394271 0.18467957302927973 0.44416936263442042 0.0032194567916914822 25.133188210427761 708.06816294789314
0.59879897478967903 0.4406724583357573 0.46644374579191206 0.009027539341524244 13.387854753062129 299.75692881271243
0.29563018479384479 0.4406724583357573 0.46644374579191206 0.009027539341524244 13.387854753062129 299.75692881271243
0.59879897478967903 0.42276285775005817 0.46644374579191206 0.009027539341524244 13.387854753062129 299.75692881271243
0.59879897478967903 0.4406724583357573 0.20202282667160035 0.009027539341524244 13.387854753062129 299.75692881271243
0.59879897478967903 0.4406724583357573 0.46644374579191206 0.012883278067037466 13.387854753062129 299.75692881271243
0.59879897478967903 0.4406724583357573 0.46644374579191206 0.009027539341524244 22.660875266417861 299.75692881271243
0.59879897478967903 0.4406724583357573 0.46644374579191206 0.009027539341524244 13.387854753062129 165.58397002518177
0.29563018479384479 0.42276285775005817 0.20202282667160035 0.012883278067037466 22.660875266417861 165.58397002518177
0.64961822684854265 0.25230430103838442 0.31493078470230107 0.0064082445096224549 10.125545283779502 431.34418781846762
0.63519947170279911 0.25230430103838442 0.31493078470230107 0.0064082445096224549 10.125545283779502 431.34418781846762
0.64961822684854265 0.11877681091427804 0.31493078470230107 0.0064082445096224549 10.125545283779502 431.34418781846762
0.64961822684854265 0.25230430103838442 0.46106003224849701 0.0064082445096224549 10.125545283779502 431.34418781846762
0.64961822684854265 0.25230430103838442 0.31493078470230107 0.0075258505444973714 10.125545283779502 431.34418781846762
0.64961822684854265 0.25230430103838442 0.31493078470230107 0.0064082445096224549 27.858405692502856 431.34418781846762
0.64961822684854265 0.25230430103838442 0.31493078470230107 0.0064082445096224549 10.125545283779502 268.58014743775129
0.63519947170279911 0.11877681091427804 0.46106003224849701 0.0075258505444973714 27.858405692502856 268.58014743775129
0.078976792050525546 0.4662974741309881 0.11448074132204056 0.017682066081278026 37.873180519789457 754.69728792086244
0.23473593532107767 0.4662974741309881 0.11448074132204056 0.017682066081278026 37.873180519789457 754.69728792086244
0.078976792050525546 0.4822568241506815 0.11448074132204056 0.017682066081278026 37.873180519789457 754.69728792086244
0.078976792050525546 0.4662974741309881 0.290794699639082 0.017682066081278026 37.873180519789457 754.69728792086244
0.078976792050525546 0.4662974741309881 0.11448074132204056 0.017080751499347388 37.873180519789457 754.69728792086244
0.078976792050525546 0.4662974741309881 0.11448074132204056 0.017682066081278026 16.24453741312027 754.69728792086244
0.078976792050525546 0.4662974741309881 0.11448074132204056 0.017682066081278026 37.873180519789457 611.99208814650774
0.23473593532107767 0.4822568241506815 0.290794699639082 0.017080751499347388 16.24453741312027 611.99208814650774
0.35126842735335223 0.18969467356801034 0.41922866664826874 0.0020960652772337202 27.34378357604146 947.24407428875566
0.45452473764307788 0.18969467356801034 0.41922866664826874 0.0020960652772337202 27.34378357604146 947.24407428875566
0.35126842735335223 0.3037003889679909 0.41922866664826874 0.0020960652772337202 27.34378357604146 947.24407428875566
0.35126842735335223 0.18969467356801034 0.14000569023191931 0.0020960652772337202 27.34378357604146 947.24407428875566
0.35126842735335223 0.18969467356801034 0.41922866664826874 0.011512499550357462 27.34378357604146 947.24407428875566
0.35126842735335223 0.18969467356801034 0.41922866664826874 0.0020960652772337202 13.970260510221124 947.24407428875566
0.35126842735335223 0.18969467356801034 0.41922866664826874 0.0020960652772337202 27.34378357604146 856.285117007792
0.45452473764307788 0.3037003889679909 0.14000569023191931 0.011512499550357462 13.970260510221124 856.285117007792
0.42045090370811516 0.37880992144346237 0.21955967955291272 0.013406669711135329 16.653803421184421 173.72229006141424
0.17672880594618617 0.37880992144346237 0.21955967955291272 0.013406669711135329 16.653803421184421 173.72229006141424
0.42045090370811516 0.29218035601079462 0.21955967955291272 0.013406669711135329 16.653803421184421 173.72229006141424
0.42045090370811516 0.37880992144346237 0.30716148875653748 0.013406669711135329 16.653803421184421 173.72229006141424
0.42045090370811516 0.37880992144346237 0.21955967955291272 0.0019563947832211851 16.653803421184421 173.72229006141424
0.42045090370811516 0.37880992144346237 0.21955967955291272 0.013406669711135329 33.999641325324774 173.72229006141424
0.42045090370811516 0.37880992144346237 0.21955967955291272 0.013406669711135329 16.653803421184421 470.21874394267797
0.17672880594618617 0.29218035601079462 0.30716148875653748 0.0019563947832211851 33.999641325324774 470.21874394267797
0.3860586645081639 0.2137688744813204 0.43787051960825918 0.019345053664781155 23.134530635550618 225.56289182975888
0.68138750069774678 0.2137688744813204 0.43787051960825918 0.019345053664781155 23.134530635550618 225.56289182975888
0.3860586645081639 0.13937678039073945 0.43787051960825918 0.019345053664781155 23.134530635550618 225.56289182975888
0.3860586645081639 0.2137688744813204 0.49430622309446337 0.019345053664781155 23.134530635550618 225.56289182975888
0.3860586645081639 0.2137688744813204 0.43787051960825918 0.014457623782381418 23.134530635550618 225.56289182975888
0.3860586645081639 0.2137688744813204 0.43787051960825918 0.019345053664781155 30.88353999145329 225.56289182975888
0.3860586645081639 0.2137688744813204 0.43787051960825918 0.019345053664781155 23.134530635550618 364.31156843900681
0.68138750069774678 0.13937678039073945 0.49430622309446337 0.014457623782381418 30.88353999145329 364.31156843900681
0.30163654047064481 0.40600739829242227 0.23900414481759072 0.0055981341615319253 20.881592214107513 802.04099360853434
0.26851844959892329 0.40600739829242227 0.23900414481759072 0.0055981341615319253 20.881592214107513 802.04099360853434
0.30163654047064481 0.45246534757316115 0.23900414481759072 0.0055981341615319253 20.881592214107513 802.04099360853434
0.30163654047064481 0.40600739829242227 0.25208128467202184 0.0055981341615319253 20.881592214107513 802.04099360853434
0.30163654047064481 0.40600739829242227 0.23900414481759072 0.0048892825497314331 20.881592214107513 802.04099360853434
0.30163654047064481 0.40600739829242227 0.23900414481759072 0.0055981341615319253 13.205212775617838 802.04099360853434
0.30163654047064481 0.40600739829242227 0.23900414481759072 0.0055981341615319253 20.881592214107513 963.07334117591381
0.26851844959892329 0.45246534757316115 0.25208128467202184 0.0048892825497314331 13.205212775617838 963.07334117591381
0.12829434713348747 0.12628169879317286 0.34685426987707613 0.014996619402058424 14.338914968073368 597.33588788658381
0.37884737732820206 0.12628169879317286 0.34685426987707613 0.014996619402058424 14.338914968073368 597.33588788658381
0.12829434713348747 0.33658058568835258 0.34685426987707613 0.014996619402058424 14.338914968073368 597.33588788658381
0.12829434713348747 0.12628169879317286 0.1044294971972704 0.014996619402058424 14.338914968073368 597.33588788658381
0.12829434713348747 0.12628169879317286 0.34685426987707613 0.0092213138420134799 14.338914968073368 597.33588788658381
0.12829434713348747 0.12628169879317286 0.34685426987707613 0.014996619402058424 18.401638438925147 597.33588788658381
0.12829434713348747 0.12628169879317286 0.34685426987707613 0.014996619402058424 14.338914968073368 731.96390606462955
0.37884737732820206 0.33658058568835258 0.1044294971972704 0.0092213138420134799 18.401638438925147 731.96390606462955
0.68369613424874842 0.34339815676212315 0.14564433880150318 0.0012091393060982229 33.648592049255967 470.68910198286176
0.16989655080251392 0.34339815676212315 0.14564433880150318 0.0012091393060982229 33.648592049255967 470.68910198286176
0.68369613424874842 0.27466919906437398 0.14564433880150318 0.0012091393060982229 33.648592049255967 470.68910198286176
0.68369613424874842 0.34339815676212315 0.34977045767009263 0.0012091393060982229 33.648592049255967 470.68910198286176
0.68369613424874842 0.34339815676212315 0.14564433880150318 0.018788451262377204 33.648592049255967 470.68910198286176
0.68369613424874842 0.34339815676212315 0.14564433880150318 0.0012091393060982229 29.554072834551334 470.68910198286176
0.68369613424874842 0.34339815676212315 0.14564433880150318 0.0012091393060982229 33.648592049255967 147.73156568408012
0.16989655080251392 0.27466919906437398 0.34977045767009263 0.018788451262377204 29.554072834551334 147.73156568408012
0.57201660671271382 0.15112355425953866 0.29725476242601873 0.0038674230366945272 34.838036077097058 154.91307303309441
0.48163649220950894 0.15112355425953866 0.29725476242601873 0.0038674230366945272 34.838036077097058 154.91307303309441
0.57201660671271382 0.37087933495640757 0.29725476242601873 0.0038674230366945272 34.838036077097058 154.91307303309441
0.57201660671271382 0.15112355425953866 0.18987495116889477 0.0038674230366945272 34.838036077097058 154.91307303309441
0.57201660671271382 0.15112355425953866 0.29725476242601873 0.0012146559646353126 34.838036077097058 154.91307303309441
0.57201660671271382 0.15112355425953866 0.29725476242601873 0.0038674230366945272 19.661940589547157 154.91307303309441
0.57201660671271382 0.15112355425953866 0.29725476242601873 0.0038674230366945272 34.838036077097058 271.49274814873934
0.48163649220950894 0.37087933495640757 0.18987495116889477 0.0012146559646353126 19.661940589547157 271.49274814873934
0.1588007698766887 0.36825985163450248 0.49837028272449968 0.012355575623549522 9.1486218124628067 928.26618319377303
0.068457574443891639 0.36825985163450248 0.49837028272449968 0.012355575623549522 9.1486218124628067 928.26618319377303
0.1588007698766887 0.23435246981680394 0.49837028272449968 0.012355575623549522 9.1486218124628067 928.26618319377303
0.1588007698766887 0.36825985163450248 0.35709692128002646 0.012355575623549522 9.1486218124628067 928.26618319377303
0.1588007698766887 0.36825985163450248 0.49837028272449968 0.010866241954639555 9.1486218124628067 928.26618319377303
0.1588007698766887 0.36825985163450248 0.49837028272449968 0.012355575623549522 24.485348371788859 928.26618319377303
0.1588007698766887 0.36825985163450248 0.49837028272449968 0.012355575623549522 9.1486218124628067 601.28176938742399
0.068457574443891639 0.23435246981680394 0.35709692128002646 0.010866241954639555 24.485348371788859 601.28176938742399
0.27112766723148524 0.2885135505348444 0.1937383256852627 0.0082188785396516331 17.634504280984402 667.32652699574828
0.58025845154188571 0.2885135505348444 0.1937383256852627 0.0082188785396516331 17.634504280984402 667.32652699574828
0.27112766723148524 0.15473022013902665 0.1937383256852627 0.0082188785396516331 17.634504280984402 667.32652699574828
0.27112766723148524 0.2885135505348444 0.41100786998867989 0.0082188785396516331 17.634504280984402 667.32652699574828
0.27112766723148524 0.2885135505348444 0.1937383256852627 0.015198192958347501 17.634504280984402 667.32652699574828
0.27112766723148524 0.2885135505348444 0.1937383256852627 0.0082188785396516331 37.064572732895613 667.32652699574828
0.27112766723148524 0.2885135505348444 0.1937383256852627 0.0082188785396516331 17.634504280984402 803.71687468141317
0.58025845154188571 0.15473022013902665 0.41100786998867989 0.015198192958347501 37.064572732895613 803.71687468141317
0.49773574154824013 0.48077191375195982 0.39250990226864813 0.016746383223123849 30.382474849000573 343.80473271012306
0.37099760337732729 0.48077191375195982 0.39250990226864813 0.016746383223123849 30.382474849000573 343.80473271012306
0.49773574154824013 0.44320330880582337 0.39250990226864813 0.016746383223123849 30.382474849000573 343.80473271012306
0.49773574154824013 0.48077191375195982 0.24065154343843462 0.016746383223123849 30.382474849000573 343.80473271012306
0.49773574154824013 0.48077191375195982 0.39250990226864813 0.0055454126711934806 30.382474849000573 343.80473271012306
0.49773574154824013 0.48077191375195982 0.39250990226864813 0.016746383223123849 10.715299958363175 343.80473271012306
0.49773574154824013 0.48077191375195982 0.39250990226864813 0.016746383223123849 30.382474849000573 516.52735415846109
0.37099760337732729 0.44320330880582337 0.24065154343843462 0.0055454126711934806 10.715299958363175 516.52735415846109
0.53060688804835077 0.280609068274498 0.22913175225257876 0.0018729087729007009 12.575637774541974 898.66815926507115
0.097003736020997156 0.280609068274498 0.22913175225257876 0.0018729087729007009 12.575637774541974 898.66815926507115
0.53060688804835077 0.16946330331265927 0.22913175225257876 0.0018729087729007009 12.575637774541974 898.66815926507115
0.53060688804835077 0.280609068274498 0.27193693891167642 0.0018729087729007009 12.575637774541974 898.66815926507115
0.53060688804835077 0.280609068274498 0.22913175225257876 0.016508247607387602 12.575637774541974 898.66815926507115
0.53060688804835077 0.280609068274498 0.22913175225257876 0.0018729087729007009 11.698025802150369 898.66815926507115
0.53060688804835077 0.280609068274498 0.22913175225257876 0.0018729087729007009 12.575637774541974 226.5803400427103
0.097003736020997156 0.16946330331265927 0.27193693891167642 0.016508247607387602 11.698025802150369 226.5803400427103
0.27860322962515055 0.48828948959708218 0.42879768759012227 0.013184797528944912 31.877876475453377 125.20121950656176
0.52790216100402176 0.48828948959708218 0.42879768759012227 0.013184797528944912 31.877876475453377 125.20121950656176
0.27860322962515055 0.43254584819078445 0.42879768759012227 0.013184797528944912 31.877876475453377 125.20121950656176
0.27860322962515055 0.48828948959708218 0.47972400635480883 0.013184797528944912 31.877876475453377 125.20121950656176
0.27860322962515055 0.48828948959708218 0.42879768759012227 0.0068651210531592375 31.877876475453377 125.20121950656176
0.27860322962515055 0.48828948959708218 0.42879768759012227 0.013184797528944912 36.198862727731466 125.20121950656176
0.27860322962515055 0.48828948959708218 0.42879768759012227 0.013184797528944912 31.877876475453377 642.51589998602867
0.52790216100402176 0.43254584819078445 0.47972400635480883 0.0068651210531592375 36.198862727731466 642.51589998602867
0.15098732961341738 0.16802309267222881 0.13655310831964018 0.0074238726224750279 24.901469491422176 373.95678032189608
0.32338243774138387 0.16802309267222881 0.13655310831964018 0.0074238726224750279 24.901469491422176 373.95678032189608
0.15098732961341738 0.35341184176504614 0.13655310831964018 0.0074238726224750279 24.901469491422176 373.95678032189608
0.15098732961341738 0.16802309267222881 0.32581021301448343 0.0074238726224750279 24.901469491422176 373.95678032189608
0.15098732961341738 0.16802309267222881 0.13655310831964018 0.0025343030514195564 24.901469491422176 373.95678032189608
0.15098732961341738 0.16802309267222881 0.13655310831964018 0.0074238726224750279 23.472911251708865 373.95678032189608
0.15098732961341738 0.16802309267222881 0.13655310831964018 0.0074238726224750279 24.901469491422176 876.70492678880692
0.32338243774138387 0.35341184176504614 0.32581021301448343 0.0025343030514195564 23.472911251708865 876.70492678880692
0.53884725519455967 0.35097207315266132 0.33700009994208813 0.018696409281902016 22.64132190681994 697.36495288088918
0.5503615533467382 0.35097207315266132 0.33700009994208813 0.018696409281902016 22.64132190681994 697.36495288088918
0.53884725519455967 0.24149434044957163 0.33700009994208813 0.018696409281902016 22.64132190681994 697.36495288088918
0.53884725519455967 0.35097207315266132 0.12116317935287953 0.018696409281902016 22.64132190681994 697.36495288088918
0.53884725519455967 0.35097207315266132 0.33700009994208813 0.012176206836849453 22.64132190681994 697.36495288088918
0.53884725519455967 0.35097207315266132 0.33700009994208813 0.018696409281902016 20.556560784578323 697.36495288088918
0.53884725519455967 0.35097207315266132 0.33700009994208813 0.018696409281902016 22.64132190681994 447.11886756122112
0.5503615533467382 0.24149434044957163 0.12116317935287953 0.012176206836849453 20.556560784578323 447.11886756122112
0.67091866717673831 0.14356108568608761 0.48226620219647887 0.016075963487289846 15.871170314028859 827.79861390590668
0.22225772053934634 0.14356108568608761 0.48226620219647887 0.016075963487289846 15.871170314028859 827.79861390590668
0.67091866717673831 0.33766777999699116 0.48226620219647887 0.016075963487289846 15.871170314028859 827.79861390590668
0.67091866717673831 0.14356108568608761 0.36848204024136066 0.016075963487289846 15.871170314028859 827.79861390590668
0.67091866717673831 0.14356108568608761 0.48226620219647887 0.0082109756655991094 15.871170314028859 827.79861390590668
0.67091866717673831 0.14356108568608761 0.48226620219647887 0.016075963487289846 30.415905706584454 827.79861390590668
0.67091866717673831 0.14356108568608761 0.48226620219647887 0.016075963487289846 15.871170314028859 437.17560525983572
0.22225772053934634 0.33766777999699116 0.36848204024136066 0.0082109756655991094 30.415905706584454 437.17560525983572
0.10024779131636023 0.32650548554956915 0.28191362135112286 0.010022848728671671 28.6119304895401 251.20668252930045
0.65283636064268646 0.32650548554956915 0.28191362135112286 0.010022848728671671 28.6119304895401 251.20668252930045
0.10024779131636023 0.25114700719714167 0.28191362135112286 0.010022848728671671 28.6119304895401 251.20668252930045
0.10024779131636023 0.32650548554956915 0.18571639470756054 0.010022848728671671 28.6119304895401 251.20668252930045
0.10024779131636023 0.32650548554956915 0.28191362135112286 0.017787776407785713 28.6119304895401 251.20668252930045
0.10024779131636023 0.32650548554956915 0.28191362135112286 0.010022848728671671 17.422331964597106 251.20668252930045
0.10024779131636023 0.32650548554956915 0.28191362135112286 0.010022848728671671 28.6119304895401 893.56829170137644
0.65283636064268646 0.25114700719714167 0.18571639470756054 0.017787776407785713 17.422331964597106 893.56829170137644
0.32934529590420419 0.20624443143606186 0.37718698084354407 0.010526812381856146 36.605032600462437 443.72769286856055
0.19979842747561632 0.20624443143606186 0.37718698084354407 0.010526812381856146 36.605032600462437 443.72769286856055
0.32934529590420419 0.13477392606437208 0.37718698084354407 0.010526812381856146 36.605032600462437 443.72769286856055
0.32934529590420419 0.20624443143606186 0.23336495906114579 0.010526812381856146 36.605032600462437 443.72769286856055
0.32934529590420419 0.20624443143606186 0.37718698084354407 0.013457029105722907 36.605032600462437 443.72769286856055
0.32934529590420419 0.20624443143606186 0.37718698084354407 0.010526812381856146 12.31358190253377 443.72769286856055
0.32934529590420419 0.20624443143606186 0.37718698084354407 0.010526812381856146 36.605032600462437 687.17466164380312
0.19979842747561632 0.13477392606437208 0.23336495906114579 0.013457029105722907 12.31358190253377 687.17466164380312
0.39853800404816858 0.41392027214169502 0.17761584371328354 0.0045142582159489394 10.908179396763444 570.26085704565048
0.42645760322920973 0.41392027214169502 0.17761584371328354 0.0045142582159489394 10.908179396763444 570.26085704565048
0.39853800404816858 0.47325319945812228 0.17761584371328354 0.0045142582159489394 10.908179396763444 570.26085704565048
0.39853800404816858 0.41392027214169502 0.4130210168659687 0.0045142582159489394 10.908179396763444 570.26085704565048
0.39853800404816858 0.41392027214169502 0.17761584371328354 0.0038790152573958043 10.908179396763444 570.26085704565048
0.39853800404816858 0.41392027214169502 0.17761584371328354 0.0045142582159489394 31.891614498570561 570.26085704565048
0.39853800404816858 0.41392027214169502 0.17761584371328354 0.0045142582159489394 10.908179396763444 189.06140755861998
0.42645760322920973 0.47325319945812228 0.4130210168659687 0.0038790152573958043 31.891614498570561 189.06140755861998
0.44856680952943856 0.17865832559764386 0.35793782807886598 0.008441733215004207 32.395321449264884 727.7059587650001
0.28619439876638347 0.17865832559764386 0.35793782807886598 0.008441733215004207 32.395321449264884 727.7059587650001
0.44856680952943856 0.32058344744145872 0.35793782807886598 0.008441733215004207 32.395321449264884 727.7059587650001
0.44856680952943856 0.17865832559764386 0.37594704963266856 0.008441733215004207 32.395321449264884 727.7059587650001
0.44856680952943856 0.17865832559764386 0.35793782807886598 0.010212122311443092 32.395321449264884 727.7059587650001
0.44856680952943856 0.17865832559764386 0.35793782807886598 0.008441733215004207 33.016229283064604 727.7059587650001
0.44856680952943856 0.17865832559764386 0.35793782807886598 0.008441733215004207 32.395321449264884 308.15431252121925
0.28619439876638347 0.32058344744145872 0.37594704963266856 0.010212122311443092 33.016229283064604 308.15431252121925
0.36413508085533969 0.38945783860981464 0.15916930325329304 0.016967952986247838 15.136426400393248 404.23902235925198
0.66887024021707475 0.38945783860981464 0.15916930325329304 0.016967952986247838 15.136426400393248 404.23902235925198
0.36413508085533969 0.28367284685373306 0.15916930325329304 0.016967952986247838 15.136426400393248 404.23902235925198
0.36413508085533969 0.38945783860981464 0.17122166119515897 0.016967952986247838 15.136426400393248 404.23902235925198
0.36413508085533969 0.38945783860981464 0.15916930325329304 0.00062700899112969641 15.136426400393248 404.23902235925198
0.36413508085533969 0.38945783860981464 0.15916930325329304 0.016967952986247838 14.837114477530122 404.23902235925198
0.36413508085533969 0.38945783860981464 0.15916930325329304 0.016967952986247838 15.136426400393248 568.96280534565449
0.66887024021707475 0.28367284685373306 0.17122166119515897 0.00062700899112969641 14.837114477530122 568.96280534565449
0.066408266080543399 0.26607349812984471 0.45129791721701629 0.0028514930948615076 20.084081787616014 199.50814060866833
0.14186971154995262 0.26607349812984471 0.45129791721701629 0.0028514930948615076 20.084081787616014 199.50814060866833
0.066408266080543399 0.10540936626493931 0.45129791721701629 0.0028514930948615076 20.084081787616014 199.50814060866833
0.066408266080543399 0.26607349812984471 0.2220073938369751 0.0028514930948615076 20.084081787616014 199.50814060866833
0.066408266080543399 0.26607349812984471 0.45129791721701629 0.0061965449303388598 20.084081787616014 199.50814060866833
0.066408266080543399 0.26607349812984471 0.45129791721701629 0.0028514930948615076 17.257661625742912 199.50814060866833
0.066408266080543399 0.26607349812984471 0.45129791721701629 0.0028514930948615076 20.084081787616014 788.54002915322781
0.14186971154995262 0.10540936626493931 0.2220073938369751 0.0061965449303388598 17.257661625742912 788.54002915322781
0.62184012141078704 0.45214156135916717 0.25018544867634773 0.011340930003859105 24.387800229713321 972.91630981490016
0.40187670853920276 0.45214156135916717 0.25018544867634773 0.011340930003859105 24.387800229713321 972.91630981490016
0.62184012141078704 0.49349871948361401 0.25018544867634773 0.011340930003859105 24.387800229713321 972.91630981490016
0.62184012141078704 0.45214156135916717 0.42984885796904571 0.011340930003859105 24.387800229713321 972.91630981490016
0.62184012141078704 0.45214156135916717 0.25018544867634773 0.015780445144511761 24.387800229713321 972.91630981490016
0.62184012141078704 0.45214156135916717 0.25018544867634773 0.011340930003859105 26.962640641257167 972.91630981490016
0.62184012141078704 0.45214156135916717 0.25018544867634773 0.011340930003859105 24.387800229713321 541.327103972435
0.40187670853920276 0.49349871948361401 0.42984885796904571 0.015780445144511761 26.962640641257167 541.327103972435
0.59141275379806757 0.24082375615835191 0.10482188388705255 0.014000327521748842 29.099736606702209 657.7445087954402
0.081289721233770248 0.24082375615835191 0.10482188388705255 0.014000327521748842 29.099736606702209 657.7445087954402
0.59141275379806757 0.189476190879941 0.10482188388705255 0.014000327521748842 29.099736606702209 657.7445087954402
0.59141275379806757 0.24082375615835191 0.28323419615626333 0.014000327521748842 29.099736606702209 657.7445087954402
0.59141275379806757 0.24082375615835191 0.10482188388705255 0.0042394723782315851 29.099736606702209 657.7445087954402
0.59141275379806757 0.24082375615835191 0.10482188388705255 0.014000327521748842 21.798355301842093 657.7445087954402
0.59141275379806757 0.24082375615835191 0.10482188388705255 0.014000327521748842 29.099736606702209 328.02777979522943
0.081289721233770248 0.189476190879941 0.28323419615626333 0.0042394723782315851 21.798355301842093 328.02777979522943
0.17816746863536537 0.42689944580197337 0.306034866720438 0.00021413174793124201 18.402546282857656 531.15256736055017
0.46364562283270055 0.42689944580197337 0.306034866720438 0.00021413174793124201 18.402546282857656 531.15256736055017
0.17816746863536537 0.40295006558299062 0.306034866720438 0.00021413174793124201 18.402546282857656 531.15256736055017
0.17816746863536537 0.42689944580197337 0.46295647323131561 0.00021413174793124201 18.402546282857656 531.15256736055017
0.17816746863536537 0.42689944580197337 0.306034866720438 0.013874275511503222 18.402546282857656 531.15256736055017
0.17816746863536537 0.42689944580197337 0.306034866720438 0.00021413174793124201 26.113639540970325 531.15256736055017
0.17816746863536537 0.42689944580197337 0.306034866720438 0.00021413174793124201 18.402546282857656 994.91839911788702
0.46364562283270055 0.40295006558299062 0.46295647323131561 0.013874275511503222 26.113639540970325 994.91839911788702
0.25237836753949522 0.1035067167133093 0.21068216003477575 0.019587546401657163 8.3805790282785892 270.12877026572824
0.34828319237567479 0.1035067167133093 0.21068216003477575 0.019587546401657163 8.3805790282785892 270.12877026572824
0.25237836753949522 0.38609558157622814 0.21068216003477575 0.019587546401657163 8.3805790282785892 270.12877026572824
0.25237836753949522 0.1035067167133093 0.31842985413968561 0.019587546401657163 8.3805790282785892 270.12877026572824
0.25237836753949522 0.1035067167133093 0.21068216003477575 0.019443740751035513 8.3805790282785892 270.12877026572824
0.25237836753949522 0.1035067167133093 0.21068216003477575 0.019587546401657163 35.916984604671597 270.12877026572824
0.25237836753949522 0.1035067167133093 0.21068216003477575 0.019587546401657163 8.3805790282785892 747.54577856510878
0.34828319237567479 0.38609558157622814 0.31842985413968561 0.019443740751035513 35.916984604671597 747.54577856510878
0.47899666638113553 0.31431385613977914 0.40955158658325674 0.0058393419861793522 36.120775101706386 846.66194450110197
0.60797040448524053 0.31431385613977914 0.40955158658325674 0.0058393419861793522 36.120775101706386 846.66194450110197
0.47899666638113553 0.22456950247287752 0.40955158658325674 0.0058393419861793522 36.120775101706386 846.66194450110197
0.47899666638113553 0.31431385613977914 0.1355732623487711 0.0058393419861793522 36.120775101706386 846.66194450110197
0.47899666638113553 0.31431385613977914 0.40955158658325674 0.009807714848965407 36.120775101706386 846.66194450110197
0.47899666638113553 0.31431385613977914 0.40955158658325674 0.0058393419861793522 8.1275939680635929 846.66194450110197
0.47899666638113553 0.31431385613977914 0.40955158658325674 0.0058393419861793522 36.120775101706386 122.43065852671862
0.60797040448524053 0.22456950247287752 0.1355732623487711 0.009807714848965407 8.1275939680635929 122.43065852671862
0.49569075969047838 0.23215442709624767 0.34338307715952399 0.0039694635631516576 16.960260022431612 986.28586195409298
0.33433580417186015 0.23215442709624767 0.34338307715952399 0.0039694635631516576 16.960260022431612 986.28586195409298
0.49569075969047838 0.28114133998751645 0.34338307715952399 0.0039694635631516576 16.960260022431612 986.28586195409298
0.49569075969047838 0.23215442709624767 0.48222594223916537 0.0039694635631516576 16.960260022431612 986.28586195409298
0.49569075969047838 0.23215442709624767 0.34338307715952399 0.017974076104722916 16.960260022431612 986.28586195409298
0.49569075969047838 0.23215442709624767 0.34338307715952399 0.0039694635631516576 15.772587761282921 986.28586195409298
0.49569075969047838 0.23215442709624767 0.34338307715952399 0.0039694635631516576 16.960260022431612 584.2530001886189
0.33433580417186015 0.28114133998751645 0.48222594223916537 0.017974076104722916 15.772587761282921 584.2530001886189
0.23480905974283811 0.44924036450684068 0.14224336035549642 0.010332028668373825 26.836222095414996 184.80719355866313
0.54074710328131914 0.44924036450684068 0.14224336035549642 0.010332028668373825 26.836222095414996 184.80719355866313
0.23480905974283811 0.31766747720539568 0.14224336035549642 0.010332028668373825 26.836222095414996 184.80719355866313
0.23480905974283811 0.44924036450684068 0.26494281627237798 0.010332028668373825 26.836222095414996 184.80719355866313
0.23480905974283811 0.44924036450684068 0.14224336035549642 0.0077193049971014263 26.836222095414996 184.80719355866313
0.23480905974283811 0.44924036450684068 0.14224336035549642 0.010332028668373825 28.330351768061519 184.80719355866313
0.23480905974283811 0.44924036450684068 0.14224336035549642 0.010332028668373825 26.836222095414996 296.65161306038499
0.54074710328131914 0.31766747720539568 0.26494281627237798 0.0077193049971014263 28.330351768061519 296.65161306038499
0.18464572518132627 0.11959353089332581 0.4468981765210629 0.0095186879867687826 37.446814646944404 391.25511823222041
0.1079671393148601 0.11959353089332581 0.4468981765210629 0.0095186879867687826 37.446814646944404 391.25511823222041
0.18464572518132627 0.49641159474849705 0.4468981765210629 0.0095186879867687826 37.446814646944404 391.25511823222041
0.18464572518132627 0.11959353089332581 0.1157317839562893 0.0095186879867687826 37.446814646944404 391.25511823222041
0.18464572518132627 0.11959353089332581 0.4468981765210629 0.0033887843249365691 37.446814646944404 391.25511823222041
0.18464572518132627 0.11959353089332581 0.4468981765210629 0.0095186879867687826 33.526777934283018 391.25511823222041
0.18464572518132627 0.11959353089332581 0.4468981765210629 0.0095186879867687826 37.446814646944404 498.40008625760674
0.1079671393148601 0.49641159474849705 0.1157317839562893 0.0033887843249365691 33.526777934283018 498.40008625760674
0.58390043638646605 0.31189920231699941 0.24810201600193979 0.015840541142225266 10.760390322655439 742.90155880153179
0.51829759282991283 0.31189920231699941 0.24810201600193979 0.015840541142225266 10.760390322655439 742.90155880153179
0.58390043638646605 0.10793768577277661 0.24810201600193979 0.015840541142225266 10.760390322655439 742.90155880153179
0.58390043638646605 0.31189920231699941 0.33612442016601562 0.015840541142225266 10.760390322655439 742.90155880153179
0.58390043638646605 0.31189920231699941 0.24810201600193979 0.013642342252656819 10.760390322655439 742.90155880153179
0.58390043638646605 0.31189920231699941 0.24810201600193979 0.015840541142225266 14.443120324984193 742.90155880153179
0.58390043638646605 0.31189920231699941 0.24810201600193979 0.015840541142225266 10.760390322655439 827.77697267010808
0.51829759282991283 0.10793768577277661 0.33612442016601562 0.013642342252656819 14.443120324984193 827.77697267010808
0.6347230687737464 0.19514082223176957 0.19649312421679499 0.018172289434820414 12.726202432066202 831.92022452130914
0.2090980481356382 0.19514082223176957 0.19649312421679499 0.018172289434820414 12.726202432066202 831.92022452130914
0.6347230687737464 0.41172831803560261 0.19649312421679499 0.018172289434820414 12.726202432066202 831.92022452130914
0.6347230687737464 0.19514082223176957 0.17696439921855928 0.018172289434820414 12.726202432066202 831.92022452130914
0.6347230687737464 0.19514082223176957 0.19649312421679499 0.0064283696871250866 12.726202432066202 831.92022452130914
0.6347230687737464 0.19514082223176957 0.19649312421679499 0.018172289434820414 34.552704917266965 831.92022452130914
0.6347230687737464 0.19514082223176957 0.19649312421679499 0.018172289434820414 12.726202432066202 951.97721933946013
0.2090980481356382 0.41172831803560261 0.17696439921855928 0.0064283696871250866 34.552704917266965 951.97721933946013
0.052654927736148244 0.38742970600724225 0.39538369551301 0.0071696997420862317 31.040700284764171 283.56656115502119
0.41581905893981452 0.38742970600724225 0.39538369551301 0.0071696997420862317 31.040700284764171 283.56656115502119
0.052654927736148244 0.19863893054425719 0.39538369551301 0.0071696997420862317 31.040700284764171 283.56656115502119
0.052654927736148244 0.38742970600724225 0.3692262224853039 0.0071696997420862317 31.040700284764171 283.56656115502119
0.052654927736148244 0.38742970600724225 0.39538369551301 0.016631015106849372 31.040700284764171 283.56656115502119
0.052654927736148244 0.38742970600724225 0.39538369551301 0.0071696997420862317 9.6087714768946171 283.56656115502119
0.052654927736148244 0.38742970600724225 0.39538369551301 0.0071696997420862317 31.040700284764171 367.27802706882358
0.41581905893981452 0.19863893054425719 0.3692262224853039 0.016631015106849372 9.6087714768946171 367.27802706882358
0.36680234642699355 0.25779889784753324 0.28750764764845371 0.012621252267062665 26.679953580722213 546.27993535250425
0.23154730917885896 0.25779889784753324 0.28750764764845371 0.012621252267062665 26.679953580722213 546.27993535250425
0.36680234642699355 0.21540337279438973 0.28750764764845371 0.012621252267062665 26.679953580722213 546.27993535250425
0.36680234642699355 0.25779889784753324 0.42470254339277747 0.012621252267062665 26.679953580722213 546.27993535250425
0.36680234642699355 0.25779889784753324 0.28750764764845371 0.012300574723258616 26.679953580722213 546.27993535250425
0.36680234642699355 0.25779889784753324 0.28750764764845371 0.012621252267062665 22.18799533508718 546.27993535250425
0.36680234642699355 0.25779889784753324 0.28750764764845371 0.012621252267062665 26.679953580722213 137.73415712639689
0.23154730917885896 0.21540337279438973 0.42470254339277747 0.012300574723258616 22.18799533508718 137.73415712639689
0.44487061654217536 0.47486804760992529 0.48874216265976433 0.0016581660280004147 21.556837942451239 644.80137089267373
0.6421879393048584 0.47486804760992529 0.48874216265976433 0.0016581660280004147 21.556837942451239 644.80137089267373
0.44487061654217536 0.377314031496644 0.48874216265976433 0.0016581660280004147 21.556837942451239 644.80137089267373
0.44487061654217536 0.47486804760992529 0.22930062077939511 0.0016581660280004147 21.556837942451239 644.80137089267373
0.44487061654217536 0.47486804760992529 0.48874216265976433 0.0020967066084966067 21.556837942451239 644.80137089267373
0.44487061654217536 0.47486804760992529 0.48874216265976433 0.0016581660280004147 25.606064565479755 644.80137089267373
0.44487061654217536 0.47486804760992529 0.48874216265976433 0.0016581660280004147 21.556837942451239 736.02891704067588
0.6421879393048584 0.377314031496644 0.22930062077939511 0.0020967066084966067 25.606064565479755 736.02891704067588
0.41110973842442028 0.1333355486392975 0.2694555461406708 0.0063545476993545893 29.951702944934368 710.73380429297686
0.13245118735358119 0.1333355486392975 0.2694555461406708 0.0063545476993545893 29.951702944934368 710.73380429297686
0.41110973842442028 0.42923908755183227 0.2694555461406708 0.0063545476993545893 29.951702944934368 710.73380429297686
0.41110973842442028 0.1333355486392975 0.16571603268384932 0.0063545476993545893 29.951702944934368 710.73380429297686
0.41110973842442028 0.1333355486392975 0.2694555461406708 0.0143079437520355 29.951702944934368 710.73380429297686
0.41110973842442028 0.1333355486392975 0.2694555461406708 0.0063545476993545893 24.013386202976108 710.73380429297686
0.41110973842442028 0.1333355486392975 0.2694555461406708 0.0063545476993545893 29.951702944934368 629.24076998606324
0.13245118735358119 0.42923908755183227 0.16571603268384932 0.0143079437520355 24.013386202976108 629.24076998606324
0.31780245020054276 0.34727837368845937 0.46988134533166892 0.019831292757764459 18.266545573249459 359.25513925030828
0.412475540023297 0.34727837368845937 0.46988134533166892 0.019831292757764459 18.266545573249459 359.25513925030828
0.31780245020054276 0.16575989611446856 0.46988134533166892 0.019831292757764459 18.266545573249459 359.25513925030828
0.31780245020054276 0.34727837368845937 0.3859448648989201 0.019831292757764459 18.266545573249459 359.25513925030828
0.31780245020054276 0.34727837368845937 0.46988134533166892 0.0041111751092597843 18.266545573249459 359.25513925030828
0.31780245020054276 0.34727837368845937 0.46988134533166892 0.019831292757764459 20.133899182081223 359.25513925030828
0.31780245020054276 0.34727837368845937 0.46988134533166892 0.019831292757764459 18.266545573249459 243.64124881103635
0.412475540023297 0.16575989611446856 0.3859448648989201 0.0041111751092597843 20.133899182081223 243.64124881103635
0.10260384390130639 0.22077427916228773 0.16515939198434354 0.00076725579630583529 9.4503291714936495 112.21662135794759
0.27678567413240668 0.22077427916228773 0.16515939198434354 0.00076725579630583529 9.4503291714936495 112.21662135794759
0.10260384390130639 0.24519446194171907 0.16515939198434354 0.00076725579630583529 9.4503291714936495 112.21662135794759
0.10260384390130639 0.22077427916228773 0.43203394599258904 0.00076725579630583529 9.4503291714936495 112.21662135794759
0.10260384390130639 0.22077427916228773 0.16515939198434354 0.0096804137188941253 9.4503291714936495 112.21662135794759
0.10260384390130639 0.22077427916228773 0.16515939198434354 0.00076725579630583529 10.24242047406733 112.21662135794759
0.10260384390130639 0.22077427916228773 0.16515939198434354 0.00076725579630583529 9.4503291714936495 488.12652500346303
0.27678567413240668 0.24519446194171907 0.43203394599258904 0.0096804137188941253 10.24242047406733 488.12652500346303
0.66943296683020881 0.409936823323369 0.36480374746024613 0.014206160263344647 34.327785179018974 913.8630585744977
0.67947902623564005 0.409936823323369 0.36480374746024613 0.014206160263344647 34.327785179018974 913.8630585744977
0.66943296683020881 0.35671522431075575 0.36480374746024613 0.014206160263344647 34.327785179018974 913.8630585744977
0.66943296683020881 0.409936823323369 0.21493949405848981 0.014206160263344647 34.327785179018974 913.8630585744977
0.66943296683020881 0.409936823323369 0.36480374746024613 0.019875959666632116 34.327785179018974 913.8630585744977
0.66943296683020881 0.409936823323369 0.36480374746024613 0.014206160263344647 37.537448640912771 913.8630585744977
0.66943296683020881 0.409936823323369 0.36480374746024613 0.014206160263344647 34.327785179018974 832.0054785348475
0.67947902623564005 0.35671522431075575 0.21493949405848981 0.019875959666632116 37.537448640912771 832.0054785348475
0.55775437881238754 0.29552162848412988 0.41631517671048646 0.011912766822054983 34.185593791306019 555.51844974979758
0.3373693813569843 0.29552162848412988 0.41631517671048646 0.011912766822054983 34.185593791306019 555.51844974979758
0.55775437881238754 0.2607004895806313 0.41631517671048646 0.011912766822054983 34.185593791306019 555.51844974979758
0.55775437881238754 0.29552162848412988 0.47471216134727001 0.011912766822054983 34.185593791306019 555.51844974979758
0.55775437881238754 0.29552162848412988 0.41631517671048646 0.00044622829463332892 34.185593791306019 555.51844974979758
0.55775437881238754 0.29552162848412988 0.41631517671048646 0.011912766822054983 12.733262676745653 555.51844974979758
0.55775437881238754 0.29552162848412988 0.41631517671048646 0.011912766822054983 34.185593791306019 934.56350369378924
0.3373693813569843 0.2607004895806313 0.47471216134727001 0.00044622829463332892 12.733262676745653 934.56350369378924
0.13311430560424925 0.48470400609076025 0.21677133552730085 0.0030772471761330964 14.062126839533448 457.16477632522583
0.61770391063764685 0.48470400609076025 0.21677133552730085 0.0030772471761330964 14.062126839533448 457.16477632522583
0.13311430560424925 0.34761798046529291 0.21677133552730085 0.0030772471761330964 14.062126839533448 457.16477632522583
0.13311430560424925 0.48470400609076025 0.27948632128536699 0.0030772471761330964 14.062126839533448 457.16477632522583
0.13311430560424925 0.48470400609076025 0.21677133552730085 0.01070688687451184 14.062126839533448 457.16477632522583
0.13311430560424925 0.48470400609076025 0.21677133552730085 0.0030772471761330964 31.355486514046788 457.16477632522583
0.13311430560424925 0.48470400609076025 0.21677133552730085 0.0030772471761330964 14.062126839533448 392.4911773763597
0.61770391063764685 0.34761798046529291 0.27948632128536699 0.01070688687451184 31.355486514046788 392.4911773763597
0.28729451647959647 0.1581808403134346 0.32451920807361601 0.017503079965338113 20.217365028336644 266.33334308862686
0.070366105809807775 0.1581808403134346 0.32451920807361601 0.017503079965338113 20.217365028336644 266.33334308862686
0.28729451647959647 0.46329979971051216 0.32451920807361601 0.017503079965338113 20.217365028336644 266.33334308862686
0.28729451647959647 0.1581808403134346 0.12713804319500924 0.017503079965338113 20.217365028336644 266.33334308862686
0.28729451647959647 0.1581808403134346 0.32451920807361601 0.016276045195572079 20.217365028336644 266.33334308862686
0.28729451647959647 0.1581808403134346 0.32451920807361601 0.017503079965338113 29.081208996474743 266.33334308862686
0.28729451647959647 0.1581808403134346 0.32451920807361601 0.017503079965338113 20.217365028336644 175.80129792913795
0.070366105809807775 0.46329979971051216 0.12713804319500924 0.016276045195572079 29.081208996474743 175.80129792913795
0.52279085442423812 0.37214349880814557 0.12419431060552598 0.0087041924146935359 23.531284362077713 814.85478868708014
0.47336916960775843 0.37214349880814557 0.12419431060552598 0.0087041924146935359 23.531284362077713 814.85478868708014
0.52279085442423812 0.12521733678877356 0.12419431060552598 0.0087041924146935359 23.531284362077713 814.85478868708014
0.52279085442423812 0.37214349880814557 0.31924788504838941 0.0087041924146935359 23.531284362077713 814.85478868708014
0.52279085442423812 0.37214349880814557 0.12419431060552598 0.006014173435792327 23.531284362077713 814.85478868708014
0.52279085442423812 0.37214349880814557 0.12419431060552598 0.0087041924146935359 18.874498700723052 814.85478868708014
0.52279085442423812 0.37214349880814557 0.12419431060552598 0.0087041924146935359 23.531284362077713 704.22312496230006
0.47336916960775843 0.12521733678877356 0.31924788504838941 0.006014173435792327 18.874498700723052 704.22312496230006
0.51507729366421695 0.17195232696831225 0.46081462427973752 0.013637257739901544 11.455420024693012 483.6742902174592
0.56369768688455224 0.17195232696831225 0.46081462427973752 0.013637257739901544 11.455420024693012 483.6742902174592
0.51507729366421695 0.4624094907194376 0.46081462427973752 0.013637257739901544 11.455420024693012 483.6742902174592
0.51507729366421695 0.17195232696831225 0.38808551803231239 0.013637257739901544 11.455420024693012 483.6742902174592
0.51507729366421695 0.17195232696831225 0.46081462427973752 0.017286383371986448 11.455420024693012 483.6742902174592
0.51507729366421695 0.17195232696831225 0.46081462427973752 0.013637257739901544 17.894290557131171 483.6742902174592
0.51507729366421695 0.17195232696831225 0.46081462427973752 0.013637257739901544 11.455420024693012 977.67003746703267
0.56369768688455224 0.4624094907194376 0.38808551803231239 0.017286383371986448 17.894290557131171 977.67003746703267
0.25418537161312993 0.357977668568492 0.25957705751061444 0.0026727361166849735 36.325437093153596 582.14072035625577
0.30622897753491995 0.357977668568492 0.25957705751061444 0.0026727361166849735 36.325437093153596 582.14072035625577
0.25418537161312993 0.14893632009625435 0.25957705751061444 0.0026727361166849735 36.325437093153596 582.14072035625577
0.25418537161312993 0.357977668568492 0.158301942050457 0.0026727361166849735 36.325437093153596 582.14072035625577
0.25418537161312993 0.357977668568492 0.25957705751061444 0.0070148482903838157 36.325437093153596 582.14072035625577
0.25418537161312993 0.357977668568492 0.25957705751061444 0.0026727361166849735 29.943943537771702 582.14072035625577
0.25418537161312993 0.357977668568492 0.25957705751061444 0.0026727361166849735 36.325437093153596 352.96678403392434
0.30622897753491995 0.14893632009625435 0.158301942050457 0.0070148482903838157 29.943943537771702 352.96678403392434
0.16588681237772107 0.28448909446597104 0.35495567359030245 0.01794935922846198 27.957598866894841 788.67273228242993
0.50570037886500352 0.28448909446597104 0.35495567359030245 0.01794935922846198 27.957598866894841 788.67273228242993
0.16588681237772107 0.26510646007955074 0.35495567359030245 0.01794935922846198 27.957598866894841 788.67273228242993
0.16588681237772107 0.28448909446597104 0.21065343134105208 0.01794935922846198 27.957598866894841 788.67273228242993
0.16588681237772107 0.28448909446597104 0.35495567359030245 0.0014468229712918403 27.957598866894841 788.67273228242993
0.16588681237772107 0.28448909446597104 0.35495567359030245 0.01794935922846198 32.36449040658772 788.67273228242993
0.16588681237772107 0.28448909446597104 0.35495567359030245 0.01794935922846198 27.957598866894841 104.52298307791352
0.50570037886500352 0.26510646007955074 0.21065343134105208 0.0014468229712918403 32.36449040658772 104.52298307791352
0.56517097433097663 0.49534353017807009 0.15606205053627492 0.0069482055099681023 16.265231102705002 240.26426468044519
0.12556437477469445 0.49534353017807009 0.15606205053627492 0.0069482055099681023 16.265231102705002 240.26426468044519
0.56517097433097663 0.32663333564996722 0.15606205053627492 0.0069482055099681023 16.265231102705002 240.26426468044519
0.56517097433097663 0.49534353017807009 0.44354657121002672 0.0069482055099681023 16.265231102705002 240.26426468044519
0.56517097433097663 0.49534353017807009 0.15606205053627492 0.011717154166847469 16.265231102705002 240.26426468044519
0.56517097433097663 0.49534353017807009 0.15606205053627492 0.0069482055099681023 11.840702418237925 240.26426468044519
0.56517097433097663 0.49534353017807009 0.15606205053627492 0.0069482055099681023 16.265231102705002 771.82573722675443
0.12556437477469445 0.32663333564996722 0.44354657121002672 0.011717154166847469 11.840702418237925 771.82573722675443
0.69724144679494193 0.21012788787484171 0.20142409540712836 0.0092761197188869129 22.222283773124218 328.67866223677993
0.44361096536740652 0.21012788787484171 0.20142409540712836 0.0092761197188869129 22.222283773124218 328.67866223677993
0.69724144679494193 0.23065511994063856 0.20142409540712836 0.0092761197188869129 22.222283773124218 328.67866223677993
0.69724144679494193 0.21012788787484171 0.29610489495098591 0.0092761197188869129 22.222283773124218 328.67866223677993
0.69724144679494193 0.21012788787484171 0.20142409540712836 0.0083703590698540227 22.222283773124218 328.67866223677993
0.69724144679494193 0.21012788787484171 0.20142409540712836 0.0092761197188869129 36.670809250324965 328.67866223677993
0.69724144679494193 0.21012788787484171 0.20142409540712836 0.0092761197188869129 22.222283773124218 558.08649053797126
0.44361096536740652 0.23065511994063856 0.29610489495098591 0.0083703590698540227 36.670809250324965 558.08649053797126
0.11514323512092232 0.42097774893045425 0.40021720416843898 0.0155994088485837 25.528993943706155 680.27008399367332
0.18646235084161161 0.42097774893045425 0.40021720416843898 0.0155994088485837 25.528993943706155 680.27008399367332
0.11514323512092232 0.36756651699542997 0.40021720416843898 0.0155994088485837 25.528993943706155 680.27008399367332
0.11514323512092232 0.42097774893045425 0.45086702518165112 0.0155994088485837 25.528993943706155 680.27008399367332
0.11514323512092232 0.42097774893045425 0.40021720416843898 0.018556251284666359 25.528993943706155 680.27008399367332
0.11514323512092232 0.42097774893045425 0.40021720416843898 0.0155994088485837 11.226075703278184 680.27008399367332
0.11514323512092232 0.42097774893045425 0.40021720416843898 0.0155994088485837 25.528993943706155 311.34041724726558
0.18646235084161161 0.36756651699542997 0.45086702518165112 0.018556251284666359 11.226075703278184 311.34041724726558
0.30492649837397034 0.14749298729002477 0.10806572064757347 0.0049658309744670991 32.191660927608609 943.00918057560921
0.62427581753581762 0.14749298729002477 0.10806572064757347 0.0049658309744670991 32.191660927608609 943.00918057560921
0.30492649837397034 0.44651284106075761 0.10806572064757347 0.0049658309744670991 32.191660927608609 943.00918057560921
0.30492649837397034 0.14749298729002477 0.30478077679872517 0.0049658309744670991 32.191660927608609 943.00918057560921
0.30492649837397034 0.14749298729002477 0.10806572064757347 0.012988296665251257 32.191660927608609 943.00918057560921
0.30492649837397034 0.14749298729002477 0.10806572064757347 0.0049658309744670991 21.029421046376228 943.00918057560921
0.30492649837397034 0.14749298729002477 0.10806572064757347 0.0049658309744670991 32.191660927608609 531.10988838598132
0.62427581753581762 0.44651284106075761 0.30478077679872517 0.012988296665251257 21.029421046376228 531.10988838598132
0.38300437070429322 0.33351375423371793 0.30920238569378855 0.011326960695534946 12.060755595564842 141.47572135552764
0.24445944335311648 0.33351375423371793 0.30920238569378855 0.011326960695534946 12.060755595564842 141.47572135552764
0.38300437070429322 0.1584241919219494 0.30920238569378855 0.011326960695534946 12.060755595564842 141.47572135552764
0.38300437070429322 0.33351375423371793 0.14687858894467354 0.011326960695534946 12.060755595564842 141.47572135552764
0.38300437070429322 0.33351375423371793 0.30920238569378855 0.0028012102270498873 12.060755595564842 141.47572135552764
0.38300437070429322 0.33351375423371793 0.30920238569378855 0.011326960695534946 23.000047413632274 141.47572135552764
0.38300437070429322 0.33351375423371793 0.30920238569378855 0.011326960695534946 12.060755595564842 792.38539403304458
0.24445944335311648 0.1584241919219494 0.14687858894467354 0.0028012102270498873 23.000047413632274 792.38539403304458
0.43240057532675558 0.27469004318118095 0.12712185047566893 0.016487376321479678 35.463868502527475 312.74110116064548
0.38980078250169747 0.27469004318118095 0.12712185047566893 0.016487376321479678 35.463868502527475 312.74110116064548
0.43240057532675558 0.21040996350347996 0.12712185047566893 0.016487376321479678 35.463868502527475 312.74110116064548
0.43240057532675558 0.27469004318118095 0.26063770391047003 0.016487376321479678 35.463868502527475 312.74110116064548
0.43240057532675558 0.27469004318118095 0.12712185047566893 0.011280559136718512 35.463868502527475 312.74110116064548
0.43240057532675558 0.27469004318118095 0.12712185047566893 0.016487376321479678 26.585585616528988 312.74110116064548
0.43240057532675558 0.27469004318118095 0.12712185047566893 0.016487376321479678 35.463868502527475 910.59716651216149
0.38980078250169747 0.21040996350347996 0.26063770391047003 0.011280559136718512 26.585585616528988 910.59716651216149
0.33908305289223784 0.45758408308029175 0.32744979970157151 0.0076899247450754049 8.770005015656352 861.20752794668078
0.16028213948011397 0.45758408308029175 0.32744979970157151 0.0076899247450754049 8.770005015656352 861.20752794668078
0.33908305289223784 0.39692993834614754 0.32744979970157151 0.0076899247450754049 8.770005015656352 861.20752794668078
0.33908305289223784 0.45758408308029175 0.49336699210107327 0.0076899247450754049 8.770005015656352 861.20752794668078
0.33908305289223784 0.45758408308029175 0.32744979970157151 0.00110570916403085 8.770005015656352 861.20752794668078
0.33908305289223784 0.45758408308029175 0.32744979970157151 0.0076899247450754049 21.326405650004745 861.20752794668078
0.33908305289223784 0.45758408308029175 0.32744979970157151 0.0076899247450754049 8.770005015656352 412.01706053689122
0.16028213948011397 0.39692993834614754 0.49336699210107327 0.00110570916403085 21.326405650004745 412.01706053689122
0.080671109026297927 0.18722642250359059 0.23219935595989227 0.012135998857393863 18.946868723258376 614.19473243877292
0.69235086524859069 0.18722642250359059 0.23219935595989227 0.012135998857393863 18.946868723258376 614.19473243877292
0.080671109026297927 0.41398736499249933 0.23219935595989227 0.012135998857393863 18.946868723258376 614.19473243877292
0.080671109026297927 0.18722642250359059 0.33789354562759399 0.012135998857393863 18.946868723258376 614.19473243877292
0.080671109026297927 0.18722642250359059 0.23219935595989227 0.0054374335378408432 18.946868723258376 614.19473243877292
0.080671109026297927 0.18722642250359059 0.23219935595989227 0.012135998857393863 8.6004537828266621 614.19473243877292
0.080671109026297927 0.18722642250359059 0.23219935595989227 0.012135998857393863 18.946868723258376 207.18899564817548
0.69235086524859069 0.41398736499249933 0.33789354562759399 0.0054374335378408432 8.6004537828266621 207.18899564817548
0.64752967059612265 0.39494957141578202 0.43174624890089042 0.0032990438273176556 28.815620627254248 515.78626818954945
0.25891384268179535 0.39494957141578202 0.43174624890089042 0.0032990438273176556 28.815620627254248 515.78626818954945
0.64752967059612265 0.17550738602876664 0.43174624890089042 0.0032990438273176556 28.815620627254248 515.78626818954945
0.64752967059612265 0.39494957141578202 0.10829859599471092 0.0032990438273176556 28.815620627254248 515.78626818954945
0.64752967059612265 0.39494957141578202 0.43174624890089042 0.015611089287139477 28.815620627254248 515.78626818954945
0.64752967059612265 0.39494957141578202 0.43174624890089042 0.0032990438273176556 35.444121213629842 515.78626818954945
0.64752967059612265 0.39494957141578202 0.43174624890089042 0.0032990438273176556 28.815620627254248 663.11466926708817
0.25891384268179535 0.17550738602876664 0.10829859599471092 0.015611089287139477 35.444121213629842 663.11466926708817
0.61709892265498634 0.11207748092710973 0.38648166656494143 0.0010095216451212765 24.696835327893496 158.59519029036164
0.58955803345888846 0.11207748092710973 0.38648166656494143 0.0010095216451212765 24.696835327893496 158.59519029036164
0.61709892265498634 0.47933470420539381 0.38648166656494143 0.0010095216451212765 24.696835327893496 158.59519029036164
0.61709892265498634 0.11207748092710973 0.35479041859507565 0.0010095216451212765 24.696835327893496 158.59519029036164
0.61709892265498634 0.11207748092710973 0.38648166656494143 0.0046891615638509389 24.696835327893496 158.59519029036164
0.61709892265498634 0.11207748092710973 0.38648166656494143 0.0010095216451212765 15.309073517099023 158.59519029036164
0.61709892265498634 0.11207748092710973 0.38648166656494143 0.0010095216451212765 24.696835327893496 653.61213413998485
0.58955803345888846 0.47933470420539381 0.35479041859507565 0.0046891615638509389 15.309073517099023 653.61213413998485
0.19242879091762005 0.31980826221406461 0.18684036284685135 0.014446990728005768 19.566510302945971 960.18662210553885
0.36035902034491296 0.31980826221406461 0.18684036284685135 0.014446990728005768 19.566510302945971 960.18662210553885
0.19242879091762005 0.11625145375728607 0.18684036284685135 0.014446990728005768 19.566510302945971 960.18662210553885
0.19242879091762005 0.31980826221406461 0.19706426560878754 0.014446990728005768 19.566510302945971 960.18662210553885
0.19242879091762005 0.31980826221406461 0.18684036284685135 0.014971728044748308 19.566510302945971 960.18662210553885
0.19242879091762005 0.31980826221406461 0.18684036284685135 0.014446990728005768 32.544266667217016 960.18662210553885
0.19242879091762005 0.31980826221406461 0.18684036284685135 0.014446990728005768 19.566510302945971 223.61420830711722
0.36035902034491296 0.11625145375728607 0.19706426560878754 0.014971728044748308 32.544266667217016 223.61420830711722
0.22732295924797652 0.24944373145699503 0.47905898652970791 0.0053578778689727189 14.712982347235084 769.43927612155676
0.49092611959204069 0.24944373145699503 0.47905898652970791 0.0053578778689727189 14.712982347235084 769.43927612155676
0.22732295924797652 0.29470261819660665 0.47905898652970791 0.0053578778689727189 14.712982347235084 769.43927612155676
0.22732295924797652 0.24944373145699503 0.2462785627692938 0.0053578778689727189 14.712982347235084 769.43927612155676
0.22732295924797652 0.24944373145699503 0.47905898652970791 0.019303381718881428 14.712982347235084 769.43927612155676
0.22732295924797652 0.24944373145699503 0.47905898652970791 0.0053578778689727189 27.435516996309161 769.43927612155676
0.22732295924797652 0.24944373145699503 0.47905898652970791 0.0053578778689727189 14.712982347235084 457.11660301312804
0.49092611959204069 0.29470261819660665 0.2462785627692938 0.019303381718881428 27.435516996309161 457.11660301312804
0.4628289115149527 0.43234540373086927 0.27863623909652235 0.01883605890162289 33.020042043179274 417.90580684319139
0.05780919184908271 0.43234540373086927 0.27863623909652235 0.01883605890162289 33.020042043179274 417.90580684319139
0.4628289115149527 0.30661932155489924 0.27863623909652235 0.01883605890162289 33.020042043179274 417.90580684319139
0.4628289115149527 0.43234540373086927 0.40088866390287881 0.01883605890162289 33.020042043179274 417.90580684319139
0.4628289115149527 0.43234540373086927 0.27863623909652235 0.0090196113519370562 33.020042043179274 417.90580684319139
0.4628289115149527 0.43234540373086927 0.27863623909652235 0.01883605890162289 16.784781694412231 417.90580684319139
0.4628289115149527 0.43234540373086927 0.27863623909652235 0.01883605890162289 33.020042043179274 872.64002813026309
0.05780919184908271 0.30661932155489924 0.40088866390287881 0.0090196113519370562 16.784781694412231 872.64002813026309
